Using pre-set license
Built from '2022.3/staging' branch; Version is '2022.3.4f1 (35713cd46cd7) revision 3502396'; Using compiler version '192829333'; Build Type 'Release'
OS: 'Windows 10  (10.0.19045) 64bit Professional' Language: 'en' Physical Memory: 16235 MB
BatchMode: 1, IsHumanControllingUs: 0, StartBugReporterOnCrash: 0, Is64bit: 1, IsPro: 1

COMMAND LINE ARGUMENTS:
C:\Program Files\Unity\Hub\Editor\2022.3.4f1\Editor\Unity.exe
-adb2
-batchMode
-noUpm
-name
AssetImportWorker1
-projectPath
C:/Users/PIMG/Documents/GitHub/Stoned-Ape-Runner/Stoned Ape Runner
-logFile
Logs/AssetImportWorker1.log
-srvPort
51125
Successfully changed project path to: C:/Users/PIMG/Documents/GitHub/Stoned-Ape-Runner/Stoned Ape Runner
C:/Users/PIMG/Documents/GitHub/Stoned-Ape-Runner/Stoned Ape Runner
[UnityMemory] Configuration Parameters - Can be set up in boot.config
    "memorysetup-bucket-allocator-granularity=16"
    "memorysetup-bucket-allocator-bucket-count=8"
    "memorysetup-bucket-allocator-block-size=33554432"
    "memorysetup-bucket-allocator-block-count=8"
    "memorysetup-main-allocator-block-size=16777216"
    "memorysetup-thread-allocator-block-size=16777216"
    "memorysetup-gfx-main-allocator-block-size=16777216"
    "memorysetup-gfx-thread-allocator-block-size=16777216"
    "memorysetup-cache-allocator-block-size=4194304"
    "memorysetup-typetree-allocator-block-size=2097152"
    "memorysetup-profiler-bucket-allocator-granularity=16"
    "memorysetup-profiler-bucket-allocator-bucket-count=8"
    "memorysetup-profiler-bucket-allocator-block-size=33554432"
    "memorysetup-profiler-bucket-allocator-block-count=8"
    "memorysetup-profiler-allocator-block-size=16777216"
    "memorysetup-profiler-editor-allocator-block-size=1048576"
    "memorysetup-temp-allocator-size-main=16777216"
    "memorysetup-job-temp-allocator-block-size=2097152"
    "memorysetup-job-temp-allocator-block-size-background=1048576"
    "memorysetup-job-temp-allocator-reduction-small-platforms=262144"
    "memorysetup-allocator-temp-initial-block-size-main=262144"
    "memorysetup-allocator-temp-initial-block-size-worker=262144"
    "memorysetup-temp-allocator-size-background-worker=32768"
    "memorysetup-temp-allocator-size-job-worker=262144"
    "memorysetup-temp-allocator-size-preload-manager=33554432"
    "memorysetup-temp-allocator-size-nav-mesh-worker=65536"
    "memorysetup-temp-allocator-size-audio-worker=65536"
    "memorysetup-temp-allocator-size-cloud-worker=32768"
    "memorysetup-temp-allocator-size-gi-baking-worker=262144"
    "memorysetup-temp-allocator-size-gfx=262144"
Player connection [13520] Host "[IP] 10.1.10.57 [Port] 0 [Flags] 2 [Guid] 3207000125 [EditorId] 3207000125 [Version] 1048832 [Id] WindowsEditor(7,DESKTOP-80U466G) [Debug] 1 [PackageName] WindowsEditor [ProjectName] Editor" joined multi-casting on [225.0.0.222:54997]...

Player connection [13520] Host "[IP] 10.1.10.57 [Port] 0 [Flags] 2 [Guid] 3207000125 [EditorId] 3207000125 [Version] 1048832 [Id] WindowsEditor(7,DESKTOP-80U466G) [Debug] 1 [PackageName] WindowsEditor [ProjectName] Editor" joined alternative multi-casting on [225.0.0.222:34997]...

Refreshing native plugins compatible for Editor in 1958.81 ms, found 6 plugins.
Preloading 0 native plugins for Editor in 0.00 ms.
Initialize engine version: 2022.3.4f1 (35713cd46cd7)
[Subsystems] Discovering subsystems at path C:/Program Files/Unity/Hub/Editor/2022.3.4f1/Editor/Data/Resources/UnitySubsystems
[Subsystems] Discovering subsystems at path C:/Users/PIMG/Documents/GitHub/Stoned-Ape-Runner/Stoned Ape Runner/Assets
GfxDevice: creating device client; threaded=0; jobified=0
Direct3D:
    Version:  Direct3D 11.0 [level 11.1]
    Renderer: NVIDIA GeForce GTX 980 Ti (ID=0x17c8)
    Vendor:   NVIDIA
    VRAM:     6085 MB
    Driver:   32.0.15.6094
Initialize mono
Mono path[0] = 'C:/Program Files/Unity/Hub/Editor/2022.3.4f1/Editor/Data/Managed'
Mono path[1] = 'C:/Program Files/Unity/Hub/Editor/2022.3.4f1/Editor/Data/MonoBleedingEdge/lib/mono/unityjit-win32'
Mono config path = 'C:/Program Files/Unity/Hub/Editor/2022.3.4f1/Editor/Data/MonoBleedingEdge/etc'
Using monoOptions --debugger-agent=transport=dt_socket,embedding=1,server=y,suspend=n,address=127.0.0.1:56416
Begin MonoManager ReloadAssembly
Registering precompiled unity dll's ...
Register platform support module: C:/Program Files/Unity/Hub/Editor/2022.3.4f1/Editor/Data/PlaybackEngines/WindowsStandaloneSupport/UnityEditor.WindowsStandalone.Extensions.dll
Registered in 0.146781 seconds.
- Loaded All Assemblies, in  7.861 seconds
Native extension for WindowsStandalone target not found
Mono: successfully reloaded assembly
- Finished resetting the current domain, in  0.315 seconds
Domain Reload Profiling: 8174ms
	BeginReloadAssembly (7389ms)
		ExecutionOrderSort (0ms)
		DisableScriptedObjects (0ms)
		BackupInstance (0ms)
		ReleaseScriptingObjects (0ms)
		CreateAndSetChildDomain (1ms)
	RebuildCommonClasses (42ms)
	RebuildNativeTypeToScriptingClass (14ms)
	initialDomainReloadingComplete (210ms)
	LoadAllAssembliesAndSetupDomain (205ms)
		LoadAssemblies (7387ms)
		RebuildTransferFunctionScriptingTraits (0ms)
		AnalyzeDomain (197ms)
			TypeCache.Refresh (196ms)
				TypeCache.ScanAssembly (173ms)
			ScanForSourceGeneratedMonoScriptInfo (1ms)
			ResolveRequiredComponents (1ms)
	FinalizeReload (315ms)
		ReleaseScriptCaches (0ms)
		RebuildScriptCaches (0ms)
		SetupLoadedEditorAssemblies (245ms)
			LogAssemblyErrors (0ms)
			InitializePlatformSupportModulesInManaged (11ms)
			SetLoadedEditorAssemblies (10ms)
			RefreshPlugins (0ms)
			BeforeProcessingInitializeOnLoad (3ms)
			ProcessInitializeOnLoadAttributes (162ms)
			ProcessInitializeOnLoadMethodAttributes (59ms)
			AfterProcessingInitializeOnLoad (0ms)
			EditorAssembliesLoaded (0ms)
		ExecutionOrderSort2 (0ms)
		AwakeInstancesAfterBackupRestoration (0ms)
========================================================================
Worker process is ready to serve import requests
Begin MonoManager ReloadAssembly
Symbol file LoadedFromMemory doesn't match image C:\Users\PIMG\Documents\GitHub\Stoned-Ape-Runner\Stoned Ape Runner\Library\PackageCache\com.unity.visualscripting@1.8.0\Editor\VisualScripting.Core\Dependencies\YamlDotNet\Unity.VisualScripting.YamlDotNet.dll
Symbol file LoadedFromMemory doesn't match image C:\Users\PIMG\Documents\GitHub\Stoned-Ape-Runner\Stoned Ape Runner\Library\PackageCache\com.unity.visualscripting@1.8.0\Editor\VisualScripting.Core\Dependencies\DotNetZip\Unity.VisualScripting.IonicZip.dll
- Loaded All Assemblies, in 13.605 seconds
Refreshing native plugins compatible for Editor in 6.63 ms, found 6 plugins.
Native extension for WindowsStandalone target not found
Mono: successfully reloaded assembly
- Finished resetting the current domain, in  1.359 seconds
Domain Reload Profiling: 14960ms
	BeginReloadAssembly (169ms)
		ExecutionOrderSort (0ms)
		DisableScriptedObjects (9ms)
		BackupInstance (0ms)
		ReleaseScriptingObjects (0ms)
		CreateAndSetChildDomain (25ms)
	RebuildCommonClasses (45ms)
	RebuildNativeTypeToScriptingClass (14ms)
	initialDomainReloadingComplete (53ms)
	LoadAllAssembliesAndSetupDomain (13319ms)
		LoadAssemblies (12802ms)
		RebuildTransferFunctionScriptingTraits (0ms)
		AnalyzeDomain (593ms)
			TypeCache.Refresh (528ms)
				TypeCache.ScanAssembly (509ms)
			ScanForSourceGeneratedMonoScriptInfo (47ms)
			ResolveRequiredComponents (18ms)
	FinalizeReload (1360ms)
		ReleaseScriptCaches (0ms)
		RebuildScriptCaches (0ms)
		SetupLoadedEditorAssemblies (1062ms)
			LogAssemblyErrors (0ms)
			InitializePlatformSupportModulesInManaged (8ms)
			SetLoadedEditorAssemblies (4ms)
			RefreshPlugins (0ms)
			BeforeProcessingInitializeOnLoad (122ms)
			ProcessInitializeOnLoadAttributes (819ms)
			ProcessInitializeOnLoadMethodAttributes (99ms)
			AfterProcessingInitializeOnLoad (10ms)
			EditorAssembliesLoaded (0ms)
		ExecutionOrderSort2 (0ms)
		AwakeInstancesAfterBackupRestoration (9ms)
Launched and connected shader compiler UnityShaderCompiler.exe after 0.08 seconds
Refreshing native plugins compatible for Editor in 7.67 ms, found 6 plugins.
Preloading 0 native plugins for Editor in 0.00 ms.
Unloading 7658 Unused Serialized files (Serialized files now loaded: 0)
Unloading 243 unused Assets / (13.1 MB). Loaded Objects now: 7997.
Memory consumption went from 342.5 MB to 329.3 MB.
Total: 8.787300 ms (FindLiveObjects: 0.743700 ms CreateObjectMapping: 0.921300 ms MarkObjects: 4.030000 ms  DeleteObjects: 3.090900 ms)

AssetImportParameters requested are different than current active one (requested -> active):
  custom:container-demuxer-ogg: 62fdf1f143b41e24485cea50d1cbac27 -> 
  custom:framework-win-MediaFoundation: 216162199b28c13a410421893ffa2e32 -> 
  custom:container-muxer-webm: aa71ff27fc2769a1b78a27578f13a17b -> 
  custom:video-decoder-webm-vp8: 9c59270c3fd7afecdb556c50c9e8de78 -> 
  custom:AudioImporter_EditorPlatform: d09bf68614088b80899f8185d706f6e7 -> 
  custom:audio-decoder-ogg-vorbis: bf7c407c2cedff20999df2af8eb42d56 -> 
  custom:audio-encoder-webm-vorbis: bf7c407c2cedff20999df2af8eb42d56 -> 
  custom:video-codec-MediaFoundation-h265: 746d11721c4dcdbdad8f713fa42b33f4 -> 
  custom:video-decoder-ogg-theora: a1e56fd34408186e4bbccfd4996cb3dc -> 
  custom:CustomObjectIndexerAttribute: a3ef5dd2817f97addfee359851a9dba5 -> 
  custom:container-demuxer-webm: 4f35f7cbe854078d1ac9338744f61a02 -> 
  custom:video-encoder-webm-vp8: eb34c28f22e8b96e1ab97ce403110664 -> 
========================================================================
Received Import Request.
  Time since last request: 116292.467049 seconds.
  path: Assets/Scenes
  artifactKey: Guid(bc2cba2f591f2ae4ba25796cc7708eb9) Importer(815301076,1909f56bfc062723c751e8b465ee728b)
Start importing Assets/Scenes using Guid(bc2cba2f591f2ae4ba25796cc7708eb9) Importer(815301076,1909f56bfc062723c751e8b465ee728b)  -> (artifact id: '77daffcf321b15e3d63865a7f0ef23b2') in 0.002619 seconds
Number of updated asset objects reloaded before import = 0
Number of asset objects unloaded after import = 0
========================================================================
Received Prepare
Begin MonoManager ReloadAssembly
Symbol file LoadedFromMemory doesn't match image C:\Users\PIMG\Documents\GitHub\Stoned-Ape-Runner\Stoned Ape Runner\Library\PackageCache\com.unity.visualscripting@1.8.0\Editor\VisualScripting.Core\Dependencies\YamlDotNet\Unity.VisualScripting.YamlDotNet.dll
Symbol file LoadedFromMemory doesn't match image C:\Users\PIMG\Documents\GitHub\Stoned-Ape-Runner\Stoned Ape Runner\Library\PackageCache\com.unity.visualscripting@1.8.0\Editor\VisualScripting.Core\Dependencies\DotNetZip\Unity.VisualScripting.IonicZip.dll
- Loaded All Assemblies, in  0.979 seconds
Refreshing native plugins compatible for Editor in 5.68 ms, found 6 plugins.
Native extension for WindowsStandalone target not found
Mono: successfully reloaded assembly
- Finished resetting the current domain, in  1.910 seconds
Domain Reload Profiling: 2883ms
	BeginReloadAssembly (188ms)
		ExecutionOrderSort (0ms)
		DisableScriptedObjects (5ms)
		BackupInstance (0ms)
		ReleaseScriptingObjects (0ms)
		CreateAndSetChildDomain (62ms)
	RebuildCommonClasses (45ms)
	RebuildNativeTypeToScriptingClass (16ms)
	initialDomainReloadingComplete (42ms)
	LoadAllAssembliesAndSetupDomain (682ms)
		LoadAssemblies (332ms)
		RebuildTransferFunctionScriptingTraits (0ms)
		AnalyzeDomain (415ms)
			TypeCache.Refresh (398ms)
				TypeCache.ScanAssembly (384ms)
			ScanForSourceGeneratedMonoScriptInfo (0ms)
			ResolveRequiredComponents (16ms)
	FinalizeReload (1911ms)
		ReleaseScriptCaches (0ms)
		RebuildScriptCaches (0ms)
		SetupLoadedEditorAssemblies (841ms)
			LogAssemblyErrors (0ms)
			InitializePlatformSupportModulesInManaged (10ms)
			SetLoadedEditorAssemblies (4ms)
			RefreshPlugins (0ms)
			BeforeProcessingInitializeOnLoad (125ms)
			ProcessInitializeOnLoadAttributes (659ms)
			ProcessInitializeOnLoadMethodAttributes (34ms)
			AfterProcessingInitializeOnLoad (11ms)
			EditorAssembliesLoaded (0ms)
		ExecutionOrderSort2 (0ms)
		AwakeInstancesAfterBackupRestoration (19ms)
Refreshing native plugins compatible for Editor in 7.97 ms, found 6 plugins.
Preloading 0 native plugins for Editor in 0.00 ms.
Unloading 7351 Unused Serialized files (Serialized files now loaded: 0)
Unloading 188 unused Assets / (13.1 MB). Loaded Objects now: 8013.
Memory consumption went from 279.2 MB to 266.1 MB.
Total: 7.095500 ms (FindLiveObjects: 0.567300 ms CreateObjectMapping: 0.510100 ms MarkObjects: 3.677500 ms  DeleteObjects: 2.339500 ms)

Prepare: number of updated asset objects reloaded= 0
AssetImportParameters requested are different than current active one (requested -> active):
  custom:container-demuxer-ogg: 62fdf1f143b41e24485cea50d1cbac27 -> 
  custom:framework-win-MediaFoundation: 216162199b28c13a410421893ffa2e32 -> 
  custom:container-muxer-webm: aa71ff27fc2769a1b78a27578f13a17b -> 
  custom:video-decoder-webm-vp8: 9c59270c3fd7afecdb556c50c9e8de78 -> 
  custom:AudioImporter_EditorPlatform: d09bf68614088b80899f8185d706f6e7 -> 
  custom:audio-decoder-ogg-vorbis: bf7c407c2cedff20999df2af8eb42d56 -> 
  custom:audio-encoder-webm-vorbis: bf7c407c2cedff20999df2af8eb42d56 -> 
  custom:video-codec-MediaFoundation-h265: 746d11721c4dcdbdad8f713fa42b33f4 -> 
  custom:video-decoder-ogg-theora: a1e56fd34408186e4bbccfd4996cb3dc -> 
  custom:CustomObjectIndexerAttribute: a3ef5dd2817f97addfee359851a9dba5 -> 
  custom:container-demuxer-webm: 4f35f7cbe854078d1ac9338744f61a02 -> 
  custom:video-encoder-webm-vp8: eb34c28f22e8b96e1ab97ce403110664 -> 
========================================================================
Received Prepare
Begin MonoManager ReloadAssembly
Symbol file LoadedFromMemory doesn't match image C:\Users\PIMG\Documents\GitHub\Stoned-Ape-Runner\Stoned Ape Runner\Library\PackageCache\com.unity.visualscripting@1.8.0\Editor\VisualScripting.Core\Dependencies\YamlDotNet\Unity.VisualScripting.YamlDotNet.dll
Symbol file LoadedFromMemory doesn't match image C:\Users\PIMG\Documents\GitHub\Stoned-Ape-Runner\Stoned Ape Runner\Library\PackageCache\com.unity.visualscripting@1.8.0\Editor\VisualScripting.Core\Dependencies\DotNetZip\Unity.VisualScripting.IonicZip.dll
- Loaded All Assemblies, in  0.945 seconds
Refreshing native plugins compatible for Editor in 5.82 ms, found 6 plugins.
Native extension for WindowsStandalone target not found
Mono: successfully reloaded assembly
- Finished resetting the current domain, in  1.816 seconds
Domain Reload Profiling: 2758ms
	BeginReloadAssembly (184ms)
		ExecutionOrderSort (0ms)
		DisableScriptedObjects (5ms)
		BackupInstance (0ms)
		ReleaseScriptingObjects (0ms)
		CreateAndSetChildDomain (55ms)
	RebuildCommonClasses (37ms)
	RebuildNativeTypeToScriptingClass (16ms)
	initialDomainReloadingComplete (33ms)
	LoadAllAssembliesAndSetupDomain (670ms)
		LoadAssemblies (331ms)
		RebuildTransferFunctionScriptingTraits (0ms)
		AnalyzeDomain (410ms)
			TypeCache.Refresh (396ms)
				TypeCache.ScanAssembly (380ms)
			ScanForSourceGeneratedMonoScriptInfo (0ms)
			ResolveRequiredComponents (14ms)
	FinalizeReload (1817ms)
		ReleaseScriptCaches (0ms)
		RebuildScriptCaches (0ms)
		SetupLoadedEditorAssemblies (790ms)
			LogAssemblyErrors (0ms)
			InitializePlatformSupportModulesInManaged (8ms)
			SetLoadedEditorAssemblies (3ms)
			RefreshPlugins (0ms)
			BeforeProcessingInitializeOnLoad (102ms)
			ProcessInitializeOnLoadAttributes (633ms)
			ProcessInitializeOnLoadMethodAttributes (34ms)
			AfterProcessingInitializeOnLoad (8ms)
			EditorAssembliesLoaded (0ms)
		ExecutionOrderSort2 (0ms)
		AwakeInstancesAfterBackupRestoration (19ms)
Refreshing native plugins compatible for Editor in 7.48 ms, found 6 plugins.
Preloading 0 native plugins for Editor in 0.00 ms.
Unloading 7351 Unused Serialized files (Serialized files now loaded: 0)
Unloading 188 unused Assets / (13.1 MB). Loaded Objects now: 8029.
Memory consumption went from 279.2 MB to 266.1 MB.
Total: 7.141100 ms (FindLiveObjects: 0.555100 ms CreateObjectMapping: 0.442500 ms MarkObjects: 3.805400 ms  DeleteObjects: 2.335300 ms)

Prepare: number of updated asset objects reloaded= 0
AssetImportParameters requested are different than current active one (requested -> active):
  custom:container-demuxer-ogg: 62fdf1f143b41e24485cea50d1cbac27 -> 
  custom:framework-win-MediaFoundation: 216162199b28c13a410421893ffa2e32 -> 
  custom:container-muxer-webm: aa71ff27fc2769a1b78a27578f13a17b -> 
  custom:video-decoder-webm-vp8: 9c59270c3fd7afecdb556c50c9e8de78 -> 
  custom:AudioImporter_EditorPlatform: d09bf68614088b80899f8185d706f6e7 -> 
  custom:audio-decoder-ogg-vorbis: bf7c407c2cedff20999df2af8eb42d56 -> 
  custom:audio-encoder-webm-vorbis: bf7c407c2cedff20999df2af8eb42d56 -> 
  custom:video-codec-MediaFoundation-h265: 746d11721c4dcdbdad8f713fa42b33f4 -> 
  custom:video-decoder-ogg-theora: a1e56fd34408186e4bbccfd4996cb3dc -> 
  custom:CustomObjectIndexerAttribute: a3ef5dd2817f97addfee359851a9dba5 -> 
  custom:container-demuxer-webm: 4f35f7cbe854078d1ac9338744f61a02 -> 
  custom:video-encoder-webm-vp8: eb34c28f22e8b96e1ab97ce403110664 -> 
========================================================================
Received Prepare
Begin MonoManager ReloadAssembly
Symbol file LoadedFromMemory doesn't match image C:\Users\PIMG\Documents\GitHub\Stoned-Ape-Runner\Stoned Ape Runner\Library\PackageCache\com.unity.visualscripting@1.8.0\Editor\VisualScripting.Core\Dependencies\YamlDotNet\Unity.VisualScripting.YamlDotNet.dll
Symbol file LoadedFromMemory doesn't match image C:\Users\PIMG\Documents\GitHub\Stoned-Ape-Runner\Stoned Ape Runner\Library\PackageCache\com.unity.visualscripting@1.8.0\Editor\VisualScripting.Core\Dependencies\DotNetZip\Unity.VisualScripting.IonicZip.dll
- Loaded All Assemblies, in  0.930 seconds
Refreshing native plugins compatible for Editor in 7.44 ms, found 6 plugins.
Native extension for WindowsStandalone target not found
Mono: successfully reloaded assembly
- Finished resetting the current domain, in  1.827 seconds
Domain Reload Profiling: 2750ms
	BeginReloadAssembly (188ms)
		ExecutionOrderSort (0ms)
		DisableScriptedObjects (7ms)
		BackupInstance (0ms)
		ReleaseScriptingObjects (0ms)
		CreateAndSetChildDomain (54ms)
	RebuildCommonClasses (50ms)
	RebuildNativeTypeToScriptingClass (13ms)
	initialDomainReloadingComplete (35ms)
	LoadAllAssembliesAndSetupDomain (638ms)
		LoadAssemblies (325ms)
		RebuildTransferFunctionScriptingTraits (0ms)
		AnalyzeDomain (386ms)
			TypeCache.Refresh (373ms)
				TypeCache.ScanAssembly (359ms)
			ScanForSourceGeneratedMonoScriptInfo (0ms)
			ResolveRequiredComponents (13ms)
	FinalizeReload (1827ms)
		ReleaseScriptCaches (0ms)
		RebuildScriptCaches (0ms)
		SetupLoadedEditorAssemblies (797ms)
			LogAssemblyErrors (0ms)
			InitializePlatformSupportModulesInManaged (8ms)
			SetLoadedEditorAssemblies (3ms)
			RefreshPlugins (0ms)
			BeforeProcessingInitializeOnLoad (102ms)
			ProcessInitializeOnLoadAttributes (641ms)
			ProcessInitializeOnLoadMethodAttributes (33ms)
			AfterProcessingInitializeOnLoad (10ms)
			EditorAssembliesLoaded (0ms)
		ExecutionOrderSort2 (0ms)
		AwakeInstancesAfterBackupRestoration (19ms)
Refreshing native plugins compatible for Editor in 6.27 ms, found 6 plugins.
Preloading 0 native plugins for Editor in 0.00 ms.
Unloading 7351 Unused Serialized files (Serialized files now loaded: 0)
Unloading 188 unused Assets / (13.1 MB). Loaded Objects now: 8045.
Memory consumption went from 279.2 MB to 266.1 MB.
Total: 6.204900 ms (FindLiveObjects: 0.581700 ms CreateObjectMapping: 0.351800 ms MarkObjects: 3.041900 ms  DeleteObjects: 2.228600 ms)

Prepare: number of updated asset objects reloaded= 0
AssetImportParameters requested are different than current active one (requested -> active):
  custom:container-demuxer-ogg: 62fdf1f143b41e24485cea50d1cbac27 -> 
  custom:framework-win-MediaFoundation: 216162199b28c13a410421893ffa2e32 -> 
  custom:container-muxer-webm: aa71ff27fc2769a1b78a27578f13a17b -> 
  custom:video-decoder-webm-vp8: 9c59270c3fd7afecdb556c50c9e8de78 -> 
  custom:AudioImporter_EditorPlatform: d09bf68614088b80899f8185d706f6e7 -> 
  custom:audio-decoder-ogg-vorbis: bf7c407c2cedff20999df2af8eb42d56 -> 
  custom:audio-encoder-webm-vorbis: bf7c407c2cedff20999df2af8eb42d56 -> 
  custom:video-codec-MediaFoundation-h265: 746d11721c4dcdbdad8f713fa42b33f4 -> 
  custom:video-decoder-ogg-theora: a1e56fd34408186e4bbccfd4996cb3dc -> 
  custom:CustomObjectIndexerAttribute: a3ef5dd2817f97addfee359851a9dba5 -> 
  custom:container-demuxer-webm: 4f35f7cbe854078d1ac9338744f61a02 -> 
  custom:video-encoder-webm-vp8: eb34c28f22e8b96e1ab97ce403110664 -> 
========================================================================
Received Prepare
Begin MonoManager ReloadAssembly
Symbol file LoadedFromMemory doesn't match image C:\Users\PIMG\Documents\GitHub\Stoned-Ape-Runner\Stoned Ape Runner\Library\PackageCache\com.unity.visualscripting@1.8.0\Editor\VisualScripting.Core\Dependencies\YamlDotNet\Unity.VisualScripting.YamlDotNet.dll
Symbol file LoadedFromMemory doesn't match image C:\Users\PIMG\Documents\GitHub\Stoned-Ape-Runner\Stoned Ape Runner\Library\PackageCache\com.unity.visualscripting@1.8.0\Editor\VisualScripting.Core\Dependencies\DotNetZip\Unity.VisualScripting.IonicZip.dll
- Loaded All Assemblies, in  0.957 seconds
Refreshing native plugins compatible for Editor in 5.75 ms, found 6 plugins.
Native extension for WindowsStandalone target not found
Mono: successfully reloaded assembly
- Finished resetting the current domain, in  1.823 seconds
Domain Reload Profiling: 2777ms
	BeginReloadAssembly (200ms)
		ExecutionOrderSort (0ms)
		DisableScriptedObjects (6ms)
		BackupInstance (0ms)
		ReleaseScriptingObjects (0ms)
		CreateAndSetChildDomain (57ms)
	RebuildCommonClasses (43ms)
	RebuildNativeTypeToScriptingClass (14ms)
	initialDomainReloadingComplete (35ms)
	LoadAllAssembliesAndSetupDomain (662ms)
		LoadAssemblies (349ms)
		RebuildTransferFunctionScriptingTraits (0ms)
		AnalyzeDomain (394ms)
			TypeCache.Refresh (375ms)
				TypeCache.ScanAssembly (360ms)
			ScanForSourceGeneratedMonoScriptInfo (0ms)
			ResolveRequiredComponents (19ms)
	FinalizeReload (1824ms)
		ReleaseScriptCaches (0ms)
		RebuildScriptCaches (0ms)
		SetupLoadedEditorAssemblies (790ms)
			LogAssemblyErrors (0ms)
			InitializePlatformSupportModulesInManaged (7ms)
			SetLoadedEditorAssemblies (3ms)
			RefreshPlugins (0ms)
			BeforeProcessingInitializeOnLoad (109ms)
			ProcessInitializeOnLoadAttributes (627ms)
			ProcessInitializeOnLoadMethodAttributes (32ms)
			AfterProcessingInitializeOnLoad (10ms)
			EditorAssembliesLoaded (0ms)
		ExecutionOrderSort2 (0ms)
		AwakeInstancesAfterBackupRestoration (18ms)
Refreshing native plugins compatible for Editor in 6.47 ms, found 6 plugins.
Preloading 0 native plugins for Editor in 0.00 ms.
Unloading 7351 Unused Serialized files (Serialized files now loaded: 0)
Unloading 188 unused Assets / (13.1 MB). Loaded Objects now: 8061.
Memory consumption went from 279.2 MB to 266.1 MB.
Total: 7.373200 ms (FindLiveObjects: 0.615600 ms CreateObjectMapping: 0.362400 ms MarkObjects: 4.099100 ms  DeleteObjects: 2.295000 ms)

Prepare: number of updated asset objects reloaded= 0
AssetImportParameters requested are different than current active one (requested -> active):
  custom:container-demuxer-ogg: 62fdf1f143b41e24485cea50d1cbac27 -> 
  custom:framework-win-MediaFoundation: 216162199b28c13a410421893ffa2e32 -> 
  custom:container-muxer-webm: aa71ff27fc2769a1b78a27578f13a17b -> 
  custom:video-decoder-webm-vp8: 9c59270c3fd7afecdb556c50c9e8de78 -> 
  custom:AudioImporter_EditorPlatform: d09bf68614088b80899f8185d706f6e7 -> 
  custom:audio-decoder-ogg-vorbis: bf7c407c2cedff20999df2af8eb42d56 -> 
  custom:audio-encoder-webm-vorbis: bf7c407c2cedff20999df2af8eb42d56 -> 
  custom:video-codec-MediaFoundation-h265: 746d11721c4dcdbdad8f713fa42b33f4 -> 
  custom:video-decoder-ogg-theora: a1e56fd34408186e4bbccfd4996cb3dc -> 
  custom:CustomObjectIndexerAttribute: a3ef5dd2817f97addfee359851a9dba5 -> 
  custom:container-demuxer-webm: 4f35f7cbe854078d1ac9338744f61a02 -> 
  custom:video-encoder-webm-vp8: eb34c28f22e8b96e1ab97ce403110664 -> 
========================================================================
Received Prepare
Begin MonoManager ReloadAssembly
Symbol file LoadedFromMemory doesn't match image C:\Users\PIMG\Documents\GitHub\Stoned-Ape-Runner\Stoned Ape Runner\Library\PackageCache\com.unity.visualscripting@1.8.0\Editor\VisualScripting.Core\Dependencies\YamlDotNet\Unity.VisualScripting.YamlDotNet.dll
Symbol file LoadedFromMemory doesn't match image C:\Users\PIMG\Documents\GitHub\Stoned-Ape-Runner\Stoned Ape Runner\Library\PackageCache\com.unity.visualscripting@1.8.0\Editor\VisualScripting.Core\Dependencies\DotNetZip\Unity.VisualScripting.IonicZip.dll
- Loaded All Assemblies, in  0.908 seconds
Refreshing native plugins compatible for Editor in 6.16 ms, found 6 plugins.
Native extension for WindowsStandalone target not found
Mono: successfully reloaded assembly
- Finished resetting the current domain, in  1.818 seconds
Domain Reload Profiling: 2722ms
	BeginReloadAssembly (166ms)
		ExecutionOrderSort (0ms)
		DisableScriptedObjects (5ms)
		BackupInstance (0ms)
		ReleaseScriptingObjects (0ms)
		CreateAndSetChildDomain (54ms)
	RebuildCommonClasses (41ms)
	RebuildNativeTypeToScriptingClass (14ms)
	initialDomainReloadingComplete (35ms)
	LoadAllAssembliesAndSetupDomain (648ms)
		LoadAssemblies (302ms)
		RebuildTransferFunctionScriptingTraits (0ms)
		AnalyzeDomain (401ms)
			TypeCache.Refresh (383ms)
				TypeCache.ScanAssembly (368ms)
			ScanForSourceGeneratedMonoScriptInfo (0ms)
			ResolveRequiredComponents (19ms)
	FinalizeReload (1819ms)
		ReleaseScriptCaches (0ms)
		RebuildScriptCaches (0ms)
		SetupLoadedEditorAssemblies (807ms)
			LogAssemblyErrors (0ms)
			InitializePlatformSupportModulesInManaged (7ms)
			SetLoadedEditorAssemblies (3ms)
			RefreshPlugins (0ms)
			BeforeProcessingInitializeOnLoad (107ms)
			ProcessInitializeOnLoadAttributes (652ms)
			ProcessInitializeOnLoadMethodAttributes (30ms)
			AfterProcessingInitializeOnLoad (8ms)
			EditorAssembliesLoaded (0ms)
		ExecutionOrderSort2 (0ms)
		AwakeInstancesAfterBackupRestoration (17ms)
Refreshing native plugins compatible for Editor in 7.24 ms, found 6 plugins.
Preloading 0 native plugins for Editor in 0.00 ms.
Unloading 7351 Unused Serialized files (Serialized files now loaded: 0)
Unloading 188 unused Assets / (13.1 MB). Loaded Objects now: 8077.
Memory consumption went from 279.2 MB to 266.1 MB.
Total: 7.748600 ms (FindLiveObjects: 0.722100 ms CreateObjectMapping: 0.462900 ms MarkObjects: 4.217000 ms  DeleteObjects: 2.345500 ms)

Prepare: number of updated asset objects reloaded= 0
AssetImportParameters requested are different than current active one (requested -> active):
  custom:container-demuxer-ogg: 62fdf1f143b41e24485cea50d1cbac27 -> 
  custom:framework-win-MediaFoundation: 216162199b28c13a410421893ffa2e32 -> 
  custom:container-muxer-webm: aa71ff27fc2769a1b78a27578f13a17b -> 
  custom:video-decoder-webm-vp8: 9c59270c3fd7afecdb556c50c9e8de78 -> 
  custom:AudioImporter_EditorPlatform: d09bf68614088b80899f8185d706f6e7 -> 
  custom:audio-decoder-ogg-vorbis: bf7c407c2cedff20999df2af8eb42d56 -> 
  custom:audio-encoder-webm-vorbis: bf7c407c2cedff20999df2af8eb42d56 -> 
  custom:video-codec-MediaFoundation-h265: 746d11721c4dcdbdad8f713fa42b33f4 -> 
  custom:video-decoder-ogg-theora: a1e56fd34408186e4bbccfd4996cb3dc -> 
  custom:CustomObjectIndexerAttribute: a3ef5dd2817f97addfee359851a9dba5 -> 
  custom:container-demuxer-webm: 4f35f7cbe854078d1ac9338744f61a02 -> 
  custom:video-encoder-webm-vp8: eb34c28f22e8b96e1ab97ce403110664 -> 
========================================================================
Received Import Request.
  Time since last request: 2235.225864 seconds.
  path: Assets/Audio/Also Sprach Zarathustra, Op. 30 - Strauss.mp3
  artifactKey: Guid(5d4ab61e8d8872c4e9e40ecba2eb5401) Importer(2089858483,0ecaa5967403d082aa24f35e1b516d23)
Start importing Assets/Audio/Also Sprach Zarathustra, Op. 30 - Strauss.mp3 using Guid(5d4ab61e8d8872c4e9e40ecba2eb5401) Importer(2089858483,0ecaa5967403d082aa24f35e1b516d23) Generated GUIDs only implemented for interfaces!
 -> (artifact id: '246594ee9473967e65b92fdb02117c75') in 0.325521 seconds
Number of updated asset objects reloaded before import = 0
Number of asset objects unloaded after import = 1
========================================================================
Received Import Request.
  Time since last request: 0.000025 seconds.
  path: Assets/Settings/URP-Performant-Renderer.asset
  artifactKey: Guid(707360a9c581a4bd7aa53bfeb1429f71) Importer(2089858483,0ecaa5967403d082aa24f35e1b516d23)
Start importing Assets/Settings/URP-Performant-Renderer.asset using Guid(707360a9c581a4bd7aa53bfeb1429f71) Importer(2089858483,0ecaa5967403d082aa24f35e1b516d23) Generated GUIDs only implemented for interfaces!
 -> (artifact id: '7bdc08751a5e03443c8bf31799eff27e') in 0.042048 seconds
Number of updated asset objects reloaded before import = 0
Number of asset objects unloaded after import = 1
========================================================================
Received Import Request.
  Time since last request: 0.000024 seconds.
  path: Assets/Prefabs/Audio Source (Pickup Sound).prefab
  artifactKey: Guid(61988da5cc0085547a72191352062316) Importer(2089858483,0ecaa5967403d082aa24f35e1b516d23)
Start importing Assets/Prefabs/Audio Source (Pickup Sound).prefab using Guid(61988da5cc0085547a72191352062316) Importer(2089858483,0ecaa5967403d082aa24f35e1b516d23) Generated GUIDs only implemented for interfaces!
 -> (artifact id: 'b006a78237bdae612f1b771212b3bef8') in 0.036817 seconds
Number of updated asset objects reloaded before import = 0
Number of asset objects unloaded after import = 6
========================================================================
Received Import Request.
  Time since last request: 0.000020 seconds.
  path: Assets/Shaders/Shader Graphs_Fresnel Glow (Goal).mat
  artifactKey: Guid(756426db2519e614592d4dfd20e26cbe) Importer(2089858483,0ecaa5967403d082aa24f35e1b516d23)
Start importing Assets/Shaders/Shader Graphs_Fresnel Glow (Goal).mat using Guid(756426db2519e614592d4dfd20e26cbe) Importer(2089858483,0ecaa5967403d082aa24f35e1b516d23) Generated GUIDs only implemented for interfaces!
 -> (artifact id: '956f17660a40eb5372e96a329c1abecf') in 0.025047 seconds
Number of updated asset objects reloaded before import = 0
Number of asset objects unloaded after import = 3
========================================================================
Received Import Request.
  Time since last request: 0.000015 seconds.
  path: Assets/Textures/grid.jpg
  artifactKey: Guid(950b80df9a60ee34b90af117371f859a) Importer(2089858483,0ecaa5967403d082aa24f35e1b516d23)
Start importing Assets/Textures/grid.jpg using Guid(950b80df9a60ee34b90af117371f859a) Importer(2089858483,0ecaa5967403d082aa24f35e1b516d23) Generated GUIDs only implemented for interfaces!
 -> (artifact id: '51e6e8d0cd665149112408e4aaca9353') in 0.080526 seconds
Number of updated asset objects reloaded before import = 0
Number of asset objects unloaded after import = 1
========================================================================
Received Import Request.
  Time since last request: 0.000021 seconds.
  path: Assets/Prefabs/Shockwave (Pivot).prefab
  artifactKey: Guid(9da7b18f8cc946044820177d02dbda31) Importer(2089858483,0ecaa5967403d082aa24f35e1b516d23)
Start importing Assets/Prefabs/Shockwave (Pivot).prefab using Guid(9da7b18f8cc946044820177d02dbda31) Importer(2089858483,0ecaa5967403d082aa24f35e1b516d23) Generated GUIDs only implemented for interfaces!
 -> (artifact id: '25d7f13ef2218692f66f93027c341aab') in 0.082353 seconds
Number of updated asset objects reloaded before import = 0
Number of asset objects unloaded after import = 11
========================================================================
Received Import Request.
  Time since last request: 0.000024 seconds.
  path: Assets/Animations/Mushroom Animations/Mushroom Red.controller
  artifactKey: Guid(02e2452c0bb650a4589bac37ae6fe1a9) Importer(2089858483,0ecaa5967403d082aa24f35e1b516d23)
Start importing Assets/Animations/Mushroom Animations/Mushroom Red.controller using Guid(02e2452c0bb650a4589bac37ae6fe1a9) Importer(2089858483,0ecaa5967403d082aa24f35e1b516d23) Generated GUIDs only implemented for interfaces!
 -> (artifact id: 'bd0c30c7313022148cedba9741d07f21') in 0.016096 seconds
Number of updated asset objects reloaded before import = 0
Number of asset objects unloaded after import = 4
========================================================================
Received Import Request.
  Time since last request: 0.000023 seconds.
  path: Assets/Scripts/TimedSceneChange.cs
  artifactKey: Guid(95260b47e0873c241a8692d0b32a33ad) Importer(2089858483,0ecaa5967403d082aa24f35e1b516d23)
Start importing Assets/Scripts/TimedSceneChange.cs using Guid(95260b47e0873c241a8692d0b32a33ad) Importer(2089858483,0ecaa5967403d082aa24f35e1b516d23) Generated GUIDs only implemented for interfaces!
 -> (artifact id: '4742a1257fbe3f9317e0b21969e37aca') in 0.014984 seconds
Number of updated asset objects reloaded before import = 0
Number of asset objects unloaded after import = 1
========================================================================
Received Import Request.
  Time since last request: 0.000021 seconds.
  path: Assets/Terrains/New Terrain.asset
  artifactKey: Guid(94e55ea2ec1db65489ff31620f7d117c) Importer(2089858483,0ecaa5967403d082aa24f35e1b516d23)
Start importing Assets/Terrains/New Terrain.asset using Guid(94e55ea2ec1db65489ff31620f7d117c) Importer(2089858483,0ecaa5967403d082aa24f35e1b516d23) Generated GUIDs only implemented for interfaces!
 -> (artifact id: '4160692137788a5d48854688bf81bff1') in 0.045665 seconds
Number of updated asset objects reloaded before import = 0
Number of asset objects unloaded after import = 3
========================================================================
Received Import Request.
  Time since last request: 0.000019 seconds.
  path: Assets/Settings/SampleSceneProfile.asset
  artifactKey: Guid(a6560a915ef98420e9faacc1c7438823) Importer(2089858483,0ecaa5967403d082aa24f35e1b516d23)
Start importing Assets/Settings/SampleSceneProfile.asset using Guid(a6560a915ef98420e9faacc1c7438823) Importer(2089858483,0ecaa5967403d082aa24f35e1b516d23) Generated GUIDs only implemented for interfaces!
 -> (artifact id: 'b5f0a92d8edcc19f4fada301ff1faa92') in 0.020477 seconds
Number of updated asset objects reloaded before import = 0
Number of asset objects unloaded after import = 5
========================================================================
Received Import Request.
  Time since last request: 0.000019 seconds.
  path: Assets/Prefabs/Canvas.prefab
  artifactKey: Guid(3b18b743dffca43419628e974e545f92) Importer(2089858483,0ecaa5967403d082aa24f35e1b516d23)
Start importing Assets/Prefabs/Canvas.prefab using Guid(3b18b743dffca43419628e974e545f92) Importer(2089858483,0ecaa5967403d082aa24f35e1b516d23) Generated GUIDs only implemented for interfaces!
 -> (artifact id: '8f37dbe28d05562da0f2aa554fd519cc') in 0.057985 seconds
Number of updated asset objects reloaded before import = 0
Number of asset objects unloaded after import = 48
========================================================================
Received Import Request.
  Time since last request: 0.000021 seconds.
  path: Assets/Fonts/bananaslipplus.otf
  artifactKey: Guid(d01a0b4a38fc74947a7ca86e073aa3d8) Importer(2089858483,0ecaa5967403d082aa24f35e1b516d23)
Start importing Assets/Fonts/bananaslipplus.otf using Guid(d01a0b4a38fc74947a7ca86e073aa3d8) Importer(2089858483,0ecaa5967403d082aa24f35e1b516d23) Generated GUIDs only implemented for interfaces!
 -> (artifact id: 'fbe9ee96be8e9022930faf3313b4a47c') in 0.025421 seconds
Number of updated asset objects reloaded before import = 0
Number of asset objects unloaded after import = 3
========================================================================
Received Import Request.
  Time since last request: 0.000029 seconds.
  path: Assets/Audio/Any Octave Vol. 4.1.mp3
  artifactKey: Guid(eb3ea894e25f95d4d9172287294ecc30) Importer(2089858483,0ecaa5967403d082aa24f35e1b516d23)
Start importing Assets/Audio/Any Octave Vol. 4.1.mp3 using Guid(eb3ea894e25f95d4d9172287294ecc30) Importer(2089858483,0ecaa5967403d082aa24f35e1b516d23) Generated GUIDs only implemented for interfaces!
 -> (artifact id: '2b1c4ac1ed563d5c18bc136f5475b4a7') in 0.061313 seconds
Number of updated asset objects reloaded before import = 0
Number of asset objects unloaded after import = 1
========================================================================
Received Import Request.
  Time since last request: 0.000014 seconds.
  path: Assets/Prefabs/Sigil.prefab
  artifactKey: Guid(c4ff8807de690c747af45d2ee64d38c9) Importer(2089858483,0ecaa5967403d082aa24f35e1b516d23)
Start importing Assets/Prefabs/Sigil.prefab using Guid(c4ff8807de690c747af45d2ee64d38c9) Importer(2089858483,0ecaa5967403d082aa24f35e1b516d23) Generated GUIDs only implemented for interfaces!
 -> (artifact id: 'd36b888104ce37651ddc964088c36f2c') in 0.018735 seconds
Number of updated asset objects reloaded before import = 0
Number of asset objects unloaded after import = 7
========================================================================
Received Import Request.
  Time since last request: 0.000015 seconds.
  path: Assets/Prefabs/Audio Reverb Zone.prefab
  artifactKey: Guid(26bed706001a5e14c8813ce277af9c12) Importer(2089858483,0ecaa5967403d082aa24f35e1b516d23)
Start importing Assets/Prefabs/Audio Reverb Zone.prefab using Guid(26bed706001a5e14c8813ce277af9c12) Importer(2089858483,0ecaa5967403d082aa24f35e1b516d23) Generated GUIDs only implemented for interfaces!
 -> (artifact id: 'df06a3153bee8dfe8fb5aac70a37bb01') in 0.015943 seconds
Number of updated asset objects reloaded before import = 0
Number of asset objects unloaded after import = 5
========================================================================
Received Import Request.
  Time since last request: 0.000027 seconds.
  path: Assets/Shaders/Shader Graphs_Fresnel Green Glow.mat
  artifactKey: Guid(c85e1780f0a9bc14181c39517f80acd7) Importer(2089858483,0ecaa5967403d082aa24f35e1b516d23)
Start importing Assets/Shaders/Shader Graphs_Fresnel Green Glow.mat using Guid(c85e1780f0a9bc14181c39517f80acd7) Importer(2089858483,0ecaa5967403d082aa24f35e1b516d23) Generated GUIDs only implemented for interfaces!
 -> (artifact id: 'cb5317835be9fb7b19ee57ed883cc19d') in 0.028331 seconds
Number of updated asset objects reloaded before import = 0
Number of asset objects unloaded after import = 2
========================================================================
Received Import Request.
  Time since last request: 0.000018 seconds.
  path: Assets/Animations/Camera Animations/Camera 1.controller
  artifactKey: Guid(15b6ed7eb1711054eb8f7ad54192426e) Importer(2089858483,0ecaa5967403d082aa24f35e1b516d23)
Start importing Assets/Animations/Camera Animations/Camera 1.controller using Guid(15b6ed7eb1711054eb8f7ad54192426e) Importer(2089858483,0ecaa5967403d082aa24f35e1b516d23) Generated GUIDs only implemented for interfaces!
 -> (artifact id: 'fb9e783e43431c917f62ede22f0f912d') in 0.012262 seconds
Number of updated asset objects reloaded before import = 0
Number of asset objects unloaded after import = 4
========================================================================
Received Import Request.
  Time since last request: 0.000024 seconds.
  path: Assets/Audio/Monkey Sounds/monkey-chirp11.wav
  artifactKey: Guid(bf8fd5f7cd80fc94299a699b21b501d3) Importer(2089858483,0ecaa5967403d082aa24f35e1b516d23)
Start importing Assets/Audio/Monkey Sounds/monkey-chirp11.wav using Guid(bf8fd5f7cd80fc94299a699b21b501d3) Importer(2089858483,0ecaa5967403d082aa24f35e1b516d23) Generated GUIDs only implemented for interfaces!
 -> (artifact id: '25661fa32e782739261d71b474604f53') in 0.066327 seconds
Number of updated asset objects reloaded before import = 0
Number of asset objects unloaded after import = 1
========================================================================
Received Import Request.
  Time since last request: 0.000014 seconds.
  path: Assets/Prefabs/Mushroom Prefabs/Mushroom (short) (green).prefab
  artifactKey: Guid(89605b117d1531048b1ee74d0328ef90) Importer(2089858483,0ecaa5967403d082aa24f35e1b516d23)
Start importing Assets/Prefabs/Mushroom Prefabs/Mushroom (short) (green).prefab using Guid(89605b117d1531048b1ee74d0328ef90) Importer(2089858483,0ecaa5967403d082aa24f35e1b516d23) Generated GUIDs only implemented for interfaces!
 -> (artifact id: 'efc526b522e42335970c33ed96403eb5') in 0.015613 seconds
Number of updated asset objects reloaded before import = 0
Number of asset objects unloaded after import = 14
========================================================================
Received Import Request.
  Time since last request: 0.000018 seconds.
  path: Assets/Prefabs/Mushroom Prefabs/Mushroom (tall) (pink).prefab
  artifactKey: Guid(923a7bf9a17e5bd4e82e0e25f3bf1692) Importer(2089858483,0ecaa5967403d082aa24f35e1b516d23)
Start importing Assets/Prefabs/Mushroom Prefabs/Mushroom (tall) (pink).prefab using Guid(923a7bf9a17e5bd4e82e0e25f3bf1692) Importer(2089858483,0ecaa5967403d082aa24f35e1b516d23) Generated GUIDs only implemented for interfaces!
 -> (artifact id: 'e35ebd4f4cecc8a16a21de8f762b0bdc') in 0.016823 seconds
Number of updated asset objects reloaded before import = 0
Number of asset objects unloaded after import = 15
========================================================================
Received Import Request.
  Time since last request: 0.000017 seconds.
  path: Assets/Audio/Sounds (One Shot)/checkpoint-impact.wav
  artifactKey: Guid(e158e17ba4b3aef4a9029fa3b2d46d62) Importer(2089858483,0ecaa5967403d082aa24f35e1b516d23)
Start importing Assets/Audio/Sounds (One Shot)/checkpoint-impact.wav using Guid(e158e17ba4b3aef4a9029fa3b2d46d62) Importer(2089858483,0ecaa5967403d082aa24f35e1b516d23) Generated GUIDs only implemented for interfaces!
 -> (artifact id: '417e8c633dd612f2ca52fa0de0b57a6f') in 0.077329 seconds
Number of updated asset objects reloaded before import = 0
Number of asset objects unloaded after import = 1
========================================================================
Received Import Request.
  Time since last request: 0.000029 seconds.
  path: Assets/Models/HQ Rocks/Terrain.asset
  artifactKey: Guid(39630a2958a312748a866bd7d6051961) Importer(2089858483,0ecaa5967403d082aa24f35e1b516d23)
Start importing Assets/Models/HQ Rocks/Terrain.asset using Guid(39630a2958a312748a866bd7d6051961) Importer(2089858483,0ecaa5967403d082aa24f35e1b516d23) Generated GUIDs only implemented for interfaces!
 -> (artifact id: '5f1cb6ab86b0a1ea17d0de9f3f1de52e') in 0.176798 seconds
Number of updated asset objects reloaded before import = 0
Number of asset objects unloaded after import = 5
========================================================================
Received Import Request.
  Time since last request: 0.000034 seconds.
  path: Assets/Audio/Sounds (One Shot)/force-field-1.wav
  artifactKey: Guid(6990f4b9796dd9f4096f4794a00934be) Importer(2089858483,0ecaa5967403d082aa24f35e1b516d23)
Start importing Assets/Audio/Sounds (One Shot)/force-field-1.wav using Guid(6990f4b9796dd9f4096f4794a00934be) Importer(2089858483,0ecaa5967403d082aa24f35e1b516d23) Generated GUIDs only implemented for interfaces!
 -> (artifact id: '1639e6684de23b321a7c12825991a86c') in 0.072366 seconds
Number of updated asset objects reloaded before import = 0
Number of asset objects unloaded after import = 1
========================================================================
Received Import Request.
  Time since last request: 0.000023 seconds.
  path: Assets/Prefabs/Mushroom Prefabs/Mushroom (blue).prefab
  artifactKey: Guid(35f70abd7bb182f45a8467af0c5d51e6) Importer(2089858483,0ecaa5967403d082aa24f35e1b516d23)
Start importing Assets/Prefabs/Mushroom Prefabs/Mushroom (blue).prefab using Guid(35f70abd7bb182f45a8467af0c5d51e6) Importer(2089858483,0ecaa5967403d082aa24f35e1b516d23) Generated GUIDs only implemented for interfaces!
 -> (artifact id: '40f81645101c49dd511fdd96f8ac9ee5') in 0.020938 seconds
Number of updated asset objects reloaded before import = 0
Number of asset objects unloaded after import = 7
========================================================================
Received Import Request.
  Time since last request: 0.000024 seconds.
  path: Assets/Prefabs/Mushroom Prefabs/Mushroom Green.mat
  artifactKey: Guid(d8daf3f87d3d4dd41b877fa5882f581a) Importer(2089858483,0ecaa5967403d082aa24f35e1b516d23)
Start importing Assets/Prefabs/Mushroom Prefabs/Mushroom Green.mat using Guid(d8daf3f87d3d4dd41b877fa5882f581a) Importer(2089858483,0ecaa5967403d082aa24f35e1b516d23) Generated GUIDs only implemented for interfaces!
 -> (artifact id: '822e510b899d2521acaeddbea3ebf77d') in 0.093276 seconds
Number of updated asset objects reloaded before import = 0
Number of asset objects unloaded after import = 2
========================================================================
Received Import Request.
  Time since last request: 0.000018 seconds.
  path: Assets/Fonts/PLANK___ SDF.asset
  artifactKey: Guid(acda7ccd14339344486f32c8d0696a21) Importer(2089858483,0ecaa5967403d082aa24f35e1b516d23)
Start importing Assets/Fonts/PLANK___ SDF.asset using Guid(acda7ccd14339344486f32c8d0696a21) Importer(2089858483,0ecaa5967403d082aa24f35e1b516d23) Generated GUIDs only implemented for interfaces!
 -> (artifact id: 'c56f2d7463b578a6921d8bae44f26496') in 0.059643 seconds
Number of updated asset objects reloaded before import = 0
Number of asset objects unloaded after import = 5
========================================================================
Received Import Request.
  Time since last request: 0.000022 seconds.
  path: Assets/Scripts/Rotator.cs
  artifactKey: Guid(efb48f9bef8e8594e8ea3d466cb87665) Importer(2089858483,0ecaa5967403d082aa24f35e1b516d23)
Start importing Assets/Scripts/Rotator.cs using Guid(efb48f9bef8e8594e8ea3d466cb87665) Importer(2089858483,0ecaa5967403d082aa24f35e1b516d23) Generated GUIDs only implemented for interfaces!
 -> (artifact id: 'f131530f03edbf6de147c5b92a0d9088') in 0.015448 seconds
Number of updated asset objects reloaded before import = 0
Number of asset objects unloaded after import = 1
========================================================================
Received Import Request.
  Time since last request: 0.000020 seconds.
  path: Assets/Settings/URP-HighFidelity.asset
  artifactKey: Guid(7b7fd9122c28c4d15b667c7040e3b3fd) Importer(2089858483,0ecaa5967403d082aa24f35e1b516d23)
Start importing Assets/Settings/URP-HighFidelity.asset using Guid(7b7fd9122c28c4d15b667c7040e3b3fd) Importer(2089858483,0ecaa5967403d082aa24f35e1b516d23) Generated GUIDs only implemented for interfaces!
 -> (artifact id: 'efee150b2827a9fd2c8b147e514a24d3') in 0.034349 seconds
Number of updated asset objects reloaded before import = 0
Number of asset objects unloaded after import = 1
========================================================================
Received Import Request.
  Time since last request: 0.000016 seconds.
  path: Assets/Shaders/Fresnel Glow.shadergraph
  artifactKey: Guid(950bf7caf2300c74d8fcdc077517f2e6) Importer(2089858483,0ecaa5967403d082aa24f35e1b516d23)
Start importing Assets/Shaders/Fresnel Glow.shadergraph using Guid(950bf7caf2300c74d8fcdc077517f2e6) Importer(2089858483,0ecaa5967403d082aa24f35e1b516d23) Generated GUIDs only implemented for interfaces!
 -> (artifact id: '5d6a12a191dd145886993849167ce1cb') in 0.028774 seconds
Number of updated asset objects reloaded before import = 0
Number of asset objects unloaded after import = 3
========================================================================
Received Import Request.
  Time since last request: 0.000015 seconds.
  path: Assets/Settings/URP-Performant.asset
  artifactKey: Guid(d0e2fc18fe036412f8223b3b3d9ad574) Importer(2089858483,0ecaa5967403d082aa24f35e1b516d23)
Start importing Assets/Settings/URP-Performant.asset using Guid(d0e2fc18fe036412f8223b3b3d9ad574) Importer(2089858483,0ecaa5967403d082aa24f35e1b516d23) Generated GUIDs only implemented for interfaces!
 -> (artifact id: 'dd5b38d404756bdf47000335e76deffa') in 0.030530 seconds
Number of updated asset objects reloaded before import = 0
Number of asset objects unloaded after import = 2
========================================================================
Received Import Request.
  Time since last request: 0.000029 seconds.
  path: Assets/Textures/glitter.jpg
  artifactKey: Guid(768d40a7b6088e54f8eb66c2afd1cf10) Importer(2089858483,0ecaa5967403d082aa24f35e1b516d23)
Start importing Assets/Textures/glitter.jpg using Guid(768d40a7b6088e54f8eb66c2afd1cf10) Importer(2089858483,0ecaa5967403d082aa24f35e1b516d23) Generated GUIDs only implemented for interfaces!
 -> (artifact id: '1bcec89927ef296ccf93c4ece437c82c') in 0.049413 seconds
Number of updated asset objects reloaded before import = 0
Number of asset objects unloaded after import = 1
========================================================================
Received Import Request.
  Time since last request: 0.000021 seconds.
  path: Assets/Materials/Sigil.mat
  artifactKey: Guid(a7dc2a68d6c40434ba658a91072f5d5f) Importer(2089858483,0ecaa5967403d082aa24f35e1b516d23)
Start importing Assets/Materials/Sigil.mat using Guid(a7dc2a68d6c40434ba658a91072f5d5f) Importer(2089858483,0ecaa5967403d082aa24f35e1b516d23) Generated GUIDs only implemented for interfaces!
 -> (artifact id: '6e2532feee7add25f02ddd3241b370cf') in 0.019278 seconds
Number of updated asset objects reloaded before import = 0
Number of asset objects unloaded after import = 2
========================================================================
Received Import Request.
  Time since last request: 0.000018 seconds.
  path: Assets/Textures/Mushroom Textures/Materials/P9300742.mat
  artifactKey: Guid(faef828fb53b94a439bcae6656e2022e) Importer(815301076,1909f56bfc062723c751e8b465ee728b)
Start importing Assets/Textures/Mushroom Textures/Materials/P9300742.mat using Guid(faef828fb53b94a439bcae6656e2022e) Importer(815301076,1909f56bfc062723c751e8b465ee728b)  -> (artifact id: '4aaa8caf054c4a9fec9a9d03cfc89df1') in 0.002184 seconds
Number of updated asset objects reloaded before import = 0
Number of asset objects unloaded after import = 1
========================================================================
Received Import Request.
  Time since last request: 0.000013 seconds.
  path: Assets/Prefabs/Mushroom Prefabs/agaricus_campestris_field_mushroom_02_09_04_1.mat
  artifactKey: Guid(f9f6f58f2ff5b7946b72884977f26e9c) Importer(2089858483,0ecaa5967403d082aa24f35e1b516d23)
Start importing Assets/Prefabs/Mushroom Prefabs/agaricus_campestris_field_mushroom_02_09_04_1.mat using Guid(f9f6f58f2ff5b7946b72884977f26e9c) Importer(2089858483,0ecaa5967403d082aa24f35e1b516d23) Generated GUIDs only implemented for interfaces!
 -> (artifact id: 'f72da34b4cae2f1bcc0d41ba4cb4f23a') in 0.014309 seconds
Number of updated asset objects reloaded before import = 0
Number of asset objects unloaded after import = 1
========================================================================
Received Import Request.
  Time since last request: 0.000016 seconds.
  path: Assets/Animations/Camera Animations/Camera4.anim
  artifactKey: Guid(3eaeb14b694e88746812cbfa2e743f38) Importer(2089858483,0ecaa5967403d082aa24f35e1b516d23)
Start importing Assets/Animations/Camera Animations/Camera4.anim using Guid(3eaeb14b694e88746812cbfa2e743f38) Importer(2089858483,0ecaa5967403d082aa24f35e1b516d23) Generated GUIDs only implemented for interfaces!
 -> (artifact id: '5971d3c528ddddd19e3d776e800b9d42') in 0.061138 seconds
Number of updated asset objects reloaded before import = 0
Number of asset objects unloaded after import = 1
========================================================================
Received Import Request.
  Time since last request: 0.000025 seconds.
  path: Assets/Textures/glittertexture.png
  artifactKey: Guid(da01faf6293ad234bb471fc524124348) Importer(2089858483,0ecaa5967403d082aa24f35e1b516d23)
Start importing Assets/Textures/glittertexture.png using Guid(da01faf6293ad234bb471fc524124348) Importer(2089858483,0ecaa5967403d082aa24f35e1b516d23) Generated GUIDs only implemented for interfaces!
 -> (artifact id: 'af645b8eb6847329acb038f1fb5d5a87') in 0.029880 seconds
Number of updated asset objects reloaded before import = 0
Number of asset objects unloaded after import = 1
========================================================================
Received Import Request.
  Time since last request: 0.000029 seconds.
  path: Assets/Prefabs/Mushroom Prefabs/Color_M09.mat
  artifactKey: Guid(ba5d01032b4d68742982780470edc274) Importer(815301076,1909f56bfc062723c751e8b465ee728b)
Start importing Assets/Prefabs/Mushroom Prefabs/Color_M09.mat using Guid(ba5d01032b4d68742982780470edc274) Importer(815301076,1909f56bfc062723c751e8b465ee728b)  -> (artifact id: '7a0c4af71502f7073cfc0c4cb0f72e48') in 0.001478 seconds
Number of updated asset objects reloaded before import = 0
Number of asset objects unloaded after import = 1
========================================================================
Received Import Request.
  Time since last request: 0.000018 seconds.
  path: Assets/TextMesh Pro/Resources/LineBreaking Leading Characters.txt
  artifactKey: Guid(d82c1b31c7e74239bff1220585707d2b) Importer(2089858483,0ecaa5967403d082aa24f35e1b516d23)
Start importing Assets/TextMesh Pro/Resources/LineBreaking Leading Characters.txt using Guid(d82c1b31c7e74239bff1220585707d2b) Importer(2089858483,0ecaa5967403d082aa24f35e1b516d23) Generated GUIDs only implemented for interfaces!
 -> (artifact id: '4fdc82782f121ae651fe7db4271402dd') in 0.018932 seconds
Number of updated asset objects reloaded before import = 0
Number of asset objects unloaded after import = 1
========================================================================
Received Import Request.
  Time since last request: 0.000017 seconds.
  path: Assets/TextMesh Pro/Shaders/TMPro.cginc
  artifactKey: Guid(407bc68d299748449bbf7f48ee690f8d) Importer(2089858483,0ecaa5967403d082aa24f35e1b516d23)
Start importing Assets/TextMesh Pro/Shaders/TMPro.cginc using Guid(407bc68d299748449bbf7f48ee690f8d) Importer(2089858483,0ecaa5967403d082aa24f35e1b516d23) Generated GUIDs only implemented for interfaces!
 -> (artifact id: '22f765d93a56a06f7504b21e0b00290f') in 0.021268 seconds
Number of updated asset objects reloaded before import = 0
Number of asset objects unloaded after import = 1
========================================================================
Received Import Request.
  Time since last request: 0.000019 seconds.
  path: Assets/TextMesh Pro/Shaders/TMP_Bitmap-Custom-Atlas.shader
  artifactKey: Guid(48bb5f55d8670e349b6e614913f9d910) Importer(2089858483,0ecaa5967403d082aa24f35e1b516d23)
Start importing Assets/TextMesh Pro/Shaders/TMP_Bitmap-Custom-Atlas.shader using Guid(48bb5f55d8670e349b6e614913f9d910) Importer(2089858483,0ecaa5967403d082aa24f35e1b516d23) Generated GUIDs only implemented for interfaces!
 -> (artifact id: '5f02f5adeb246fc8cb2904fcf938aed4') in 0.018167 seconds
Number of updated asset objects reloaded before import = 0
Number of asset objects unloaded after import = 1
========================================================================
Received Import Request.
  Time since last request: 0.000022 seconds.
  path: Assets/Scripts/StonedApeRunner/LivesManager.cs
  artifactKey: Guid(c737059ced61baa4db24d5e13d2741d3) Importer(2089858483,0ecaa5967403d082aa24f35e1b516d23)
Start importing Assets/Scripts/StonedApeRunner/LivesManager.cs using Guid(c737059ced61baa4db24d5e13d2741d3) Importer(2089858483,0ecaa5967403d082aa24f35e1b516d23) Generated GUIDs only implemented for interfaces!
 -> (artifact id: '27f82ed724d7d23f5c978480dfe3bfcc') in 0.014816 seconds
Number of updated asset objects reloaded before import = 0
Number of asset objects unloaded after import = 1
========================================================================
Received Import Request.
  Time since last request: 0.000021 seconds.
  path: Assets/Scripts/StonedApeRunner/SoundOnTrigger.cs
  artifactKey: Guid(5b7adb00f9e50d142a0be01785ed145c) Importer(2089858483,0ecaa5967403d082aa24f35e1b516d23)
Start importing Assets/Scripts/StonedApeRunner/SoundOnTrigger.cs using Guid(5b7adb00f9e50d142a0be01785ed145c) Importer(2089858483,0ecaa5967403d082aa24f35e1b516d23) Generated GUIDs only implemented for interfaces!
 -> (artifact id: '5c24048a0ab35174cac4702b2c07fa78') in 0.015699 seconds
Number of updated asset objects reloaded before import = 0
Number of asset objects unloaded after import = 1
========================================================================
Received Import Request.
  Time since last request: 0.000032 seconds.
  path: Assets/TextMesh Pro/Documentation/TextMesh Pro User Guide 2016.pdf
  artifactKey: Guid(1b8d251f9af63b746bf2f7ffe00ebb9b) Importer(2089858483,0ecaa5967403d082aa24f35e1b516d23)
Start importing Assets/TextMesh Pro/Documentation/TextMesh Pro User Guide 2016.pdf using Guid(1b8d251f9af63b746bf2f7ffe00ebb9b) Importer(2089858483,0ecaa5967403d082aa24f35e1b516d23) Generated GUIDs only implemented for interfaces!
 -> (artifact id: '5ecdf03370718c86af11649ae7fd6f1a') in 0.014087 seconds
Number of updated asset objects reloaded before import = 0
Number of asset objects unloaded after import = 1
========================================================================
Received Import Request.
  Time since last request: 0.000019 seconds.
  path: Assets/TextMesh Pro/Shaders/TMP_Sprite.shader
  artifactKey: Guid(cf81c85f95fe47e1a27f6ae460cf182c) Importer(2089858483,0ecaa5967403d082aa24f35e1b516d23)
Start importing Assets/TextMesh Pro/Shaders/TMP_Sprite.shader using Guid(cf81c85f95fe47e1a27f6ae460cf182c) Importer(2089858483,0ecaa5967403d082aa24f35e1b516d23) Generated GUIDs only implemented for interfaces!
 -> (artifact id: '628770d811b51d566b4aee88f9666ed0') in 0.016979 seconds
Number of updated asset objects reloaded before import = 0
Number of asset objects unloaded after import = 1
========================================================================
Received Import Request.
  Time since last request: 0.000019 seconds.
  path: Assets/TextMesh Pro/Shaders/TMP_SDF-Mobile Masking.shader
  artifactKey: Guid(bc1ede39bf3643ee8e493720e4259791) Importer(2089858483,0ecaa5967403d082aa24f35e1b516d23)
Start importing Assets/TextMesh Pro/Shaders/TMP_SDF-Mobile Masking.shader using Guid(bc1ede39bf3643ee8e493720e4259791) Importer(2089858483,0ecaa5967403d082aa24f35e1b516d23) Generated GUIDs only implemented for interfaces!
 -> (artifact id: '26fa93b4c598b09e916360fdbdbcd204') in 0.016451 seconds
Number of updated asset objects reloaded before import = 0
Number of asset objects unloaded after import = 1
========================================================================
Received Import Request.
  Time since last request: 0.000018 seconds.
  path: Assets/TextMesh Pro/Fonts/LiberationSans.ttf
  artifactKey: Guid(e3265ab4bf004d28a9537516768c1c75) Importer(2089858483,0ecaa5967403d082aa24f35e1b516d23)
Start importing Assets/TextMesh Pro/Fonts/LiberationSans.ttf using Guid(e3265ab4bf004d28a9537516768c1c75) Importer(2089858483,0ecaa5967403d082aa24f35e1b516d23) Generated GUIDs only implemented for interfaces!
 -> (artifact id: '38e4a8f1765fa51532c90fcd450651e8') in 0.017785 seconds
Number of updated asset objects reloaded before import = 0
Number of asset objects unloaded after import = 3
========================================================================
Received Import Request.
  Time since last request: 0.000015 seconds.
  path: Assets/Textures/Mushroom Textures/Materials
  artifactKey: Guid(2782ede98f0d3424b84cca7966e9a464) Importer(815301076,1909f56bfc062723c751e8b465ee728b)
Start importing Assets/Textures/Mushroom Textures/Materials using Guid(2782ede98f0d3424b84cca7966e9a464) Importer(815301076,1909f56bfc062723c751e8b465ee728b)  -> (artifact id: 'ba44e18d6574982f1cbfb283ea9eb500') in 0.000709 seconds
Number of updated asset objects reloaded before import = 0
Number of asset objects unloaded after import = 0
========================================================================
Received Import Request.
  Time since last request: 0.000024 seconds.
  path: Assets/Animations/Camera Animations/Camera 2.controller
  artifactKey: Guid(70140d67764e8614bb0d59b93fbf90ed) Importer(2089858483,0ecaa5967403d082aa24f35e1b516d23)
Start importing Assets/Animations/Camera Animations/Camera 2.controller using Guid(70140d67764e8614bb0d59b93fbf90ed) Importer(2089858483,0ecaa5967403d082aa24f35e1b516d23) Generated GUIDs only implemented for interfaces!
 -> (artifact id: '83987545468642a0e1bfd9c42c5f3359') in 0.028104 seconds
Number of updated asset objects reloaded before import = 0
Number of asset objects unloaded after import = 4
========================================================================
Received Import Request.
  Time since last request: 0.000017 seconds.
  path: Assets/StarterAssets/StarterAssets_Documentation_v1.1.pdf
  artifactKey: Guid(b5f957873a5b82042967195ffffc9063) Importer(2089858483,0ecaa5967403d082aa24f35e1b516d23)
Start importing Assets/StarterAssets/StarterAssets_Documentation_v1.1.pdf using Guid(b5f957873a5b82042967195ffffc9063) Importer(2089858483,0ecaa5967403d082aa24f35e1b516d23) Generated GUIDs only implemented for interfaces!
 -> (artifact id: '041649b35694acd7df55c2983ada85ae') in 0.013754 seconds
Number of updated asset objects reloaded before import = 0
Number of asset objects unloaded after import = 1
========================================================================
Received Import Request.
  Time since last request: 0.000027 seconds.
  path: Assets/Animations/Camera Animations/Camera 1.anim
  artifactKey: Guid(e4e64ccdff88e2543a85e661b80d0372) Importer(2089858483,0ecaa5967403d082aa24f35e1b516d23)
Start importing Assets/Animations/Camera Animations/Camera 1.anim using Guid(e4e64ccdff88e2543a85e661b80d0372) Importer(2089858483,0ecaa5967403d082aa24f35e1b516d23) Generated GUIDs only implemented for interfaces!
 -> (artifact id: '9101815910230ea0068c6d5f25b3fcf7') in 0.015733 seconds
Number of updated asset objects reloaded before import = 0
Number of asset objects unloaded after import = 1
========================================================================
Received Import Request.
  Time since last request: 0.000020 seconds.
  path: Assets/Audio/Monkey Sounds/monkey-chirp3.wav
  artifactKey: Guid(3a9b7a1ad4879594c89ceff7f989dee0) Importer(2089858483,0ecaa5967403d082aa24f35e1b516d23)
Start importing Assets/Audio/Monkey Sounds/monkey-chirp3.wav using Guid(3a9b7a1ad4879594c89ceff7f989dee0) Importer(2089858483,0ecaa5967403d082aa24f35e1b516d23) Generated GUIDs only implemented for interfaces!
 -> (artifact id: '8118523c29f065a73f1dcb9aa6a1145d') in 0.070252 seconds
Number of updated asset objects reloaded before import = 0
Number of asset objects unloaded after import = 1
========================================================================
Received Import Request.
  Time since last request: 0.000016 seconds.
  path: Assets/Textures/sigil (1).png
  artifactKey: Guid(17b36450887c82945b94218da8ed5165) Importer(2089858483,0ecaa5967403d082aa24f35e1b516d23)
Start importing Assets/Textures/sigil (1).png using Guid(17b36450887c82945b94218da8ed5165) Importer(2089858483,0ecaa5967403d082aa24f35e1b516d23) Generated GUIDs only implemented for interfaces!
 -> (artifact id: 'b19f9f9330bada046c35ceba135dfbb2') in 0.025520 seconds
Number of updated asset objects reloaded before import = 0
Number of asset objects unloaded after import = 1
========================================================================
Received Import Request.
  Time since last request: 0.000018 seconds.
  path: Assets/Scenes/StonedApe_Level1.unity
  artifactKey: Guid(acb0d6c15456bff4fa365b3ce64e4e20) Importer(2089858483,0ecaa5967403d082aa24f35e1b516d23)
Start importing Assets/Scenes/StonedApe_Level1.unity using Guid(acb0d6c15456bff4fa365b3ce64e4e20) Importer(2089858483,0ecaa5967403d082aa24f35e1b516d23) Generated GUIDs only implemented for interfaces!
 -> (artifact id: 'b567484587986511ebe1ae7c7b4668ff') in 0.014106 seconds
Number of updated asset objects reloaded before import = 0
Number of asset objects unloaded after import = 1
========================================================================
Received Import Request.
  Time since last request: 0.000021 seconds.
  path: Assets/Prefabs/Mushroom Prefabs/Mushroom Yellow.prefab
  artifactKey: Guid(a0321ff9e130cf44e9ee471b01e5e32a) Importer(2089858483,0ecaa5967403d082aa24f35e1b516d23)
Start importing Assets/Prefabs/Mushroom Prefabs/Mushroom Yellow.prefab using Guid(a0321ff9e130cf44e9ee471b01e5e32a) Importer(2089858483,0ecaa5967403d082aa24f35e1b516d23) Generated GUIDs only implemented for interfaces!
 -> (artifact id: 'fddb11cd8b63911c93409b572816f9d0') in 0.019484 seconds
Number of updated asset objects reloaded before import = 0
Number of asset objects unloaded after import = 24
========================================================================
Received Import Request.
  Time since last request: 0.000028 seconds.
  path: Assets/Audio/Monkey Sounds/monkey-chirp12.wav
  artifactKey: Guid(847aa6b1ae16c2145bc04a7954f772d2) Importer(2089858483,0ecaa5967403d082aa24f35e1b516d23)
Start importing Assets/Audio/Monkey Sounds/monkey-chirp12.wav using Guid(847aa6b1ae16c2145bc04a7954f772d2) Importer(2089858483,0ecaa5967403d082aa24f35e1b516d23) Generated GUIDs only implemented for interfaces!
 -> (artifact id: '372f82ee8e19537e15a78671bd7a5cfd') in 0.085886 seconds
Number of updated asset objects reloaded before import = 0
Number of asset objects unloaded after import = 1
========================================================================
Received Import Request.
  Time since last request: 0.000015 seconds.
  path: Assets/Prefabs/Goal.prefab
  artifactKey: Guid(103b44bbb497a1840a781ca928631458) Importer(2089858483,0ecaa5967403d082aa24f35e1b516d23)
Start importing Assets/Prefabs/Goal.prefab using Guid(103b44bbb497a1840a781ca928631458) Importer(2089858483,0ecaa5967403d082aa24f35e1b516d23) Generated GUIDs only implemented for interfaces!
 -> (artifact id: 'cf05f596d4d77e70b3bc4e74a23c82d2') in 0.061066 seconds
Number of updated asset objects reloaded before import = 0
Number of asset objects unloaded after import = 20
========================================================================
Received Import Request.
  Time since last request: 0.000021 seconds.
  path: Assets/TextMesh Pro/Shaders/TMP_SDF SSD.shader
  artifactKey: Guid(14eb328de4b8eb245bb7cea29e4ac00b) Importer(2089858483,0ecaa5967403d082aa24f35e1b516d23)
Start importing Assets/TextMesh Pro/Shaders/TMP_SDF SSD.shader using Guid(14eb328de4b8eb245bb7cea29e4ac00b) Importer(2089858483,0ecaa5967403d082aa24f35e1b516d23) Generated GUIDs only implemented for interfaces!
 -> (artifact id: 'b27200e3a2878422a6eb29fc3d5d2dca') in 0.016595 seconds
Number of updated asset objects reloaded before import = 0
Number of asset objects unloaded after import = 1
========================================================================
Received Import Request.
  Time since last request: 0.000025 seconds.
  path: Assets/TextMesh Pro/Shaders/TMP_SDF-Mobile.shader
  artifactKey: Guid(fe393ace9b354375a9cb14cdbbc28be4) Importer(2089858483,0ecaa5967403d082aa24f35e1b516d23)
Start importing Assets/TextMesh Pro/Shaders/TMP_SDF-Mobile.shader using Guid(fe393ace9b354375a9cb14cdbbc28be4) Importer(2089858483,0ecaa5967403d082aa24f35e1b516d23) Generated GUIDs only implemented for interfaces!
 -> (artifact id: 'c61f9568c90460e89a2ff3bcdbd4e104') in 0.018077 seconds
Number of updated asset objects reloaded before import = 0
Number of asset objects unloaded after import = 1
========================================================================
Received Import Request.
  Time since last request: 0.000015 seconds.
  path: Assets/Audio/Monkey Sounds/monkey-chirp.wav
  artifactKey: Guid(dd84b0366c587ac4bbadc9ff748a63f5) Importer(2089858483,0ecaa5967403d082aa24f35e1b516d23)
Start importing Assets/Audio/Monkey Sounds/monkey-chirp.wav using Guid(dd84b0366c587ac4bbadc9ff748a63f5) Importer(2089858483,0ecaa5967403d082aa24f35e1b516d23) Generated GUIDs only implemented for interfaces!
 -> (artifact id: '6e12aee6c98b90beca40d38dcde9e8b1') in 0.073769 seconds
Number of updated asset objects reloaded before import = 0
Number of asset objects unloaded after import = 1
========================================================================
Received Import Request.
  Time since last request: 0.000014 seconds.
  path: Assets/Animations/Camera Animations/Cam4.controller
  artifactKey: Guid(fd4365985a43e46499a9d4c627ccc319) Importer(2089858483,0ecaa5967403d082aa24f35e1b516d23)
Start importing Assets/Animations/Camera Animations/Cam4.controller using Guid(fd4365985a43e46499a9d4c627ccc319) Importer(2089858483,0ecaa5967403d082aa24f35e1b516d23) Generated GUIDs only implemented for interfaces!
 -> (artifact id: '1dff6c39a3a14b9c3911fbc6dd2bbbde') in 0.024922 seconds
Number of updated asset objects reloaded before import = 0
Number of asset objects unloaded after import = 4
========================================================================
Received Import Request.
  Time since last request: 0.000018 seconds.
  path: Assets/Textures/Mushroom Textures/Green Mushroom.mat
  artifactKey: Guid(c184880362db6da48a99c7e1bc644861) Importer(2089858483,0ecaa5967403d082aa24f35e1b516d23)
Start importing Assets/Textures/Mushroom Textures/Green Mushroom.mat using Guid(c184880362db6da48a99c7e1bc644861) Importer(2089858483,0ecaa5967403d082aa24f35e1b516d23) Generated GUIDs only implemented for interfaces!
 -> (artifact id: '9689ec0ee41071b1442c355a80d273ad') in 0.029319 seconds
Number of updated asset objects reloaded before import = 0
Number of asset objects unloaded after import = 1
========================================================================
Received Import Request.
  Time since last request: 0.000024 seconds.
  path: Assets/Models/HQ Rocks/Materials/Rock_3_v1.mat
  artifactKey: Guid(b27bdee05d608fd4e8b81734076e66c3) Importer(2089858483,0ecaa5967403d082aa24f35e1b516d23)
Start importing Assets/Models/HQ Rocks/Materials/Rock_3_v1.mat using Guid(b27bdee05d608fd4e8b81734076e66c3) Importer(2089858483,0ecaa5967403d082aa24f35e1b516d23) Generated GUIDs only implemented for interfaces!
 -> (artifact id: '430c92664be7bd9cec0ad6f4c58f4b88') in 0.302718 seconds
Number of updated asset objects reloaded before import = 0
Number of asset objects unloaded after import = 5
========================================================================
Received Import Request.
  Time since last request: 0.000030 seconds.
  path: Assets/TextMesh Pro/Sprites/EmojiOne.json
  artifactKey: Guid(8f05276190cf498a8153f6cbe761d4e6) Importer(2089858483,0ecaa5967403d082aa24f35e1b516d23)
Start importing Assets/TextMesh Pro/Sprites/EmojiOne.json using Guid(8f05276190cf498a8153f6cbe761d4e6) Importer(2089858483,0ecaa5967403d082aa24f35e1b516d23) Generated GUIDs only implemented for interfaces!
 -> (artifact id: 'e3f0c7b0f027fcc1cd7f34ce02a2dab3') in 0.040731 seconds
Number of updated asset objects reloaded before import = 0
Number of asset objects unloaded after import = 1
========================================================================
Received Import Request.
  Time since last request: 0.000025 seconds.
  path: Assets/VFX/Portal/Portal.vfx
  artifactKey: Guid(c4026df2df7fc8c4696db1878bb655df) Importer(2089858483,0ecaa5967403d082aa24f35e1b516d23)
Start importing Assets/VFX/Portal/Portal.vfx using Guid(c4026df2df7fc8c4696db1878bb655df) Importer(2089858483,0ecaa5967403d082aa24f35e1b516d23) Generated GUIDs only implemented for interfaces!
 -> (artifact id: '50387e9dceada9dd3806860bc9cff4db') in 0.077806 seconds
Number of updated asset objects reloaded before import = 0
Number of asset objects unloaded after import = 33
========================================================================
Received Import Request.
  Time since last request: 0.000019 seconds.
  path: Assets/Textures/UI Textures/mushroom-plain.png
  artifactKey: Guid(5aba8fb1f9490754380df11b77859c73) Importer(2089858483,0ecaa5967403d082aa24f35e1b516d23)
Start importing Assets/Textures/UI Textures/mushroom-plain.png using Guid(5aba8fb1f9490754380df11b77859c73) Importer(2089858483,0ecaa5967403d082aa24f35e1b516d23) Generated GUIDs only implemented for interfaces!
 -> (artifact id: 'e587756678e2df29492446da1c8a3d10') in 0.084714 seconds
Number of updated asset objects reloaded before import = 0
Number of asset objects unloaded after import = 1
========================================================================
Received Import Request.
  Time since last request: 0.000017 seconds.
  path: Assets/Models/HQ Rocks/Materials/Rock_4_v2.mat
  artifactKey: Guid(9e8603744d80c38449d8c90389d29f37) Importer(2089858483,0ecaa5967403d082aa24f35e1b516d23)
Start importing Assets/Models/HQ Rocks/Materials/Rock_4_v2.mat using Guid(9e8603744d80c38449d8c90389d29f37) Importer(2089858483,0ecaa5967403d082aa24f35e1b516d23) Generated GUIDs only implemented for interfaces!
 -> (artifact id: '8c3013bc4dd0bd0756d64b210145118a') in 0.155586 seconds
Number of updated asset objects reloaded before import = 0
Number of asset objects unloaded after import = 5
========================================================================
Received Import Request.
  Time since last request: 0.000056 seconds.
  path: Assets/TextMesh Pro/Sprites/EmojiOne.png
  artifactKey: Guid(dffef66376be4fa480fb02b19edbe903) Importer(2089858483,0ecaa5967403d082aa24f35e1b516d23)
Start importing Assets/TextMesh Pro/Sprites/EmojiOne.png using Guid(dffef66376be4fa480fb02b19edbe903) Importer(2089858483,0ecaa5967403d082aa24f35e1b516d23) Generated GUIDs only implemented for interfaces!
 -> (artifact id: 'fadad56e834c75153d6227267f52dec6') in 0.038223 seconds
Number of updated asset objects reloaded before import = 0
Number of asset objects unloaded after import = 1
========================================================================
Received Import Request.
  Time since last request: 0.000020 seconds.
  path: Assets/Models/HQ Rocks/Materials/Rock_2_v3.mat
  artifactKey: Guid(6b048b9d2cc575347ba8626e519f622a) Importer(2089858483,0ecaa5967403d082aa24f35e1b516d23)
Start importing Assets/Models/HQ Rocks/Materials/Rock_2_v3.mat using Guid(6b048b9d2cc575347ba8626e519f622a) Importer(2089858483,0ecaa5967403d082aa24f35e1b516d23) Generated GUIDs only implemented for interfaces!
 -> (artifact id: '2f8cf80145c8c32716a5481779f9afd8') in 0.217543 seconds
Number of updated asset objects reloaded before import = 0
Number of asset objects unloaded after import = 5
========================================================================
Received Import Request.
  Time since last request: 0.000020 seconds.
  path: Assets/Models/HQ Rocks/Meshes/Rock_3.fbx
  artifactKey: Guid(046c4c0126f8218488822a041479a121) Importer(2089858483,0ecaa5967403d082aa24f35e1b516d23)
Start importing Assets/Models/HQ Rocks/Meshes/Rock_3.fbx using Guid(046c4c0126f8218488822a041479a121) Importer(2089858483,0ecaa5967403d082aa24f35e1b516d23) Generated GUIDs only implemented for interfaces!
 -> (artifact id: '2d40b081e39969fc8a253980f1f242d2') in 0.078254 seconds
Number of updated asset objects reloaded before import = 0
Number of asset objects unloaded after import = 7
========================================================================
Received Import Request.
  Time since last request: 0.000027 seconds.
  path: Assets/Models/HQ Rocks/Materials/Rock_5_v3.mat
  artifactKey: Guid(64d7f4fe6f9e4a4499c17957f49e0533) Importer(2089858483,0ecaa5967403d082aa24f35e1b516d23)
Start importing Assets/Models/HQ Rocks/Materials/Rock_5_v3.mat using Guid(64d7f4fe6f9e4a4499c17957f49e0533) Importer(2089858483,0ecaa5967403d082aa24f35e1b516d23) Generated GUIDs only implemented for interfaces!
 -> (artifact id: 'cf521a0f6aa58139392a92e9ce742073') in 0.132070 seconds
Number of updated asset objects reloaded before import = 0
Number of asset objects unloaded after import = 5
========================================================================
Received Import Request.
  Time since last request: 0.000023 seconds.
  path: Assets/Textures/UI Textures/yellow-sprite.png
  artifactKey: Guid(56c530c737b18794381d3a02f651689f) Importer(2089858483,0ecaa5967403d082aa24f35e1b516d23)
Start importing Assets/Textures/UI Textures/yellow-sprite.png using Guid(56c530c737b18794381d3a02f651689f) Importer(2089858483,0ecaa5967403d082aa24f35e1b516d23) Generated GUIDs only implemented for interfaces!
 -> (artifact id: 'f0a40c10a2d0cce8fbe8aa463e3ae8d6') in 0.028230 seconds
Number of updated asset objects reloaded before import = 0
Number of asset objects unloaded after import = 1
========================================================================
Received Import Request.
  Time since last request: 0.000017 seconds.
  path: Assets/Models/HQ Rocks/Meshes/Rock_4.fbx
  artifactKey: Guid(a8e8cc35d5d6e764c968f0b3387378b1) Importer(2089858483,0ecaa5967403d082aa24f35e1b516d23)
Start importing Assets/Models/HQ Rocks/Meshes/Rock_4.fbx using Guid(a8e8cc35d5d6e764c968f0b3387378b1) Importer(2089858483,0ecaa5967403d082aa24f35e1b516d23) Generated GUIDs only implemented for interfaces!
 -> (artifact id: '1b5b37803678244fbe2be8349d3278eb') in 0.029274 seconds
Number of updated asset objects reloaded before import = 0
Number of asset objects unloaded after import = 7
========================================================================
Received Import Request.
  Time since last request: 0.000023 seconds.
  path: Assets/Models/HQ Rocks/Materials/Rock_1_v3.mat
  artifactKey: Guid(e17e5ba110bec59418cd5ed9a97ab1d9) Importer(2089858483,0ecaa5967403d082aa24f35e1b516d23)
Start importing Assets/Models/HQ Rocks/Materials/Rock_1_v3.mat using Guid(e17e5ba110bec59418cd5ed9a97ab1d9) Importer(2089858483,0ecaa5967403d082aa24f35e1b516d23) Generated GUIDs only implemented for interfaces!
 -> (artifact id: 'c997c74e7f5bd0058a0a1489d02d2b7a') in 0.083269 seconds
Number of updated asset objects reloaded before import = 0
Number of asset objects unloaded after import = 5
========================================================================
Received Import Request.
  Time since last request: 0.000020 seconds.
  path: Assets/Textures/UI Textures/mushroom green.png
  artifactKey: Guid(a77fd2dfa5f2c554b8c8f521dec78e1e) Importer(2089858483,0ecaa5967403d082aa24f35e1b516d23)
Start importing Assets/Textures/UI Textures/mushroom green.png using Guid(a77fd2dfa5f2c554b8c8f521dec78e1e) Importer(2089858483,0ecaa5967403d082aa24f35e1b516d23) Generated GUIDs only implemented for interfaces!
 -> (artifact id: '6977f7923cab719226fba511b639aa25') in 0.025014 seconds
Number of updated asset objects reloaded before import = 0
Number of asset objects unloaded after import = 1
========================================================================
Received Import Request.
  Time since last request: 0.000015 seconds.
  path: Assets/Models/HQ Rocks/Materials/Rock_3_v3.mat
  artifactKey: Guid(5ba723ecfd1ebe045ab13c15021800ed) Importer(2089858483,0ecaa5967403d082aa24f35e1b516d23)
Start importing Assets/Models/HQ Rocks/Materials/Rock_3_v3.mat using Guid(5ba723ecfd1ebe045ab13c15021800ed) Importer(2089858483,0ecaa5967403d082aa24f35e1b516d23) Generated GUIDs only implemented for interfaces!
 -> (artifact id: '3d6083c88f5833ee0d5620cdbe1924d6') in 0.083593 seconds
Number of updated asset objects reloaded before import = 0
Number of asset objects unloaded after import = 5
========================================================================
Received Import Request.
  Time since last request: 0.000021 seconds.
  path: Assets/VFX/Portal/Shockwave.vfx
  artifactKey: Guid(16785c9841756a24e8670bb65908a42c) Importer(2089858483,0ecaa5967403d082aa24f35e1b516d23)
Start importing Assets/VFX/Portal/Shockwave.vfx using Guid(16785c9841756a24e8670bb65908a42c) Importer(2089858483,0ecaa5967403d082aa24f35e1b516d23) Generated GUIDs only implemented for interfaces!
 -> (artifact id: '77a1af6464afb3da4df704f5f458b2a8') in 0.069961 seconds
Number of updated asset objects reloaded before import = 0
Number of asset objects unloaded after import = 25
========================================================================
Received Import Request.
  Time since last request: 0.000031 seconds.
  path: Assets/Models/HQ Rocks/Materials/Rock_1_v2.mat
  artifactKey: Guid(467516c7b01806a4d9268cd5addb74c0) Importer(2089858483,0ecaa5967403d082aa24f35e1b516d23)
Start importing Assets/Models/HQ Rocks/Materials/Rock_1_v2.mat using Guid(467516c7b01806a4d9268cd5addb74c0) Importer(2089858483,0ecaa5967403d082aa24f35e1b516d23) Generated GUIDs only implemented for interfaces!
 -> (artifact id: '803e6b6d89c3b4eacc3f00571856f23f') in 0.074617 seconds
Number of updated asset objects reloaded before import = 0
Number of asset objects unloaded after import = 5
========================================================================
Received Import Request.
  Time since last request: 0.000020 seconds.
  path: Assets/Textures/UI Textures/brain (1).png
  artifactKey: Guid(67b0adef7cf6cd74c8521e6a5e0c7922) Importer(2089858483,0ecaa5967403d082aa24f35e1b516d23)
Start importing Assets/Textures/UI Textures/brain (1).png using Guid(67b0adef7cf6cd74c8521e6a5e0c7922) Importer(2089858483,0ecaa5967403d082aa24f35e1b516d23) Generated GUIDs only implemented for interfaces!
 -> (artifact id: 'a06ee05bf6bf093791dc0e16b2ca24ba') in 0.026455 seconds
Number of updated asset objects reloaded before import = 0
Number of asset objects unloaded after import = 1
========================================================================
Received Import Request.
  Time since last request: 0.000021 seconds.
  path: Assets/Textures/Mushroom Textures/blue.jpg
  artifactKey: Guid(e5427ba2eca7cf945805ed654441f60c) Importer(2089858483,0ecaa5967403d082aa24f35e1b516d23)
Start importing Assets/Textures/Mushroom Textures/blue.jpg using Guid(e5427ba2eca7cf945805ed654441f60c) Importer(2089858483,0ecaa5967403d082aa24f35e1b516d23) Generated GUIDs only implemented for interfaces!
 -> (artifact id: 'a8747d6adae7ea07f79d0c197f81ca6e') in 0.052015 seconds
Number of updated asset objects reloaded before import = 0
Number of asset objects unloaded after import = 1
========================================================================
Received Import Request.
  Time since last request: 0.000018 seconds.
  path: Assets/Textures/UI Textures/ape-bust.png
  artifactKey: Guid(d6aa59a4120ddaf4894a30644c2d7c60) Importer(2089858483,0ecaa5967403d082aa24f35e1b516d23)
Start importing Assets/Textures/UI Textures/ape-bust.png using Guid(d6aa59a4120ddaf4894a30644c2d7c60) Importer(2089858483,0ecaa5967403d082aa24f35e1b516d23) Generated GUIDs only implemented for interfaces!
 -> (artifact id: '0efa30477b6d474eafd937e2e2620580') in 0.036662 seconds
Number of updated asset objects reloaded before import = 0
Number of asset objects unloaded after import = 3
========================================================================
Received Import Request.
  Time since last request: 0.000027 seconds.
  path: Assets/Models/Hairless Monkey/ape 3 milZBuilder.bmp
  artifactKey: Guid(b3434cc7258339e4a9ec06544b18849a) Importer(2089858483,0ecaa5967403d082aa24f35e1b516d23)
Start importing Assets/Models/Hairless Monkey/ape 3 milZBuilder.bmp using Guid(b3434cc7258339e4a9ec06544b18849a) Importer(2089858483,0ecaa5967403d082aa24f35e1b516d23) Generated GUIDs only implemented for interfaces!
 -> (artifact id: '85b38811079b4d5fe6a96eb38f9e5cd9') in 0.045332 seconds
Number of updated asset objects reloaded before import = 0
Number of asset objects unloaded after import = 1
========================================================================
Received Import Request.
  Time since last request: 0.000016 seconds.
  path: Assets/Scripts/CameraSwitcher.cs
  artifactKey: Guid(86aae13f5c27bcb4f96c802abcf4d98f) Importer(2089858483,0ecaa5967403d082aa24f35e1b516d23)
Start importing Assets/Scripts/CameraSwitcher.cs using Guid(86aae13f5c27bcb4f96c802abcf4d98f) Importer(2089858483,0ecaa5967403d082aa24f35e1b516d23) Generated GUIDs only implemented for interfaces!
 -> (artifact id: '0e9615f8ea52036ceea8e0f0ff5fa7b3') in 0.015572 seconds
Number of updated asset objects reloaded before import = 0
Number of asset objects unloaded after import = 1
========================================================================
Received Import Request.
  Time since last request: 0.000020 seconds.
  path: Assets/Scenes/2001 Space Odyssey (Start Sequence).unity
  artifactKey: Guid(a478b3137961d5e409c7d4047436f5ba) Importer(2089858483,0ecaa5967403d082aa24f35e1b516d23)
Start importing Assets/Scenes/2001 Space Odyssey (Start Sequence).unity using Guid(a478b3137961d5e409c7d4047436f5ba) Importer(2089858483,0ecaa5967403d082aa24f35e1b516d23) Generated GUIDs only implemented for interfaces!
 -> (artifact id: '2b19952c9caf30cd71422c240eef47b7') in 0.015442 seconds
Number of updated asset objects reloaded before import = 0
Number of asset objects unloaded after import = 1
========================================================================
Received Import Request.
  Time since last request: 0.000020 seconds.
  path: Assets/Models/HQ Rocks/Prefabs/Rock_5_v3.prefab
  artifactKey: Guid(0aba4a10df8ca7446ac50f5eb14de00c) Importer(2089858483,0ecaa5967403d082aa24f35e1b516d23)
Start importing Assets/Models/HQ Rocks/Prefabs/Rock_5_v3.prefab using Guid(0aba4a10df8ca7446ac50f5eb14de00c) Importer(2089858483,0ecaa5967403d082aa24f35e1b516d23) Generated GUIDs only implemented for interfaces!
 -> (artifact id: '42da0d82ebc2a53593e8b153bf609d38') in 0.018708 seconds
Number of updated asset objects reloaded before import = 0
Number of asset objects unloaded after import = 7
========================================================================
Received Import Request.
  Time since last request: 0.000018 seconds.
  path: Assets/Models/HQ Rocks/Textures/Rock_1.png
  artifactKey: Guid(65c315b5425518547bb19e46f15a9586) Importer(2089858483,0ecaa5967403d082aa24f35e1b516d23)
Start importing Assets/Models/HQ Rocks/Textures/Rock_1.png using Guid(65c315b5425518547bb19e46f15a9586) Importer(2089858483,0ecaa5967403d082aa24f35e1b516d23) Generated GUIDs only implemented for interfaces!
 -> (artifact id: 'a2d920d34522d7fdc151f3a5e06b5605') in 0.045652 seconds
Number of updated asset objects reloaded before import = 0
Number of asset objects unloaded after import = 1
========================================================================
Received Import Request.
  Time since last request: 0.000028 seconds.
  path: Assets/Models/HQ Rocks/Prefabs/Rock_7_v2.prefab
  artifactKey: Guid(51acb12fc3c85e740b23941a9febddef) Importer(2089858483,0ecaa5967403d082aa24f35e1b516d23)
Start importing Assets/Models/HQ Rocks/Prefabs/Rock_7_v2.prefab using Guid(51acb12fc3c85e740b23941a9febddef) Importer(2089858483,0ecaa5967403d082aa24f35e1b516d23) Generated GUIDs only implemented for interfaces!
 -> (artifact id: '53350bdaa945ab030138f1f9f457f32f') in 0.015737 seconds
Number of updated asset objects reloaded before import = 0
Number of asset objects unloaded after import = 7
========================================================================
Received Import Request.
  Time since last request: 0.000016 seconds.
  path: Assets/Models/HQ Rocks/Prefabs/Rock_2_v3.prefab
  artifactKey: Guid(df07fe54e4cd51547a63cde71ab5910d) Importer(2089858483,0ecaa5967403d082aa24f35e1b516d23)
Start importing Assets/Models/HQ Rocks/Prefabs/Rock_2_v3.prefab using Guid(df07fe54e4cd51547a63cde71ab5910d) Importer(2089858483,0ecaa5967403d082aa24f35e1b516d23) Generated GUIDs only implemented for interfaces!
 -> (artifact id: '59ef9cf91de9390a18caf35122678333') in 0.031936 seconds
Number of updated asset objects reloaded before import = 0
Number of asset objects unloaded after import = 7
========================================================================
Received Import Request.
  Time since last request: 0.000021 seconds.
  path: Assets/Models/HQ Rocks/Prefabs/Rock_5_v2.prefab
  artifactKey: Guid(4387b93b87d10804ab5ad94c334259c5) Importer(2089858483,0ecaa5967403d082aa24f35e1b516d23)
Start importing Assets/Models/HQ Rocks/Prefabs/Rock_5_v2.prefab using Guid(4387b93b87d10804ab5ad94c334259c5) Importer(2089858483,0ecaa5967403d082aa24f35e1b516d23) Generated GUIDs only implemented for interfaces!
 -> (artifact id: '872276bd73dafe18375389cdffa1efd6') in 0.017122 seconds
Number of updated asset objects reloaded before import = 0
Number of asset objects unloaded after import = 7
========================================================================
Received Import Request.
  Time since last request: 0.000017 seconds.
  path: Assets/Models/HQ Rocks/Prefabs/Rock_8_v2.prefab
  artifactKey: Guid(161babe19da76c043b1c27d840b13d0d) Importer(2089858483,0ecaa5967403d082aa24f35e1b516d23)
Start importing Assets/Models/HQ Rocks/Prefabs/Rock_8_v2.prefab using Guid(161babe19da76c043b1c27d840b13d0d) Importer(2089858483,0ecaa5967403d082aa24f35e1b516d23) Generated GUIDs only implemented for interfaces!
 -> (artifact id: '46abda1b2fa2b173b17c9b2a1d8d0ba4') in 0.017751 seconds
Number of updated asset objects reloaded before import = 0
Number of asset objects unloaded after import = 7
========================================================================
Received Import Request.
  Time since last request: 0.000017 seconds.
  path: Assets/Models/HQ Rocks/Prefabs/Rock_8_v1.prefab
  artifactKey: Guid(1a081dd78bd347849be0a80dec7e6656) Importer(2089858483,0ecaa5967403d082aa24f35e1b516d23)
Start importing Assets/Models/HQ Rocks/Prefabs/Rock_8_v1.prefab using Guid(1a081dd78bd347849be0a80dec7e6656) Importer(2089858483,0ecaa5967403d082aa24f35e1b516d23) Generated GUIDs only implemented for interfaces!
 -> (artifact id: 'ed39e3b6b744d1915c13926e5ea122f7') in 0.015470 seconds
Number of updated asset objects reloaded before import = 0
Number of asset objects unloaded after import = 7
========================================================================
Received Import Request.
  Time since last request: 0.000027 seconds.
  path: Assets/Models/HQ Rocks/Prefabs/Rock_7_v1.prefab
  artifactKey: Guid(4b657cd7d8676734cb5c33ff6eeb7fdd) Importer(2089858483,0ecaa5967403d082aa24f35e1b516d23)
Start importing Assets/Models/HQ Rocks/Prefabs/Rock_7_v1.prefab using Guid(4b657cd7d8676734cb5c33ff6eeb7fdd) Importer(2089858483,0ecaa5967403d082aa24f35e1b516d23) Generated GUIDs only implemented for interfaces!
 -> (artifact id: '8f8ff899227110c4e89013c521d531f0') in 0.014329 seconds
Number of updated asset objects reloaded before import = 0
Number of asset objects unloaded after import = 7
========================================================================
Received Import Request.
  Time since last request: 0.000132 seconds.
  path: Assets/Models/HQ Rocks/Prefabs/Rock_1_v1.prefab
  artifactKey: Guid(607de841ee73a2f438b88121ff782aab) Importer(2089858483,0ecaa5967403d082aa24f35e1b516d23)
Start importing Assets/Models/HQ Rocks/Prefabs/Rock_1_v1.prefab using Guid(607de841ee73a2f438b88121ff782aab) Importer(2089858483,0ecaa5967403d082aa24f35e1b516d23) Generated GUIDs only implemented for interfaces!
 -> (artifact id: 'cc32fe43eb52a0994a20c433c15d836e') in 0.019203 seconds
Number of updated asset objects reloaded before import = 0
Number of asset objects unloaded after import = 7
========================================================================
Received Import Request.
  Time since last request: 0.000016 seconds.
  path: Assets/Models/HQ Rocks/Prefabs/Rock_2_v2.prefab
  artifactKey: Guid(ddbca5453b26e0149adb083cd30a0e7d) Importer(2089858483,0ecaa5967403d082aa24f35e1b516d23)
Start importing Assets/Models/HQ Rocks/Prefabs/Rock_2_v2.prefab using Guid(ddbca5453b26e0149adb083cd30a0e7d) Importer(2089858483,0ecaa5967403d082aa24f35e1b516d23) Generated GUIDs only implemented for interfaces!
 -> (artifact id: '824afaa3ead1bac33b66d67ba91fa779') in 0.016423 seconds
Number of updated asset objects reloaded before import = 0
Number of asset objects unloaded after import = 7
========================================================================
Received Import Request.
  Time since last request: 0.000019 seconds.
  path: Assets/Models/HQ Rocks/Prefabs/Rock_6_v2.prefab
  artifactKey: Guid(4fd85412d5d49484faf3fb17d44eea6e) Importer(2089858483,0ecaa5967403d082aa24f35e1b516d23)
Start importing Assets/Models/HQ Rocks/Prefabs/Rock_6_v2.prefab using Guid(4fd85412d5d49484faf3fb17d44eea6e) Importer(2089858483,0ecaa5967403d082aa24f35e1b516d23) Generated GUIDs only implemented for interfaces!
 -> (artifact id: '3df29dfe6d006acc823a2670d5fd17dc') in 0.018138 seconds
Number of updated asset objects reloaded before import = 0
Number of asset objects unloaded after import = 7
========================================================================
Received Import Request.
  Time since last request: 0.000019 seconds.
  path: Assets/Models/HQ Rocks/Prefabs/Rock_3_v3.prefab
  artifactKey: Guid(0fb3743afdaf9824bb98ac048d1f51be) Importer(2089858483,0ecaa5967403d082aa24f35e1b516d23)
Start importing Assets/Models/HQ Rocks/Prefabs/Rock_3_v3.prefab using Guid(0fb3743afdaf9824bb98ac048d1f51be) Importer(2089858483,0ecaa5967403d082aa24f35e1b516d23) Generated GUIDs only implemented for interfaces!
 -> (artifact id: 'f5b98f9ea018885acd3b24c337d6b354') in 0.017716 seconds
Number of updated asset objects reloaded before import = 0
Number of asset objects unloaded after import = 7
========================================================================
Received Import Request.
  Time since last request: 0.000014 seconds.
  path: Assets/Terrains/TerrainSampleAssets/README.pdf
  artifactKey: Guid(19f8f1dbc6e0e2a45aa2e518452ffa62) Importer(2089858483,0ecaa5967403d082aa24f35e1b516d23)
Start importing Assets/Terrains/TerrainSampleAssets/README.pdf using Guid(19f8f1dbc6e0e2a45aa2e518452ffa62) Importer(2089858483,0ecaa5967403d082aa24f35e1b516d23) Generated GUIDs only implemented for interfaces!
 -> (artifact id: 'b88c56636e135640de671ed964e51db0') in 0.011837 seconds
Number of updated asset objects reloaded before import = 0
Number of asset objects unloaded after import = 1
========================================================================
Received Import Request.
  Time since last request: 0.000018 seconds.
  path: Assets/Fonts/Youre Gone.otf
  artifactKey: Guid(1fcecb5c8e781b744bea0fe9d949b14f) Importer(2089858483,0ecaa5967403d082aa24f35e1b516d23)
Start importing Assets/Fonts/Youre Gone.otf using Guid(1fcecb5c8e781b744bea0fe9d949b14f) Importer(2089858483,0ecaa5967403d082aa24f35e1b516d23) Generated GUIDs only implemented for interfaces!
 -> (artifact id: '090cfc7a8fe46ea7e11b823671801e1a') in 0.016063 seconds
Number of updated asset objects reloaded before import = 0
Number of asset objects unloaded after import = 3
========================================================================
Received Import Request.
  Time since last request: 0.000025 seconds.
  path: Assets/Models/HQ Rocks/Materials/Rock_6_v1.mat
  artifactKey: Guid(c4714f410b83e934eb039b51cf7cd0a3) Importer(2089858483,0ecaa5967403d082aa24f35e1b516d23)
Start importing Assets/Models/HQ Rocks/Materials/Rock_6_v1.mat using Guid(c4714f410b83e934eb039b51cf7cd0a3) Importer(2089858483,0ecaa5967403d082aa24f35e1b516d23) Generated GUIDs only implemented for interfaces!
 -> (artifact id: 'f779eaf841255b96ee669adfb63a1714') in 0.075595 seconds
Number of updated asset objects reloaded before import = 0
Number of asset objects unloaded after import = 5
========================================================================
Received Import Request.
  Time since last request: 0.000025 seconds.
  path: Assets/Scripts/StonedApeRunner/HealthManager.cs
  artifactKey: Guid(1391b5fde7512ea4aa056c6522e4771f) Importer(2089858483,0ecaa5967403d082aa24f35e1b516d23)
Start importing Assets/Scripts/StonedApeRunner/HealthManager.cs using Guid(1391b5fde7512ea4aa056c6522e4771f) Importer(2089858483,0ecaa5967403d082aa24f35e1b516d23) Generated GUIDs only implemented for interfaces!
 -> (artifact id: 'f4cfa5442895bddffda2874ee36bb0ab') in 0.013777 seconds
Number of updated asset objects reloaded before import = 0
Number of asset objects unloaded after import = 1
========================================================================
Received Import Request.
  Time since last request: 0.000015 seconds.
  path: Assets/Animations/Mushroom Animations/Mushroom Yellow.controller
  artifactKey: Guid(18f256a28711ce9449a4b56f55761b1a) Importer(2089858483,0ecaa5967403d082aa24f35e1b516d23)
Start importing Assets/Animations/Mushroom Animations/Mushroom Yellow.controller using Guid(18f256a28711ce9449a4b56f55761b1a) Importer(2089858483,0ecaa5967403d082aa24f35e1b516d23) Generated GUIDs only implemented for interfaces!
 -> (artifact id: 'f3c5891044b762fb027b68080df10dc3') in 0.024699 seconds
Number of updated asset objects reloaded before import = 0
Number of asset objects unloaded after import = 6
========================================================================
Received Import Request.
  Time since last request: 0.000026 seconds.
  path: Assets/Audio/Monkey Sounds/monkey-chirp10.wav
  artifactKey: Guid(139cb5ead300e984980a82b5c156e825) Importer(2089858483,0ecaa5967403d082aa24f35e1b516d23)
Start importing Assets/Audio/Monkey Sounds/monkey-chirp10.wav using Guid(139cb5ead300e984980a82b5c156e825) Importer(2089858483,0ecaa5967403d082aa24f35e1b516d23) Generated GUIDs only implemented for interfaces!
 -> (artifact id: 'c86e8d238fdc3cb7fc4c962f29c8357f') in 0.067167 seconds
Number of updated asset objects reloaded before import = 0
Number of asset objects unloaded after import = 1
========================================================================
Received Import Request.
  Time since last request: 0.000027 seconds.
  path: Assets/Prefabs/Shockwave.prefab
  artifactKey: Guid(22c8c5b124711b24eaf1f08a51604932) Importer(2089858483,0ecaa5967403d082aa24f35e1b516d23)
Start importing Assets/Prefabs/Shockwave.prefab using Guid(22c8c5b124711b24eaf1f08a51604932) Importer(2089858483,0ecaa5967403d082aa24f35e1b516d23) Generated GUIDs only implemented for interfaces!
 -> (artifact id: '0910821f00de8e45e3cb878031a3d20f') in 0.046436 seconds
Number of updated asset objects reloaded before import = 0
Number of asset objects unloaded after import = 9
========================================================================
Received Import Request.
  Time since last request: 0.000027 seconds.
  path: Assets/VFX/Test.vfx
  artifactKey: Guid(c54eeed3dbe89854cb3ac295a14882c6) Importer(2089858483,0ecaa5967403d082aa24f35e1b516d23)
Start importing Assets/VFX/Test.vfx using Guid(c54eeed3dbe89854cb3ac295a14882c6) Importer(2089858483,0ecaa5967403d082aa24f35e1b516d23) Generated GUIDs only implemented for interfaces!
 -> (artifact id: '9b86ffe4c51dbce0e4ed04b198fada7a') in 0.042073 seconds
Number of updated asset objects reloaded before import = 0
Number of asset objects unloaded after import = 8
========================================================================
Received Import Request.
  Time since last request: 0.000014 seconds.
  path: Assets/Models/HQ Rocks/Textures/Ground_A.jpg
  artifactKey: Guid(3f9f9ed9d64dbc04392eebfe7dc81eee) Importer(2089858483,0ecaa5967403d082aa24f35e1b516d23)
Start importing Assets/Models/HQ Rocks/Textures/Ground_A.jpg using Guid(3f9f9ed9d64dbc04392eebfe7dc81eee) Importer(2089858483,0ecaa5967403d082aa24f35e1b516d23) Generated GUIDs only implemented for interfaces!
 -> (artifact id: '01d30d2a5412bae1354d12ab4def4221') in 0.038654 seconds
Number of updated asset objects reloaded before import = 0
Number of asset objects unloaded after import = 1
========================================================================
Received Import Request.
  Time since last request: 0.000019 seconds.
  path: Assets/Textures/Clara Peeters _ A Bouquet of Flowers.jpeg
  artifactKey: Guid(06395101a77a1b9438fb17a932cc6587) Importer(2089858483,0ecaa5967403d082aa24f35e1b516d23)
Start importing Assets/Textures/Clara Peeters _ A Bouquet of Flowers.jpeg using Guid(06395101a77a1b9438fb17a932cc6587) Importer(2089858483,0ecaa5967403d082aa24f35e1b516d23) Generated GUIDs only implemented for interfaces!
 -> (artifact id: 'f6a429d991a092869c2e52e40be927d5') in 0.067911 seconds
Number of updated asset objects reloaded before import = 0
Number of asset objects unloaded after import = 1
========================================================================
Received Import Request.
  Time since last request: 0.000017 seconds.
  path: Assets/Models/HQ Rocks/Textures/Rock_a_v1.png
  artifactKey: Guid(67350b2b81f50084cb80109c8c500374) Importer(2089858483,0ecaa5967403d082aa24f35e1b516d23)
Start importing Assets/Models/HQ Rocks/Textures/Rock_a_v1.png using Guid(67350b2b81f50084cb80109c8c500374) Importer(2089858483,0ecaa5967403d082aa24f35e1b516d23) Generated GUIDs only implemented for interfaces!
 -> (artifact id: '21dc831db5d0e303c7789a66af39f793') in 0.033751 seconds
Number of updated asset objects reloaded before import = 0
Number of asset objects unloaded after import = 1
========================================================================
Received Import Request.
  Time since last request: 0.000052 seconds.
  path: Assets/Models/HQ Rocks/Textures/Rock_detailed_n_v1.png
  artifactKey: Guid(4d6a5bb1e65846d45a07cd2b4edba082) Importer(2089858483,0ecaa5967403d082aa24f35e1b516d23)
Start importing Assets/Models/HQ Rocks/Textures/Rock_detailed_n_v1.png using Guid(4d6a5bb1e65846d45a07cd2b4edba082) Importer(2089858483,0ecaa5967403d082aa24f35e1b516d23) Generated GUIDs only implemented for interfaces!
 -> (artifact id: '2657f01fb1b346f14ba250b0b2b8b39f') in 0.043559 seconds
Number of updated asset objects reloaded before import = 0
Number of asset objects unloaded after import = 1
========================================================================
Received Import Request.
  Time since last request: 0.000017 seconds.
  path: Assets/Models/RealFruit_Apple/Materials/Apple_2.mat
  artifactKey: Guid(0d6095206592de747b58e466086b8dba) Importer(2089858483,0ecaa5967403d082aa24f35e1b516d23)
Start importing Assets/Models/RealFruit_Apple/Materials/Apple_2.mat using Guid(0d6095206592de747b58e466086b8dba) Importer(2089858483,0ecaa5967403d082aa24f35e1b516d23) Generated GUIDs only implemented for interfaces!
 -> (artifact id: '62137e1cb0c91318b3960230c0929f7f') in 0.017495 seconds
Number of updated asset objects reloaded before import = 0
Number of asset objects unloaded after import = 1
========================================================================
Received Import Request.
  Time since last request: 0.000014 seconds.
  path: Assets/Models/RealFruit_Apple/Prefabs/Apple_002.prefab
  artifactKey: Guid(61ceb036db78f1540bf11471d32a9ec8) Importer(2089858483,0ecaa5967403d082aa24f35e1b516d23)
Start importing Assets/Models/RealFruit_Apple/Prefabs/Apple_002.prefab using Guid(61ceb036db78f1540bf11471d32a9ec8) Importer(2089858483,0ecaa5967403d082aa24f35e1b516d23) Generated GUIDs only implemented for interfaces!
 -> (artifact id: 'ab9d9baba9a9ea64655c73f7cfe98570') in 0.014473 seconds
Number of updated asset objects reloaded before import = 0
Number of asset objects unloaded after import = 12
========================================================================
Received Import Request.
  Time since last request: 0.000016 seconds.
  path: Assets/Models/HQ Rocks/Textures/Rock_detailed_n_v2.png
  artifactKey: Guid(f71457d81c57fc248b62754a52e7a67e) Importer(2089858483,0ecaa5967403d082aa24f35e1b516d23)
Start importing Assets/Models/HQ Rocks/Textures/Rock_detailed_n_v2.png using Guid(f71457d81c57fc248b62754a52e7a67e) Importer(2089858483,0ecaa5967403d082aa24f35e1b516d23) Generated GUIDs only implemented for interfaces!
 -> (artifact id: 'f7aefda7a47f78fa43c5321a1fb4840e') in 0.067359 seconds
Number of updated asset objects reloaded before import = 0
Number of asset objects unloaded after import = 1
========================================================================
Received Import Request.
  Time since last request: 0.000019 seconds.
  path: Assets/Models/RealFruit_Apple/Test_Scenes/Test_Scene.unity
  artifactKey: Guid(c0e5a1a3302af8e498ab4761f854b4b5) Importer(2089858483,0ecaa5967403d082aa24f35e1b516d23)
Start importing Assets/Models/RealFruit_Apple/Test_Scenes/Test_Scene.unity using Guid(c0e5a1a3302af8e498ab4761f854b4b5) Importer(2089858483,0ecaa5967403d082aa24f35e1b516d23) Generated GUIDs only implemented for interfaces!
 -> (artifact id: '746941a5f096665e7ccff5714cc8c74c') in 0.015048 seconds
Number of updated asset objects reloaded before import = 0
Number of asset objects unloaded after import = 1
========================================================================
Received Import Request.
  Time since last request: 0.000059 seconds.
  path: Assets/Skyboxes/Wispy Sky/Materials/WispyCubemap2.cubemap
  artifactKey: Guid(5e09b35e67355504e9e2b12cd53cbd63) Importer(2089858483,0ecaa5967403d082aa24f35e1b516d23)
Start importing Assets/Skyboxes/Wispy Sky/Materials/WispyCubemap2.cubemap using Guid(5e09b35e67355504e9e2b12cd53cbd63) Importer(2089858483,0ecaa5967403d082aa24f35e1b516d23) Generated GUIDs only implemented for interfaces!
 -> (artifact id: '23a4465a239eb127885ced3945b3993f') in 0.048239 seconds
Number of updated asset objects reloaded before import = 0
Number of asset objects unloaded after import = 1
========================================================================
Received Import Request.
  Time since last request: 0.000014 seconds.
  path: Assets/Models/RealFruit_Apple/Prefabs/Apple_half_002.prefab
  artifactKey: Guid(357e2e91238197149b1cebb1d77ef4a7) Importer(2089858483,0ecaa5967403d082aa24f35e1b516d23)
Start importing Assets/Models/RealFruit_Apple/Prefabs/Apple_half_002.prefab using Guid(357e2e91238197149b1cebb1d77ef4a7) Importer(2089858483,0ecaa5967403d082aa24f35e1b516d23) Generated GUIDs only implemented for interfaces!
 -> (artifact id: 'aebb12eebd0c199646026caff3857726') in 0.016056 seconds
Number of updated asset objects reloaded before import = 0
Number of asset objects unloaded after import = 12
========================================================================
Received Import Request.
  Time since last request: 0.000015 seconds.
  path: Assets/Models/RealFruit_Apple/Models/RealFruits_Apple.FBX
  artifactKey: Guid(f7fee18c6eebd9346aae0ce60407274c) Importer(2089858483,0ecaa5967403d082aa24f35e1b516d23)
Start importing Assets/Models/RealFruit_Apple/Models/RealFruits_Apple.FBX using Guid(f7fee18c6eebd9346aae0ce60407274c) Importer(2089858483,0ecaa5967403d082aa24f35e1b516d23) Generated GUIDs only implemented for interfaces!
 -> (artifact id: '46d75bd26631ab340890212e0d74e4e8') in 0.368750 seconds
Number of updated asset objects reloaded before import = 0
Number of asset objects unloaded after import = 89
========================================================================
Received Import Request.
  Time since last request: 0.000020 seconds.
  path: Assets/Models/RealFruit_Apple/Textures/Apple_2.png
  artifactKey: Guid(063a199621e278d418e97335bb1eea28) Importer(2089858483,0ecaa5967403d082aa24f35e1b516d23)
Start importing Assets/Models/RealFruit_Apple/Textures/Apple_2.png using Guid(063a199621e278d418e97335bb1eea28) Importer(2089858483,0ecaa5967403d082aa24f35e1b516d23) Generated GUIDs only implemented for interfaces!
 -> (artifact id: 'd5242d5f88f96ed9a5fcc956ff8a6485') in 0.086478 seconds
Number of updated asset objects reloaded before import = 0
Number of asset objects unloaded after import = 1
========================================================================
Received Import Request.
  Time since last request: 0.000026 seconds.
  path: Assets/Models/Monkey Skull/source/squirrel monkey 357.06.obj
  artifactKey: Guid(3509c0be91c20e645be0e878b22c9c25) Importer(2089858483,0ecaa5967403d082aa24f35e1b516d23)
Start importing Assets/Models/Monkey Skull/source/squirrel monkey 357.06.obj using Guid(3509c0be91c20e645be0e878b22c9c25) Importer(2089858483,0ecaa5967403d082aa24f35e1b516d23) Generated GUIDs only implemented for interfaces!
 -> (artifact id: '1a51fce9b2429c49dde0ca6a478bbc5f') in 0.145807 seconds
Number of updated asset objects reloaded before import = 0
Number of asset objects unloaded after import = 9
========================================================================
Received Import Request.
  Time since last request: 0.000018 seconds.
  path: Assets/Skyboxes/Wispy Sky/Textures/SkyBox020006.tif
  artifactKey: Guid(53c687e7272f9524cbc120d764c3199b) Importer(2089858483,0ecaa5967403d082aa24f35e1b516d23)
Start importing Assets/Skyboxes/Wispy Sky/Textures/SkyBox020006.tif using Guid(53c687e7272f9524cbc120d764c3199b) Importer(2089858483,0ecaa5967403d082aa24f35e1b516d23) Generated GUIDs only implemented for interfaces!
 -> (artifact id: '1405b9ba322abb4ba950b5da8e6838c1') in 0.087740 seconds
Number of updated asset objects reloaded before import = 0
Number of asset objects unloaded after import = 1
========================================================================
Received Import Request.
  Time since last request: 0.000023 seconds.
  path: Assets/Skyboxes/Wispy Sky/Textures/SkyBox020003.tif
  artifactKey: Guid(407bff70f9a41134fa9f30fe3ab50153) Importer(2089858483,0ecaa5967403d082aa24f35e1b516d23)
Start importing Assets/Skyboxes/Wispy Sky/Textures/SkyBox020003.tif using Guid(407bff70f9a41134fa9f30fe3ab50153) Importer(2089858483,0ecaa5967403d082aa24f35e1b516d23) Generated GUIDs only implemented for interfaces!
 -> (artifact id: '94d64c79f509dd4316807e420a6bf66d') in 0.102150 seconds
Number of updated asset objects reloaded before import = 0
Number of asset objects unloaded after import = 1
========================================================================
Received Import Request.
  Time since last request: 0.000023 seconds.
  path: Assets/Skyboxes/Wispy Sky/Textures/SkyBox02b0002.tif
  artifactKey: Guid(65d04c6d837d92d4ab81e8ca5d2d7e8f) Importer(2089858483,0ecaa5967403d082aa24f35e1b516d23)
Start importing Assets/Skyboxes/Wispy Sky/Textures/SkyBox02b0002.tif using Guid(65d04c6d837d92d4ab81e8ca5d2d7e8f) Importer(2089858483,0ecaa5967403d082aa24f35e1b516d23) Generated GUIDs only implemented for interfaces!
 -> (artifact id: 'd02a949a48bf6d4d16677c7d05bbde10') in 0.089934 seconds
Number of updated asset objects reloaded before import = 0
Number of asset objects unloaded after import = 1
========================================================================
Received Import Request.
  Time since last request: 0.000017 seconds.
  path: Assets/Skyboxes/Wispy Sky/Textures/SkyBox02b0003.tif
  artifactKey: Guid(f817820717ad7e54f8239d2dd67179e6) Importer(2089858483,0ecaa5967403d082aa24f35e1b516d23)
Start importing Assets/Skyboxes/Wispy Sky/Textures/SkyBox02b0003.tif using Guid(f817820717ad7e54f8239d2dd67179e6) Importer(2089858483,0ecaa5967403d082aa24f35e1b516d23) Generated GUIDs only implemented for interfaces!
 -> (artifact id: '6253e97d4f7e7f687c8c23fc901ab501') in 0.090224 seconds
Number of updated asset objects reloaded before import = 0
Number of asset objects unloaded after import = 1
========================================================================
Received Import Request.
  Time since last request: 0.000020 seconds.
  path: Assets/StarterAssets/Environment/Prefabs/Stairs_650_400_300_Prefab.prefab
  artifactKey: Guid(50a0925b0c22af146a2d15615f815a1c) Importer(2089858483,0ecaa5967403d082aa24f35e1b516d23)
Start importing Assets/StarterAssets/Environment/Prefabs/Stairs_650_400_300_Prefab.prefab using Guid(50a0925b0c22af146a2d15615f815a1c) Importer(2089858483,0ecaa5967403d082aa24f35e1b516d23) Generated GUIDs only implemented for interfaces!
 -> (artifact id: 'eed3a6da0437ab8da47640ba47ec35f4') in 0.018372 seconds
Number of updated asset objects reloaded before import = 0
Number of asset objects unloaded after import = 9
========================================================================
Received Import Request.
  Time since last request: 0.000022 seconds.
  path: Assets/Skyboxes/Wispy Sky/Textures/SkyBox02b0001.tif
  artifactKey: Guid(40d236a61bad8414199550ab24a5857a) Importer(2089858483,0ecaa5967403d082aa24f35e1b516d23)
Start importing Assets/Skyboxes/Wispy Sky/Textures/SkyBox02b0001.tif using Guid(40d236a61bad8414199550ab24a5857a) Importer(2089858483,0ecaa5967403d082aa24f35e1b516d23) Generated GUIDs only implemented for interfaces!
 -> (artifact id: 'c28cbcd698e1668d4d8a9d4522589ece') in 0.071522 seconds
Number of updated asset objects reloaded before import = 0
Number of asset objects unloaded after import = 1
========================================================================
Received Import Request.
  Time since last request: 0.000020 seconds.
  path: Assets/StarterAssets/Environment/Prefabs/Ramp_Prefab.prefab
  artifactKey: Guid(8a7437817844dce4894b049de73b75f2) Importer(2089858483,0ecaa5967403d082aa24f35e1b516d23)
Start importing Assets/StarterAssets/Environment/Prefabs/Ramp_Prefab.prefab using Guid(8a7437817844dce4894b049de73b75f2) Importer(2089858483,0ecaa5967403d082aa24f35e1b516d23) Generated GUIDs only implemented for interfaces!
 -> (artifact id: 'c5ab274cd6ffb1e8c2f24ddb9e8a18b6') in 0.018499 seconds
Number of updated asset objects reloaded before import = 0
Number of asset objects unloaded after import = 8
========================================================================
Received Import Request.
  Time since last request: 0.000018 seconds.
  path: Assets/Models/RealFruit_Apple/Materials/Apple_1.mat
  artifactKey: Guid(9211dc89d8148b9418e3810f4e4e351f) Importer(2089858483,0ecaa5967403d082aa24f35e1b516d23)
Start importing Assets/Models/RealFruit_Apple/Materials/Apple_1.mat using Guid(9211dc89d8148b9418e3810f4e4e351f) Importer(2089858483,0ecaa5967403d082aa24f35e1b516d23) Generated GUIDs only implemented for interfaces!
 -> (artifact id: 'e206b41c0a30b89782794a5ee8dba0d5') in 0.046214 seconds
Number of updated asset objects reloaded before import = 0
Number of asset objects unloaded after import = 1
========================================================================
Received Import Request.
  Time since last request: 0.000022 seconds.
  path: Assets/Models/RealFruit_Apple/Textures/Apple_half_3.png
  artifactKey: Guid(6dcecec5168b0d14381e279d5f925585) Importer(2089858483,0ecaa5967403d082aa24f35e1b516d23)
Start importing Assets/Models/RealFruit_Apple/Textures/Apple_half_3.png using Guid(6dcecec5168b0d14381e279d5f925585) Importer(2089858483,0ecaa5967403d082aa24f35e1b516d23) Generated GUIDs only implemented for interfaces!
 -> (artifact id: '9eaaaad9b237e8dce7dd23dbd9302729') in 0.039223 seconds
Number of updated asset objects reloaded before import = 0
Number of asset objects unloaded after import = 1
========================================================================
Received Import Request.
  Time since last request: 0.000022 seconds.
  path: Assets/Skyboxes/Wispy Sky/Materials/WispySkyboxCubeMat.mat
  artifactKey: Guid(3b37ffcc1b84d1149afd4b83db2de1c8) Importer(2089858483,0ecaa5967403d082aa24f35e1b516d23)
Start importing Assets/Skyboxes/Wispy Sky/Materials/WispySkyboxCubeMat.mat using Guid(3b37ffcc1b84d1149afd4b83db2de1c8) Importer(2089858483,0ecaa5967403d082aa24f35e1b516d23) Generated GUIDs only implemented for interfaces!
 -> (artifact id: 'c5f80d687f483f81e5e201586ffa166e') in 0.019548 seconds
Number of updated asset objects reloaded before import = 0
Number of asset objects unloaded after import = 1
========================================================================
Received Import Request.
  Time since last request: 0.000017 seconds.
  path: Assets/Models/HQ Rocks/Textures/Rock_7_N.png
  artifactKey: Guid(b17013df9acef8e49bf0d1d72af48a74) Importer(2089858483,0ecaa5967403d082aa24f35e1b516d23)
Start importing Assets/Models/HQ Rocks/Textures/Rock_7_N.png using Guid(b17013df9acef8e49bf0d1d72af48a74) Importer(2089858483,0ecaa5967403d082aa24f35e1b516d23) Generated GUIDs only implemented for interfaces!
 -> (artifact id: 'cb4ebf601300f3ddb44f3bccb31132e9') in 0.051294 seconds
Number of updated asset objects reloaded before import = 0
Number of asset objects unloaded after import = 1
========================================================================
Received Import Request.
  Time since last request: 0.000016 seconds.
  path: Assets/Models/RealFruit_Apple/Prefabs/Apple_003.prefab
  artifactKey: Guid(798f08ee235d06441bfad13683af1c21) Importer(2089858483,0ecaa5967403d082aa24f35e1b516d23)
Start importing Assets/Models/RealFruit_Apple/Prefabs/Apple_003.prefab using Guid(798f08ee235d06441bfad13683af1c21) Importer(2089858483,0ecaa5967403d082aa24f35e1b516d23) Generated GUIDs only implemented for interfaces!
 -> (artifact id: '7e80dd4f5347553c3aa56854306efaaa') in 0.017382 seconds
Number of updated asset objects reloaded before import = 0
Number of asset objects unloaded after import = 12
========================================================================
Received Import Request.
  Time since last request: 0.000017 seconds.
  path: Assets/StarterAssets/Environment/RenderPipelineProfiles/StarterAssetsHDRPVolumeProfile.asset
  artifactKey: Guid(fe05288aca2f31443877a786e771100f) Importer(2089858483,0ecaa5967403d082aa24f35e1b516d23)
Start importing Assets/StarterAssets/Environment/RenderPipelineProfiles/StarterAssetsHDRPVolumeProfile.asset using Guid(fe05288aca2f31443877a786e771100f) Importer(2089858483,0ecaa5967403d082aa24f35e1b516d23) Generated GUIDs only implemented for interfaces!
 -> (artifact id: 'cdab73afab665e29d9df2add187fd0b4') in 0.026083 seconds
Number of updated asset objects reloaded before import = 0
Number of asset objects unloaded after import = 10
========================================================================
Received Import Request.
  Time since last request: 0.000024 seconds.
  path: Assets/StarterAssets/ThirdPersonController/Prefabs/MainCamera.prefab
  artifactKey: Guid(f6d148d888ffbf54b9afe9936dfaec1f) Importer(2089858483,0ecaa5967403d082aa24f35e1b516d23)
Start importing Assets/StarterAssets/ThirdPersonController/Prefabs/MainCamera.prefab using Guid(f6d148d888ffbf54b9afe9936dfaec1f) Importer(2089858483,0ecaa5967403d082aa24f35e1b516d23) Generated GUIDs only implemented for interfaces!
 -> (artifact id: '3656fef2ee26b399c4f764b3c2da2578') in 0.023055 seconds
Number of updated asset objects reloaded before import = 0
Number of asset objects unloaded after import = 7
========================================================================
Received Import Request.
  Time since last request: 0.000023 seconds.
  path: Assets/StarterAssets/Mobile/UI/UI_Circle_Faded.png
  artifactKey: Guid(90ded0611e490aa4ba6961afbfc2280d) Importer(2089858483,0ecaa5967403d082aa24f35e1b516d23)
Start importing Assets/StarterAssets/Mobile/UI/UI_Circle_Faded.png using Guid(90ded0611e490aa4ba6961afbfc2280d) Importer(2089858483,0ecaa5967403d082aa24f35e1b516d23) Generated GUIDs only implemented for interfaces!
 -> (artifact id: '758ebabe5bdf38354a48bf30a793e8df') in 0.084318 seconds
Number of updated asset objects reloaded before import = 0
Number of asset objects unloaded after import = 3
========================================================================
Received Import Request.
  Time since last request: 0.000019 seconds.
  path: Assets/Terrains/TerrainSampleAssets/Materials/Fern.asset
  artifactKey: Guid(405b9ff318b139d478492b258cc6f606) Importer(2089858483,0ecaa5967403d082aa24f35e1b516d23)
Start importing Assets/Terrains/TerrainSampleAssets/Materials/Fern.asset using Guid(405b9ff318b139d478492b258cc6f606) Importer(2089858483,0ecaa5967403d082aa24f35e1b516d23) Generated GUIDs only implemented for interfaces!
 -> (artifact id: '631d897e53f4319bec5cce88fba66dbb') in 0.410258 seconds
Number of updated asset objects reloaded before import = 0
Number of asset objects unloaded after import = 6
========================================================================
Received Import Request.
  Time since last request: 0.000018 seconds.
  path: Assets/StarterAssets/Mobile/UI/UI_Circle_Bevel_Base.png
  artifactKey: Guid(b74c31d447d2f5d41a61081bdf5e7126) Importer(2089858483,0ecaa5967403d082aa24f35e1b516d23)
Start importing Assets/StarterAssets/Mobile/UI/UI_Circle_Bevel_Base.png using Guid(b74c31d447d2f5d41a61081bdf5e7126) Importer(2089858483,0ecaa5967403d082aa24f35e1b516d23) Generated GUIDs only implemented for interfaces!
 -> (artifact id: 'a7fe4ae3bdf6906ba205abc894d38878') in 0.051623 seconds
Number of updated asset objects reloaded before import = 0
Number of asset objects unloaded after import = 3
========================================================================
Received Import Request.
  Time since last request: 0.000022 seconds.
  path: Assets/StarterAssets/ThirdPersonController/Prefabs/NestedParentArmature_Unpack.prefab
  artifactKey: Guid(c708a3b79cd542b42bbfedb17e213bc1) Importer(2089858483,0ecaa5967403d082aa24f35e1b516d23)
Start importing Assets/StarterAssets/ThirdPersonController/Prefabs/NestedParentArmature_Unpack.prefab using Guid(c708a3b79cd542b42bbfedb17e213bc1) Importer(2089858483,0ecaa5967403d082aa24f35e1b516d23) Generated GUIDs only implemented for interfaces!
 -> (artifact id: 'ea76d9332e77c5471e67eedb79c3c783') in 0.045361 seconds
Number of updated asset objects reloaded before import = 0
Number of asset objects unloaded after import = 258
========================================================================
Received Import Request.
  Time since last request: 0.000030 seconds.
  path: Assets/StarterAssets/ThirdPersonController/Prefabs/PlayerFollowCamera.prefab
  artifactKey: Guid(a1a802ecaf6775746bb2a929fb554ad8) Importer(2089858483,0ecaa5967403d082aa24f35e1b516d23)
Start importing Assets/StarterAssets/ThirdPersonController/Prefabs/PlayerFollowCamera.prefab using Guid(a1a802ecaf6775746bb2a929fb554ad8) Importer(2089858483,0ecaa5967403d082aa24f35e1b516d23) Generated GUIDs only implemented for interfaces!
 -> (artifact id: 'c0ee0c388121bef1acef4792457be215') in 0.020704 seconds
Number of updated asset objects reloaded before import = 0
Number of asset objects unloaded after import = 11
========================================================================
Received Import Request.
  Time since last request: 0.000037 seconds.
  path: Assets/StarterAssets/Environment/RenderPipelineProfiles/StarterAssetsURPGlobalSettings.asset
  artifactKey: Guid(d075d680cccac4178aca7c82f2c05556) Importer(2089858483,0ecaa5967403d082aa24f35e1b516d23)
Start importing Assets/StarterAssets/Environment/RenderPipelineProfiles/StarterAssetsURPGlobalSettings.asset using Guid(d075d680cccac4178aca7c82f2c05556) Importer(2089858483,0ecaa5967403d082aa24f35e1b516d23) Generated GUIDs only implemented for interfaces!
 -> (artifact id: '155b600a98848217d84242b762e86f7f') in 0.020023 seconds
Number of updated asset objects reloaded before import = 0
Number of asset objects unloaded after import = 1
========================================================================
Received Import Request.
  Time since last request: 0.000015 seconds.
  path: Assets/StarterAssets/ThirdPersonController/Scripts/BasicRigidBodyPush.cs
  artifactKey: Guid(909d917d73a63f940ac158d02e936645) Importer(2089858483,0ecaa5967403d082aa24f35e1b516d23)
Start importing Assets/StarterAssets/ThirdPersonController/Scripts/BasicRigidBodyPush.cs using Guid(909d917d73a63f940ac158d02e936645) Importer(2089858483,0ecaa5967403d082aa24f35e1b516d23) Generated GUIDs only implemented for interfaces!
 -> (artifact id: '55b22e2a6aa5c0d64853ff0239ebe088') in 0.015855 seconds
Number of updated asset objects reloaded before import = 0
Number of asset objects unloaded after import = 1
========================================================================
Received Import Request.
  Time since last request: 0.000015 seconds.
  path: Assets/Models/Monkey Skull/source/defaultMat.mat
  artifactKey: Guid(ea92cf7c1e8f4704b8735f2782d3e5d0) Importer(2089858483,0ecaa5967403d082aa24f35e1b516d23)
Start importing Assets/Models/Monkey Skull/source/defaultMat.mat using Guid(ea92cf7c1e8f4704b8735f2782d3e5d0) Importer(2089858483,0ecaa5967403d082aa24f35e1b516d23) Generated GUIDs only implemented for interfaces!
 -> (artifact id: '1da8dd35a8fe0f1e5973628f54c1edcf') in 0.063831 seconds
Number of updated asset objects reloaded before import = 0
Number of asset objects unloaded after import = 2
========================================================================
Received Import Request.
  Time since last request: 0.000023 seconds.
  path: Assets/StarterAssets/Mobile/UI/UI_Icon_Sprint.png
  artifactKey: Guid(b0fa70abd2a79904cb00b175dfd8ec7e) Importer(2089858483,0ecaa5967403d082aa24f35e1b516d23)
Start importing Assets/StarterAssets/Mobile/UI/UI_Icon_Sprint.png using Guid(b0fa70abd2a79904cb00b175dfd8ec7e) Importer(2089858483,0ecaa5967403d082aa24f35e1b516d23) Generated GUIDs only implemented for interfaces!
 -> (artifact id: '090d772df8e0df3bdaf325ff961de83b') in 0.036781 seconds
Number of updated asset objects reloaded before import = 0
Number of asset objects unloaded after import = 3
========================================================================
Received Import Request.
  Time since last request: 0.000022 seconds.
  path: Assets/Terrains/TerrainSampleAssets/Models/Grass_D.asset
  artifactKey: Guid(15afb6df1db838d409d503b01fb48944) Importer(2089858483,0ecaa5967403d082aa24f35e1b516d23)
Start importing Assets/Terrains/TerrainSampleAssets/Models/Grass_D.asset using Guid(15afb6df1db838d409d503b01fb48944) Importer(2089858483,0ecaa5967403d082aa24f35e1b516d23) Generated GUIDs only implemented for interfaces!
 -> (artifact id: 'a25a1e20e1348b0054e2cd036b27050e') in 0.014523 seconds
Number of updated asset objects reloaded before import = 0
Number of asset objects unloaded after import = 1
========================================================================
Received Import Request.
  Time since last request: 0.000020 seconds.
  path: Assets/Terrains/TerrainSampleAssets/Models/Fern_B.asset
  artifactKey: Guid(2f9d2984488477d498e8d5c61756f557) Importer(2089858483,0ecaa5967403d082aa24f35e1b516d23)
Start importing Assets/Terrains/TerrainSampleAssets/Models/Fern_B.asset using Guid(2f9d2984488477d498e8d5c61756f557) Importer(2089858483,0ecaa5967403d082aa24f35e1b516d23) Generated GUIDs only implemented for interfaces!
 -> (artifact id: '96a6f2caa54298306b2ed8caf43ed500') in 0.014123 seconds
Number of updated asset objects reloaded before import = 0
Number of asset objects unloaded after import = 1
========================================================================
Received Import Request.
  Time since last request: 0.000016 seconds.
  path: Assets/Terrains/TerrainSampleAssets/Models/BushDry_A.asset
  artifactKey: Guid(3b8f934b79237034b816dfcc8369e9fb) Importer(2089858483,0ecaa5967403d082aa24f35e1b516d23)
Start importing Assets/Terrains/TerrainSampleAssets/Models/BushDry_A.asset using Guid(3b8f934b79237034b816dfcc8369e9fb) Importer(2089858483,0ecaa5967403d082aa24f35e1b516d23) Generated GUIDs only implemented for interfaces!
 -> (artifact id: '227421cff1abf9df522108100cd2ff4e') in 0.014341 seconds
Number of updated asset objects reloaded before import = 0
Number of asset objects unloaded after import = 1
========================================================================
Received Import Request.
  Time since last request: 0.000015 seconds.
  path: Assets/Terrains/TerrainSampleAssets/Materials/Plant.asset
  artifactKey: Guid(f53f3a3078db3cd4a9bcd875d3b2a557) Importer(2089858483,0ecaa5967403d082aa24f35e1b516d23)
Start importing Assets/Terrains/TerrainSampleAssets/Materials/Plant.asset using Guid(f53f3a3078db3cd4a9bcd875d3b2a557) Importer(2089858483,0ecaa5967403d082aa24f35e1b516d23) Generated GUIDs only implemented for interfaces!
 -> (artifact id: '28965383ba54ba405055145f77d43965') in 0.068215 seconds
Number of updated asset objects reloaded before import = 0
Number of asset objects unloaded after import = 6
========================================================================
Received Import Request.
  Time since last request: 0.000024 seconds.
  path: Assets/Terrains/TerrainSampleAssets/Models/GrassDry_C.asset
  artifactKey: Guid(9a249c33299836d45ae597069d9324e2) Importer(2089858483,0ecaa5967403d082aa24f35e1b516d23)
Start importing Assets/Terrains/TerrainSampleAssets/Models/GrassDry_C.asset using Guid(9a249c33299836d45ae597069d9324e2) Importer(2089858483,0ecaa5967403d082aa24f35e1b516d23) Generated GUIDs only implemented for interfaces!
 -> (artifact id: '53b3add0b12780b170b3a3269dc43345') in 0.013340 seconds
Number of updated asset objects reloaded before import = 0
Number of asset objects unloaded after import = 1
========================================================================
Received Import Request.
  Time since last request: 0.000023 seconds.
  path: Assets/Terrains/TerrainSampleAssets/Models/Fern_A.asset
  artifactKey: Guid(2532d22dd52b5854189d40a50540b705) Importer(2089858483,0ecaa5967403d082aa24f35e1b516d23)
Start importing Assets/Terrains/TerrainSampleAssets/Models/Fern_A.asset using Guid(2532d22dd52b5854189d40a50540b705) Importer(2089858483,0ecaa5967403d082aa24f35e1b516d23) Generated GUIDs only implemented for interfaces!
 -> (artifact id: '41125795878b4bb53b45e856b6233174') in 0.014711 seconds
Number of updated asset objects reloaded before import = 0
Number of asset objects unloaded after import = 1
========================================================================
Received Import Request.
  Time since last request: 0.000019 seconds.
  path: Assets/Terrains/TerrainSampleAssets/Materials/GrassDry.asset
  artifactKey: Guid(0cf15945abe04ad4589592fd3bfcd17b) Importer(2089858483,0ecaa5967403d082aa24f35e1b516d23)
Start importing Assets/Terrains/TerrainSampleAssets/Materials/GrassDry.asset using Guid(0cf15945abe04ad4589592fd3bfcd17b) Importer(2089858483,0ecaa5967403d082aa24f35e1b516d23) Generated GUIDs only implemented for interfaces!
 -> (artifact id: '27abe52f5bf0d40927a6f20473ad9434') in 0.060313 seconds
Number of updated asset objects reloaded before import = 0
Number of asset objects unloaded after import = 6
========================================================================
Received Import Request.
  Time since last request: 0.000015 seconds.
  path: Assets/StarterAssets/Mobile/UI/UI_Icon_Look.png
  artifactKey: Guid(af0ae2dbf3d1efb4f82af377950704a2) Importer(2089858483,0ecaa5967403d082aa24f35e1b516d23)
Start importing Assets/StarterAssets/Mobile/UI/UI_Icon_Look.png using Guid(af0ae2dbf3d1efb4f82af377950704a2) Importer(2089858483,0ecaa5967403d082aa24f35e1b516d23) Generated GUIDs only implemented for interfaces!
 -> (artifact id: 'aff0379bcac6ea841dce7d7224c621f2') in 0.054881 seconds
Number of updated asset objects reloaded before import = 0
Number of asset objects unloaded after import = 3
========================================================================
Received Import Request.
  Time since last request: 0.000017 seconds.
  path: Assets/Terrains/TerrainSampleAssets/Materials/Grass.asset
  artifactKey: Guid(fc123ab8f2eb56945b5849155624e2c0) Importer(2089858483,0ecaa5967403d082aa24f35e1b516d23)
Start importing Assets/Terrains/TerrainSampleAssets/Materials/Grass.asset using Guid(fc123ab8f2eb56945b5849155624e2c0) Importer(2089858483,0ecaa5967403d082aa24f35e1b516d23) Generated GUIDs only implemented for interfaces!
 -> (artifact id: '6fa7af429bd43bd84404178f2699e61b') in 0.178527 seconds
Number of updated asset objects reloaded before import = 0
Number of asset objects unloaded after import = 6
========================================================================
Received Import Request.
  Time since last request: 0.000039 seconds.
  path: Assets/StarterAssets/Environment/RenderPipelineProfiles/StarterAssetsURPRenderer.asset
  artifactKey: Guid(14d1d515dbdfb4206ae3afd891bf975b) Importer(2089858483,0ecaa5967403d082aa24f35e1b516d23)
Start importing Assets/StarterAssets/Environment/RenderPipelineProfiles/StarterAssetsURPRenderer.asset using Guid(14d1d515dbdfb4206ae3afd891bf975b) Importer(2089858483,0ecaa5967403d082aa24f35e1b516d23) Generated GUIDs only implemented for interfaces!
 -> (artifact id: 'aead2a2303cf20512f7c417b3ec2f89f') in 0.022945 seconds
Number of updated asset objects reloaded before import = 0
Number of asset objects unloaded after import = 1
========================================================================
Received Import Request.
  Time since last request: 0.000015 seconds.
  path: Assets/Models/Monkey Skull/source/squirrel monkey 357.06.png
  artifactKey: Guid(ebde4e3c4a3138042b2df8e560b5ebf1) Importer(2089858483,0ecaa5967403d082aa24f35e1b516d23)
Start importing Assets/Models/Monkey Skull/source/squirrel monkey 357.06.png using Guid(ebde4e3c4a3138042b2df8e560b5ebf1) Importer(2089858483,0ecaa5967403d082aa24f35e1b516d23) Generated GUIDs only implemented for interfaces!
 -> (artifact id: '95690d045a830e38ef3c51610496017f') in 0.044332 seconds
Number of updated asset objects reloaded before import = 0
Number of asset objects unloaded after import = 1
========================================================================
Received Import Request.
  Time since last request: 0.000013 seconds.
  path: Assets/Models/RealFruit_Apple/Textures/Apple_3.png
  artifactKey: Guid(a2c8db849b5948547b1c65334c73a2e4) Importer(2089858483,0ecaa5967403d082aa24f35e1b516d23)
Start importing Assets/Models/RealFruit_Apple/Textures/Apple_3.png using Guid(a2c8db849b5948547b1c65334c73a2e4) Importer(2089858483,0ecaa5967403d082aa24f35e1b516d23) Generated GUIDs only implemented for interfaces!
 -> (artifact id: 'e56a912e8e5f8a77966ddec31e290d01') in 0.044131 seconds
Number of updated asset objects reloaded before import = 0
Number of asset objects unloaded after import = 1
========================================================================
Received Import Request.
  Time since last request: 0.000020 seconds.
  path: Assets/Models/HQ Rocks/Textures/Rock_m_v2.tga
  artifactKey: Guid(892fba2e2aad57d489134ded7788dbcc) Importer(2089858483,0ecaa5967403d082aa24f35e1b516d23)
Start importing Assets/Models/HQ Rocks/Textures/Rock_m_v2.tga using Guid(892fba2e2aad57d489134ded7788dbcc) Importer(2089858483,0ecaa5967403d082aa24f35e1b516d23) Generated GUIDs only implemented for interfaces!
 -> (artifact id: 'cf48ecd2b9903e52044ccb679df094dc') in 0.061773 seconds
Number of updated asset objects reloaded before import = 0
Number of asset objects unloaded after import = 1
========================================================================
Received Import Request.
  Time since last request: 0.000021 seconds.
  path: Assets/StarterAssets/ThirdPersonController/Prefabs/NestedParentCapsule_Unpack.prefab
  artifactKey: Guid(212907312655a4443a025a304442c17c) Importer(2089858483,0ecaa5967403d082aa24f35e1b516d23)
Start importing Assets/StarterAssets/ThirdPersonController/Prefabs/NestedParentCapsule_Unpack.prefab using Guid(212907312655a4443a025a304442c17c) Importer(2089858483,0ecaa5967403d082aa24f35e1b516d23) Generated GUIDs only implemented for interfaces!
 -> (artifact id: '5b95bcb3b500a3c101cf7749aa1775a0') in 0.021492 seconds
Number of updated asset objects reloaded before import = 0
Number of asset objects unloaded after import = 107
========================================================================
Received Import Request.
  Time since last request: 0.000024 seconds.
  path: Assets/Models/Monkey Skull/textures/squirrel monkey 357.06.png
  artifactKey: Guid(ab050e21ed2ba894ebe43b76b60d5642) Importer(2089858483,0ecaa5967403d082aa24f35e1b516d23)
Start importing Assets/Models/Monkey Skull/textures/squirrel monkey 357.06.png using Guid(ab050e21ed2ba894ebe43b76b60d5642) Importer(2089858483,0ecaa5967403d082aa24f35e1b516d23) Generated GUIDs only implemented for interfaces!
 -> (artifact id: '8ef41cae18f21e6a72cef24f44f38f96') in 0.041313 seconds
Number of updated asset objects reloaded before import = 0
Number of asset objects unloaded after import = 1
========================================================================
Received Import Request.
  Time since last request: 0.000016 seconds.
  path: Assets/Terrains/TerrainSampleAssets/Prefabs/Fern_C.prefab
  artifactKey: Guid(4786e2698ac97a949a9209febfcbd49b) Importer(2089858483,0ecaa5967403d082aa24f35e1b516d23)
Start importing Assets/Terrains/TerrainSampleAssets/Prefabs/Fern_C.prefab using Guid(4786e2698ac97a949a9209febfcbd49b) Importer(2089858483,0ecaa5967403d082aa24f35e1b516d23) Generated GUIDs only implemented for interfaces!
 -> (artifact id: '6310ddc60491a39403717e53713fb15d') in 0.017736 seconds
Number of updated asset objects reloaded before import = 0
Number of asset objects unloaded after import = 7
========================================================================
Received Import Request.
  Time since last request: 0.000017 seconds.
  path: Assets/Terrains/TerrainSampleAssets/Prefabs/GrassDry_B.prefab
  artifactKey: Guid(3d4dd2affe15db043a6502ae256cd0d4) Importer(2089858483,0ecaa5967403d082aa24f35e1b516d23)
Start importing Assets/Terrains/TerrainSampleAssets/Prefabs/GrassDry_B.prefab using Guid(3d4dd2affe15db043a6502ae256cd0d4) Importer(2089858483,0ecaa5967403d082aa24f35e1b516d23) Generated GUIDs only implemented for interfaces!
 -> (artifact id: '880fc9b7818da95b5066f0d27616528a') in 0.017313 seconds
Number of updated asset objects reloaded before import = 0
Number of asset objects unloaded after import = 7
========================================================================
Received Import Request.
  Time since last request: 0.000015 seconds.
  path: Assets/Terrains/TerrainSampleAssets/Models/Plant_C.asset
  artifactKey: Guid(c671cabf34dd5314ca28492ced9c9001) Importer(2089858483,0ecaa5967403d082aa24f35e1b516d23)
Start importing Assets/Terrains/TerrainSampleAssets/Models/Plant_C.asset using Guid(c671cabf34dd5314ca28492ced9c9001) Importer(2089858483,0ecaa5967403d082aa24f35e1b516d23) Generated GUIDs only implemented for interfaces!
 -> (artifact id: 'c5897b1c8cdcb9826bce39ebc0df0565') in 0.013968 seconds
Number of updated asset objects reloaded before import = 0
Number of asset objects unloaded after import = 1
========================================================================
Received Import Request.
  Time since last request: 0.000018 seconds.
  path: Assets/Terrains/TerrainSampleAssets/Settings/HeightmapTexture.preset
  artifactKey: Guid(3673edd4bef6add4aaf606245092507c) Importer(2089858483,0ecaa5967403d082aa24f35e1b516d23)
Start importing Assets/Terrains/TerrainSampleAssets/Settings/HeightmapTexture.preset using Guid(3673edd4bef6add4aaf606245092507c) Importer(2089858483,0ecaa5967403d082aa24f35e1b516d23) Generated GUIDs only implemented for interfaces!
 -> (artifact id: '46b76ff6adb4525553a4e36e4617a5e7') in 0.023506 seconds
Number of updated asset objects reloaded before import = 0
Number of asset objects unloaded after import = 1
========================================================================
Received Import Request.
  Time since last request: 0.000018 seconds.
  path: Assets/Terrains/TerrainSampleAssets/Prefabs/Heather_B.prefab
  artifactKey: Guid(dd902ff2a6f685041be127af00c09664) Importer(2089858483,0ecaa5967403d082aa24f35e1b516d23)
Start importing Assets/Terrains/TerrainSampleAssets/Prefabs/Heather_B.prefab using Guid(dd902ff2a6f685041be127af00c09664) Importer(2089858483,0ecaa5967403d082aa24f35e1b516d23) Generated GUIDs only implemented for interfaces!
 -> (artifact id: '22a9a37a56a9f28792b5f0d547d84636') in 0.017528 seconds
Number of updated asset objects reloaded before import = 0
Number of asset objects unloaded after import = 7
========================================================================
Received Import Request.
  Time since last request: 0.000023 seconds.
  path: Assets/Terrains/TerrainSampleAssets/Prefabs/Plant_B.prefab
  artifactKey: Guid(0a701dc0b49cb264c88918e012866821) Importer(2089858483,0ecaa5967403d082aa24f35e1b516d23)
Start importing Assets/Terrains/TerrainSampleAssets/Prefabs/Plant_B.prefab using Guid(0a701dc0b49cb264c88918e012866821) Importer(2089858483,0ecaa5967403d082aa24f35e1b516d23) Generated GUIDs only implemented for interfaces!
 -> (artifact id: '33378a81b12c65e38203be49a7883da6') in 0.017646 seconds
Number of updated asset objects reloaded before import = 0
Number of asset objects unloaded after import = 7
========================================================================
Received Import Request.
  Time since last request: 0.000015 seconds.
  path: Assets/Terrains/TerrainSampleAssets/Prefabs/Grass_A.prefab
  artifactKey: Guid(4e6885e0d11bd224fa27617a4657c329) Importer(2089858483,0ecaa5967403d082aa24f35e1b516d23)
Start importing Assets/Terrains/TerrainSampleAssets/Prefabs/Grass_A.prefab using Guid(4e6885e0d11bd224fa27617a4657c329) Importer(2089858483,0ecaa5967403d082aa24f35e1b516d23) Generated GUIDs only implemented for interfaces!
 -> (artifact id: '46991b985e77914afc1e0c389adcf149') in 0.016595 seconds
Number of updated asset objects reloaded before import = 0
Number of asset objects unloaded after import = 7
========================================================================
Received Import Request.
  Time since last request: 0.000019 seconds.
  path: Assets/Terrains/TerrainSampleAssets/Prefabs/GrassDry_C.prefab
  artifactKey: Guid(8aa8def6286fc784ba128570ec475974) Importer(2089858483,0ecaa5967403d082aa24f35e1b516d23)
Start importing Assets/Terrains/TerrainSampleAssets/Prefabs/GrassDry_C.prefab using Guid(8aa8def6286fc784ba128570ec475974) Importer(2089858483,0ecaa5967403d082aa24f35e1b516d23) Generated GUIDs only implemented for interfaces!
 -> (artifact id: '5f06d516118f0b96d29e4e7f0a99952b') in 0.016402 seconds
Number of updated asset objects reloaded before import = 0
Number of asset objects unloaded after import = 7
========================================================================
Received Import Request.
  Time since last request: 0.000018 seconds.
  path: Assets/Terrains/TerrainSampleAssets/TerrainBrushes/Terrainstamp_Canyon04_Brush.brush
  artifactKey: Guid(dc670a42db363de40a6e6d9f231404ca) Importer(2089858483,0ecaa5967403d082aa24f35e1b516d23)
Start importing Assets/Terrains/TerrainSampleAssets/TerrainBrushes/Terrainstamp_Canyon04_Brush.brush using Guid(dc670a42db363de40a6e6d9f231404ca) Importer(2089858483,0ecaa5967403d082aa24f35e1b516d23) Generated GUIDs only implemented for interfaces!
 -> (artifact id: '497ad72ab552832e33d1224a8c16f791') in 0.022556 seconds
Number of updated asset objects reloaded before import = 0
Number of asset objects unloaded after import = 2
========================================================================
Received Import Request.
  Time since last request: 0.000015 seconds.
  path: Assets/Terrains/TerrainSampleAssets/Prefabs/Grass_C.prefab
  artifactKey: Guid(4c72217d56dcb6749a897a75cad1f34e) Importer(2089858483,0ecaa5967403d082aa24f35e1b516d23)
Start importing Assets/Terrains/TerrainSampleAssets/Prefabs/Grass_C.prefab using Guid(4c72217d56dcb6749a897a75cad1f34e) Importer(2089858483,0ecaa5967403d082aa24f35e1b516d23) Generated GUIDs only implemented for interfaces!
 -> (artifact id: '40a76bb4f8a2035b30b65a62750dabc2') in 0.033027 seconds
Number of updated asset objects reloaded before import = 0
Number of asset objects unloaded after import = 7
========================================================================
Received Import Request.
  Time since last request: 0.000022 seconds.
  path: Assets/Terrains/TerrainSampleAssets/TerrainBrushes/Terrainstamp_Canyon05_Brush.brush
  artifactKey: Guid(ceb297a70ecfb74479647a7e0e433265) Importer(2089858483,0ecaa5967403d082aa24f35e1b516d23)
Start importing Assets/Terrains/TerrainSampleAssets/TerrainBrushes/Terrainstamp_Canyon05_Brush.brush using Guid(ceb297a70ecfb74479647a7e0e433265) Importer(2089858483,0ecaa5967403d082aa24f35e1b516d23) Generated GUIDs only implemented for interfaces!
 -> (artifact id: '4fa3a5bd833ce1ee77fa4b8296693ffe') in 0.036685 seconds
Number of updated asset objects reloaded before import = 0
Number of asset objects unloaded after import = 2
========================================================================
Received Import Request.
  Time since last request: 0.000024 seconds.
  path: Assets/Terrains/TerrainSampleAssets/Prefabs/GrassDry_A.prefab
  artifactKey: Guid(9e8508e3025d9c844810b83c5607c09e) Importer(2089858483,0ecaa5967403d082aa24f35e1b516d23)
Start importing Assets/Terrains/TerrainSampleAssets/Prefabs/GrassDry_A.prefab using Guid(9e8508e3025d9c844810b83c5607c09e) Importer(2089858483,0ecaa5967403d082aa24f35e1b516d23) Generated GUIDs only implemented for interfaces!
 -> (artifact id: '3872f2592e9dfa155eafb4ff9d547f68') in 0.016101 seconds
Number of updated asset objects reloaded before import = 0
Number of asset objects unloaded after import = 7
========================================================================
Received Import Request.
  Time since last request: 0.000017 seconds.
  path: Assets/Terrains/TerrainSampleAssets/Prefabs/Bush_A.prefab
  artifactKey: Guid(0ec1c69bd47ad864f96cc2b516f6cd4b) Importer(2089858483,0ecaa5967403d082aa24f35e1b516d23)
Start importing Assets/Terrains/TerrainSampleAssets/Prefabs/Bush_A.prefab using Guid(0ec1c69bd47ad864f96cc2b516f6cd4b) Importer(2089858483,0ecaa5967403d082aa24f35e1b516d23) Generated GUIDs only implemented for interfaces!
 -> (artifact id: 'a335c61dfabab20fd5a1eeed0990e3f1') in 0.017395 seconds
Number of updated asset objects reloaded before import = 0
Number of asset objects unloaded after import = 7
========================================================================
Received Import Request.
  Time since last request: 0.000048 seconds.
  path: Assets/Terrains/TerrainSampleAssets/Prefabs/Plant_A.prefab
  artifactKey: Guid(6d6ea10f03c4d7245a66d6515bf1bc6d) Importer(2089858483,0ecaa5967403d082aa24f35e1b516d23)
Start importing Assets/Terrains/TerrainSampleAssets/Prefabs/Plant_A.prefab using Guid(6d6ea10f03c4d7245a66d6515bf1bc6d) Importer(2089858483,0ecaa5967403d082aa24f35e1b516d23) Generated GUIDs only implemented for interfaces!
 -> (artifact id: 'e4c87d26fcfce1d67e6c3d34b6e603af') in 0.018586 seconds
Number of updated asset objects reloaded before import = 0
Number of asset objects unloaded after import = 7
========================================================================
Received Import Request.
  Time since last request: 0.000026 seconds.
  path: Assets/Terrains/TerrainSampleAssets/Prefabs/Grass_B.prefab
  artifactKey: Guid(7b3e6db10d22f504dbc606110b2cb5e7) Importer(2089858483,0ecaa5967403d082aa24f35e1b516d23)
Start importing Assets/Terrains/TerrainSampleAssets/Prefabs/Grass_B.prefab using Guid(7b3e6db10d22f504dbc606110b2cb5e7) Importer(2089858483,0ecaa5967403d082aa24f35e1b516d23) Generated GUIDs only implemented for interfaces!
 -> (artifact id: '34d16a9fd508a5fdd51671852465f8a7') in 0.017725 seconds
Number of updated asset objects reloaded before import = 0
Number of asset objects unloaded after import = 7
========================================================================
Received Import Request.
  Time since last request: 0.000021 seconds.
  path: Assets/Terrains/TerrainSampleAssets/TerrainBrushes/Terrainstamp_Canyon02_Brush.brush
  artifactKey: Guid(7ddc1e59f6e82cc4693b55b0badb4aa3) Importer(2089858483,0ecaa5967403d082aa24f35e1b516d23)
Start importing Assets/Terrains/TerrainSampleAssets/TerrainBrushes/Terrainstamp_Canyon02_Brush.brush using Guid(7ddc1e59f6e82cc4693b55b0badb4aa3) Importer(2089858483,0ecaa5967403d082aa24f35e1b516d23) Generated GUIDs only implemented for interfaces!
 -> (artifact id: '15b616ff9d0a75357fc97371dbcad63f') in 0.022617 seconds
Number of updated asset objects reloaded before import = 0
Number of asset objects unloaded after import = 2
========================================================================
Received Import Request.
  Time since last request: 0.000017 seconds.
  path: Assets/Terrains/TerrainSampleAssets/Models/Plant_D.asset
  artifactKey: Guid(6a7e8cd5e1ea8794c838b902529f257c) Importer(2089858483,0ecaa5967403d082aa24f35e1b516d23)
Start importing Assets/Terrains/TerrainSampleAssets/Models/Plant_D.asset using Guid(6a7e8cd5e1ea8794c838b902529f257c) Importer(2089858483,0ecaa5967403d082aa24f35e1b516d23) Generated GUIDs only implemented for interfaces!
 -> (artifact id: '7403aa1790878cc4b409173a93c61555') in 0.013058 seconds
Number of updated asset objects reloaded before import = 0
Number of asset objects unloaded after import = 1
========================================================================
Received Import Request.
  Time since last request: 0.000028 seconds.
  path: Assets/Terrains/TerrainSampleAssets/Models/Plant_B.asset
  artifactKey: Guid(97025d35e5b57294f92451cbaf836c12) Importer(2089858483,0ecaa5967403d082aa24f35e1b516d23)
Start importing Assets/Terrains/TerrainSampleAssets/Models/Plant_B.asset using Guid(97025d35e5b57294f92451cbaf836c12) Importer(2089858483,0ecaa5967403d082aa24f35e1b516d23) Generated GUIDs only implemented for interfaces!
 -> (artifact id: 'cf56bc342cea26737c78b48bd124ff8a') in 0.015864 seconds
Number of updated asset objects reloaded before import = 0
Number of asset objects unloaded after import = 1
========================================================================
Received Import Request.
  Time since last request: 0.000107 seconds.
  path: Assets/Terrains/TerrainSampleAssets/TerrainBrushes/Noise_Soft_Brush.brush
  artifactKey: Guid(cee96a2661edd1040b6f86ac79ab5fc8) Importer(2089858483,0ecaa5967403d082aa24f35e1b516d23)
Start importing Assets/Terrains/TerrainSampleAssets/TerrainBrushes/Noise_Soft_Brush.brush using Guid(cee96a2661edd1040b6f86ac79ab5fc8) Importer(2089858483,0ecaa5967403d082aa24f35e1b516d23) Generated GUIDs only implemented for interfaces!
 -> (artifact id: '25cfe5a9d5e62d6a88f564de9e7d1d47') in 0.016629 seconds
Number of updated asset objects reloaded before import = 0
Number of asset objects unloaded after import = 2
========================================================================
Received Import Request.
  Time since last request: 0.000016 seconds.
  path: Assets/Terrains/TerrainSampleAssets/Prefabs/Plant_C.prefab
  artifactKey: Guid(d9246f89c4014f749b69f6e963372434) Importer(2089858483,0ecaa5967403d082aa24f35e1b516d23)
Start importing Assets/Terrains/TerrainSampleAssets/Prefabs/Plant_C.prefab using Guid(d9246f89c4014f749b69f6e963372434) Importer(2089858483,0ecaa5967403d082aa24f35e1b516d23) Generated GUIDs only implemented for interfaces!
 -> (artifact id: '8f3d37b5029587e8f11af81a1f09a681') in 0.017694 seconds
Number of updated asset objects reloaded before import = 0
Number of asset objects unloaded after import = 7
========================================================================
Received Import Request.
  Time since last request: 0.000020 seconds.
  path: Assets/Skyboxes/Wispy Sky/Textures/SkyBox020004.tif
  artifactKey: Guid(33ef70e6704621d40895dcb5b1ce618e) Importer(2089858483,0ecaa5967403d082aa24f35e1b516d23)
Start importing Assets/Skyboxes/Wispy Sky/Textures/SkyBox020004.tif using Guid(33ef70e6704621d40895dcb5b1ce618e) Importer(2089858483,0ecaa5967403d082aa24f35e1b516d23) Generated GUIDs only implemented for interfaces!
 -> (artifact id: '709b6a4641b3ffbdef8b81357fe46d06') in 0.081134 seconds
Number of updated asset objects reloaded before import = 0
Number of asset objects unloaded after import = 1
========================================================================
Received Import Request.
  Time since last request: 0.000017 seconds.
  path: Assets/Terrains/TerrainSampleAssets/TerrainBrushes/Terrainstamp_Plateau03_Brush.brush
  artifactKey: Guid(387141d2bd04a10459d9a306ca45434f) Importer(2089858483,0ecaa5967403d082aa24f35e1b516d23)
Start importing Assets/Terrains/TerrainSampleAssets/TerrainBrushes/Terrainstamp_Plateau03_Brush.brush using Guid(387141d2bd04a10459d9a306ca45434f) Importer(2089858483,0ecaa5967403d082aa24f35e1b516d23) Generated GUIDs only implemented for interfaces!
 -> (artifact id: '6f1d5a7a8baf5baf6f39bb075f44bc89') in 0.021591 seconds
Number of updated asset objects reloaded before import = 0
Number of asset objects unloaded after import = 2
========================================================================
Received Import Request.
  Time since last request: 0.000024 seconds.
  path: Assets/Terrains/TerrainSampleAssets/TerrainLayers/Black_Sand_TerrainLayer.terrainlayer
  artifactKey: Guid(ce833e94f7f7eea468b012546444cf0c) Importer(2089858483,0ecaa5967403d082aa24f35e1b516d23)
Start importing Assets/Terrains/TerrainSampleAssets/TerrainLayers/Black_Sand_TerrainLayer.terrainlayer using Guid(ce833e94f7f7eea468b012546444cf0c) Importer(2089858483,0ecaa5967403d082aa24f35e1b516d23) Generated GUIDs only implemented for interfaces!
 -> (artifact id: 'bf7c67af374703bf36e736bf70b1e8a1') in 0.031738 seconds
Number of updated asset objects reloaded before import = 0
Number of asset objects unloaded after import = 1
========================================================================
Received Import Request.
  Time since last request: 0.000019 seconds.
  path: Assets/Terrains/TerrainSampleAssets/TerrainBrushes/Terrainstamp_Mountain01_Brush.brush
  artifactKey: Guid(87bcc148df475664181f323cf3b45e93) Importer(2089858483,0ecaa5967403d082aa24f35e1b516d23)
Start importing Assets/Terrains/TerrainSampleAssets/TerrainBrushes/Terrainstamp_Mountain01_Brush.brush using Guid(87bcc148df475664181f323cf3b45e93) Importer(2089858483,0ecaa5967403d082aa24f35e1b516d23) Generated GUIDs only implemented for interfaces!
 -> (artifact id: '34b68a67dcb4f20e300c98fe14a31dcb') in 0.036147 seconds
Number of updated asset objects reloaded before import = 0
Number of asset objects unloaded after import = 2
========================================================================
Received Import Request.
  Time since last request: 0.000020 seconds.
  path: Assets/Terrains/TerrainSampleAssets/TerrainBrushes/Terrainstamp_Ridge01_Brush.brush
  artifactKey: Guid(776f9b3da89f9394cac9a53aab9a5eb5) Importer(2089858483,0ecaa5967403d082aa24f35e1b516d23)
Start importing Assets/Terrains/TerrainSampleAssets/TerrainBrushes/Terrainstamp_Ridge01_Brush.brush using Guid(776f9b3da89f9394cac9a53aab9a5eb5) Importer(2089858483,0ecaa5967403d082aa24f35e1b516d23) Generated GUIDs only implemented for interfaces!
 -> (artifact id: '46bbab2a7d1a1a334bb357320a1a5a4e') in 0.034662 seconds
Number of updated asset objects reloaded before import = 0
Number of asset objects unloaded after import = 2
========================================================================
Received Import Request.
  Time since last request: 0.000015 seconds.
  path: Assets/Terrains/TerrainSampleAssets/TerrainLayers/Grass_B_TerrainLayer.terrainlayer
  artifactKey: Guid(bd1fcb10d2c5b5d4ba6e01a34e4735be) Importer(2089858483,0ecaa5967403d082aa24f35e1b516d23)
Start importing Assets/Terrains/TerrainSampleAssets/TerrainLayers/Grass_B_TerrainLayer.terrainlayer using Guid(bd1fcb10d2c5b5d4ba6e01a34e4735be) Importer(2089858483,0ecaa5967403d082aa24f35e1b516d23) Generated GUIDs only implemented for interfaces!
 -> (artifact id: '128d9cbf829351f8fff37c3b76bce030') in 0.029091 seconds
Number of updated asset objects reloaded before import = 0
Number of asset objects unloaded after import = 1
========================================================================
Received Import Request.
  Time since last request: 0.000018 seconds.
  path: Assets/Terrains/TerrainSampleAssets/TerrainBrushes/Terrainstamp_Mountain10_Brush.brush
  artifactKey: Guid(a84a003f62212dd48b832a72ba178a49) Importer(2089858483,0ecaa5967403d082aa24f35e1b516d23)
Start importing Assets/Terrains/TerrainSampleAssets/TerrainBrushes/Terrainstamp_Mountain10_Brush.brush using Guid(a84a003f62212dd48b832a72ba178a49) Importer(2089858483,0ecaa5967403d082aa24f35e1b516d23) Generated GUIDs only implemented for interfaces!
 -> (artifact id: '4ebe0a79e8ae35692adb2c77ae972e47') in 0.033571 seconds
Number of updated asset objects reloaded before import = 0
Number of asset objects unloaded after import = 2
========================================================================
Received Import Request.
  Time since last request: 0.000022 seconds.
  path: Assets/Terrains/TerrainSampleAssets/TerrainBrushes/Terrainstamp_Ridge03_Brush.brush
  artifactKey: Guid(7d08355cc5be1584f858af2f22f8bbbb) Importer(2089858483,0ecaa5967403d082aa24f35e1b516d23)
Start importing Assets/Terrains/TerrainSampleAssets/TerrainBrushes/Terrainstamp_Ridge03_Brush.brush using Guid(7d08355cc5be1584f858af2f22f8bbbb) Importer(2089858483,0ecaa5967403d082aa24f35e1b516d23) Generated GUIDs only implemented for interfaces!
 -> (artifact id: '0d5c2c57bdd2762a6146d01048a50193') in 0.048376 seconds
Number of updated asset objects reloaded before import = 0
Number of asset objects unloaded after import = 2
========================================================================
Received Import Request.
  Time since last request: 0.000019 seconds.
  path: Assets/Terrains/TerrainSampleAssets/TerrainBrushes/Terrainstamp_Plateau01_Brush.brush
  artifactKey: Guid(bb325d04c0ca0dd4a85a78892caa83fc) Importer(2089858483,0ecaa5967403d082aa24f35e1b516d23)
Start importing Assets/Terrains/TerrainSampleAssets/TerrainBrushes/Terrainstamp_Plateau01_Brush.brush using Guid(bb325d04c0ca0dd4a85a78892caa83fc) Importer(2089858483,0ecaa5967403d082aa24f35e1b516d23) Generated GUIDs only implemented for interfaces!
 -> (artifact id: '58c71d55581cfa330558a79cda1d5d68') in 0.019446 seconds
Number of updated asset objects reloaded before import = 0
Number of asset objects unloaded after import = 2
========================================================================
Received Import Request.
  Time since last request: 0.000017 seconds.
  path: Assets/Terrains/TerrainSampleAssets/TerrainBrushes/Terrainstamp_Ridge04_Brush.brush
  artifactKey: Guid(913af1c64ea139348925340c09459a50) Importer(2089858483,0ecaa5967403d082aa24f35e1b516d23)
Start importing Assets/Terrains/TerrainSampleAssets/TerrainBrushes/Terrainstamp_Ridge04_Brush.brush using Guid(913af1c64ea139348925340c09459a50) Importer(2089858483,0ecaa5967403d082aa24f35e1b516d23) Generated GUIDs only implemented for interfaces!
 -> (artifact id: 'de4054bc74952e87dc8a65cebefdc182') in 0.033625 seconds
Number of updated asset objects reloaded before import = 0
Number of asset objects unloaded after import = 2
========================================================================
Received Import Request.
  Time since last request: 0.000015 seconds.
  path: Assets/Terrains/TerrainSampleAssets/TerrainBrushes/Terrainstamp_Mountain03_Brush.brush
  artifactKey: Guid(f11a285f166a0f6499471bc2b3deaefb) Importer(2089858483,0ecaa5967403d082aa24f35e1b516d23)
Start importing Assets/Terrains/TerrainSampleAssets/TerrainBrushes/Terrainstamp_Mountain03_Brush.brush using Guid(f11a285f166a0f6499471bc2b3deaefb) Importer(2089858483,0ecaa5967403d082aa24f35e1b516d23) Generated GUIDs only implemented for interfaces!
 -> (artifact id: 'e1c36757d62f2f8de4863b67763be226') in 0.020926 seconds
Number of updated asset objects reloaded before import = 0
Number of asset objects unloaded after import = 2
========================================================================
Received Import Request.
  Time since last request: 0.000017 seconds.
  path: Assets/Terrains/TerrainSampleAssets/TerrainBrushes/Terrainstamp_Mountain04_Brush.brush
  artifactKey: Guid(84399f7e9c8b199478532ded97f1ed9b) Importer(2089858483,0ecaa5967403d082aa24f35e1b516d23)
Start importing Assets/Terrains/TerrainSampleAssets/TerrainBrushes/Terrainstamp_Mountain04_Brush.brush using Guid(84399f7e9c8b199478532ded97f1ed9b) Importer(2089858483,0ecaa5967403d082aa24f35e1b516d23) Generated GUIDs only implemented for interfaces!
 -> (artifact id: '4f067e65dd3c6ac3be2e362f9abe42b4') in 0.036635 seconds
Number of updated asset objects reloaded before import = 0
Number of asset objects unloaded after import = 2
========================================================================
Received Import Request.
  Time since last request: 0.000028 seconds.
  path: Assets/Terrains/TerrainSampleAssets/TerrainBrushes/Terrainstamp_Island01_Brush.brush
  artifactKey: Guid(52ed55fadd8d2b34cb0f9f08adb04a84) Importer(2089858483,0ecaa5967403d082aa24f35e1b516d23)
Start importing Assets/Terrains/TerrainSampleAssets/TerrainBrushes/Terrainstamp_Island01_Brush.brush using Guid(52ed55fadd8d2b34cb0f9f08adb04a84) Importer(2089858483,0ecaa5967403d082aa24f35e1b516d23) Generated GUIDs only implemented for interfaces!
 -> (artifact id: '64bb42a26cf202b8dd4eb63424eaba79') in 0.021717 seconds
Number of updated asset objects reloaded before import = 0
Number of asset objects unloaded after import = 2
========================================================================
Received Import Request.
  Time since last request: 0.000018 seconds.
  path: Assets/Terrains/TerrainSampleAssets/TerrainBrushes/Terrainstamp_Erode01_Brush.brush
  artifactKey: Guid(7ee3d567366c781458dc63f069654dff) Importer(2089858483,0ecaa5967403d082aa24f35e1b516d23)
Start importing Assets/Terrains/TerrainSampleAssets/TerrainBrushes/Terrainstamp_Erode01_Brush.brush using Guid(7ee3d567366c781458dc63f069654dff) Importer(2089858483,0ecaa5967403d082aa24f35e1b516d23) Generated GUIDs only implemented for interfaces!
 -> (artifact id: '228fbf46a700ea18a9a14b6f4d06f6a6') in 0.045366 seconds
Number of updated asset objects reloaded before import = 0
Number of asset objects unloaded after import = 2
========================================================================
Received Import Request.
  Time since last request: 0.000017 seconds.
  path: Assets/Terrains/TerrainSampleAssets/TerrainBrushes/Terrainstamp_Ridge06_Brush.brush
  artifactKey: Guid(24a7eabe2ad91f84fbf3a7ecf7b532b6) Importer(2089858483,0ecaa5967403d082aa24f35e1b516d23)
Start importing Assets/Terrains/TerrainSampleAssets/TerrainBrushes/Terrainstamp_Ridge06_Brush.brush using Guid(24a7eabe2ad91f84fbf3a7ecf7b532b6) Importer(2089858483,0ecaa5967403d082aa24f35e1b516d23) Generated GUIDs only implemented for interfaces!
 -> (artifact id: '27811ef9c99c7bd9eb8c1ece18b1e8af') in 0.036100 seconds
Number of updated asset objects reloaded before import = 0
Number of asset objects unloaded after import = 2
========================================================================
Received Import Request.
  Time since last request: 0.000018 seconds.
  path: Assets/Terrains/TerrainSampleAssets/TerrainBrushes/Terrainstamp_Softpeaks01_Brush.brush
  artifactKey: Guid(7eae67bc3f75e02478ed0f5c2d4498cf) Importer(2089858483,0ecaa5967403d082aa24f35e1b516d23)
Start importing Assets/Terrains/TerrainSampleAssets/TerrainBrushes/Terrainstamp_Softpeaks01_Brush.brush using Guid(7eae67bc3f75e02478ed0f5c2d4498cf) Importer(2089858483,0ecaa5967403d082aa24f35e1b516d23) Generated GUIDs only implemented for interfaces!
 -> (artifact id: '70faae4828f6a7b7ab56f3f86bb31d12') in 0.022837 seconds
Number of updated asset objects reloaded before import = 0
Number of asset objects unloaded after import = 2
========================================================================
Received Import Request.
  Time since last request: 0.000027 seconds.
  path: Assets/Terrains/TerrainSampleAssets/TerrainBrushes/Terrainstamp_Ridge02_Brush.brush
  artifactKey: Guid(5203e2a4f3ccc3548bde5beb3ca4bdc2) Importer(2089858483,0ecaa5967403d082aa24f35e1b516d23)
Start importing Assets/Terrains/TerrainSampleAssets/TerrainBrushes/Terrainstamp_Ridge02_Brush.brush using Guid(5203e2a4f3ccc3548bde5beb3ca4bdc2) Importer(2089858483,0ecaa5967403d082aa24f35e1b516d23) Generated GUIDs only implemented for interfaces!
 -> (artifact id: '83e8e69ef513fd22218518621a4ece60') in 0.038021 seconds
Number of updated asset objects reloaded before import = 0
Number of asset objects unloaded after import = 2
========================================================================
Received Import Request.
  Time since last request: 0.000030 seconds.
  path: Assets/Textures/Sand textures pack/Sand 01/normal.tga
  artifactKey: Guid(c863251628667b745a87cb71fe78d030) Importer(2089858483,0ecaa5967403d082aa24f35e1b516d23)
Start importing Assets/Textures/Sand textures pack/Sand 01/normal.tga using Guid(c863251628667b745a87cb71fe78d030) Importer(2089858483,0ecaa5967403d082aa24f35e1b516d23) Generated GUIDs only implemented for interfaces!
 -> (artifact id: 'de627f118cbf72cf5ba93238f4d7947b') in 0.046405 seconds
Number of updated asset objects reloaded before import = 0
Number of asset objects unloaded after import = 1
========================================================================
Received Import Request.
  Time since last request: 0.000018 seconds.
  path: Assets/Textures/Sand textures pack/Sand 01/preview.jpg
  artifactKey: Guid(2a9434ee5ee688243b3fbf3c315334d8) Importer(2089858483,0ecaa5967403d082aa24f35e1b516d23)
Start importing Assets/Textures/Sand textures pack/Sand 01/preview.jpg using Guid(2a9434ee5ee688243b3fbf3c315334d8) Importer(2089858483,0ecaa5967403d082aa24f35e1b516d23) Generated GUIDs only implemented for interfaces!
 -> (artifact id: 'cdae6d196fee9174e2042f69b3ab679d') in 0.032958 seconds
Number of updated asset objects reloaded before import = 0
Number of asset objects unloaded after import = 1
========================================================================
Received Import Request.
  Time since last request: 0.000015 seconds.
  path: Assets/Terrains/TerrainSampleAssets/TerrainLayers/Soil_Rocks_TerrainLayer.terrainlayer
  artifactKey: Guid(73f0b5ac607c28d4696a6dd09a1de66a) Importer(2089858483,0ecaa5967403d082aa24f35e1b516d23)
Start importing Assets/Terrains/TerrainSampleAssets/TerrainLayers/Soil_Rocks_TerrainLayer.terrainlayer using Guid(73f0b5ac607c28d4696a6dd09a1de66a) Importer(2089858483,0ecaa5967403d082aa24f35e1b516d23) Generated GUIDs only implemented for interfaces!
 -> (artifact id: '130cb791f2c0ea94bcf39184ba5b54ac') in 0.015428 seconds
Number of updated asset objects reloaded before import = 0
Number of asset objects unloaded after import = 1
========================================================================
Received Import Request.
  Time since last request: 0.000017 seconds.
  path: Assets/Terrains/TerrainSampleAssets/TerrainLayers/Sand_TerrainLayer.terrainlayer
  artifactKey: Guid(1ded3ba1c5a90054e8f23ddfa62fb2b7) Importer(2089858483,0ecaa5967403d082aa24f35e1b516d23)
Start importing Assets/Terrains/TerrainSampleAssets/TerrainLayers/Sand_TerrainLayer.terrainlayer using Guid(1ded3ba1c5a90054e8f23ddfa62fb2b7) Importer(2089858483,0ecaa5967403d082aa24f35e1b516d23) Generated GUIDs only implemented for interfaces!
 -> (artifact id: '558fc553974d6958ea5a6b579c28a333') in 0.017757 seconds
Number of updated asset objects reloaded before import = 0
Number of asset objects unloaded after import = 1
========================================================================
Received Import Request.
  Time since last request: 0.000022 seconds.
  path: Assets/Terrains/TerrainSampleAssets/TerrainLayers/Tidal_Pools_TerrainLayer.terrainlayer
  artifactKey: Guid(b5fcb6edb24b4544dbcf0dad9462ee5b) Importer(2089858483,0ecaa5967403d082aa24f35e1b516d23)
Start importing Assets/Terrains/TerrainSampleAssets/TerrainLayers/Tidal_Pools_TerrainLayer.terrainlayer using Guid(b5fcb6edb24b4544dbcf0dad9462ee5b) Importer(2089858483,0ecaa5967403d082aa24f35e1b516d23) Generated GUIDs only implemented for interfaces!
 -> (artifact id: 'd6991c7a07ae0c8f394ccaedadd4cc8e') in 0.015945 seconds
Number of updated asset objects reloaded before import = 0
Number of asset objects unloaded after import = 1
========================================================================
Received Import Request.
  Time since last request: 0.000022 seconds.
  path: Assets/Terrains/TerrainSampleAssets/TerrainBrushes/Terrainstamp_Mountain07_Brush.brush
  artifactKey: Guid(6f360df90c5a57042ba4b09cb3249ffc) Importer(2089858483,0ecaa5967403d082aa24f35e1b516d23)
Start importing Assets/Terrains/TerrainSampleAssets/TerrainBrushes/Terrainstamp_Mountain07_Brush.brush using Guid(6f360df90c5a57042ba4b09cb3249ffc) Importer(2089858483,0ecaa5967403d082aa24f35e1b516d23) Generated GUIDs only implemented for interfaces!
 -> (artifact id: '9252b0b1f6d6424875bf5550644f1620') in 0.035985 seconds
Number of updated asset objects reloaded before import = 0
Number of asset objects unloaded after import = 2
========================================================================
Received Import Request.
  Time since last request: 0.000015 seconds.
  path: Assets/Terrains/TerrainSampleAssets/TerrainBrushes/Terrainstamp_Volcano02_Brush.brush
  artifactKey: Guid(5bcc5a77fc677c24c98eb188064d3acd) Importer(2089858483,0ecaa5967403d082aa24f35e1b516d23)
Start importing Assets/Terrains/TerrainSampleAssets/TerrainBrushes/Terrainstamp_Volcano02_Brush.brush using Guid(5bcc5a77fc677c24c98eb188064d3acd) Importer(2089858483,0ecaa5967403d082aa24f35e1b516d23) Generated GUIDs only implemented for interfaces!
 -> (artifact id: '907b648c94f19d62c39b6067625a3797') in 0.039018 seconds
Number of updated asset objects reloaded before import = 0
Number of asset objects unloaded after import = 2
========================================================================
Received Import Request.
  Time since last request: 0.000016 seconds.
  path: Assets/Terrains/TerrainSampleAssets/TerrainBrushes/Terrainstamp_Erode02_Brush.brush
  artifactKey: Guid(b4f1a8962849d1e418cbb0637143dc00) Importer(2089858483,0ecaa5967403d082aa24f35e1b516d23)
Start importing Assets/Terrains/TerrainSampleAssets/TerrainBrushes/Terrainstamp_Erode02_Brush.brush using Guid(b4f1a8962849d1e418cbb0637143dc00) Importer(2089858483,0ecaa5967403d082aa24f35e1b516d23) Generated GUIDs only implemented for interfaces!
 -> (artifact id: 'f22d08a2b781ff7d1dc934b57d716f1e') in 0.064009 seconds
Number of updated asset objects reloaded before import = 0
Number of asset objects unloaded after import = 2
========================================================================
Received Import Request.
  Time since last request: 0.000018 seconds.
  path: Assets/Skyboxes/Wispy Sky/Materials/WispySkyboxMobileMat.mat
  artifactKey: Guid(facdd89b766b6ea4c8a8e9517d9023ad) Importer(2089858483,0ecaa5967403d082aa24f35e1b516d23)
Start importing Assets/Skyboxes/Wispy Sky/Materials/WispySkyboxMobileMat.mat using Guid(facdd89b766b6ea4c8a8e9517d9023ad) Importer(2089858483,0ecaa5967403d082aa24f35e1b516d23) Generated GUIDs only implemented for interfaces!
 -> (artifact id: 'a430136f4f3a2b51c613d41466a509e9') in 0.022127 seconds
Number of updated asset objects reloaded before import = 0
Number of asset objects unloaded after import = 1
========================================================================
Received Import Request.
  Time since last request: 0.000027 seconds.
  path: Assets/Skyboxes/Wispy Sky/Textures/SkyBox020001.tif
  artifactKey: Guid(567c92118670b6e4f8289c770255b9d9) Importer(2089858483,0ecaa5967403d082aa24f35e1b516d23)
Start importing Assets/Skyboxes/Wispy Sky/Textures/SkyBox020001.tif using Guid(567c92118670b6e4f8289c770255b9d9) Importer(2089858483,0ecaa5967403d082aa24f35e1b516d23) Generated GUIDs only implemented for interfaces!
 -> (artifact id: 'd8657d6d0d6b6a1c3bc828cabd8b0739') in 0.072116 seconds
Number of updated asset objects reloaded before import = 0
Number of asset objects unloaded after import = 1
========================================================================
Received Import Request.
  Time since last request: 0.000019 seconds.
  path: Assets/Textures/UI Textures/purple-sprite.png
  artifactKey: Guid(58838e243a69bef4280214f7cfceb357) Importer(2089858483,0ecaa5967403d082aa24f35e1b516d23)
Start importing Assets/Textures/UI Textures/purple-sprite.png using Guid(58838e243a69bef4280214f7cfceb357) Importer(2089858483,0ecaa5967403d082aa24f35e1b516d23) Generated GUIDs only implemented for interfaces!
 -> (artifact id: '89afb3f2482313085c60d47a7b071c5e') in 0.025595 seconds
Number of updated asset objects reloaded before import = 0
Number of asset objects unloaded after import = 1
========================================================================
Received Import Request.
  Time since last request: 0.000018 seconds.
  path: Assets/Models/HQ Rocks/Demo 2.unity
  artifactKey: Guid(9713dcd72e85a814da55b73876da6595) Importer(2089858483,0ecaa5967403d082aa24f35e1b516d23)
Start importing Assets/Models/HQ Rocks/Demo 2.unity using Guid(9713dcd72e85a814da55b73876da6595) Importer(2089858483,0ecaa5967403d082aa24f35e1b516d23) Generated GUIDs only implemented for interfaces!
 -> (artifact id: 'b79d006a8d1f1da55445dc1fcf0c10ad') in 0.011871 seconds
Number of updated asset objects reloaded before import = 0
Number of asset objects unloaded after import = 1
========================================================================
Received Import Request.
  Time since last request: 0.000017 seconds.
  path: Assets/Models/HQ Rocks/Prefabs/Rock_2_v1.prefab
  artifactKey: Guid(1fb0cad617aafa04787c1c313814f5ea) Importer(2089858483,0ecaa5967403d082aa24f35e1b516d23)
Start importing Assets/Models/HQ Rocks/Prefabs/Rock_2_v1.prefab using Guid(1fb0cad617aafa04787c1c313814f5ea) Importer(2089858483,0ecaa5967403d082aa24f35e1b516d23) Generated GUIDs only implemented for interfaces!
 -> (artifact id: 'b965d45a76ffb3053f03f274e1dc65d2') in 0.016463 seconds
Number of updated asset objects reloaded before import = 0
Number of asset objects unloaded after import = 7
========================================================================
Received Import Request.
  Time since last request: 0.000022 seconds.
  path: Assets/Models/HQ Rocks/Demo/LightingData.asset
  artifactKey: Guid(8580cf4e3f6cb954eb0b61724b22b5e9) Importer(2089858483,0ecaa5967403d082aa24f35e1b516d23)
Start importing Assets/Models/HQ Rocks/Demo/LightingData.asset using Guid(8580cf4e3f6cb954eb0b61724b22b5e9) Importer(2089858483,0ecaa5967403d082aa24f35e1b516d23) Lighting data asset ‘LightingData’ is incompatible with the current Unity version. Please use Generate Lighting to rebuild the lighting data. Realtime Global Illumination cannot be used until the lighting data is rebuilt.
UnityEngine.StackTraceUtility:ExtractStackTrace ()
UnityEditor.Search.AssetIndexer:IndexProperties (int&,string&,bool&)
UnityEditor.Search.AssetIndexer:IndexDocument (string,bool)
UnityEditor.Search.SearchIndexEntryImporter:OnImportAsset (UnityEditor.AssetImporters.AssetImportContext)
UnityEditor.AssetImporters.ScriptedImporter:GenerateAssetData (UnityEditor.AssetImporters.AssetImportContext)

[C:\build\output\unity\unity\Editor\Src\GI\Enlighten\LightingDataAsset.cpp line 410]

Lighting data asset ‘LightingData’ is incompatible with the current Unity version because the scene it was baked for was not serialized. Please use Generate Lighting to rebuild the lighting data, or assign the target scene to the Lighting Data Asset in the inspector.
UnityEngine.StackTraceUtility:ExtractStackTrace ()
UnityEditor.Search.AssetIndexer:IndexProperties (int&,string&,bool&)
UnityEditor.Search.AssetIndexer:IndexDocument (string,bool)
UnityEditor.Search.SearchIndexEntryImporter:OnImportAsset (UnityEditor.AssetImporters.AssetImportContext)
UnityEditor.AssetImporters.ScriptedImporter:GenerateAssetData (UnityEditor.AssetImporters.AssetImportContext)

[C:\build\output\unity\unity\Editor\Src\GI\Enlighten\LightingDataAsset.cpp line 417]

Generated GUIDs only implemented for interfaces!
 -> (artifact id: '649eb09a4aba0cbd6ef369a867b12865') in 0.013820 seconds
Number of updated asset objects reloaded before import = 0
Number of asset objects unloaded after import = 1
========================================================================
Received Import Request.
  Time since last request: 0.000032 seconds.
  path: Assets/VFX/Portal/circle-with-glow.png
  artifactKey: Guid(e0639b41bc8bb8d4ba001974bc1f0611) Importer(2089858483,0ecaa5967403d082aa24f35e1b516d23)
Start importing Assets/VFX/Portal/circle-with-glow.png using Guid(e0639b41bc8bb8d4ba001974bc1f0611) Importer(2089858483,0ecaa5967403d082aa24f35e1b516d23) Generated GUIDs only implemented for interfaces!
 -> (artifact id: '0e8d1236550853aa22676464d8e0ed1d') in 0.050126 seconds
Number of updated asset objects reloaded before import = 0
Number of asset objects unloaded after import = 1
========================================================================
Received Import Request.
  Time since last request: 0.000019 seconds.
  path: Assets/Textures/Sand textures pack/Sand 03/preview.jpg
  artifactKey: Guid(2a516fb3b479ad442a19daa8d099b9a3) Importer(2089858483,0ecaa5967403d082aa24f35e1b516d23)
Start importing Assets/Textures/Sand textures pack/Sand 03/preview.jpg using Guid(2a516fb3b479ad442a19daa8d099b9a3) Importer(2089858483,0ecaa5967403d082aa24f35e1b516d23) Generated GUIDs only implemented for interfaces!
 -> (artifact id: '9280d6dbec803fa8d7cbde6812ad38ac') in 0.034017 seconds
Number of updated asset objects reloaded before import = 0
Number of asset objects unloaded after import = 1
========================================================================
Received Import Request.
  Time since last request: 0.000017 seconds.
  path: Assets/Textures/Sand textures pack/Sand 07/Sand pattern 07.mat
  artifactKey: Guid(5ecd35a435fb80b4787df95b82934c53) Importer(2089858483,0ecaa5967403d082aa24f35e1b516d23)
Start importing Assets/Textures/Sand textures pack/Sand 07/Sand pattern 07.mat using Guid(5ecd35a435fb80b4787df95b82934c53) Importer(2089858483,0ecaa5967403d082aa24f35e1b516d23) Generated GUIDs only implemented for interfaces!
 -> (artifact id: 'a3632932171d33656f3d48b56b1e43c3') in 0.034228 seconds
Number of updated asset objects reloaded before import = 0
Number of asset objects unloaded after import = 1
========================================================================
Received Import Request.
  Time since last request: 0.000017 seconds.
  path: Assets/Textures/Sand textures pack/Sand 06/diffuse.tga
  artifactKey: Guid(ad2ab610e92d43346a35f4b2b5827ae3) Importer(2089858483,0ecaa5967403d082aa24f35e1b516d23)
Start importing Assets/Textures/Sand textures pack/Sand 06/diffuse.tga using Guid(ad2ab610e92d43346a35f4b2b5827ae3) Importer(2089858483,0ecaa5967403d082aa24f35e1b516d23) Generated GUIDs only implemented for interfaces!
 -> (artifact id: 'd5090aeb96a8a34733ab746818a25ea4') in 0.028286 seconds
Number of updated asset objects reloaded before import = 0
Number of asset objects unloaded after import = 1
========================================================================
Received Import Request.
  Time since last request: 0.000024 seconds.
  path: Assets/Textures/Sand textures pack/Sand 05/preview.jpg
  artifactKey: Guid(c53bec609a5bdc5468b2c9f141ca5448) Importer(2089858483,0ecaa5967403d082aa24f35e1b516d23)
Start importing Assets/Textures/Sand textures pack/Sand 05/preview.jpg using Guid(c53bec609a5bdc5468b2c9f141ca5448) Importer(2089858483,0ecaa5967403d082aa24f35e1b516d23) Generated GUIDs only implemented for interfaces!
 -> (artifact id: 'c49f511ce831052b842ec04e729cbd3d') in 0.036254 seconds
Number of updated asset objects reloaded before import = 0
Number of asset objects unloaded after import = 1
========================================================================
Received Import Request.
  Time since last request: 0.000143 seconds.
  path: Assets/Textures/Sand textures pack/Sand 02/preview.jpg
  artifactKey: Guid(71471f20fd38f594c9a2a6261afaaa22) Importer(2089858483,0ecaa5967403d082aa24f35e1b516d23)
Start importing Assets/Textures/Sand textures pack/Sand 02/preview.jpg using Guid(71471f20fd38f594c9a2a6261afaaa22) Importer(2089858483,0ecaa5967403d082aa24f35e1b516d23) Generated GUIDs only implemented for interfaces!
 -> (artifact id: '68a00159db283f581131854818071d39') in 0.038957 seconds
Number of updated asset objects reloaded before import = 0
Number of asset objects unloaded after import = 1
========================================================================
Received Import Request.
  Time since last request: 0.000017 seconds.
  path: Assets/Textures/Sand textures pack/Sand 05/Sand pattern 05.mat
  artifactKey: Guid(0ec4e116a0885dd41b075db5ddaad82e) Importer(2089858483,0ecaa5967403d082aa24f35e1b516d23)
Start importing Assets/Textures/Sand textures pack/Sand 05/Sand pattern 05.mat using Guid(0ec4e116a0885dd41b075db5ddaad82e) Importer(2089858483,0ecaa5967403d082aa24f35e1b516d23) Generated GUIDs only implemented for interfaces!
 -> (artifact id: 'b35e4fcfebc3c516877469a4960c43ce') in 0.014726 seconds
Number of updated asset objects reloaded before import = 0
Number of asset objects unloaded after import = 1
========================================================================
Received Import Request.
  Time since last request: 0.000019 seconds.
  path: Assets/Textures/Sand textures pack/Sand 03/Sand pattern 03.mat
  artifactKey: Guid(fb0a987f414745a4e983d5d5c58ac921) Importer(2089858483,0ecaa5967403d082aa24f35e1b516d23)
Start importing Assets/Textures/Sand textures pack/Sand 03/Sand pattern 03.mat using Guid(fb0a987f414745a4e983d5d5c58ac921) Importer(2089858483,0ecaa5967403d082aa24f35e1b516d23) Generated GUIDs only implemented for interfaces!
 -> (artifact id: '99f03490f7d709339e06bf277b9d242e') in 0.031294 seconds
Number of updated asset objects reloaded before import = 0
Number of asset objects unloaded after import = 3
========================================================================
Received Import Request.
  Time since last request: 0.000020 seconds.
  path: Assets/Textures/Sand textures pack/Sand 03/diffuse.tga
  artifactKey: Guid(3a00fecb9f53802489dc1653b7f1e820) Importer(2089858483,0ecaa5967403d082aa24f35e1b516d23)
Start importing Assets/Textures/Sand textures pack/Sand 03/diffuse.tga using Guid(3a00fecb9f53802489dc1653b7f1e820) Importer(2089858483,0ecaa5967403d082aa24f35e1b516d23) Generated GUIDs only implemented for interfaces!
 -> (artifact id: 'b1375fa4d2437d7864e95dcc19c38bcb') in 0.041144 seconds
Number of updated asset objects reloaded before import = 0
Number of asset objects unloaded after import = 1
========================================================================
Received Import Request.
  Time since last request: 0.000047 seconds.
  path: Assets/Textures/Sand textures pack/Sand 04/preview.jpg
  artifactKey: Guid(377d1393474c2e94d941bc0760410d57) Importer(2089858483,0ecaa5967403d082aa24f35e1b516d23)
Start importing Assets/Textures/Sand textures pack/Sand 04/preview.jpg using Guid(377d1393474c2e94d941bc0760410d57) Importer(2089858483,0ecaa5967403d082aa24f35e1b516d23) Generated GUIDs only implemented for interfaces!
 -> (artifact id: '2e80d4697c49f475a01988d6155ca5c0') in 0.031571 seconds
Number of updated asset objects reloaded before import = 0
Number of asset objects unloaded after import = 1
========================================================================
Received Import Request.
  Time since last request: 0.000015 seconds.
  path: Assets/Audio/Steely Dan - Peg.wav
  artifactKey: Guid(a20d109dada760f4197b8f9ba8a720cf) Importer(2089858483,0ecaa5967403d082aa24f35e1b516d23)
Start importing Assets/Audio/Steely Dan - Peg.wav using Guid(a20d109dada760f4197b8f9ba8a720cf) Importer(2089858483,0ecaa5967403d082aa24f35e1b516d23) Generated GUIDs only implemented for interfaces!
 -> (artifact id: 'eaa9d4dd4e1216b85b248e2a1b6d7763') in 0.065549 seconds
Number of updated asset objects reloaded before import = 0
Number of asset objects unloaded after import = 1
========================================================================
Received Import Request.
  Time since last request: 0.000019 seconds.
  path: Assets/Textures/Sand textures pack/Sand 03/Sand Pattern 03.terrainlayer
  artifactKey: Guid(b21654d88f15fe84c96a5b3f76ae430e) Importer(2089858483,0ecaa5967403d082aa24f35e1b516d23)
Start importing Assets/Textures/Sand textures pack/Sand 03/Sand Pattern 03.terrainlayer using Guid(b21654d88f15fe84c96a5b3f76ae430e) Importer(2089858483,0ecaa5967403d082aa24f35e1b516d23) Generated GUIDs only implemented for interfaces!
 -> (artifact id: '2d5544ff2799f08b1a011f36356b1891') in 0.013762 seconds
Number of updated asset objects reloaded before import = 0
Number of asset objects unloaded after import = 1
========================================================================
Received Import Request.
  Time since last request: 0.000017 seconds.
  path: Assets/Textures/Mushroom Textures/pink.jpg
  artifactKey: Guid(7ffdc52df079f30438c43a90d2c3d723) Importer(2089858483,0ecaa5967403d082aa24f35e1b516d23)
Start importing Assets/Textures/Mushroom Textures/pink.jpg using Guid(7ffdc52df079f30438c43a90d2c3d723) Importer(2089858483,0ecaa5967403d082aa24f35e1b516d23) Generated GUIDs only implemented for interfaces!
 -> (artifact id: 'f7d078023dbeece619b9ffa9e470f981') in 0.068333 seconds
Number of updated asset objects reloaded before import = 0
Number of asset objects unloaded after import = 1
========================================================================
Received Import Request.
  Time since last request: 0.000018 seconds.
  path: Assets/Models/HQ Rocks/Materials/Rock_3_v2.mat
  artifactKey: Guid(8191a70346d9e9c4f802701721cef645) Importer(2089858483,0ecaa5967403d082aa24f35e1b516d23)
Start importing Assets/Models/HQ Rocks/Materials/Rock_3_v2.mat using Guid(8191a70346d9e9c4f802701721cef645) Importer(2089858483,0ecaa5967403d082aa24f35e1b516d23) Generated GUIDs only implemented for interfaces!
 -> (artifact id: '155b854b3b162755a3884fd5a6d8e20e') in 0.076321 seconds
Number of updated asset objects reloaded before import = 0
Number of asset objects unloaded after import = 5
========================================================================
Received Import Request.
  Time since last request: 0.000052 seconds.
  path: Assets/Prefabs/Mushroom Prefabs/Mushroom (tall) (plain).prefab
  artifactKey: Guid(319bd833b5611a4498c566295b2f9655) Importer(2089858483,0ecaa5967403d082aa24f35e1b516d23)
Start importing Assets/Prefabs/Mushroom Prefabs/Mushroom (tall) (plain).prefab using Guid(319bd833b5611a4498c566295b2f9655) Importer(2089858483,0ecaa5967403d082aa24f35e1b516d23) Generated GUIDs only implemented for interfaces!
 -> (artifact id: '661235364b30ce0fc5034a501254c483') in 0.017143 seconds
Number of updated asset objects reloaded before import = 0
Number of asset objects unloaded after import = 15
========================================================================
Received Import Request.
  Time since last request: 0.000019 seconds.
  path: Assets/Animations/unity-chan!/Unity-chan! Model/Scripts/FaceUpdate.cs
  artifactKey: Guid(5e658bfc1e524494b9e54a1c92d8c1e0) Importer(2089858483,0ecaa5967403d082aa24f35e1b516d23)
Start importing Assets/Animations/unity-chan!/Unity-chan! Model/Scripts/FaceUpdate.cs using Guid(5e658bfc1e524494b9e54a1c92d8c1e0) Importer(2089858483,0ecaa5967403d082aa24f35e1b516d23) Generated GUIDs only implemented for interfaces!
 -> (artifact id: 'b064a5891499edb91fa05f2413dd0c36') in 0.015231 seconds
Number of updated asset objects reloaded before import = 0
Number of asset objects unloaded after import = 1
========================================================================
Received Import Request.
  Time since last request: 0.000015 seconds.
  path: Assets/Textures/Sand textures pack/Sand 09/Sand pattern 09.mat
  artifactKey: Guid(3588da158521db449866b26cb58a92fa) Importer(2089858483,0ecaa5967403d082aa24f35e1b516d23)
Start importing Assets/Textures/Sand textures pack/Sand 09/Sand pattern 09.mat using Guid(3588da158521db449866b26cb58a92fa) Importer(2089858483,0ecaa5967403d082aa24f35e1b516d23) Generated GUIDs only implemented for interfaces!
 -> (artifact id: 'f3cba3a1b4e8b6878c082a87c972a3e2') in 0.031390 seconds
Number of updated asset objects reloaded before import = 0
Number of asset objects unloaded after import = 1
========================================================================
Received Import Request.
  Time since last request: 0.000022 seconds.
  path: Assets/Animations/unity-chan!/Unity-chan! Model/Scenes/SecondaryAnimation.unity
  artifactKey: Guid(303d6058a98f643abb202d652ad2be31) Importer(2089858483,0ecaa5967403d082aa24f35e1b516d23)
Start importing Assets/Animations/unity-chan!/Unity-chan! Model/Scenes/SecondaryAnimation.unity using Guid(303d6058a98f643abb202d652ad2be31) Importer(2089858483,0ecaa5967403d082aa24f35e1b516d23) Generated GUIDs only implemented for interfaces!
 -> (artifact id: '58178c9954292e71467fc331f98e3d72') in 0.012546 seconds
Number of updated asset objects reloaded before import = 0
Number of asset objects unloaded after import = 1
========================================================================
Received Import Request.
  Time since last request: 0.000015 seconds.
  path: Assets/Animations/unity-chan!/Unity-chan! Model/Documentation/WebPlayerTemplate.pdf
  artifactKey: Guid(f0926b9bbecd94bda8b68e0c738a4526) Importer(2089858483,0ecaa5967403d082aa24f35e1b516d23)
Start importing Assets/Animations/unity-chan!/Unity-chan! Model/Documentation/WebPlayerTemplate.pdf using Guid(f0926b9bbecd94bda8b68e0c738a4526) Importer(2089858483,0ecaa5967403d082aa24f35e1b516d23) Generated GUIDs only implemented for interfaces!
 -> (artifact id: '4d78dd63eacef3c23ca4b2389b5b1343') in 0.014415 seconds
Number of updated asset objects reloaded before import = 0
Number of asset objects unloaded after import = 1
========================================================================
Received Import Request.
  Time since last request: 0.000017 seconds.
  path: Assets/Animations/unity-chan!/Unity-chan! Model/Scripts/IKCtrlRightHand.cs
  artifactKey: Guid(16931e3bbabb00f478bbbe4759af8343) Importer(2089858483,0ecaa5967403d082aa24f35e1b516d23)
Start importing Assets/Animations/unity-chan!/Unity-chan! Model/Scripts/IKCtrlRightHand.cs using Guid(16931e3bbabb00f478bbbe4759af8343) Importer(2089858483,0ecaa5967403d082aa24f35e1b516d23) Generated GUIDs only implemented for interfaces!
 -> (artifact id: 'b35eaa40c9711b1fc3fee1acc8c1dcb7') in 0.013701 seconds
Number of updated asset objects reloaded before import = 0
Number of asset objects unloaded after import = 1
========================================================================
Received Import Request.
  Time since last request: 0.000023 seconds.
  path: Assets/Animations/unity-chan!/Unity-chan! Model/Scripts/SpringManager.cs
  artifactKey: Guid(6514ba86f976d724ab63844a6015b2aa) Importer(2089858483,0ecaa5967403d082aa24f35e1b516d23)
Start importing Assets/Animations/unity-chan!/Unity-chan! Model/Scripts/SpringManager.cs using Guid(6514ba86f976d724ab63844a6015b2aa) Importer(2089858483,0ecaa5967403d082aa24f35e1b516d23) Generated GUIDs only implemented for interfaces!
 -> (artifact id: '279e2402bf9378cc47a369507cd3569d') in 0.014533 seconds
Number of updated asset objects reloaded before import = 0
Number of asset objects unloaded after import = 1
========================================================================
Received Import Request.
  Time since last request: 0.000015 seconds.
  path: Assets/Animations/unity-chan!/Unity-chan! Model/Documentation/SplashScreen.pdf
  artifactKey: Guid(c06525567be0e4cfd90dca3c8c626e98) Importer(2089858483,0ecaa5967403d082aa24f35e1b516d23)
Start importing Assets/Animations/unity-chan!/Unity-chan! Model/Documentation/SplashScreen.pdf using Guid(c06525567be0e4cfd90dca3c8c626e98) Importer(2089858483,0ecaa5967403d082aa24f35e1b516d23) Generated GUIDs only implemented for interfaces!
 -> (artifact id: '8060a9ecd01493f6e379766942928a36') in 0.011288 seconds
Number of updated asset objects reloaded before import = 0
Number of asset objects unloaded after import = 1
========================================================================
Received Import Request.
  Time since last request: 0.000015 seconds.
  path: Assets/Animations/unity-chan!/Unity-chan! Model/Scenes/ActionCheck.unity
  artifactKey: Guid(82af19ed76a8ed74fb1dd5d45c780da8) Importer(2089858483,0ecaa5967403d082aa24f35e1b516d23)
Start importing Assets/Animations/unity-chan!/Unity-chan! Model/Scenes/ActionCheck.unity using Guid(82af19ed76a8ed74fb1dd5d45c780da8) Importer(2089858483,0ecaa5967403d082aa24f35e1b516d23) Generated GUIDs only implemented for interfaces!
 -> (artifact id: 'bc0262791c58ba54c546190987f85567') in 0.012384 seconds
Number of updated asset objects reloaded before import = 0
Number of asset objects unloaded after import = 1
========================================================================
Received Import Request.
  Time since last request: 0.000022 seconds.
  path: Assets/Animations/unity-chan!/Unity-chan! Model/Scripts/CameraController.cs
  artifactKey: Guid(bd026706e81db0440add962177d87b23) Importer(2089858483,0ecaa5967403d082aa24f35e1b516d23)
Start importing Assets/Animations/unity-chan!/Unity-chan! Model/Scripts/CameraController.cs using Guid(bd026706e81db0440add962177d87b23) Importer(2089858483,0ecaa5967403d082aa24f35e1b516d23) Generated GUIDs only implemented for interfaces!
 -> (artifact id: '1890bb47ad24f307bacb5688dfa0dbe9') in 0.015094 seconds
Number of updated asset objects reloaded before import = 0
Number of asset objects unloaded after import = 1
========================================================================
Received Import Request.
  Time since last request: 0.000018 seconds.
  path: Assets/Animations/unity-chan!/Unity-chan! Model/Scripts/SpringCollider.cs
  artifactKey: Guid(fcb73b690c023734fb267911061a15c6) Importer(2089858483,0ecaa5967403d082aa24f35e1b516d23)
Start importing Assets/Animations/unity-chan!/Unity-chan! Model/Scripts/SpringCollider.cs using Guid(fcb73b690c023734fb267911061a15c6) Importer(2089858483,0ecaa5967403d082aa24f35e1b516d23) Generated GUIDs only implemented for interfaces!
 -> (artifact id: '047783a93e331f759ba84b62a1dcf709') in 0.015255 seconds
Number of updated asset objects reloaded before import = 0
Number of asset objects unloaded after import = 1
========================================================================
Received Import Request.
  Time since last request: 0.000016 seconds.
  path: Assets/Textures/Mushroom Textures/Materials/P9300742.mat
  artifactKey: Guid(faef828fb53b94a439bcae6656e2022e) Importer(2089858483,0ecaa5967403d082aa24f35e1b516d23)
Start importing Assets/Textures/Mushroom Textures/Materials/P9300742.mat using Guid(faef828fb53b94a439bcae6656e2022e) Importer(2089858483,0ecaa5967403d082aa24f35e1b516d23) Generated GUIDs only implemented for interfaces!
 -> (artifact id: 'ab410e17dfa0743ccd06ab7e2cdbff2b') in 0.030437 seconds
Number of updated asset objects reloaded before import = 0
Number of asset objects unloaded after import = 2
========================================================================
Received Import Request.
  Time since last request: 0.000028 seconds.
  path: Assets/Animations/Lights Animations/Directional Light.controller
  artifactKey: Guid(724af486c817d904b8e595cfcee26c61) Importer(2089858483,0ecaa5967403d082aa24f35e1b516d23)
Start importing Assets/Animations/Lights Animations/Directional Light.controller using Guid(724af486c817d904b8e595cfcee26c61) Importer(2089858483,0ecaa5967403d082aa24f35e1b516d23) Generated GUIDs only implemented for interfaces!
 -> (artifact id: '99dbce1068f9faeed2321ece334dfb4c') in 0.016170 seconds
Number of updated asset objects reloaded before import = 0
Number of asset objects unloaded after import = 4
========================================================================
Received Import Request.
  Time since last request: 0.000023 seconds.
  path: Assets/Fonts/Zanzabar Demo SDF.asset
  artifactKey: Guid(0948d2f7f3899e243917a35e8468aa9a) Importer(2089858483,0ecaa5967403d082aa24f35e1b516d23)
Start importing Assets/Fonts/Zanzabar Demo SDF.asset using Guid(0948d2f7f3899e243917a35e8468aa9a) Importer(2089858483,0ecaa5967403d082aa24f35e1b516d23) Generated GUIDs only implemented for interfaces!
 -> (artifact id: 'ca15f53332b029c53d685c81da2ff7da') in 0.039541 seconds
Number of updated asset objects reloaded before import = 0
Number of asset objects unloaded after import = 5
========================================================================
Received Import Request.
  Time since last request: 0.000019 seconds.
  path: Assets/Terrains/2001 Desert Terrain.asset
  artifactKey: Guid(f4fc6f9e7051f894787e85c646025708) Importer(2089858483,0ecaa5967403d082aa24f35e1b516d23)
Start importing Assets/Terrains/2001 Desert Terrain.asset using Guid(f4fc6f9e7051f894787e85c646025708) Importer(2089858483,0ecaa5967403d082aa24f35e1b516d23) Generated GUIDs only implemented for interfaces!
 -> (artifact id: '688a0eb1e2e4cbe112b5efe04b1361ce') in 0.028323 seconds
Number of updated asset objects reloaded before import = 0
Number of asset objects unloaded after import = 2
========================================================================
Received Import Request.
  Time since last request: 0.000015 seconds.
  path: Assets/TextMesh Pro/Resources/Fonts & Materials/LiberationSans SDF - Drop Shadow.mat
  artifactKey: Guid(e73a58f6e2794ae7b1b7e50b7fb811b0) Importer(2089858483,0ecaa5967403d082aa24f35e1b516d23)
Start importing Assets/TextMesh Pro/Resources/Fonts & Materials/LiberationSans SDF - Drop Shadow.mat using Guid(e73a58f6e2794ae7b1b7e50b7fb811b0) Importer(2089858483,0ecaa5967403d082aa24f35e1b516d23) Generated GUIDs only implemented for interfaces!
 -> (artifact id: '377f6cdf423185fc474790092b420a02') in 0.032877 seconds
Number of updated asset objects reloaded before import = 0
Number of asset objects unloaded after import = 2
========================================================================
Received Import Request.
  Time since last request: 0.000019 seconds.
  path: Assets/Textures/Sand textures pack/Sand 09/normal.tga
  artifactKey: Guid(097509a58b683ce40aff8a94c3c2ae7d) Importer(2089858483,0ecaa5967403d082aa24f35e1b516d23)
Start importing Assets/Textures/Sand textures pack/Sand 09/normal.tga using Guid(097509a58b683ce40aff8a94c3c2ae7d) Importer(2089858483,0ecaa5967403d082aa24f35e1b516d23) Generated GUIDs only implemented for interfaces!
 -> (artifact id: 'cbe9c8fcc7136e023ee749b5d33089c4') in 0.036463 seconds
Number of updated asset objects reloaded before import = 0
Number of asset objects unloaded after import = 1
========================================================================
Received Import Request.
  Time since last request: 0.000022 seconds.
  path: Assets/Textures/Sand textures pack/Sand 08/normal.tga
  artifactKey: Guid(4db42f43a794d1041a095a96a8899dc6) Importer(2089858483,0ecaa5967403d082aa24f35e1b516d23)
Start importing Assets/Textures/Sand textures pack/Sand 08/normal.tga using Guid(4db42f43a794d1041a095a96a8899dc6) Importer(2089858483,0ecaa5967403d082aa24f35e1b516d23) Generated GUIDs only implemented for interfaces!
 -> (artifact id: 'cdebc9b7265b7e60a6bba2206f20681c') in 0.047620 seconds
Number of updated asset objects reloaded before import = 0
Number of asset objects unloaded after import = 1
========================================================================
Received Import Request.
  Time since last request: 0.000026 seconds.
  path: Assets/Animations/unity-chan!/Unity-chan! Model/Editor/CreateLocatorHere.cs
  artifactKey: Guid(12ec17992da8868439a50d4b342b7cfd) Importer(2089858483,0ecaa5967403d082aa24f35e1b516d23)
Start importing Assets/Animations/unity-chan!/Unity-chan! Model/Editor/CreateLocatorHere.cs using Guid(12ec17992da8868439a50d4b342b7cfd) Importer(2089858483,0ecaa5967403d082aa24f35e1b516d23) Generated GUIDs only implemented for interfaces!
 -> (artifact id: 'd0a1138fc99f33fa7ab61fd7fde4ff8d') in 0.015237 seconds
Number of updated asset objects reloaded before import = 0
Number of asset objects unloaded after import = 1
========================================================================
Received Import Request.
  Time since last request: 0.000026 seconds.
  path: Assets/StarterAssets/Environment/Art/Models/Ramp_Mesh.fbx
  artifactKey: Guid(426a2785f8a940049aac2c246661cf09) Importer(2089858483,0ecaa5967403d082aa24f35e1b516d23)
Start importing Assets/StarterAssets/Environment/Art/Models/Ramp_Mesh.fbx using Guid(426a2785f8a940049aac2c246661cf09) Importer(2089858483,0ecaa5967403d082aa24f35e1b516d23) Generated GUIDs only implemented for interfaces!
 -> (artifact id: '0c2a1887be6bc270b53acfdead98e74f') in 0.025491 seconds
Number of updated asset objects reloaded before import = 0
Number of asset objects unloaded after import = 8
========================================================================
Received Import Request.
  Time since last request: 0.000021 seconds.
  path: Assets/Animations/unity-chan!/Unity-chan! Model/SplashScreen/SplashScreen_Light.unity
  artifactKey: Guid(3ad4f8c442f444c5e966898c99704b0f) Importer(2089858483,0ecaa5967403d082aa24f35e1b516d23)
Start importing Assets/Animations/unity-chan!/Unity-chan! Model/SplashScreen/SplashScreen_Light.unity using Guid(3ad4f8c442f444c5e966898c99704b0f) Importer(2089858483,0ecaa5967403d082aa24f35e1b516d23) Generated GUIDs only implemented for interfaces!
 -> (artifact id: 'fab09f10ccaceac6fa9f4195a81a7c6e') in 0.014672 seconds
Number of updated asset objects reloaded before import = 0
Number of asset objects unloaded after import = 1
========================================================================
Received Import Request.
  Time since last request: 0.000016 seconds.
  path: Assets/Skyboxes/Wispy Sky/Materials/Materials/WispyCubemap.mat
  artifactKey: Guid(4509fe83fafb8524dac3d92f24d858c0) Importer(2089858483,0ecaa5967403d082aa24f35e1b516d23)
Start importing Assets/Skyboxes/Wispy Sky/Materials/Materials/WispyCubemap.mat using Guid(4509fe83fafb8524dac3d92f24d858c0) Importer(2089858483,0ecaa5967403d082aa24f35e1b516d23) Generated GUIDs only implemented for interfaces!
 -> (artifact id: 'b1ee2881bce2e01e1aa09e6810892023') in 0.018383 seconds
Number of updated asset objects reloaded before import = 0
Number of asset objects unloaded after import = 1
========================================================================
Received Import Request.
  Time since last request: 0.000016 seconds.
  path: Assets/StarterAssets/Environment/Art/Models/Stairs_650_400_300_Mesh.fbx
  artifactKey: Guid(7e0223e1d3e1733499accfa5ebffb67e) Importer(2089858483,0ecaa5967403d082aa24f35e1b516d23)
Start importing Assets/StarterAssets/Environment/Art/Models/Stairs_650_400_300_Mesh.fbx using Guid(7e0223e1d3e1733499accfa5ebffb67e) Importer(2089858483,0ecaa5967403d082aa24f35e1b516d23) Generated GUIDs only implemented for interfaces!
 -> (artifact id: '42cafaa15f87c45a1d3416bc222a9740') in 0.025192 seconds
Number of updated asset objects reloaded before import = 0
Number of asset objects unloaded after import = 16
========================================================================
Received Import Request.
  Time since last request: 0.000021 seconds.
  path: Assets/Models/HQ Rocks/Meshes/Materials/Rock_1.mat
  artifactKey: Guid(6995f21f392e17d4ba4c4f9a9cef26ae) Importer(2089858483,0ecaa5967403d082aa24f35e1b516d23)
Start importing Assets/Models/HQ Rocks/Meshes/Materials/Rock_1.mat using Guid(6995f21f392e17d4ba4c4f9a9cef26ae) Importer(2089858483,0ecaa5967403d082aa24f35e1b516d23) Generated GUIDs only implemented for interfaces!
 -> (artifact id: '280cece511526da4ffaf432b2d022958') in 0.014676 seconds
Number of updated asset objects reloaded before import = 0
Number of asset objects unloaded after import = 1
========================================================================
Received Import Request.
  Time since last request: 0.000034 seconds.
  path: Assets/StarterAssets/Environment/Art/Materials/GridBlue_01_Mat.mat
  artifactKey: Guid(ff188f58422043f489060e28a5e4e0c0) Importer(2089858483,0ecaa5967403d082aa24f35e1b516d23)
Start importing Assets/StarterAssets/Environment/Art/Materials/GridBlue_01_Mat.mat using Guid(ff188f58422043f489060e28a5e4e0c0) Importer(2089858483,0ecaa5967403d082aa24f35e1b516d23) Generated GUIDs only implemented for interfaces!
 -> (artifact id: 'bdd1a5ab043ccc94b780412d66e96479') in 0.037655 seconds
Number of updated asset objects reloaded before import = 0
Number of asset objects unloaded after import = 4
========================================================================
Received Import Request.
  Time since last request: 0.000019 seconds.
  path: Assets/StarterAssets/Environment/Art/Models/Box_350x250x200_Mesh.fbx
  artifactKey: Guid(c6a55ba99e9e99d41b7eef123e311a43) Importer(2089858483,0ecaa5967403d082aa24f35e1b516d23)
Start importing Assets/StarterAssets/Environment/Art/Models/Box_350x250x200_Mesh.fbx using Guid(c6a55ba99e9e99d41b7eef123e311a43) Importer(2089858483,0ecaa5967403d082aa24f35e1b516d23) Generated GUIDs only implemented for interfaces!
 -> (artifact id: '5fcadf04528a703448bc3a7660c1fe80') in 0.042707 seconds
Number of updated asset objects reloaded before import = 0
Number of asset objects unloaded after import = 8
========================================================================
Received Import Request.
  Time since last request: 0.000025 seconds.
  path: Assets/StarterAssets/Environment/Art/Models/Wall_Mesh.fbx
  artifactKey: Guid(ff02a0a00ab750f48b09459b1cafd1b8) Importer(2089858483,0ecaa5967403d082aa24f35e1b516d23)
Start importing Assets/StarterAssets/Environment/Art/Models/Wall_Mesh.fbx using Guid(ff02a0a00ab750f48b09459b1cafd1b8) Importer(2089858483,0ecaa5967403d082aa24f35e1b516d23) Generated GUIDs only implemented for interfaces!
 -> (artifact id: '9e8f2d629e23a0e3b9548521f4be77cf') in 0.026864 seconds
Number of updated asset objects reloaded before import = 0
Number of asset objects unloaded after import = 8
========================================================================
Received Import Request.
  Time since last request: 0.000015 seconds.
  path: Assets/StarterAssets/Environment/Art/Models/Ground_Mesh.fbx
  artifactKey: Guid(aa38d7b0e367ecc4aac915dcfe957879) Importer(2089858483,0ecaa5967403d082aa24f35e1b516d23)
Start importing Assets/StarterAssets/Environment/Art/Models/Ground_Mesh.fbx using Guid(aa38d7b0e367ecc4aac915dcfe957879) Importer(2089858483,0ecaa5967403d082aa24f35e1b516d23) Generated GUIDs only implemented for interfaces!
 -> (artifact id: '2032d83ddd6cbd4ef5b09caee96dbfc8') in 0.029789 seconds
Number of updated asset objects reloaded before import = 0
Number of asset objects unloaded after import = 8
========================================================================
Received Import Request.
  Time since last request: 0.000019 seconds.
  path: Assets/StarterAssets/Environment/Art/Materials/Blue_Mat.mat
  artifactKey: Guid(979aef027a1c86c42a15ce35fce366fa) Importer(2089858483,0ecaa5967403d082aa24f35e1b516d23)
Start importing Assets/StarterAssets/Environment/Art/Materials/Blue_Mat.mat using Guid(979aef027a1c86c42a15ce35fce366fa) Importer(2089858483,0ecaa5967403d082aa24f35e1b516d23) Generated GUIDs only implemented for interfaces!
 -> (artifact id: '5082af8d0ae9b8dd2653bfef689e30e9') in 0.015787 seconds
Number of updated asset objects reloaded before import = 0
Number of asset objects unloaded after import = 1
========================================================================
Received Import Request.
  Time since last request: 0.000023 seconds.
  path: Assets/StarterAssets/Environment/Art/Materials/GreyBlue_Mat.mat
  artifactKey: Guid(6b911390c5825014e8377183a7837d3f) Importer(2089858483,0ecaa5967403d082aa24f35e1b516d23)
Start importing Assets/StarterAssets/Environment/Art/Materials/GreyBlue_Mat.mat using Guid(6b911390c5825014e8377183a7837d3f) Importer(2089858483,0ecaa5967403d082aa24f35e1b516d23) Generated GUIDs only implemented for interfaces!
 -> (artifact id: 'cb6bfd0fcb831ebf6bad2e8ebc1a8da7') in 0.016307 seconds
Number of updated asset objects reloaded before import = 0
Number of asset objects unloaded after import = 1
========================================================================
Received Import Request.
  Time since last request: 0.000016 seconds.
  path: Assets/Textures/Sand textures pack/Sand 08/preview.jpg
  artifactKey: Guid(5b62b358d1a10f14d938a701e6e20977) Importer(2089858483,0ecaa5967403d082aa24f35e1b516d23)
Start importing Assets/Textures/Sand textures pack/Sand 08/preview.jpg using Guid(5b62b358d1a10f14d938a701e6e20977) Importer(2089858483,0ecaa5967403d082aa24f35e1b516d23) Generated GUIDs only implemented for interfaces!
 -> (artifact id: '5cbb2e6c0b4b8a013be5c55ce9447a39') in 0.043886 seconds
Number of updated asset objects reloaded before import = 0
Number of asset objects unloaded after import = 1
========================================================================
Received Import Request.
  Time since last request: 0.000018 seconds.
  path: Assets/Textures/Sand textures pack/Sand 02/normal.tga
  artifactKey: Guid(eee2cf455d4890d449acd65233f9f258) Importer(2089858483,0ecaa5967403d082aa24f35e1b516d23)
Start importing Assets/Textures/Sand textures pack/Sand 02/normal.tga using Guid(eee2cf455d4890d449acd65233f9f258) Importer(2089858483,0ecaa5967403d082aa24f35e1b516d23) Generated GUIDs only implemented for interfaces!
 -> (artifact id: '54411c7f1283ec7c1f0be8cd58d52d50') in 0.033664 seconds
Number of updated asset objects reloaded before import = 0
Number of asset objects unloaded after import = 1
========================================================================
Received Import Request.
  Time since last request: 0.000020 seconds.
  path: Assets/Terrains/TerrainSampleAssets/TerrainLayers/Heather_TerrainLayer.terrainlayer
  artifactKey: Guid(795e383430200a14bb52726e97a0e7f4) Importer(2089858483,0ecaa5967403d082aa24f35e1b516d23)
Start importing Assets/Terrains/TerrainSampleAssets/TerrainLayers/Heather_TerrainLayer.terrainlayer using Guid(795e383430200a14bb52726e97a0e7f4) Importer(2089858483,0ecaa5967403d082aa24f35e1b516d23) Generated GUIDs only implemented for interfaces!
 -> (artifact id: '5f0ebe7ef699ec3cf7f266ed2ff88572') in 0.015525 seconds
Number of updated asset objects reloaded before import = 0
Number of asset objects unloaded after import = 1
========================================================================
Received Import Request.
  Time since last request: 0.000024 seconds.
  path: Assets/Skyboxes/Wispy Sky/Materials/Materials/WispyCubemap2.mat
  artifactKey: Guid(5457db00c4eaa084d878e1b549395f3c) Importer(2089858483,0ecaa5967403d082aa24f35e1b516d23)
Start importing Assets/Skyboxes/Wispy Sky/Materials/Materials/WispyCubemap2.mat using Guid(5457db00c4eaa084d878e1b549395f3c) Importer(2089858483,0ecaa5967403d082aa24f35e1b516d23) Generated GUIDs only implemented for interfaces!
 -> (artifact id: 'de2125207e5613448263cc8fb187ad84') in 0.016247 seconds
Number of updated asset objects reloaded before import = 0
Number of asset objects unloaded after import = 1
========================================================================
Received Import Request.
  Time since last request: 0.000030 seconds.
  path: Assets/Terrains/TerrainSampleAssets/TerrainLayers/Grass_Dry_TerrainLayer.terrainlayer
  artifactKey: Guid(0cbb01b61ed524a48a119d81aa262fed) Importer(2089858483,0ecaa5967403d082aa24f35e1b516d23)
Start importing Assets/Terrains/TerrainSampleAssets/TerrainLayers/Grass_Dry_TerrainLayer.terrainlayer using Guid(0cbb01b61ed524a48a119d81aa262fed) Importer(2089858483,0ecaa5967403d082aa24f35e1b516d23) Generated GUIDs only implemented for interfaces!
 -> (artifact id: '6bc6e163084b4492fa90f44765ced12b') in 0.016613 seconds
Number of updated asset objects reloaded before import = 0
Number of asset objects unloaded after import = 1
========================================================================
Received Import Request.
  Time since last request: 0.000016 seconds.
  path: Assets/StarterAssets/ThirdPersonController/Character/Animations/Stand--Idle.anim.fbx
  artifactKey: Guid(12e52e465ed793a4d801955e9f964a82) Importer(2089858483,0ecaa5967403d082aa24f35e1b516d23)
Start importing Assets/StarterAssets/ThirdPersonController/Character/Animations/Stand--Idle.anim.fbx using Guid(12e52e465ed793a4d801955e9f964a82) Importer(2089858483,0ecaa5967403d082aa24f35e1b516d23) Generated GUIDs only implemented for interfaces!
 -> (artifact id: '0d7ae40eb8cf817a21290bd4e08316c9') in 0.033128 seconds
Number of updated asset objects reloaded before import = 0
Number of asset objects unloaded after import = 144
========================================================================
Received Import Request.
  Time since last request: 0.000017 seconds.
  path: Assets/StarterAssets/Mobile/Prefabs/VirtualInputs/UI_Virtual_Joystick.prefab
  artifactKey: Guid(6eb08bfc0fd869c47b796c42ada099da) Importer(2089858483,0ecaa5967403d082aa24f35e1b516d23)
Start importing Assets/StarterAssets/Mobile/Prefabs/VirtualInputs/UI_Virtual_Joystick.prefab using Guid(6eb08bfc0fd869c47b796c42ada099da) Importer(2089858483,0ecaa5967403d082aa24f35e1b516d23) Generated GUIDs only implemented for interfaces!
 -> (artifact id: '496b8ed85396bca1caf14045e037af2f') in 0.021217 seconds
Number of updated asset objects reloaded before import = 0
Number of asset objects unloaded after import = 18
========================================================================
Received Import Request.
  Time since last request: 0.000018 seconds.
  path: Assets/StarterAssets/Mobile/Scripts/VirtualInputs/UIVirtualTouchZone.cs
  artifactKey: Guid(65870f34fef70aa44b0f562cfc810220) Importer(2089858483,0ecaa5967403d082aa24f35e1b516d23)
Start importing Assets/StarterAssets/Mobile/Scripts/VirtualInputs/UIVirtualTouchZone.cs using Guid(65870f34fef70aa44b0f562cfc810220) Importer(2089858483,0ecaa5967403d082aa24f35e1b516d23) Generated GUIDs only implemented for interfaces!
 -> (artifact id: 'f122264ba5b45b43832650c1b701b809') in 0.013829 seconds
Number of updated asset objects reloaded before import = 0
Number of asset objects unloaded after import = 1
========================================================================
Received Import Request.
  Time since last request: 0.000019 seconds.
  path: Assets/StarterAssets/Mobile/Prefabs/EventSystem/UI_EventSystem.prefab
  artifactKey: Guid(f0271df749728104eac22c3d897fd8ce) Importer(2089858483,0ecaa5967403d082aa24f35e1b516d23)
Start importing Assets/StarterAssets/Mobile/Prefabs/EventSystem/UI_EventSystem.prefab using Guid(f0271df749728104eac22c3d897fd8ce) Importer(2089858483,0ecaa5967403d082aa24f35e1b516d23) Generated GUIDs only implemented for interfaces!
 -> (artifact id: 'd65f4529709c453bb4b1c393d832a9e9') in 0.046487 seconds
Number of updated asset objects reloaded before import = 0
Number of asset objects unloaded after import = 17
========================================================================
Received Import Request.
  Time since last request: 0.000017 seconds.
  path: Assets/StarterAssets/ThirdPersonController/Character/Animations/Jump--Jump.anim.fbx
  artifactKey: Guid(98f277b0c8055e143b2fcf058d3c27dc) Importer(2089858483,0ecaa5967403d082aa24f35e1b516d23)
Start importing Assets/StarterAssets/ThirdPersonController/Character/Animations/Jump--Jump.anim.fbx using Guid(98f277b0c8055e143b2fcf058d3c27dc) Importer(2089858483,0ecaa5967403d082aa24f35e1b516d23) Generated GUIDs only implemented for interfaces!
 -> (artifact id: '0e127c651950098b6370129c1f091880') in 0.049897 seconds
Number of updated asset objects reloaded before import = 0
Number of asset objects unloaded after import = 145
========================================================================
Received Import Request.
  Time since last request: 0.000024 seconds.
  path: Assets/StarterAssets/ThirdPersonController/Character/Animations/Locomotion--Run_S.anim.fbx
  artifactKey: Guid(a073c604c44135e438eeeaef77058ac5) Importer(2089858483,0ecaa5967403d082aa24f35e1b516d23)
Start importing Assets/StarterAssets/ThirdPersonController/Character/Animations/Locomotion--Run_S.anim.fbx using Guid(a073c604c44135e438eeeaef77058ac5) Importer(2089858483,0ecaa5967403d082aa24f35e1b516d23) Generated GUIDs only implemented for interfaces!
 -> (artifact id: '02bc8b2b58ca78e95eb56afcfaba77a0') in 0.034246 seconds
Number of updated asset objects reloaded before import = 0
Number of asset objects unloaded after import = 144
========================================================================
Received Import Request.
  Time since last request: 0.000021 seconds.
  path: Assets/StarterAssets/Mobile/Scripts/VirtualInputs/UIVirtualButton.cs
  artifactKey: Guid(448cd6d8e2f2cb04096e777d99974bc4) Importer(2089858483,0ecaa5967403d082aa24f35e1b516d23)
Start importing Assets/StarterAssets/Mobile/Scripts/VirtualInputs/UIVirtualButton.cs using Guid(448cd6d8e2f2cb04096e777d99974bc4) Importer(2089858483,0ecaa5967403d082aa24f35e1b516d23) Generated GUIDs only implemented for interfaces!
 -> (artifact id: 'c8a5a6b448a783e6d7818760d7fe91f6') in 0.013854 seconds
Number of updated asset objects reloaded before import = 0
Number of asset objects unloaded after import = 1
========================================================================
Received Import Request.
  Time since last request: 0.000016 seconds.
  path: Assets/StarterAssets/ThirdPersonController/Character/Materials/M_Armature_Body.mat
  artifactKey: Guid(43714b68324cc2c409d534d9874f2a2b) Importer(2089858483,0ecaa5967403d082aa24f35e1b516d23)
Start importing Assets/StarterAssets/ThirdPersonController/Character/Materials/M_Armature_Body.mat using Guid(43714b68324cc2c409d534d9874f2a2b) Importer(2089858483,0ecaa5967403d082aa24f35e1b516d23) Generated GUIDs only implemented for interfaces!
 -> (artifact id: 'a3bd26e56ee720c0f5bdc336dc0c4679') in 0.192233 seconds
Number of updated asset objects reloaded before import = 0
Number of asset objects unloaded after import = 4
========================================================================
Received Import Request.
  Time since last request: 0.000030 seconds.
  path: Assets/StarterAssets/Mobile/Scripts/VirtualInputs/UIVirtualJoystick.cs
  artifactKey: Guid(f2cb8c4d669392748bb924209de33b85) Importer(2089858483,0ecaa5967403d082aa24f35e1b516d23)
Start importing Assets/StarterAssets/Mobile/Scripts/VirtualInputs/UIVirtualJoystick.cs using Guid(f2cb8c4d669392748bb924209de33b85) Importer(2089858483,0ecaa5967403d082aa24f35e1b516d23) Generated GUIDs only implemented for interfaces!
 -> (artifact id: '8a68d57603220c2bf62c6a499db02ace') in 0.014782 seconds
Number of updated asset objects reloaded before import = 0
Number of asset objects unloaded after import = 1
========================================================================
Received Import Request.
  Time since last request: 0.000024 seconds.
  path: Assets/StarterAssets/ThirdPersonController/Character/Sfx/Player_Footstep_05.wav
  artifactKey: Guid(14e8a8d2158bec840b56c54f5266e692) Importer(2089858483,0ecaa5967403d082aa24f35e1b516d23)
Start importing Assets/StarterAssets/ThirdPersonController/Character/Sfx/Player_Footstep_05.wav using Guid(14e8a8d2158bec840b56c54f5266e692) Importer(2089858483,0ecaa5967403d082aa24f35e1b516d23) Generated GUIDs only implemented for interfaces!
 -> (artifact id: '74c0641ad078904df4d0abf82d8f2993') in 0.041249 seconds
Number of updated asset objects reloaded before import = 0
Number of asset objects unloaded after import = 1
========================================================================
Received Import Request.
  Time since last request: 0.000019 seconds.
  path: Assets/StarterAssets/ThirdPersonController/Character/Sfx/Player_Footstep_07.wav
  artifactKey: Guid(dd1af302b8902684d9381de1f2d3a5af) Importer(2089858483,0ecaa5967403d082aa24f35e1b516d23)
Start importing Assets/StarterAssets/ThirdPersonController/Character/Sfx/Player_Footstep_07.wav using Guid(dd1af302b8902684d9381de1f2d3a5af) Importer(2089858483,0ecaa5967403d082aa24f35e1b516d23) Generated GUIDs only implemented for interfaces!
 -> (artifact id: '6c3b911585959393f68f026064003059') in 0.053851 seconds
Number of updated asset objects reloaded before import = 0
Number of asset objects unloaded after import = 1
========================================================================
Received Import Request.
  Time since last request: 0.000019 seconds.
  path: Assets/Terrains/TerrainSampleAssets/ShaderGraphs/Subgraphs/MainLight.shadersubgraph
  artifactKey: Guid(22848ae0b35f9cb4f830ade382bd4f44) Importer(2089858483,0ecaa5967403d082aa24f35e1b516d23)
Start importing Assets/Terrains/TerrainSampleAssets/ShaderGraphs/Subgraphs/MainLight.shadersubgraph using Guid(22848ae0b35f9cb4f830ade382bd4f44) Importer(2089858483,0ecaa5967403d082aa24f35e1b516d23) Generated GUIDs only implemented for interfaces!
 -> (artifact id: '72cb5fa62fee3f291a14dc1421486ffa') in 0.067997 seconds
Number of updated asset objects reloaded before import = 0
Number of asset objects unloaded after import = 1
========================================================================
Received Import Request.
  Time since last request: 0.000021 seconds.
  path: Assets/StarterAssets/ThirdPersonController/Character/Textures/Armature_Legs_AlbedoTransparency.tif
  artifactKey: Guid(c444e3d02d2fcff4d9fe5211d67652a0) Importer(2089858483,0ecaa5967403d082aa24f35e1b516d23)
Start importing Assets/StarterAssets/ThirdPersonController/Character/Textures/Armature_Legs_AlbedoTransparency.tif using Guid(c444e3d02d2fcff4d9fe5211d67652a0) Importer(2089858483,0ecaa5967403d082aa24f35e1b516d23) Generated GUIDs only implemented for interfaces!
 -> (artifact id: 'b8f429755d13bb1e34c3423cbd2caee2') in 0.036607 seconds
Number of updated asset objects reloaded before import = 0
Number of asset objects unloaded after import = 1
========================================================================
Received Import Request.
  Time since last request: 0.000024 seconds.
  path: Assets/StarterAssets/ThirdPersonController/Scenes/Playground/ReflectionProbe-2.exr
  artifactKey: Guid(7e3f1677bc1aead4fb8791998078dcec) Importer(2089858483,0ecaa5967403d082aa24f35e1b516d23)
Start importing Assets/StarterAssets/ThirdPersonController/Scenes/Playground/ReflectionProbe-2.exr using Guid(7e3f1677bc1aead4fb8791998078dcec) Importer(2089858483,0ecaa5967403d082aa24f35e1b516d23) Generated GUIDs only implemented for interfaces!
 -> (artifact id: '82f921102e8f54e7b9e7453926181749') in 0.045997 seconds
Number of updated asset objects reloaded before import = 0
Number of asset objects unloaded after import = 1
========================================================================
Received Import Request.
  Time since last request: 0.000019 seconds.
  path: Assets/StarterAssets/ThirdPersonController/Character/Textures/Armature_Body_MetallicSmoothness.tif
  artifactKey: Guid(e73adacd5e8f6fc45a491dbd62e71ead) Importer(2089858483,0ecaa5967403d082aa24f35e1b516d23)
Start importing Assets/StarterAssets/ThirdPersonController/Character/Textures/Armature_Body_MetallicSmoothness.tif using Guid(e73adacd5e8f6fc45a491dbd62e71ead) Importer(2089858483,0ecaa5967403d082aa24f35e1b516d23) Generated GUIDs only implemented for interfaces!
 -> (artifact id: '211dc08ff309aa17039774c4d9ce30ea') in 0.040532 seconds
Number of updated asset objects reloaded before import = 0
Number of asset objects unloaded after import = 1
========================================================================
Received Import Request.
  Time since last request: 0.000019 seconds.
  path: Assets/StarterAssets/ThirdPersonController/Scenes/Playground/ReflectionProbe-1.exr
  artifactKey: Guid(1b8a4de7469ad774c80dd6678d94e6b9) Importer(2089858483,0ecaa5967403d082aa24f35e1b516d23)
Start importing Assets/StarterAssets/ThirdPersonController/Scenes/Playground/ReflectionProbe-1.exr using Guid(1b8a4de7469ad774c80dd6678d94e6b9) Importer(2089858483,0ecaa5967403d082aa24f35e1b516d23) Generated GUIDs only implemented for interfaces!
 -> (artifact id: '09d1e12e3b0679de8288d339600fc670') in 0.031008 seconds
Number of updated asset objects reloaded before import = 0
Number of asset objects unloaded after import = 1
========================================================================
Received Import Request.
  Time since last request: 0.000015 seconds.
  path: Assets/StarterAssets/ThirdPersonController/Scenes/Playground/ReflectionProbe-0.exr
  artifactKey: Guid(b65762d7243eb714e903b585ed68a576) Importer(2089858483,0ecaa5967403d082aa24f35e1b516d23)
Start importing Assets/StarterAssets/ThirdPersonController/Scenes/Playground/ReflectionProbe-0.exr using Guid(b65762d7243eb714e903b585ed68a576) Importer(2089858483,0ecaa5967403d082aa24f35e1b516d23) Generated GUIDs only implemented for interfaces!
 -> (artifact id: 'aea2b7f80787f883aef30b9fc05fc183') in 0.051499 seconds
Number of updated asset objects reloaded before import = 0
Number of asset objects unloaded after import = 1
========================================================================
Received Import Request.
  Time since last request: 0.000021 seconds.
  path: Assets/StarterAssets/ThirdPersonController/Character/Textures/Armature_Legs_RGB.tif
  artifactKey: Guid(64d6bedfd9838e14fb51c78c8e947042) Importer(2089858483,0ecaa5967403d082aa24f35e1b516d23)
Start importing Assets/StarterAssets/ThirdPersonController/Character/Textures/Armature_Legs_RGB.tif using Guid(64d6bedfd9838e14fb51c78c8e947042) Importer(2089858483,0ecaa5967403d082aa24f35e1b516d23) Generated GUIDs only implemented for interfaces!
 -> (artifact id: 'd5aa091cccbff8ece1f553d0111fa669') in 0.089534 seconds
Number of updated asset objects reloaded before import = 0
Number of asset objects unloaded after import = 1
========================================================================
Received Import Request.
  Time since last request: 0.000028 seconds.
  path: Assets/StarterAssets/ThirdPersonController/Character/Sfx/Player_Footstep_10.wav
  artifactKey: Guid(a3194b8bbc96ef84fab1f98f4b7dae3e) Importer(2089858483,0ecaa5967403d082aa24f35e1b516d23)
Start importing Assets/StarterAssets/ThirdPersonController/Character/Sfx/Player_Footstep_10.wav using Guid(a3194b8bbc96ef84fab1f98f4b7dae3e) Importer(2089858483,0ecaa5967403d082aa24f35e1b516d23) Generated GUIDs only implemented for interfaces!
 -> (artifact id: '8db5a1127b3a1be0960ea54180fe41e5') in 0.048228 seconds
Number of updated asset objects reloaded before import = 0
Number of asset objects unloaded after import = 1
========================================================================
Received Import Request.
  Time since last request: 0.000014 seconds.
  path: Assets/StarterAssets/Environment/Art/Skybox/SkyboxLite.mat
  artifactKey: Guid(f6c51332ac7d92541a38fb263b09d2a8) Importer(2089858483,0ecaa5967403d082aa24f35e1b516d23)
Start importing Assets/StarterAssets/Environment/Art/Skybox/SkyboxLite.mat using Guid(f6c51332ac7d92541a38fb263b09d2a8) Importer(2089858483,0ecaa5967403d082aa24f35e1b516d23) Generated GUIDs only implemented for interfaces!
 -> (artifact id: '018331c9ba2ed5abfaad6203b485f405') in 0.016276 seconds
Number of updated asset objects reloaded before import = 0
Number of asset objects unloaded after import = 1
========================================================================
Received Import Request.
  Time since last request: 0.000014 seconds.
  path: Assets/Animations/unity-chan!/Unity-chan! Model/Scripts/AutoBlink.cs
  artifactKey: Guid(0a6149a22cf8a47a192a60b00b3becb3) Importer(2089858483,0ecaa5967403d082aa24f35e1b516d23)
Start importing Assets/Animations/unity-chan!/Unity-chan! Model/Scripts/AutoBlink.cs using Guid(0a6149a22cf8a47a192a60b00b3becb3) Importer(2089858483,0ecaa5967403d082aa24f35e1b516d23) Generated GUIDs only implemented for interfaces!
 -> (artifact id: '2b837331d0b3b4b5c8e90db19abb077f') in 0.011954 seconds
Number of updated asset objects reloaded before import = 0
Number of asset objects unloaded after import = 1
========================================================================
Received Import Request.
  Time since last request: 0.000139 seconds.
  path: Assets/StarterAssets/ThirdPersonController/Character/Animations/Locomotion--Walk_N_Land.anim.fbx
  artifactKey: Guid(325a26d62b61fa94cb3c97c435efebc5) Importer(2089858483,0ecaa5967403d082aa24f35e1b516d23)
Start importing Assets/StarterAssets/ThirdPersonController/Character/Animations/Locomotion--Walk_N_Land.anim.fbx using Guid(325a26d62b61fa94cb3c97c435efebc5) Importer(2089858483,0ecaa5967403d082aa24f35e1b516d23) Generated GUIDs only implemented for interfaces!
 -> (artifact id: '8166c254447fab1d60dffcffcd00c2c1') in 0.030472 seconds
Number of updated asset objects reloaded before import = 0
Number of asset objects unloaded after import = 144
========================================================================
Received Import Request.
  Time since last request: 0.000019 seconds.
  path: Assets/Textures/Sand textures pack/Sand 04/Sand Pattern 04.terrainlayer
  artifactKey: Guid(40c93639da91f464bb4aaa792d9db008) Importer(2089858483,0ecaa5967403d082aa24f35e1b516d23)
Start importing Assets/Textures/Sand textures pack/Sand 04/Sand Pattern 04.terrainlayer using Guid(40c93639da91f464bb4aaa792d9db008) Importer(2089858483,0ecaa5967403d082aa24f35e1b516d23) Generated GUIDs only implemented for interfaces!
 -> (artifact id: 'fb4f375394d19ac1ebbc70d694706fed') in 0.016345 seconds
Number of updated asset objects reloaded before import = 0
Number of asset objects unloaded after import = 1
========================================================================
Received Import Request.
  Time since last request: 0.000023 seconds.
  path: Assets/Terrains/TerrainSampleAssets/Textures/Details/BushDry_BaseColor.tif
  artifactKey: Guid(a366a386d5147ee47b6111652608c240) Importer(2089858483,0ecaa5967403d082aa24f35e1b516d23)
Start importing Assets/Terrains/TerrainSampleAssets/Textures/Details/BushDry_BaseColor.tif using Guid(a366a386d5147ee47b6111652608c240) Importer(2089858483,0ecaa5967403d082aa24f35e1b516d23) Generated GUIDs only implemented for interfaces!
 -> (artifact id: '407300d307ef879a6053fb3ac47b81d1') in 0.036247 seconds
Number of updated asset objects reloaded before import = 0
Number of asset objects unloaded after import = 1
========================================================================
Received Import Request.
  Time since last request: 0.000015 seconds.
  path: Assets/Terrains/TerrainSampleAssets/Textures/Details/BushDry_Thickness.tif
  artifactKey: Guid(100a50e8b1d0bc04b95bc2f03cb760db) Importer(2089858483,0ecaa5967403d082aa24f35e1b516d23)
Start importing Assets/Terrains/TerrainSampleAssets/Textures/Details/BushDry_Thickness.tif using Guid(100a50e8b1d0bc04b95bc2f03cb760db) Importer(2089858483,0ecaa5967403d082aa24f35e1b516d23) Generated GUIDs only implemented for interfaces!
 -> (artifact id: '229e8eefb5b68379477beeade2e0d65c') in 0.026580 seconds
Number of updated asset objects reloaded before import = 0
Number of asset objects unloaded after import = 1
========================================================================
Received Import Request.
  Time since last request: 0.000018 seconds.
  path: Assets/Terrains/TerrainSampleAssets/ShaderGraphs/Subgraphs/URPSSS.shadersubgraph
  artifactKey: Guid(9037b993318fb2a46b314bdf87073500) Importer(2089858483,0ecaa5967403d082aa24f35e1b516d23)
Start importing Assets/Terrains/TerrainSampleAssets/ShaderGraphs/Subgraphs/URPSSS.shadersubgraph using Guid(9037b993318fb2a46b314bdf87073500) Importer(2089858483,0ecaa5967403d082aa24f35e1b516d23) Generated GUIDs only implemented for interfaces!
 -> (artifact id: '016da93d8d95631465e2b6a254db8af5') in 0.021905 seconds
Number of updated asset objects reloaded before import = 0
Number of asset objects unloaded after import = 1
========================================================================
Received Import Request.
  Time since last request: 0.000018 seconds.
  path: Assets/Terrains/TerrainSampleAssets/Textures/Details/Grass_A_BaseColor.tif
  artifactKey: Guid(9bf68c6e5059e7549b60e91ca11987a6) Importer(2089858483,0ecaa5967403d082aa24f35e1b516d23)
Start importing Assets/Terrains/TerrainSampleAssets/Textures/Details/Grass_A_BaseColor.tif using Guid(9bf68c6e5059e7549b60e91ca11987a6) Importer(2089858483,0ecaa5967403d082aa24f35e1b516d23) Generated GUIDs only implemented for interfaces!
 -> (artifact id: 'a7b0cdf490fe2ba72139a9fda29a7130') in 0.026116 seconds
Number of updated asset objects reloaded before import = 0
Number of asset objects unloaded after import = 1
========================================================================
Received Import Request.
  Time since last request: 0.000017 seconds.
  path: Assets/Terrains/TerrainSampleAssets/Textures/Details/Fern_BaseColor.tif
  artifactKey: Guid(f3661c5aa3d7dc141aebd059ea67047b) Importer(2089858483,0ecaa5967403d082aa24f35e1b516d23)
Start importing Assets/Terrains/TerrainSampleAssets/Textures/Details/Fern_BaseColor.tif using Guid(f3661c5aa3d7dc141aebd059ea67047b) Importer(2089858483,0ecaa5967403d082aa24f35e1b516d23) Generated GUIDs only implemented for interfaces!
 -> (artifact id: 'a7d775bc4dbd57fad316b0936d6da5cb') in 0.026752 seconds
Number of updated asset objects reloaded before import = 0
Number of asset objects unloaded after import = 1
========================================================================
Received Import Request.
  Time since last request: 0.000032 seconds.
  path: Assets/Terrains/TerrainSampleAssets/Textures/Details/GrassDry_Thickness.tif
  artifactKey: Guid(77efac6da14b90f48895b89d90b5ef3f) Importer(2089858483,0ecaa5967403d082aa24f35e1b516d23)
Start importing Assets/Terrains/TerrainSampleAssets/Textures/Details/GrassDry_Thickness.tif using Guid(77efac6da14b90f48895b89d90b5ef3f) Importer(2089858483,0ecaa5967403d082aa24f35e1b516d23) Generated GUIDs only implemented for interfaces!
 -> (artifact id: '94b4510c355de3c904a0de87ce639070') in 0.024303 seconds
Number of updated asset objects reloaded before import = 0
Number of asset objects unloaded after import = 1
========================================================================
Received Import Request.
  Time since last request: 0.000020 seconds.
  path: Assets/Terrains/TerrainSampleAssets/Textures/Details/Bush_A_Normal.tif
  artifactKey: Guid(e1ef57925b58e624bb0ddcc506f28e94) Importer(2089858483,0ecaa5967403d082aa24f35e1b516d23)
Start importing Assets/Terrains/TerrainSampleAssets/Textures/Details/Bush_A_Normal.tif using Guid(e1ef57925b58e624bb0ddcc506f28e94) Importer(2089858483,0ecaa5967403d082aa24f35e1b516d23) Generated GUIDs only implemented for interfaces!
 -> (artifact id: '867a717d8bbc9a45c3a6e787dc476142') in 0.041110 seconds
Number of updated asset objects reloaded before import = 0
Number of asset objects unloaded after import = 1
========================================================================
Received Import Request.
  Time since last request: 0.000017 seconds.
  path: Assets/Terrains/TerrainSampleAssets/ShaderGraphs/Subgraphs/PipelineSwitch.shadersubgraph
  artifactKey: Guid(31fa38c326a958b4c85964d5d54981a0) Importer(2089858483,0ecaa5967403d082aa24f35e1b516d23)
Start importing Assets/Terrains/TerrainSampleAssets/ShaderGraphs/Subgraphs/PipelineSwitch.shadersubgraph using Guid(31fa38c326a958b4c85964d5d54981a0) Importer(2089858483,0ecaa5967403d082aa24f35e1b516d23) Generated GUIDs only implemented for interfaces!
 -> (artifact id: '3f18da45e9b2e4c9c141b0a0a581bd41') in 0.021623 seconds
Number of updated asset objects reloaded before import = 0
Number of asset objects unloaded after import = 1
========================================================================
Received Import Request.
  Time since last request: 0.000015 seconds.
  path: Assets/Terrains/TerrainSampleAssets/TerrainLayers/Grass_Moss_TerrainLayer.terrainlayer
  artifactKey: Guid(d25c8def728088547ae6a1024dd9b481) Importer(2089858483,0ecaa5967403d082aa24f35e1b516d23)
Start importing Assets/Terrains/TerrainSampleAssets/TerrainLayers/Grass_Moss_TerrainLayer.terrainlayer using Guid(d25c8def728088547ae6a1024dd9b481) Importer(2089858483,0ecaa5967403d082aa24f35e1b516d23) Generated GUIDs only implemented for interfaces!
 -> (artifact id: 'fb93378eef3eac92a55f345b69d8332e') in 0.014868 seconds
Number of updated asset objects reloaded before import = 0
Number of asset objects unloaded after import = 1
========================================================================
Received Import Request.
  Time since last request: 0.000024 seconds.
  path: Assets/StarterAssets/ThirdPersonController/Character/Textures/Armature_Legs_MetallicSmoothness.tif
  artifactKey: Guid(1c98c94efa7792645972ecf95e6f86c2) Importer(2089858483,0ecaa5967403d082aa24f35e1b516d23)
Start importing Assets/StarterAssets/ThirdPersonController/Character/Textures/Armature_Legs_MetallicSmoothness.tif using Guid(1c98c94efa7792645972ecf95e6f86c2) Importer(2089858483,0ecaa5967403d082aa24f35e1b516d23) Generated GUIDs only implemented for interfaces!
 -> (artifact id: '877827f2120ee9ce682ae2bf13531891') in 0.044071 seconds
Number of updated asset objects reloaded before import = 0
Number of asset objects unloaded after import = 1
========================================================================
Received Import Request.
  Time since last request: 0.000023 seconds.
  path: Assets/Textures/Sand textures pack/Sand 01/NewLayer.terrainlayer
  artifactKey: Guid(e245b07388dbdb34da8fb4f778df5518) Importer(2089858483,0ecaa5967403d082aa24f35e1b516d23)
Start importing Assets/Textures/Sand textures pack/Sand 01/NewLayer.terrainlayer using Guid(e245b07388dbdb34da8fb4f778df5518) Importer(2089858483,0ecaa5967403d082aa24f35e1b516d23) Generated GUIDs only implemented for interfaces!
 -> (artifact id: 'bc9e0a978ad8eb102c249b4c633a4393') in 0.025768 seconds
Number of updated asset objects reloaded before import = 0
Number of asset objects unloaded after import = 3
========================================================================
Received Import Request.
  Time since last request: 0.000016 seconds.
  path: Assets/Animations/unity-chan!/Unity-chan! Model/Scripts/ThirdPersonCamera.cs
  artifactKey: Guid(bd9604897707c4879978b864a8be4d39) Importer(2089858483,0ecaa5967403d082aa24f35e1b516d23)
Start importing Assets/Animations/unity-chan!/Unity-chan! Model/Scripts/ThirdPersonCamera.cs using Guid(bd9604897707c4879978b864a8be4d39) Importer(2089858483,0ecaa5967403d082aa24f35e1b516d23) Generated GUIDs only implemented for interfaces!
 -> (artifact id: 'aa05c2a1ed0786e0264b5ba86e60d18a') in 0.017730 seconds
Number of updated asset objects reloaded before import = 0
Number of asset objects unloaded after import = 1
========================================================================
Received Import Request.
  Time since last request: 0.000020 seconds.
  path: Assets/Terrains/TerrainSampleAssets/Textures/Details/BushDry_Normal.tif
  artifactKey: Guid(03fe3ff010bcfb3418536e2f7896257b) Importer(2089858483,0ecaa5967403d082aa24f35e1b516d23)
Start importing Assets/Terrains/TerrainSampleAssets/Textures/Details/BushDry_Normal.tif using Guid(03fe3ff010bcfb3418536e2f7896257b) Importer(2089858483,0ecaa5967403d082aa24f35e1b516d23) Generated GUIDs only implemented for interfaces!
 -> (artifact id: '079cc56a23281219e5ac18200451149a') in 0.029655 seconds
Number of updated asset objects reloaded before import = 0
Number of asset objects unloaded after import = 1
========================================================================
Received Import Request.
  Time since last request: 0.000018 seconds.
  path: Assets/Terrains/TerrainSampleAssets/TerrainBrushes/Terrainstamp_Mountain09_Brush.brush
  artifactKey: Guid(9159bc656b82f2b4b80e93118991ddc7) Importer(2089858483,0ecaa5967403d082aa24f35e1b516d23)
Start importing Assets/Terrains/TerrainSampleAssets/TerrainBrushes/Terrainstamp_Mountain09_Brush.brush using Guid(9159bc656b82f2b4b80e93118991ddc7) Importer(2089858483,0ecaa5967403d082aa24f35e1b516d23) Generated GUIDs only implemented for interfaces!
 -> (artifact id: '8b6bbc7153830c5e1badcde519c256f1') in 0.034216 seconds
Number of updated asset objects reloaded before import = 0
Number of asset objects unloaded after import = 2
========================================================================
Received Import Request.
  Time since last request: 0.000019 seconds.
  path: Assets/Terrains/TerrainSampleAssets/Textures/Details/Heather_A_Normal.tif
  artifactKey: Guid(b5680c218e8592f489953c2723e3aac4) Importer(2089858483,0ecaa5967403d082aa24f35e1b516d23)
Start importing Assets/Terrains/TerrainSampleAssets/Textures/Details/Heather_A_Normal.tif using Guid(b5680c218e8592f489953c2723e3aac4) Importer(2089858483,0ecaa5967403d082aa24f35e1b516d23) Generated GUIDs only implemented for interfaces!
 -> (artifact id: '970f9b828428cb06504a92922bbbedc2') in 0.044420 seconds
Number of updated asset objects reloaded before import = 0
Number of asset objects unloaded after import = 1
========================================================================
Received Import Request.
  Time since last request: 0.000028 seconds.
  path: Assets/Terrains/TerrainSampleAssets/Textures/Details/Plant_Thickness.tif
  artifactKey: Guid(eb0c8b2f7b0da9944ae8e4156f2ec349) Importer(2089858483,0ecaa5967403d082aa24f35e1b516d23)
Start importing Assets/Terrains/TerrainSampleAssets/Textures/Details/Plant_Thickness.tif using Guid(eb0c8b2f7b0da9944ae8e4156f2ec349) Importer(2089858483,0ecaa5967403d082aa24f35e1b516d23) Generated GUIDs only implemented for interfaces!
 -> (artifact id: '6d93a52e3535189dd898a6ab052a821f') in 0.027119 seconds
Number of updated asset objects reloaded before import = 0
Number of asset objects unloaded after import = 1
========================================================================
Received Import Request.
  Time since last request: 0.000023 seconds.
  path: Assets/Terrains/TerrainSampleAssets/Textures/Heightmaps/Canyon04_Heightmap.tif
  artifactKey: Guid(fd3a283142a57bd4aa8029f5e0705fc5) Importer(2089858483,0ecaa5967403d082aa24f35e1b516d23)
Start importing Assets/Terrains/TerrainSampleAssets/Textures/Heightmaps/Canyon04_Heightmap.tif using Guid(fd3a283142a57bd4aa8029f5e0705fc5) Importer(2089858483,0ecaa5967403d082aa24f35e1b516d23) Generated GUIDs only implemented for interfaces!
 -> (artifact id: '7565a8afbf00fb68cf310b364ce3272a') in 0.025607 seconds
Number of updated asset objects reloaded before import = 0
Number of asset objects unloaded after import = 1
========================================================================
Received Import Request.
  Time since last request: 0.000018 seconds.
  path: Assets/Terrains/TerrainSampleAssets/Textures/Heightmaps/Hills01_Heightmap.tiff
  artifactKey: Guid(0a9c4cb001d0620468e11a00fbe9e94e) Importer(2089858483,0ecaa5967403d082aa24f35e1b516d23)
Start importing Assets/Terrains/TerrainSampleAssets/Textures/Heightmaps/Hills01_Heightmap.tiff using Guid(0a9c4cb001d0620468e11a00fbe9e94e) Importer(2089858483,0ecaa5967403d082aa24f35e1b516d23) Generated GUIDs only implemented for interfaces!
 -> (artifact id: '1ace9bc9bbf190caae6f352ebaafd12a') in 0.028590 seconds
Number of updated asset objects reloaded before import = 0
Number of asset objects unloaded after import = 1
========================================================================
Received Import Request.
  Time since last request: 0.000019 seconds.
  path: Assets/Terrains/TerrainSampleAssets/Textures/Heightmaps/Default_White.tif
  artifactKey: Guid(63c633526981fac49b5eb44c0212bf2f) Importer(2089858483,0ecaa5967403d082aa24f35e1b516d23)
Start importing Assets/Terrains/TerrainSampleAssets/Textures/Heightmaps/Default_White.tif using Guid(63c633526981fac49b5eb44c0212bf2f) Importer(2089858483,0ecaa5967403d082aa24f35e1b516d23) Generated GUIDs only implemented for interfaces!
 -> (artifact id: '01cbfe3877eadcf4311dc28a6ea0fcbd') in 0.026805 seconds
Number of updated asset objects reloaded before import = 0
Number of asset objects unloaded after import = 1
========================================================================
Received Import Request.
  Time since last request: 0.000017 seconds.
  path: Assets/Terrains/TerrainSampleAssets/Textures/Details/Plant_MaskMap.tif
  artifactKey: Guid(58f96e5085ad49449a678cbc76949e47) Importer(2089858483,0ecaa5967403d082aa24f35e1b516d23)
Start importing Assets/Terrains/TerrainSampleAssets/Textures/Details/Plant_MaskMap.tif using Guid(58f96e5085ad49449a678cbc76949e47) Importer(2089858483,0ecaa5967403d082aa24f35e1b516d23) Generated GUIDs only implemented for interfaces!
 -> (artifact id: '4bb4bc6228f35a42832fe98229b844bd') in 0.023406 seconds
Number of updated asset objects reloaded before import = 0
Number of asset objects unloaded after import = 1
========================================================================
Received Import Request.
  Time since last request: 0.000022 seconds.
  path: Assets/Terrains/TerrainSampleAssets/Textures/Heightmaps/Errosion02_Heightmap.tif
  artifactKey: Guid(8d909223d66b7cd4d9719d37ee403dff) Importer(2089858483,0ecaa5967403d082aa24f35e1b516d23)
Start importing Assets/Terrains/TerrainSampleAssets/Textures/Heightmaps/Errosion02_Heightmap.tif using Guid(8d909223d66b7cd4d9719d37ee403dff) Importer(2089858483,0ecaa5967403d082aa24f35e1b516d23) Generated GUIDs only implemented for interfaces!
 -> (artifact id: '62d068e9cb4910231f620891495df5a5') in 0.041524 seconds
Number of updated asset objects reloaded before import = 0
Number of asset objects unloaded after import = 1
========================================================================
Received Import Request.
  Time since last request: 0.000021 seconds.
  path: Assets/Terrains/TerrainSampleAssets/Textures/Heightmaps/Canyon01_Heightmap.tif
  artifactKey: Guid(903360ef543b50449ae74931c4fddc2c) Importer(2089858483,0ecaa5967403d082aa24f35e1b516d23)
Start importing Assets/Terrains/TerrainSampleAssets/Textures/Heightmaps/Canyon01_Heightmap.tif using Guid(903360ef543b50449ae74931c4fddc2c) Importer(2089858483,0ecaa5967403d082aa24f35e1b516d23) Generated GUIDs only implemented for interfaces!
 -> (artifact id: '5327728b056dbdc3cad8c7afce5b3690') in 0.026433 seconds
Number of updated asset objects reloaded before import = 0
Number of asset objects unloaded after import = 1
========================================================================
Received Import Request.
  Time since last request: 0.000015 seconds.
  path: Assets/Terrains/TerrainSampleAssets/Textures/Details/Grass_C_Thickness.tif
  artifactKey: Guid(5ac60e8e8739b1f4daeb70e1c662df49) Importer(2089858483,0ecaa5967403d082aa24f35e1b516d23)
Start importing Assets/Terrains/TerrainSampleAssets/Textures/Details/Grass_C_Thickness.tif using Guid(5ac60e8e8739b1f4daeb70e1c662df49) Importer(2089858483,0ecaa5967403d082aa24f35e1b516d23) Generated GUIDs only implemented for interfaces!
 -> (artifact id: 'df33b7646a6b08e0626b2c4de88e3699') in 0.031087 seconds
Number of updated asset objects reloaded before import = 0
Number of asset objects unloaded after import = 1
========================================================================
Received Import Request.
  Time since last request: 0.000014 seconds.
  path: Assets/Terrains/TerrainSampleAssets/Textures/Details/Grass_A_MaskMap.tif
  artifactKey: Guid(e9a1c1b060b9b2c4989233f1037f9d5d) Importer(2089858483,0ecaa5967403d082aa24f35e1b516d23)
Start importing Assets/Terrains/TerrainSampleAssets/Textures/Details/Grass_A_MaskMap.tif using Guid(e9a1c1b060b9b2c4989233f1037f9d5d) Importer(2089858483,0ecaa5967403d082aa24f35e1b516d23) Generated GUIDs only implemented for interfaces!
 -> (artifact id: '3d899396c3388ff2f0e869519a193d1d') in 0.031411 seconds
Number of updated asset objects reloaded before import = 0
Number of asset objects unloaded after import = 1
========================================================================
Received Import Request.
  Time since last request: 0.000017 seconds.
  path: Assets/Terrains/TerrainSampleAssets/Textures/Heightmaps/Clouds_Heightmap.tif
  artifactKey: Guid(791ebe8a3d329b34ca7dc4616ec3cd34) Importer(2089858483,0ecaa5967403d082aa24f35e1b516d23)
Start importing Assets/Terrains/TerrainSampleAssets/Textures/Heightmaps/Clouds_Heightmap.tif using Guid(791ebe8a3d329b34ca7dc4616ec3cd34) Importer(2089858483,0ecaa5967403d082aa24f35e1b516d23) Generated GUIDs only implemented for interfaces!
 -> (artifact id: '09f8e1e16383e9ef0d908cc46dbf8ee4') in 0.024227 seconds
Number of updated asset objects reloaded before import = 0
Number of asset objects unloaded after import = 1
========================================================================
Received Import Request.
  Time since last request: 0.000022 seconds.
  path: Assets/Terrains/TerrainSampleAssets/Textures/Details/Plant_BaseColor.tif
  artifactKey: Guid(2d6f4b0351691d54aadd4f4283b63025) Importer(2089858483,0ecaa5967403d082aa24f35e1b516d23)
Start importing Assets/Terrains/TerrainSampleAssets/Textures/Details/Plant_BaseColor.tif using Guid(2d6f4b0351691d54aadd4f4283b63025) Importer(2089858483,0ecaa5967403d082aa24f35e1b516d23) Generated GUIDs only implemented for interfaces!
 -> (artifact id: '06f545b0737004ae5ceb82608efad4ae') in 0.041259 seconds
Number of updated asset objects reloaded before import = 0
Number of asset objects unloaded after import = 1
========================================================================
Received Import Request.
  Time since last request: 0.000031 seconds.
  path: Assets/Terrains/TerrainSampleAssets/Textures/Details/Heather_A_MaskMap.tif
  artifactKey: Guid(2acdbd081c9f4e7448a4885ecf259aaf) Importer(2089858483,0ecaa5967403d082aa24f35e1b516d23)
Start importing Assets/Terrains/TerrainSampleAssets/Textures/Details/Heather_A_MaskMap.tif using Guid(2acdbd081c9f4e7448a4885ecf259aaf) Importer(2089858483,0ecaa5967403d082aa24f35e1b516d23) Generated GUIDs only implemented for interfaces!
 -> (artifact id: '9753227a53f2be72c1dd61d0bb70b225') in 0.028487 seconds
Number of updated asset objects reloaded before import = 0
Number of asset objects unloaded after import = 1
========================================================================
Received Import Request.
  Time since last request: 0.000022 seconds.
  path: Assets/Terrains/TerrainSampleAssets/Textures/Heightmaps/Ridge01_Heightmap.tif
  artifactKey: Guid(2093015066086b94e9636a0e1f1344ea) Importer(2089858483,0ecaa5967403d082aa24f35e1b516d23)
Start importing Assets/Terrains/TerrainSampleAssets/Textures/Heightmaps/Ridge01_Heightmap.tif using Guid(2093015066086b94e9636a0e1f1344ea) Importer(2089858483,0ecaa5967403d082aa24f35e1b516d23) Generated GUIDs only implemented for interfaces!
 -> (artifact id: '5f1c59ad78a0562a4c9ffaf98dd6e113') in 0.027909 seconds
Number of updated asset objects reloaded before import = 0
Number of asset objects unloaded after import = 1
========================================================================
Received Import Request.
  Time since last request: 0.000077 seconds.
  path: Assets/Terrains/TerrainSampleAssets/Textures/Heightmaps/Mountain03_Heightmap.tif
  artifactKey: Guid(eb8981774e4509b4ba09dcceaf8814d1) Importer(2089858483,0ecaa5967403d082aa24f35e1b516d23)
Start importing Assets/Terrains/TerrainSampleAssets/Textures/Heightmaps/Mountain03_Heightmap.tif using Guid(eb8981774e4509b4ba09dcceaf8814d1) Importer(2089858483,0ecaa5967403d082aa24f35e1b516d23) Generated GUIDs only implemented for interfaces!
 -> (artifact id: 'e1aa6cdb49344c41202b81696b8b5dbd') in 0.025379 seconds
Number of updated asset objects reloaded before import = 0
Number of asset objects unloaded after import = 1
========================================================================
Received Import Request.
  Time since last request: 0.000019 seconds.
  path: Assets/Terrains/TerrainSampleAssets/Textures/Heightmaps/Ridge05_Heightmap.tif
  artifactKey: Guid(d5746b47e7c4501479a9aaa297c095e3) Importer(2089858483,0ecaa5967403d082aa24f35e1b516d23)
Start importing Assets/Terrains/TerrainSampleAssets/Textures/Heightmaps/Ridge05_Heightmap.tif using Guid(d5746b47e7c4501479a9aaa297c095e3) Importer(2089858483,0ecaa5967403d082aa24f35e1b516d23) Generated GUIDs only implemented for interfaces!
 -> (artifact id: '77324e85bcf1e149375dc197a63a70c4') in 0.027834 seconds
Number of updated asset objects reloaded before import = 0
Number of asset objects unloaded after import = 1
========================================================================
Received Import Request.
  Time since last request: 0.000023 seconds.
  path: Assets/Terrains/TerrainSampleAssets/Textures/Heightmaps/Ridge06_Heightmap.tif
  artifactKey: Guid(deb3fcdbaaa2cf64f90d5a341ffd9939) Importer(2089858483,0ecaa5967403d082aa24f35e1b516d23)
Start importing Assets/Terrains/TerrainSampleAssets/Textures/Heightmaps/Ridge06_Heightmap.tif using Guid(deb3fcdbaaa2cf64f90d5a341ffd9939) Importer(2089858483,0ecaa5967403d082aa24f35e1b516d23) Generated GUIDs only implemented for interfaces!
 -> (artifact id: 'c0dc3b18afb64ce22f39e69a6ad37dd7') in 0.046065 seconds
Number of updated asset objects reloaded before import = 0
Number of asset objects unloaded after import = 1
========================================================================
Received Import Request.
  Time since last request: 0.000017 seconds.
  path: Assets/Terrains/TerrainSampleAssets/Textures/Heightmaps/Mountain05_Heightmap.tif
  artifactKey: Guid(59cf4095c6c8e0f488ebe12abd1e569a) Importer(2089858483,0ecaa5967403d082aa24f35e1b516d23)
Start importing Assets/Terrains/TerrainSampleAssets/Textures/Heightmaps/Mountain05_Heightmap.tif using Guid(59cf4095c6c8e0f488ebe12abd1e569a) Importer(2089858483,0ecaa5967403d082aa24f35e1b516d23) Generated GUIDs only implemented for interfaces!
 -> (artifact id: '28f86b60e11edfe9511d72edd2c739d0') in 0.048513 seconds
Number of updated asset objects reloaded before import = 0
Number of asset objects unloaded after import = 1
========================================================================
Received Import Request.
  Time since last request: 0.000014 seconds.
  path: Assets/Terrains/TerrainSampleAssets/Textures/Heightmaps/Mountain07_Heightmap.tif
  artifactKey: Guid(ce420f179549a9c4f9a08a26260e8d18) Importer(2089858483,0ecaa5967403d082aa24f35e1b516d23)
Start importing Assets/Terrains/TerrainSampleAssets/Textures/Heightmaps/Mountain07_Heightmap.tif using Guid(ce420f179549a9c4f9a08a26260e8d18) Importer(2089858483,0ecaa5967403d082aa24f35e1b516d23) Generated GUIDs only implemented for interfaces!
 -> (artifact id: 'ea52a24e8d085e4ccc3186ea5bf667e6') in 0.033934 seconds
Number of updated asset objects reloaded before import = 0
Number of asset objects unloaded after import = 1
========================================================================
Received Import Request.
  Time since last request: 0.000021 seconds.
  path: Assets/Terrains/TerrainSampleAssets/Textures/Heightmaps/Ridge_Edge01_Heightmap.tif
  artifactKey: Guid(b38901ae2e7149540aaa7fe2697aba3e) Importer(2089858483,0ecaa5967403d082aa24f35e1b516d23)
Start importing Assets/Terrains/TerrainSampleAssets/Textures/Heightmaps/Ridge_Edge01_Heightmap.tif using Guid(b38901ae2e7149540aaa7fe2697aba3e) Importer(2089858483,0ecaa5967403d082aa24f35e1b516d23) Generated GUIDs only implemented for interfaces!
 -> (artifact id: 'd12e8061c9b759a864e8f45f73500b9f') in 0.025854 seconds
Number of updated asset objects reloaded before import = 0
Number of asset objects unloaded after import = 1
========================================================================
Received Import Request.
  Time since last request: 0.000034 seconds.
  path: Assets/Terrains/TerrainSampleAssets/Textures/Heightmaps/Mountain06_Heightmap.tif
  artifactKey: Guid(b44a453c2397af74cb81885989043518) Importer(2089858483,0ecaa5967403d082aa24f35e1b516d23)
Start importing Assets/Terrains/TerrainSampleAssets/Textures/Heightmaps/Mountain06_Heightmap.tif using Guid(b44a453c2397af74cb81885989043518) Importer(2089858483,0ecaa5967403d082aa24f35e1b516d23) Generated GUIDs only implemented for interfaces!
 -> (artifact id: '8349c850d7e073086858df53f1926267') in 0.026587 seconds
Number of updated asset objects reloaded before import = 0
Number of asset objects unloaded after import = 1
========================================================================
Received Import Request.
  Time since last request: 0.000023 seconds.
  path: Assets/Terrains/TerrainSampleAssets/Textures/Heightmaps/Mountain01_Heightmap.tif
  artifactKey: Guid(6cfb129191988d84eafe31848415a233) Importer(2089858483,0ecaa5967403d082aa24f35e1b516d23)
Start importing Assets/Terrains/TerrainSampleAssets/Textures/Heightmaps/Mountain01_Heightmap.tif using Guid(6cfb129191988d84eafe31848415a233) Importer(2089858483,0ecaa5967403d082aa24f35e1b516d23) Generated GUIDs only implemented for interfaces!
 -> (artifact id: '24b11445a9a666a51064578bfb557462') in 0.041699 seconds
Number of updated asset objects reloaded before import = 0
Number of asset objects unloaded after import = 1
========================================================================
Received Import Request.
  Time since last request: 0.000019 seconds.
  path: Assets/Terrains/TerrainSampleAssets/Textures/Heightmaps/Ridge02_Heightmap.tif
  artifactKey: Guid(753f8aefff7f53945bb09d75656ba8de) Importer(2089858483,0ecaa5967403d082aa24f35e1b516d23)
Start importing Assets/Terrains/TerrainSampleAssets/Textures/Heightmaps/Ridge02_Heightmap.tif using Guid(753f8aefff7f53945bb09d75656ba8de) Importer(2089858483,0ecaa5967403d082aa24f35e1b516d23) Generated GUIDs only implemented for interfaces!
 -> (artifact id: '4858c87623ff90f9feba6b33cd63e4fe') in 0.030789 seconds
Number of updated asset objects reloaded before import = 0
Number of asset objects unloaded after import = 1
========================================================================
Received Import Request.
  Time since last request: 0.000016 seconds.
  path: Assets/Terrains/TerrainSampleAssets/Textures/Heightmaps/Plateau03_Heightmap.tif
  artifactKey: Guid(116d48bc82e4c0a4683cbd79927b4596) Importer(2089858483,0ecaa5967403d082aa24f35e1b516d23)
Start importing Assets/Terrains/TerrainSampleAssets/Textures/Heightmaps/Plateau03_Heightmap.tif using Guid(116d48bc82e4c0a4683cbd79927b4596) Importer(2089858483,0ecaa5967403d082aa24f35e1b516d23) Generated GUIDs only implemented for interfaces!
 -> (artifact id: 'e25adf3af928983b88959c18f069cdc5') in 0.027566 seconds
Number of updated asset objects reloaded before import = 0
Number of asset objects unloaded after import = 1
========================================================================
Received Import Request.
  Time since last request: 0.000015 seconds.
  path: Assets/StarterAssets/ThirdPersonController/Character/Animations/Locomotion--Run_N.anim.fbx
  artifactKey: Guid(16114d403eabb53438de032c6f0d1deb) Importer(2089858483,0ecaa5967403d082aa24f35e1b516d23)
Start importing Assets/StarterAssets/ThirdPersonController/Character/Animations/Locomotion--Run_N.anim.fbx using Guid(16114d403eabb53438de032c6f0d1deb) Importer(2089858483,0ecaa5967403d082aa24f35e1b516d23) Generated GUIDs only implemented for interfaces!
 -> (artifact id: '80341e58428a5bfb2d1d8061d738ec8f') in 0.032342 seconds
Number of updated asset objects reloaded before import = 0
Number of asset objects unloaded after import = 144
========================================================================
Received Import Request.
  Time since last request: 0.000023 seconds.
  path: Assets/Terrains/TerrainSampleAssets/Textures/Terrain/Heather_BaseColor.tif
  artifactKey: Guid(aac8730e4de86ff4e9ddf7fcd6e7c4b6) Importer(2089858483,0ecaa5967403d082aa24f35e1b516d23)
Start importing Assets/Terrains/TerrainSampleAssets/Textures/Terrain/Heather_BaseColor.tif using Guid(aac8730e4de86ff4e9ddf7fcd6e7c4b6) Importer(2089858483,0ecaa5967403d082aa24f35e1b516d23) Generated GUIDs only implemented for interfaces!
 -> (artifact id: 'c56ddf972216212e490abb306e7c5302') in 0.119369 seconds
Number of updated asset objects reloaded before import = 0
Number of asset objects unloaded after import = 1
========================================================================
Received Import Request.
  Time since last request: 0.000022 seconds.
  path: Assets/Terrains/TerrainSampleAssets/Textures/Terrain/Black_Sand_MaskMap.tif
  artifactKey: Guid(2c18bff3c9da1aa4c9cac68a7971bb4f) Importer(2089858483,0ecaa5967403d082aa24f35e1b516d23)
Start importing Assets/Terrains/TerrainSampleAssets/Textures/Terrain/Black_Sand_MaskMap.tif using Guid(2c18bff3c9da1aa4c9cac68a7971bb4f) Importer(2089858483,0ecaa5967403d082aa24f35e1b516d23) Generated GUIDs only implemented for interfaces!
 -> (artifact id: '4be870a37995b3bf00e28d0872cd1942') in 0.107537 seconds
Number of updated asset objects reloaded before import = 0
Number of asset objects unloaded after import = 1
========================================================================
Received Import Request.
  Time since last request: 0.000016 seconds.
  path: Assets/Terrains/TerrainSampleAssets/Textures/Terrain/Grass_Soil_MaskMap.tif
  artifactKey: Guid(fa33c216b71d85c4da6826ff3c48bcb8) Importer(2089858483,0ecaa5967403d082aa24f35e1b516d23)
Start importing Assets/Terrains/TerrainSampleAssets/Textures/Terrain/Grass_Soil_MaskMap.tif using Guid(fa33c216b71d85c4da6826ff3c48bcb8) Importer(2089858483,0ecaa5967403d082aa24f35e1b516d23) Generated GUIDs only implemented for interfaces!
 -> (artifact id: '6b42bad4c0ad7c3353770d938bfaf067') in 0.155491 seconds
Number of updated asset objects reloaded before import = 0
Number of asset objects unloaded after import = 1
========================================================================
Received Import Request.
  Time since last request: 0.000019 seconds.
  path: Assets/Terrains/TerrainSampleAssets/Textures/Terrain/Grass_A_MaskMap.tif
  artifactKey: Guid(fd93d177ca5965a4c8bdb2d8a3732c5b) Importer(2089858483,0ecaa5967403d082aa24f35e1b516d23)
Start importing Assets/Terrains/TerrainSampleAssets/Textures/Terrain/Grass_A_MaskMap.tif using Guid(fd93d177ca5965a4c8bdb2d8a3732c5b) Importer(2089858483,0ecaa5967403d082aa24f35e1b516d23) Generated GUIDs only implemented for interfaces!
 -> (artifact id: '2adc08bb3ae7e43298512657121d2ada') in 0.089632 seconds
Number of updated asset objects reloaded before import = 0
Number of asset objects unloaded after import = 1
========================================================================
Received Import Request.
  Time since last request: 0.000030 seconds.
  path: Assets/Terrains/TerrainSampleAssets/Textures/Terrain/Grass_A_Normal.tif
  artifactKey: Guid(b30509e369ff2c848ba744b6a9daa9a3) Importer(2089858483,0ecaa5967403d082aa24f35e1b516d23)
Start importing Assets/Terrains/TerrainSampleAssets/Textures/Terrain/Grass_A_Normal.tif using Guid(b30509e369ff2c848ba744b6a9daa9a3) Importer(2089858483,0ecaa5967403d082aa24f35e1b516d23) Generated GUIDs only implemented for interfaces!
 -> (artifact id: '205c857d24f03aa34e46f093a57ff28e') in 0.085865 seconds
Number of updated asset objects reloaded before import = 0
Number of asset objects unloaded after import = 1
========================================================================
Received Import Request.
  Time since last request: 0.000020 seconds.
  path: Assets/Terrains/TerrainSampleAssets/Textures/Terrain/Pebbles_A_Normal.tif
  artifactKey: Guid(214b89b674fae604aad3344f7bc7bc45) Importer(2089858483,0ecaa5967403d082aa24f35e1b516d23)
Start importing Assets/Terrains/TerrainSampleAssets/Textures/Terrain/Pebbles_A_Normal.tif using Guid(214b89b674fae604aad3344f7bc7bc45) Importer(2089858483,0ecaa5967403d082aa24f35e1b516d23) Generated GUIDs only implemented for interfaces!
 -> (artifact id: 'f9efa691ad98c4db68396ce9f8ae4030') in 0.089329 seconds
Number of updated asset objects reloaded before import = 0
Number of asset objects unloaded after import = 1
========================================================================
Received Import Request.
  Time since last request: 0.000018 seconds.
  path: Assets/Terrains/TerrainSampleAssets/Textures/Terrain/Heather_MaskMap.tif
  artifactKey: Guid(3a912ad435dd4da43b7814c4f0c61de9) Importer(2089858483,0ecaa5967403d082aa24f35e1b516d23)
Start importing Assets/Terrains/TerrainSampleAssets/Textures/Terrain/Heather_MaskMap.tif using Guid(3a912ad435dd4da43b7814c4f0c61de9) Importer(2089858483,0ecaa5967403d082aa24f35e1b516d23) Generated GUIDs only implemented for interfaces!
 -> (artifact id: '3014324a962453d14742bba146b6d209') in 0.138315 seconds
Number of updated asset objects reloaded before import = 0
Number of asset objects unloaded after import = 1
========================================================================
Received Import Request.
  Time since last request: 0.000032 seconds.
  path: Assets/Terrains/TerrainSampleAssets/Textures/Terrain/Pebbles_C_BaseColor.tif
  artifactKey: Guid(c8484078c06928140a0424d3817b5b67) Importer(2089858483,0ecaa5967403d082aa24f35e1b516d23)
Start importing Assets/Terrains/TerrainSampleAssets/Textures/Terrain/Pebbles_C_BaseColor.tif using Guid(c8484078c06928140a0424d3817b5b67) Importer(2089858483,0ecaa5967403d082aa24f35e1b516d23) Generated GUIDs only implemented for interfaces!
 -> (artifact id: '8ecf7e7fd1d5b6889032ea2133e52125') in 0.087700 seconds
Number of updated asset objects reloaded before import = 0
Number of asset objects unloaded after import = 1
========================================================================
Received Import Request.
  Time since last request: 0.000020 seconds.
  path: Assets/Terrains/TerrainSampleAssets/Textures/Heightmaps/Slope03_Heightmap.tiff
  artifactKey: Guid(282e12329d9099343890f875c1429e1a) Importer(2089858483,0ecaa5967403d082aa24f35e1b516d23)
Start importing Assets/Terrains/TerrainSampleAssets/Textures/Heightmaps/Slope03_Heightmap.tiff using Guid(282e12329d9099343890f875c1429e1a) Importer(2089858483,0ecaa5967403d082aa24f35e1b516d23) Generated GUIDs only implemented for interfaces!
 -> (artifact id: '49683b03cd0643d7514b0ed1f8cc339b') in 0.045942 seconds
Number of updated asset objects reloaded before import = 0
Number of asset objects unloaded after import = 1
========================================================================
Received Import Request.
  Time since last request: 0.000021 seconds.
  path: Assets/Terrains/TerrainSampleAssets/Textures/Terrain/Pebbles_B_Normal.tif
  artifactKey: Guid(65c45ddfbbfa9884ca81a951b4eea96a) Importer(2089858483,0ecaa5967403d082aa24f35e1b516d23)
Start importing Assets/Terrains/TerrainSampleAssets/Textures/Terrain/Pebbles_B_Normal.tif using Guid(65c45ddfbbfa9884ca81a951b4eea96a) Importer(2089858483,0ecaa5967403d082aa24f35e1b516d23) Generated GUIDs only implemented for interfaces!
 -> (artifact id: '04f79f561d6cbac4d1f12aae485cc7ae') in 0.120800 seconds
Number of updated asset objects reloaded before import = 0
Number of asset objects unloaded after import = 1
========================================================================
Received Import Request.
  Time since last request: 0.000021 seconds.
  path: Assets/Terrains/TerrainSampleAssets/Textures/Terrain/Pebbles_C_MaskMap.tif
  artifactKey: Guid(8921e14a2b9fa0d4ca60de05eb112488) Importer(2089858483,0ecaa5967403d082aa24f35e1b516d23)
Start importing Assets/Terrains/TerrainSampleAssets/Textures/Terrain/Pebbles_C_MaskMap.tif using Guid(8921e14a2b9fa0d4ca60de05eb112488) Importer(2089858483,0ecaa5967403d082aa24f35e1b516d23) Generated GUIDs only implemented for interfaces!
 -> (artifact id: 'acf878a581f8c2838970975ac514f85b') in 0.083355 seconds
Number of updated asset objects reloaded before import = 0
Number of asset objects unloaded after import = 1
========================================================================
Received Import Request.
  Time since last request: 0.000023 seconds.
  path: Assets/Terrains/TerrainSampleAssets/Textures/Terrain/Sand_Normal.tif
  artifactKey: Guid(3dd49726401a98c428be99153a9195e8) Importer(2089858483,0ecaa5967403d082aa24f35e1b516d23)
Start importing Assets/Terrains/TerrainSampleAssets/Textures/Terrain/Sand_Normal.tif using Guid(3dd49726401a98c428be99153a9195e8) Importer(2089858483,0ecaa5967403d082aa24f35e1b516d23) Generated GUIDs only implemented for interfaces!
 -> (artifact id: 'b1decd6020839a9fed4ce9ef05f504e5') in 0.123292 seconds
Number of updated asset objects reloaded before import = 0
Number of asset objects unloaded after import = 1
========================================================================
Received Import Request.
  Time since last request: 0.000024 seconds.
  path: Assets/Terrains/TerrainSampleAssets/Textures/Terrain/Pebbles_C_Normal.tif
  artifactKey: Guid(21002da7708c3144795912f756e0a471) Importer(2089858483,0ecaa5967403d082aa24f35e1b516d23)
Start importing Assets/Terrains/TerrainSampleAssets/Textures/Terrain/Pebbles_C_Normal.tif using Guid(21002da7708c3144795912f756e0a471) Importer(2089858483,0ecaa5967403d082aa24f35e1b516d23) Generated GUIDs only implemented for interfaces!
 -> (artifact id: 'b88ca56e82aadbaeb77679817d802d62') in 0.085963 seconds
Number of updated asset objects reloaded before import = 0
Number of asset objects unloaded after import = 1
========================================================================
Received Import Request.
  Time since last request: 0.000019 seconds.
  path: Assets/Terrains/TerrainSampleAssets/Textures/Terrain/Muddy_MaskMap.tif
  artifactKey: Guid(1bdc4c8b62cd93b41b39a8bffc34e1d6) Importer(2089858483,0ecaa5967403d082aa24f35e1b516d23)
Start importing Assets/Terrains/TerrainSampleAssets/Textures/Terrain/Muddy_MaskMap.tif using Guid(1bdc4c8b62cd93b41b39a8bffc34e1d6) Importer(2089858483,0ecaa5967403d082aa24f35e1b516d23) Generated GUIDs only implemented for interfaces!
 -> (artifact id: 'd9032383eea50946b60254c04939e472') in 0.094607 seconds
Number of updated asset objects reloaded before import = 0
Number of asset objects unloaded after import = 1
========================================================================
Received Import Request.
  Time since last request: 0.000033 seconds.
  path: Assets/Terrains/TerrainSampleAssets/Textures/Terrain/Muddy_Normal.tif
  artifactKey: Guid(e17bfe6e9f2641c4eb2ee0d4540f7e64) Importer(2089858483,0ecaa5967403d082aa24f35e1b516d23)
Start importing Assets/Terrains/TerrainSampleAssets/Textures/Terrain/Muddy_Normal.tif using Guid(e17bfe6e9f2641c4eb2ee0d4540f7e64) Importer(2089858483,0ecaa5967403d082aa24f35e1b516d23) Generated GUIDs only implemented for interfaces!
 -> (artifact id: 'a56d6be5bcef19f8914803ad504632dc') in 0.103224 seconds
Number of updated asset objects reloaded before import = 0
Number of asset objects unloaded after import = 1
========================================================================
Received Import Request.
  Time since last request: 0.000020 seconds.
  path: Assets/Terrains/TerrainSampleAssets/Textures/Terrain/Grass_B_MaskMap.tif
  artifactKey: Guid(94965df6a775f554fb1f8e2af53a4dfc) Importer(2089858483,0ecaa5967403d082aa24f35e1b516d23)
Start importing Assets/Terrains/TerrainSampleAssets/Textures/Terrain/Grass_B_MaskMap.tif using Guid(94965df6a775f554fb1f8e2af53a4dfc) Importer(2089858483,0ecaa5967403d082aa24f35e1b516d23) Generated GUIDs only implemented for interfaces!
 -> (artifact id: '7e4c10c3843aa15d7b069fb327ed7220') in 0.128082 seconds
Number of updated asset objects reloaded before import = 0
Number of asset objects unloaded after import = 1
========================================================================
Received Import Request.
  Time since last request: 0.000016 seconds.
  path: Assets/Animations/unity-chan!/Unity-chan! Model/Art/Animations/unitychan_DAMAGED00.fbx
  artifactKey: Guid(6dd5b57ca7c0d48e4b3e9061e1c88d18) Importer(2089858483,0ecaa5967403d082aa24f35e1b516d23)
Start importing Assets/Animations/unity-chan!/Unity-chan! Model/Art/Animations/unitychan_DAMAGED00.fbx using Guid(6dd5b57ca7c0d48e4b3e9061e1c88d18) Importer(2089858483,0ecaa5967403d082aa24f35e1b516d23) Generated GUIDs only implemented for interfaces!
 -> (artifact id: 'f27dfaf0d23827ab28e9937b469a3aac') in 0.198230 seconds
Number of updated asset objects reloaded before import = 0
Number of asset objects unloaded after import = 325
========================================================================
Received Import Request.
  Time since last request: 0.000032 seconds.
  path: Assets/Animations/unity-chan!/Unity-chan! Model/Art/Animations/unitychan_ARpose1.fbx
  artifactKey: Guid(e8397bfde2758f942a04edaaf7ad57ec) Importer(2089858483,0ecaa5967403d082aa24f35e1b516d23)
Start importing Assets/Animations/unity-chan!/Unity-chan! Model/Art/Animations/unitychan_ARpose1.fbx using Guid(e8397bfde2758f942a04edaaf7ad57ec) Importer(2089858483,0ecaa5967403d082aa24f35e1b516d23) Generated GUIDs only implemented for interfaces!
 -> (artifact id: '617b033406c5207cc8513c2310813bc8') in 0.668886 seconds
Number of updated asset objects reloaded before import = 0
Number of asset objects unloaded after import = 300
========================================================================
Received Import Request.
  Time since last request: 0.000028 seconds.
  path: Assets/Animations/unity-chan!/Unity-chan! Model/Art/Animations/unitychan_JUMP00B.fbx
  artifactKey: Guid(d6fd0c7048894427c8663615237d6a77) Importer(2089858483,0ecaa5967403d082aa24f35e1b516d23)
Start importing Assets/Animations/unity-chan!/Unity-chan! Model/Art/Animations/unitychan_JUMP00B.fbx using Guid(d6fd0c7048894427c8663615237d6a77) Importer(2089858483,0ecaa5967403d082aa24f35e1b516d23) Generated GUIDs only implemented for interfaces!
 -> (artifact id: '8fd4e1b8389698877921d69e6c1edcfd') in 0.163130 seconds
Number of updated asset objects reloaded before import = 0
Number of asset objects unloaded after import = 325
========================================================================
Received Import Request.
  Time since last request: 0.000025 seconds.
  path: Assets/Animations/unity-chan!/Unity-chan! Model/Art/Animations/unitychan_JUMP01.fbx
  artifactKey: Guid(87486f7b16eedbf4eb26567d70189058) Importer(2089858483,0ecaa5967403d082aa24f35e1b516d23)
Start importing Assets/Animations/unity-chan!/Unity-chan! Model/Art/Animations/unitychan_JUMP01.fbx using Guid(87486f7b16eedbf4eb26567d70189058) Importer(2089858483,0ecaa5967403d082aa24f35e1b516d23) Generated GUIDs only implemented for interfaces!
 -> (artifact id: 'cdc993b7ad9d49067555a31069ba8289') in 0.132701 seconds
Number of updated asset objects reloaded before import = 0
Number of asset objects unloaded after import = 325
========================================================================
Received Import Request.
  Time since last request: 0.000022 seconds.
  path: Assets/Animations/unity-chan!/Unity-chan! Model/Art/Animations/unitychan_LOSE00.fbx
  artifactKey: Guid(c7df2ec8d896a4a15abc7636d440631b) Importer(2089858483,0ecaa5967403d082aa24f35e1b516d23)
Start importing Assets/Animations/unity-chan!/Unity-chan! Model/Art/Animations/unitychan_LOSE00.fbx using Guid(c7df2ec8d896a4a15abc7636d440631b) Importer(2089858483,0ecaa5967403d082aa24f35e1b516d23) Generated GUIDs only implemented for interfaces!
 -> (artifact id: '24bdb00f2f74793f236e7ee31ee47da7') in 0.130973 seconds
Number of updated asset objects reloaded before import = 0
Number of asset objects unloaded after import = 325
========================================================================
Received Import Request.
  Time since last request: 0.000026 seconds.
  path: Assets/Animations/unity-chan!/Unity-chan! Model/Art/Animations/unitychan_JUMP01B.fbx
  artifactKey: Guid(c49b7faf71cf048418fe526d8e233c8e) Importer(2089858483,0ecaa5967403d082aa24f35e1b516d23)
Start importing Assets/Animations/unity-chan!/Unity-chan! Model/Art/Animations/unitychan_JUMP01B.fbx using Guid(c49b7faf71cf048418fe526d8e233c8e) Importer(2089858483,0ecaa5967403d082aa24f35e1b516d23) Generated GUIDs only implemented for interfaces!
 -> (artifact id: '77d8eca23175f7b5c31411b47988c4ab') in 0.161502 seconds
Number of updated asset objects reloaded before import = 0
Number of asset objects unloaded after import = 325
========================================================================
Received Import Request.
  Time since last request: 0.000026 seconds.
  path: Assets/Animations/unity-chan!/Unity-chan! Model/Art/Animations/unitychan_HANDUP00_R.fbx
  artifactKey: Guid(84ce5ea31570e6b4ca2949b8fe13ee42) Importer(2089858483,0ecaa5967403d082aa24f35e1b516d23)
Start importing Assets/Animations/unity-chan!/Unity-chan! Model/Art/Animations/unitychan_HANDUP00_R.fbx using Guid(84ce5ea31570e6b4ca2949b8fe13ee42) Importer(2089858483,0ecaa5967403d082aa24f35e1b516d23) Generated GUIDs only implemented for interfaces!
 -> (artifact id: 'c8880873a38a2f0f33310242ba8a66fe') in 0.139462 seconds
Number of updated asset objects reloaded before import = 0
Number of asset objects unloaded after import = 325
========================================================================
Received Import Request.
  Time since last request: 0.000018 seconds.
  path: Assets/Animations/unity-chan!/Unity-chan! Model/Art/Animations/unitychan_SLIDE00.fbx
  artifactKey: Guid(a3657ebe445392e44a81a7b112b9cf0c) Importer(2089858483,0ecaa5967403d082aa24f35e1b516d23)
Start importing Assets/Animations/unity-chan!/Unity-chan! Model/Art/Animations/unitychan_SLIDE00.fbx using Guid(a3657ebe445392e44a81a7b112b9cf0c) Importer(2089858483,0ecaa5967403d082aa24f35e1b516d23) Generated GUIDs only implemented for interfaces!
 -> (artifact id: 'dab4b80009dcdf33db733b465c893125') in 0.153828 seconds
Number of updated asset objects reloaded before import = 0
Number of asset objects unloaded after import = 325
========================================================================
Received Import Request.
  Time since last request: 0.000019 seconds.
  path: Assets/Animations/unity-chan!/Unity-chan! Model/Art/Animations/unitychan_UMATOBI00.fbx
  artifactKey: Guid(8bf916c92a6742d4ea62fd210c3fd0e6) Importer(2089858483,0ecaa5967403d082aa24f35e1b516d23)
Start importing Assets/Animations/unity-chan!/Unity-chan! Model/Art/Animations/unitychan_UMATOBI00.fbx using Guid(8bf916c92a6742d4ea62fd210c3fd0e6) Importer(2089858483,0ecaa5967403d082aa24f35e1b516d23) Generated GUIDs only implemented for interfaces!
 -> (artifact id: '048e0ac25fef0c58562c4c6177a078ef') in 0.142071 seconds
Number of updated asset objects reloaded before import = 0
Number of asset objects unloaded after import = 325
========================================================================
Received Import Request.
  Time since last request: 0.000072 seconds.
  path: Assets/Animations/unity-chan!/Unity-chan! Model/Art/Animations/unitychan_RUN00_R.fbx
  artifactKey: Guid(ffe87c9e4c26d174b8df06771ce447bf) Importer(2089858483,0ecaa5967403d082aa24f35e1b516d23)
Start importing Assets/Animations/unity-chan!/Unity-chan! Model/Art/Animations/unitychan_RUN00_R.fbx using Guid(ffe87c9e4c26d174b8df06771ce447bf) Importer(2089858483,0ecaa5967403d082aa24f35e1b516d23) Generated GUIDs only implemented for interfaces!
 -> (artifact id: '86c74b4357b66840dd15c6252285e7a5') in 0.146815 seconds
Number of updated asset objects reloaded before import = 0
Number of asset objects unloaded after import = 325
========================================================================
Received Import Request.
  Time since last request: 0.000019 seconds.
  path: Assets/Animations/unity-chan!/Unity-chan! Model/Art/Animations/unitychan_REFLESH00.fbx
  artifactKey: Guid(842226a6a478847f9b6f5c746ae1cb95) Importer(2089858483,0ecaa5967403d082aa24f35e1b516d23)
Start importing Assets/Animations/unity-chan!/Unity-chan! Model/Art/Animations/unitychan_REFLESH00.fbx using Guid(842226a6a478847f9b6f5c746ae1cb95) Importer(2089858483,0ecaa5967403d082aa24f35e1b516d23) Generated GUIDs only implemented for interfaces!
 -> (artifact id: '4884a7feb0dbd019b70ff75fa4260f19') in 0.206462 seconds
Number of updated asset objects reloaded before import = 0
Number of asset objects unloaded after import = 325
========================================================================
Received Import Request.
  Time since last request: 0.000020 seconds.
  path: Assets/Animations/unity-chan!/Unity-chan! Model/Art/Animations/unitychan_WAIT03.fbx
  artifactKey: Guid(f98ead48d3193eb43a7839c6847a5b13) Importer(2089858483,0ecaa5967403d082aa24f35e1b516d23)
Start importing Assets/Animations/unity-chan!/Unity-chan! Model/Art/Animations/unitychan_WAIT03.fbx using Guid(f98ead48d3193eb43a7839c6847a5b13) Importer(2089858483,0ecaa5967403d082aa24f35e1b516d23) Generated GUIDs only implemented for interfaces!
 -> (artifact id: 'cc77e38d9ede3259b994f4c1ca03af91') in 0.145568 seconds
Number of updated asset objects reloaded before import = 0
Number of asset objects unloaded after import = 325
========================================================================
Received Import Request.
  Time since last request: 0.000025 seconds.
  path: Assets/Animations/unity-chan!/Unity-chan! Model/Art/Animations/unitychan_WALK00_B.fbx
  artifactKey: Guid(20fd7934e77f68e4983c9c0fe97c7117) Importer(2089858483,0ecaa5967403d082aa24f35e1b516d23)
Start importing Assets/Animations/unity-chan!/Unity-chan! Model/Art/Animations/unitychan_WALK00_B.fbx using Guid(20fd7934e77f68e4983c9c0fe97c7117) Importer(2089858483,0ecaa5967403d082aa24f35e1b516d23) Generated GUIDs only implemented for interfaces!
 -> (artifact id: '9595b1326f0a1a57d73dd7b731ba800f') in 0.162442 seconds
Number of updated asset objects reloaded before import = 0
Number of asset objects unloaded after import = 325
========================================================================
Received Import Request.
  Time since last request: 0.000017 seconds.
  path: Assets/Animations/unity-chan!/Unity-chan! Model/Art/Animations/unitychan_WAIT01.fbx
  artifactKey: Guid(1e79f5e733df84044a45d6ab05035627) Importer(2089858483,0ecaa5967403d082aa24f35e1b516d23)
Start importing Assets/Animations/unity-chan!/Unity-chan! Model/Art/Animations/unitychan_WAIT01.fbx using Guid(1e79f5e733df84044a45d6ab05035627) Importer(2089858483,0ecaa5967403d082aa24f35e1b516d23) Generated GUIDs only implemented for interfaces!
 -> (artifact id: 'd3051d70ba52c473e265ef3fdcbc5ff2') in 0.151361 seconds
Number of updated asset objects reloaded before import = 0
Number of asset objects unloaded after import = 325
========================================================================
Received Import Request.
  Time since last request: 0.000020 seconds.
  path: Assets/Animations/unity-chan!/Unity-chan! Model/Art/Materials/eyeline.mat
  artifactKey: Guid(407f97b032a277c44b753ed1c256a3b8) Importer(2089858483,0ecaa5967403d082aa24f35e1b516d23)
Start importing Assets/Animations/unity-chan!/Unity-chan! Model/Art/Materials/eyeline.mat using Guid(407f97b032a277c44b753ed1c256a3b8) Importer(2089858483,0ecaa5967403d082aa24f35e1b516d23) Generated GUIDs only implemented for interfaces!
 -> (artifact id: '3ece61cb58cc4dd4ffbd06c9d6c5906c') in 0.035361 seconds
Number of updated asset objects reloaded before import = 0
Number of asset objects unloaded after import = 2
========================================================================
Received Import Request.
  Time since last request: 0.000035 seconds.
  path: Assets/Animations/unity-chan!/Unity-chan! Model/Art/Animations/unitychan_WALK00_R.fbx
  artifactKey: Guid(dbc663f7e83140241a679da3ca9063b7) Importer(2089858483,0ecaa5967403d082aa24f35e1b516d23)
Start importing Assets/Animations/unity-chan!/Unity-chan! Model/Art/Animations/unitychan_WALK00_R.fbx using Guid(dbc663f7e83140241a679da3ca9063b7) Importer(2089858483,0ecaa5967403d082aa24f35e1b516d23) Generated GUIDs only implemented for interfaces!
 -> (artifact id: '1d7775d30a372bd5aa8847b04be0d73f') in 0.145386 seconds
Number of updated asset objects reloaded before import = 0
Number of asset objects unloaded after import = 325
========================================================================
Received Import Request.
  Time since last request: 0.000017 seconds.
  path: Assets/Animations/unity-chan!/Unity-chan! Model/Art/Animations/Chanimator.controller
  artifactKey: Guid(f51f1d72cb48d6340ad87952822af08f) Importer(2089858483,0ecaa5967403d082aa24f35e1b516d23)
Start importing Assets/Animations/unity-chan!/Unity-chan! Model/Art/Animations/Chanimator.controller using Guid(f51f1d72cb48d6340ad87952822af08f) Importer(2089858483,0ecaa5967403d082aa24f35e1b516d23) Generated GUIDs only implemented for interfaces!
 -> (artifact id: '44f8911a38b63d377ec1a2ba8dd3856f') in 0.123871 seconds
Number of updated asset objects reloaded before import = 0
Number of asset objects unloaded after import = 47
========================================================================
Received Import Request.
  Time since last request: 0.000029 seconds.
  path: Assets/Animations/unity-chan!/Unity-chan! Model/Art/Animations/unitychan_WAIT04.fbx
  artifactKey: Guid(685e1a7587d604fd8a8a0a56834063bb) Importer(2089858483,0ecaa5967403d082aa24f35e1b516d23)
Start importing Assets/Animations/unity-chan!/Unity-chan! Model/Art/Animations/unitychan_WAIT04.fbx using Guid(685e1a7587d604fd8a8a0a56834063bb) Importer(2089858483,0ecaa5967403d082aa24f35e1b516d23) Generated GUIDs only implemented for interfaces!
 -> (artifact id: '9504a6125835d3c8872900570cb71424') in 0.141393 seconds
Number of updated asset objects reloaded before import = 0
Number of asset objects unloaded after import = 325
========================================================================
Received Import Request.
  Time since last request: 0.000051 seconds.
  path: Assets/Animations/unity-chan!/Unity-chan! Model/Art/Materials/Left.mat
  artifactKey: Guid(00cf17fb11d4e76448c2096f7ee6aa4f) Importer(2089858483,0ecaa5967403d082aa24f35e1b516d23)
Start importing Assets/Animations/unity-chan!/Unity-chan! Model/Art/Materials/Left.mat using Guid(00cf17fb11d4e76448c2096f7ee6aa4f) Importer(2089858483,0ecaa5967403d082aa24f35e1b516d23) Generated GUIDs only implemented for interfaces!
 -> (artifact id: '37d9ddc813da12999d4da5716f9dcefb') in 0.025548 seconds
Number of updated asset objects reloaded before import = 0
Number of asset objects unloaded after import = 1
========================================================================
Received Import Request.
  Time since last request: 0.000017 seconds.
  path: Assets/Animations/unity-chan!/Unity-chan! Model/Art/Materials/skin1.mat
  artifactKey: Guid(ca131910d5c9a634dbdd38e77111033f) Importer(2089858483,0ecaa5967403d082aa24f35e1b516d23)
Start importing Assets/Animations/unity-chan!/Unity-chan! Model/Art/Materials/skin1.mat using Guid(ca131910d5c9a634dbdd38e77111033f) Importer(2089858483,0ecaa5967403d082aa24f35e1b516d23) Generated GUIDs only implemented for interfaces!
 -> (artifact id: 'b12439e82fd2d34034b3798f12fec235') in 0.037958 seconds
Number of updated asset objects reloaded before import = 0
Number of asset objects unloaded after import = 2
========================================================================
Received Import Request.
  Time since last request: 0.000016 seconds.
  path: Assets/Animations/unity-chan!/Unity-chan! Model/Audio/Voice/univ0001.wav
  artifactKey: Guid(eed2451bbd4264da8b6c27c92df62faf) Importer(2089858483,0ecaa5967403d082aa24f35e1b516d23)
Start importing Assets/Animations/unity-chan!/Unity-chan! Model/Audio/Voice/univ0001.wav using Guid(eed2451bbd4264da8b6c27c92df62faf) Importer(2089858483,0ecaa5967403d082aa24f35e1b516d23) Generated GUIDs only implemented for interfaces!
 -> (artifact id: 'c0b245ff51895cedc688ccaefe391ac4') in 0.049266 seconds
Number of updated asset objects reloaded before import = 0
Number of asset objects unloaded after import = 1
========================================================================
Received Import Request.
  Time since last request: 0.000016 seconds.
  path: Assets/Animations/unity-chan!/Unity-chan! Model/Art/Materials/hair.mat
  artifactKey: Guid(5ebb6caef8207d243a588a574971408c) Importer(2089858483,0ecaa5967403d082aa24f35e1b516d23)
Start importing Assets/Animations/unity-chan!/Unity-chan! Model/Art/Materials/hair.mat using Guid(5ebb6caef8207d243a588a574971408c) Importer(2089858483,0ecaa5967403d082aa24f35e1b516d23) Generated GUIDs only implemented for interfaces!
 -> (artifact id: '0cb1580004de2e4fc841ec40840ccbff') in 0.087523 seconds
Number of updated asset objects reloaded before import = 0
Number of asset objects unloaded after import = 4
========================================================================
Received Import Request.
  Time since last request: 0.000016 seconds.
  path: Assets/Terrains/TerrainSampleAssets/Textures/Terrain/Rock_MaskMap.tif
  artifactKey: Guid(e721005ca94d7fd418d56d8919cf21bc) Importer(2089858483,0ecaa5967403d082aa24f35e1b516d23)
Start importing Assets/Terrains/TerrainSampleAssets/Textures/Terrain/Rock_MaskMap.tif using Guid(e721005ca94d7fd418d56d8919cf21bc) Importer(2089858483,0ecaa5967403d082aa24f35e1b516d23) Generated GUIDs only implemented for interfaces!
 -> (artifact id: '1625a9484abe3c742d368f8678585683') in 0.093072 seconds
Number of updated asset objects reloaded before import = 0
Number of asset objects unloaded after import = 1
========================================================================
Received Import Request.
  Time since last request: 0.000024 seconds.
  path: Assets/Terrains/TerrainSampleAssets/Textures/Terrain/Grass_Moss_Normal.tif
  artifactKey: Guid(76aa432bb52554c4fbdb8017b0593fc8) Importer(2089858483,0ecaa5967403d082aa24f35e1b516d23)
Start importing Assets/Terrains/TerrainSampleAssets/Textures/Terrain/Grass_Moss_Normal.tif using Guid(76aa432bb52554c4fbdb8017b0593fc8) Importer(2089858483,0ecaa5967403d082aa24f35e1b516d23) Generated GUIDs only implemented for interfaces!
 -> (artifact id: '26c3b61cca1c78f161e750a3a3c94548') in 0.138134 seconds
Number of updated asset objects reloaded before import = 0
Number of asset objects unloaded after import = 1
========================================================================
Received Import Request.
  Time since last request: 0.000017 seconds.
  path: Assets/Animations/unity-chan!/Unity-chan! Model/Audio/Voice/univ0004.wav
  artifactKey: Guid(adf7488d7a7d741409ceb3f11b90852b) Importer(2089858483,0ecaa5967403d082aa24f35e1b516d23)
Start importing Assets/Animations/unity-chan!/Unity-chan! Model/Audio/Voice/univ0004.wav using Guid(adf7488d7a7d741409ceb3f11b90852b) Importer(2089858483,0ecaa5967403d082aa24f35e1b516d23) Generated GUIDs only implemented for interfaces!
 -> (artifact id: '8782e936a6c83a4ed7547ef1344903cf') in 0.051754 seconds
Number of updated asset objects reloaded before import = 0
Number of asset objects unloaded after import = 1
========================================================================
Received Import Request.
  Time since last request: 0.000023 seconds.
  path: Assets/Animations/unity-chan!/Unity-chan! Model/Audio/Voice/univ0008.wav
  artifactKey: Guid(5dadf04f00ed843aaaf7d41e3d53a927) Importer(2089858483,0ecaa5967403d082aa24f35e1b516d23)
Start importing Assets/Animations/unity-chan!/Unity-chan! Model/Audio/Voice/univ0008.wav using Guid(5dadf04f00ed843aaaf7d41e3d53a927) Importer(2089858483,0ecaa5967403d082aa24f35e1b516d23) Generated GUIDs only implemented for interfaces!
 -> (artifact id: '2407826cf5cfa600f4118675f43ef93b') in 0.051262 seconds
Number of updated asset objects reloaded before import = 0
Number of asset objects unloaded after import = 1
========================================================================
Received Import Request.
  Time since last request: 0.000023 seconds.
  path: Assets/Animations/unity-chan!/Unity-chan! Model/Audio/Voice/univ0010.wav
  artifactKey: Guid(d7c4040670e28478fbd49fd9b6060ac8) Importer(2089858483,0ecaa5967403d082aa24f35e1b516d23)
Start importing Assets/Animations/unity-chan!/Unity-chan! Model/Audio/Voice/univ0010.wav using Guid(d7c4040670e28478fbd49fd9b6060ac8) Importer(2089858483,0ecaa5967403d082aa24f35e1b516d23) Generated GUIDs only implemented for interfaces!
 -> (artifact id: '10fc552a7594d2842352d89d9fb597de') in 0.046260 seconds
Number of updated asset objects reloaded before import = 0
Number of asset objects unloaded after import = 1
========================================================================
Received Import Request.
  Time since last request: 0.000018 seconds.
  path: Assets/Animations/unity-chan!/Unity-chan! Model/Audio/Voice/univ0015.wav
  artifactKey: Guid(28411f84ac99843ba9649b2cae8c879e) Importer(2089858483,0ecaa5967403d082aa24f35e1b516d23)
Start importing Assets/Animations/unity-chan!/Unity-chan! Model/Audio/Voice/univ0015.wav using Guid(28411f84ac99843ba9649b2cae8c879e) Importer(2089858483,0ecaa5967403d082aa24f35e1b516d23) Generated GUIDs only implemented for interfaces!
 -> (artifact id: 'eb4988ac2f3029ea4ab007ed8947bb51') in 0.055943 seconds
Number of updated asset objects reloaded before import = 0
Number of asset objects unloaded after import = 1
========================================================================
Received Import Request.
  Time since last request: 0.000018 seconds.
  path: Assets/Animations/unity-chan!/Unity-chan! Model/Audio/Voice/univ0003.wav
  artifactKey: Guid(d42eccd24e0ee4aef80df9398ec0747c) Importer(2089858483,0ecaa5967403d082aa24f35e1b516d23)
Start importing Assets/Animations/unity-chan!/Unity-chan! Model/Audio/Voice/univ0003.wav using Guid(d42eccd24e0ee4aef80df9398ec0747c) Importer(2089858483,0ecaa5967403d082aa24f35e1b516d23) Generated GUIDs only implemented for interfaces!
 -> (artifact id: 'bcf9f7b0bc0c865cb81c161bf1171769') in 0.047050 seconds
Number of updated asset objects reloaded before import = 0
Number of asset objects unloaded after import = 1
========================================================================
Received Import Request.
  Time since last request: 0.000017 seconds.
  path: Assets/Animations/unity-chan!/Unity-chan! Model/Audio/Voice/univ0009.wav
  artifactKey: Guid(9fac2d685a3ce48f0b3ec4ed05101df6) Importer(2089858483,0ecaa5967403d082aa24f35e1b516d23)
Start importing Assets/Animations/unity-chan!/Unity-chan! Model/Audio/Voice/univ0009.wav using Guid(9fac2d685a3ce48f0b3ec4ed05101df6) Importer(2089858483,0ecaa5967403d082aa24f35e1b516d23) Generated GUIDs only implemented for interfaces!
 -> (artifact id: '6cd64bf5e028c8a4a4fbb019561350f8') in 0.059218 seconds
Number of updated asset objects reloaded before import = 0
Number of asset objects unloaded after import = 1
========================================================================
Received Import Request.
  Time since last request: 0.000023 seconds.
  path: Assets/Animations/unity-chan!/Unity-chan! Model/Audio/Voice/univ0012.wav
  artifactKey: Guid(78dfa7e84d21b4adab175b30eb01eacc) Importer(2089858483,0ecaa5967403d082aa24f35e1b516d23)
Start importing Assets/Animations/unity-chan!/Unity-chan! Model/Audio/Voice/univ0012.wav using Guid(78dfa7e84d21b4adab175b30eb01eacc) Importer(2089858483,0ecaa5967403d082aa24f35e1b516d23) Generated GUIDs only implemented for interfaces!
 -> (artifact id: '2d0916ace4241163567c9c3ab449fa6a') in 0.058021 seconds
Number of updated asset objects reloaded before import = 0
Number of asset objects unloaded after import = 1
========================================================================
Received Import Request.
  Time since last request: 0.000022 seconds.
  path: Assets/Textures/Sand textures pack/Sand 04/Sand pattern 04.mat
  artifactKey: Guid(8cffa15b2883a0c44b3d6fb29d15d33c) Importer(2089858483,0ecaa5967403d082aa24f35e1b516d23)
Start importing Assets/Textures/Sand textures pack/Sand 04/Sand pattern 04.mat using Guid(8cffa15b2883a0c44b3d6fb29d15d33c) Importer(2089858483,0ecaa5967403d082aa24f35e1b516d23) Generated GUIDs only implemented for interfaces!
 -> (artifact id: '7b02b070a3c2c178fe32c02ba9089d80') in 0.029109 seconds
Number of updated asset objects reloaded before import = 0
Number of asset objects unloaded after import = 1
========================================================================
Received Import Request.
  Time since last request: 0.000016 seconds.
  path: Assets/Animations/unity-chan!/Unity-chan! Model/Audio/Voice/univ0018.wav
  artifactKey: Guid(9386c5176a28d485f9f58d1031791d32) Importer(2089858483,0ecaa5967403d082aa24f35e1b516d23)
Start importing Assets/Animations/unity-chan!/Unity-chan! Model/Audio/Voice/univ0018.wav using Guid(9386c5176a28d485f9f58d1031791d32) Importer(2089858483,0ecaa5967403d082aa24f35e1b516d23) Generated GUIDs only implemented for interfaces!
 -> (artifact id: '6e7006e054724f29bb91c0a7029b5bd7') in 0.048085 seconds
Number of updated asset objects reloaded before import = 0
Number of asset objects unloaded after import = 1
========================================================================
Received Import Request.
  Time since last request: 0.000022 seconds.
  path: Assets/Animations/unity-chan!/Unity-chan! Model/Audio/Voice/univ0022.wav
  artifactKey: Guid(9a6ffec590512439cb7a77619dd4a115) Importer(2089858483,0ecaa5967403d082aa24f35e1b516d23)
Start importing Assets/Animations/unity-chan!/Unity-chan! Model/Audio/Voice/univ0022.wav using Guid(9a6ffec590512439cb7a77619dd4a115) Importer(2089858483,0ecaa5967403d082aa24f35e1b516d23) Generated GUIDs only implemented for interfaces!
 -> (artifact id: 'b1d4d983538d7b41bbc1ad205831b485') in 0.044549 seconds
Number of updated asset objects reloaded before import = 0
Number of asset objects unloaded after import = 1
========================================================================
Received Import Request.
  Time since last request: 0.000024 seconds.
  path: Assets/Animations/unity-chan!/Unity-chan! Model/Audio/Voice/univ0023.wav
  artifactKey: Guid(436f01e35ef0542f8b42c9b0d0907ea2) Importer(2089858483,0ecaa5967403d082aa24f35e1b516d23)
Start importing Assets/Animations/unity-chan!/Unity-chan! Model/Audio/Voice/univ0023.wav using Guid(436f01e35ef0542f8b42c9b0d0907ea2) Importer(2089858483,0ecaa5967403d082aa24f35e1b516d23) Generated GUIDs only implemented for interfaces!
 -> (artifact id: '5e27ce6d751fccc7b71821fd663760f3') in 0.058680 seconds
Number of updated asset objects reloaded before import = 0
Number of asset objects unloaded after import = 1
========================================================================
Received Import Request.
  Time since last request: 0.000017 seconds.
  path: Assets/Animations/unity-chan!/Unity-chan! Model/Audio/Voice/univ0027.wav
  artifactKey: Guid(39c15a2c77273494b9b02b228371d87b) Importer(2089858483,0ecaa5967403d082aa24f35e1b516d23)
Start importing Assets/Animations/unity-chan!/Unity-chan! Model/Audio/Voice/univ0027.wav using Guid(39c15a2c77273494b9b02b228371d87b) Importer(2089858483,0ecaa5967403d082aa24f35e1b516d23) Generated GUIDs only implemented for interfaces!
 -> (artifact id: '9681fa82fac2fed2b31b969a8e73de76') in 0.048840 seconds
Number of updated asset objects reloaded before import = 0
Number of asset objects unloaded after import = 1
========================================================================
Received Import Request.
  Time since last request: 0.000020 seconds.
  path: Assets/Animations/unity-chan!/Unity-chan! Model/Audio/Voice/univ0020.wav
  artifactKey: Guid(58be6e1f7db214607a51dc56cff4ee13) Importer(2089858483,0ecaa5967403d082aa24f35e1b516d23)
Start importing Assets/Animations/unity-chan!/Unity-chan! Model/Audio/Voice/univ0020.wav using Guid(58be6e1f7db214607a51dc56cff4ee13) Importer(2089858483,0ecaa5967403d082aa24f35e1b516d23) Generated GUIDs only implemented for interfaces!
 -> (artifact id: 'dc54e35246c6eacfc6e9078e61c12604') in 0.054197 seconds
Number of updated asset objects reloaded before import = 0
Number of asset objects unloaded after import = 1
========================================================================
Received Import Request.
  Time since last request: 0.000018 seconds.
  path: Assets/Animations/unity-chan!/Unity-chan! Model/Audio/Voice/univ0030.wav
  artifactKey: Guid(5f1962b28971041f3b08aa2185cca6ae) Importer(2089858483,0ecaa5967403d082aa24f35e1b516d23)
Start importing Assets/Animations/unity-chan!/Unity-chan! Model/Audio/Voice/univ0030.wav using Guid(5f1962b28971041f3b08aa2185cca6ae) Importer(2089858483,0ecaa5967403d082aa24f35e1b516d23) Generated GUIDs only implemented for interfaces!
 -> (artifact id: '4c05d2d43e4ba8bdc7f4e4d1f33ab18d') in 0.047050 seconds
Number of updated asset objects reloaded before import = 0
Number of asset objects unloaded after import = 1
========================================================================
Received Import Request.
  Time since last request: 0.000029 seconds.
  path: Assets/Animations/unity-chan!/Unity-chan! Model/Audio/Voice/univ0016.wav
  artifactKey: Guid(2c5aeebe156824017b25a8133a705d4f) Importer(2089858483,0ecaa5967403d082aa24f35e1b516d23)
Start importing Assets/Animations/unity-chan!/Unity-chan! Model/Audio/Voice/univ0016.wav using Guid(2c5aeebe156824017b25a8133a705d4f) Importer(2089858483,0ecaa5967403d082aa24f35e1b516d23) Generated GUIDs only implemented for interfaces!
 -> (artifact id: '95e83ff0546555e59647de75c102c471') in 0.047981 seconds
Number of updated asset objects reloaded before import = 0
Number of asset objects unloaded after import = 1
========================================================================
Received Import Request.
  Time since last request: 0.000018 seconds.
  path: Assets/Animations/unity-chan!/Unity-chan! Model/Audio/Voice/univ0028.wav
  artifactKey: Guid(5ce5e31b4113b41d4b0537bd71771881) Importer(2089858483,0ecaa5967403d082aa24f35e1b516d23)
Start importing Assets/Animations/unity-chan!/Unity-chan! Model/Audio/Voice/univ0028.wav using Guid(5ce5e31b4113b41d4b0537bd71771881) Importer(2089858483,0ecaa5967403d082aa24f35e1b516d23) Generated GUIDs only implemented for interfaces!
 -> (artifact id: '53f86b30ebce6aa2d01601bbd469e78a') in 0.052128 seconds
Number of updated asset objects reloaded before import = 0
Number of asset objects unloaded after import = 1
========================================================================
Received Import Request.
  Time since last request: 0.000019 seconds.
  path: Assets/Animations/unity-chan!/Unity-chan! Model/Audio/Voice/univ0045.wav
  artifactKey: Guid(1fe7fa3363d614a7196e93a1be83856d) Importer(2089858483,0ecaa5967403d082aa24f35e1b516d23)
Start importing Assets/Animations/unity-chan!/Unity-chan! Model/Audio/Voice/univ0045.wav using Guid(1fe7fa3363d614a7196e93a1be83856d) Importer(2089858483,0ecaa5967403d082aa24f35e1b516d23) Generated GUIDs only implemented for interfaces!
 -> (artifact id: '2b01ce046af8b72ed474f664c62c1444') in 0.060077 seconds
Number of updated asset objects reloaded before import = 0
Number of asset objects unloaded after import = 1
========================================================================
Received Import Request.
  Time since last request: 0.000044 seconds.
  path: Assets/Animations/unity-chan!/Unity-chan! Model/Audio/Voice/univ0042.wav
  artifactKey: Guid(a194b35bc52164e6da777d374923cb83) Importer(2089858483,0ecaa5967403d082aa24f35e1b516d23)
Start importing Assets/Animations/unity-chan!/Unity-chan! Model/Audio/Voice/univ0042.wav using Guid(a194b35bc52164e6da777d374923cb83) Importer(2089858483,0ecaa5967403d082aa24f35e1b516d23) Generated GUIDs only implemented for interfaces!
 -> (artifact id: '8998967a76c5b8b9445dc45279d376b4') in 0.052606 seconds
Number of updated asset objects reloaded before import = 0
Number of asset objects unloaded after import = 1
========================================================================
Received Import Request.
  Time since last request: 0.000029 seconds.
  path: Assets/Animations/unity-chan!/Unity-chan! Model/Audio/Voice/univ0033.wav
  artifactKey: Guid(bc29fe568d3ee4edd8259a80f3b64d26) Importer(2089858483,0ecaa5967403d082aa24f35e1b516d23)
Start importing Assets/Animations/unity-chan!/Unity-chan! Model/Audio/Voice/univ0033.wav using Guid(bc29fe568d3ee4edd8259a80f3b64d26) Importer(2089858483,0ecaa5967403d082aa24f35e1b516d23) Generated GUIDs only implemented for interfaces!
 -> (artifact id: 'deb4826abcae10643f769552c790d9fe') in 0.052105 seconds
Number of updated asset objects reloaded before import = 0
Number of asset objects unloaded after import = 1
========================================================================
Received Import Request.
  Time since last request: 0.000014 seconds.
  path: Assets/Animations/unity-chan!/Unity-chan! Model/Audio/Voice/univ1000.wav
  artifactKey: Guid(7d47792ea81e4408fbef69366151a14a) Importer(2089858483,0ecaa5967403d082aa24f35e1b516d23)
Start importing Assets/Animations/unity-chan!/Unity-chan! Model/Audio/Voice/univ1000.wav using Guid(7d47792ea81e4408fbef69366151a14a) Importer(2089858483,0ecaa5967403d082aa24f35e1b516d23) Generated GUIDs only implemented for interfaces!
 -> (artifact id: '0a9b4cc0e98585ccd29eb76b15099e71') in 0.047530 seconds
Number of updated asset objects reloaded before import = 0
Number of asset objects unloaded after import = 1
========================================================================
Received Import Request.
  Time since last request: 0.000015 seconds.
  path: Assets/Animations/unity-chan!/Unity-chan! Model/Audio/Voice/univ0034.wav
  artifactKey: Guid(c035a7f37428c489999077c2be83e594) Importer(2089858483,0ecaa5967403d082aa24f35e1b516d23)
Start importing Assets/Animations/unity-chan!/Unity-chan! Model/Audio/Voice/univ0034.wav using Guid(c035a7f37428c489999077c2be83e594) Importer(2089858483,0ecaa5967403d082aa24f35e1b516d23) Generated GUIDs only implemented for interfaces!
 -> (artifact id: '0cbdcab82bdf47698ef4f5a7a6088901') in 0.044648 seconds
Number of updated asset objects reloaded before import = 0
Number of asset objects unloaded after import = 1
========================================================================
Received Import Request.
  Time since last request: 0.000023 seconds.
  path: Assets/Animations/unity-chan!/Unity-chan! Model/Audio/Voice/univ0043.wav
  artifactKey: Guid(666b5e8d439124793998f8707c8be1b3) Importer(2089858483,0ecaa5967403d082aa24f35e1b516d23)
Start importing Assets/Animations/unity-chan!/Unity-chan! Model/Audio/Voice/univ0043.wav using Guid(666b5e8d439124793998f8707c8be1b3) Importer(2089858483,0ecaa5967403d082aa24f35e1b516d23) Generated GUIDs only implemented for interfaces!
 -> (artifact id: 'd43cd78aa5ca57d4db492de11191b004') in 0.065044 seconds
Number of updated asset objects reloaded before import = 0
Number of asset objects unloaded after import = 1
========================================================================
Received Import Request.
  Time since last request: 0.000023 seconds.
  path: Assets/Animations/unity-chan!/Unity-chan! Model/Audio/Voice/univ0036.wav
  artifactKey: Guid(4d14dab9e33d14848a32415f0dbb069a) Importer(2089858483,0ecaa5967403d082aa24f35e1b516d23)
Start importing Assets/Animations/unity-chan!/Unity-chan! Model/Audio/Voice/univ0036.wav using Guid(4d14dab9e33d14848a32415f0dbb069a) Importer(2089858483,0ecaa5967403d082aa24f35e1b516d23) Generated GUIDs only implemented for interfaces!
 -> (artifact id: '1b22b384374cf2846a412701fcae74e5') in 0.050422 seconds
Number of updated asset objects reloaded before import = 0
Number of asset objects unloaded after import = 1
========================================================================
Received Import Request.
  Time since last request: 0.000015 seconds.
  path: Assets/Animations/unity-chan!/Unity-chan! Model/Audio/Voice/univ1015.wav
  artifactKey: Guid(c5b7b617e6a324665b0154b0366b81a3) Importer(2089858483,0ecaa5967403d082aa24f35e1b516d23)
Start importing Assets/Animations/unity-chan!/Unity-chan! Model/Audio/Voice/univ1015.wav using Guid(c5b7b617e6a324665b0154b0366b81a3) Importer(2089858483,0ecaa5967403d082aa24f35e1b516d23) Generated GUIDs only implemented for interfaces!
 -> (artifact id: '535fffc787a990c437b7fed381b6bc7e') in 0.049427 seconds
Number of updated asset objects reloaded before import = 0
Number of asset objects unloaded after import = 1
========================================================================
Received Import Request.
  Time since last request: 0.000016 seconds.
  path: Assets/Animations/unity-chan!/Unity-chan! Model/Audio/Voice/univ1013.wav
  artifactKey: Guid(d1eeb8b55c55644d5923b4c51c65ed60) Importer(2089858483,0ecaa5967403d082aa24f35e1b516d23)
Start importing Assets/Animations/unity-chan!/Unity-chan! Model/Audio/Voice/univ1013.wav using Guid(d1eeb8b55c55644d5923b4c51c65ed60) Importer(2089858483,0ecaa5967403d082aa24f35e1b516d23) Generated GUIDs only implemented for interfaces!
 -> (artifact id: 'fe4ae8b1eb586b6839ba592cbf3e6453') in 0.051488 seconds
Number of updated asset objects reloaded before import = 0
Number of asset objects unloaded after import = 1
========================================================================
Received Import Request.
  Time since last request: 0.000018 seconds.
  path: Assets/Animations/unity-chan!/Unity-chan! Model/Audio/Voice/univ1005.wav
  artifactKey: Guid(490eecf3cd0714f8da701bc8b61f92e8) Importer(2089858483,0ecaa5967403d082aa24f35e1b516d23)
Start importing Assets/Animations/unity-chan!/Unity-chan! Model/Audio/Voice/univ1005.wav using Guid(490eecf3cd0714f8da701bc8b61f92e8) Importer(2089858483,0ecaa5967403d082aa24f35e1b516d23) Generated GUIDs only implemented for interfaces!
 -> (artifact id: '4922964e13554caff5b7c38870071835') in 0.046636 seconds
Number of updated asset objects reloaded before import = 0
Number of asset objects unloaded after import = 1
========================================================================
Received Import Request.
  Time since last request: 0.000027 seconds.
  path: Assets/Animations/unity-chan!/Unity-chan! Model/Audio/Voice/univ1008.wav
  artifactKey: Guid(826810b2f0f324134a29995db7e2797f) Importer(2089858483,0ecaa5967403d082aa24f35e1b516d23)
Start importing Assets/Animations/unity-chan!/Unity-chan! Model/Audio/Voice/univ1008.wav using Guid(826810b2f0f324134a29995db7e2797f) Importer(2089858483,0ecaa5967403d082aa24f35e1b516d23) Generated GUIDs only implemented for interfaces!
 -> (artifact id: '0026bd3d3ccad8ab4c4ea8e14930799c') in 0.056095 seconds
Number of updated asset objects reloaded before import = 0
Number of asset objects unloaded after import = 1
========================================================================
Received Import Request.
  Time since last request: 0.000029 seconds.
  path: Assets/Animations/unity-chan!/Unity-chan! Model/Audio/Voice/univ1009.wav
  artifactKey: Guid(95fd24e8209c14421bb395be7fd2b940) Importer(2089858483,0ecaa5967403d082aa24f35e1b516d23)
Start importing Assets/Animations/unity-chan!/Unity-chan! Model/Audio/Voice/univ1009.wav using Guid(95fd24e8209c14421bb395be7fd2b940) Importer(2089858483,0ecaa5967403d082aa24f35e1b516d23) Generated GUIDs only implemented for interfaces!
 -> (artifact id: '4a659447694d16a6ebd4a191356f17d7') in 0.049937 seconds
Number of updated asset objects reloaded before import = 0
Number of asset objects unloaded after import = 1
========================================================================
Received Import Request.
  Time since last request: 0.000014 seconds.
  path: Assets/Animations/unity-chan!/Unity-chan! Model/Audio/Voice/univ1010.wav
  artifactKey: Guid(c6bda23e943374eb69513f998c1007dc) Importer(2089858483,0ecaa5967403d082aa24f35e1b516d23)
Start importing Assets/Animations/unity-chan!/Unity-chan! Model/Audio/Voice/univ1010.wav using Guid(c6bda23e943374eb69513f998c1007dc) Importer(2089858483,0ecaa5967403d082aa24f35e1b516d23) Generated GUIDs only implemented for interfaces!
 -> (artifact id: 'eee2d8290df902b2597eaf2bb8eb3ac2') in 0.047787 seconds
Number of updated asset objects reloaded before import = 0
Number of asset objects unloaded after import = 1
========================================================================
Received Import Request.
  Time since last request: 0.000022 seconds.
  path: Assets/StarterAssets/ThirdPersonController/Character/Sfx/Player_Footstep_09.wav
  artifactKey: Guid(274649b0e221539409070ebf6c18918b) Importer(2089858483,0ecaa5967403d082aa24f35e1b516d23)
Start importing Assets/StarterAssets/ThirdPersonController/Character/Sfx/Player_Footstep_09.wav using Guid(274649b0e221539409070ebf6c18918b) Importer(2089858483,0ecaa5967403d082aa24f35e1b516d23) Generated GUIDs only implemented for interfaces!
 -> (artifact id: '412bdaf6aeae7d715af146e190d83e82') in 0.051100 seconds
Number of updated asset objects reloaded before import = 0
Number of asset objects unloaded after import = 1
========================================================================
Received Import Request.
  Time since last request: 0.000022 seconds.
  path: Assets/Animations/unity-chan!/Unity-chan! Model/Audio/Voice/univ1021.wav
  artifactKey: Guid(ee56b49d7aebf4f24a6df7d352afcb61) Importer(2089858483,0ecaa5967403d082aa24f35e1b516d23)
Start importing Assets/Animations/unity-chan!/Unity-chan! Model/Audio/Voice/univ1021.wav using Guid(ee56b49d7aebf4f24a6df7d352afcb61) Importer(2089858483,0ecaa5967403d082aa24f35e1b516d23) Generated GUIDs only implemented for interfaces!
 -> (artifact id: '2720fb1306bf48e648cfe6e8caf3c63c') in 0.055809 seconds
Number of updated asset objects reloaded before import = 0
Number of asset objects unloaded after import = 1
========================================================================
Received Import Request.
  Time since last request: 0.000017 seconds.
  path: Assets/Animations/unity-chan!/Unity-chan! Model/Audio/Voice/univ1026.wav
  artifactKey: Guid(fa5234b2218704e3da5e9fb3e5ee1325) Importer(2089858483,0ecaa5967403d082aa24f35e1b516d23)
Start importing Assets/Animations/unity-chan!/Unity-chan! Model/Audio/Voice/univ1026.wav using Guid(fa5234b2218704e3da5e9fb3e5ee1325) Importer(2089858483,0ecaa5967403d082aa24f35e1b516d23) Generated GUIDs only implemented for interfaces!
 -> (artifact id: '1620a4d9a8640d9085f056343476cf27') in 0.079181 seconds
Number of updated asset objects reloaded before import = 0
Number of asset objects unloaded after import = 1
========================================================================
Received Import Request.
  Time since last request: 0.000019 seconds.
  path: Assets/Animations/unity-chan!/Unity-chan! Model/Audio/Voice/univ1020.wav
  artifactKey: Guid(1fd7d2c354c86467cb0e57f86e88cdb9) Importer(2089858483,0ecaa5967403d082aa24f35e1b516d23)
Start importing Assets/Animations/unity-chan!/Unity-chan! Model/Audio/Voice/univ1020.wav using Guid(1fd7d2c354c86467cb0e57f86e88cdb9) Importer(2089858483,0ecaa5967403d082aa24f35e1b516d23) Generated GUIDs only implemented for interfaces!
 -> (artifact id: 'eace2506b53650eefe010b921b7e186e') in 0.055634 seconds
Number of updated asset objects reloaded before import = 0
Number of asset objects unloaded after import = 1
========================================================================
Received Import Request.
  Time since last request: 0.000021 seconds.
  path: Assets/Animations/unity-chan!/Unity-chan! Model/Audio/Voice/univ1018.wav
  artifactKey: Guid(48f945eaabaa941da8b22c03b441664a) Importer(2089858483,0ecaa5967403d082aa24f35e1b516d23)
Start importing Assets/Animations/unity-chan!/Unity-chan! Model/Audio/Voice/univ1018.wav using Guid(48f945eaabaa941da8b22c03b441664a) Importer(2089858483,0ecaa5967403d082aa24f35e1b516d23) Generated GUIDs only implemented for interfaces!
 -> (artifact id: '3f306afe740d43fcf3d586762ba00b8e') in 0.051445 seconds
Number of updated asset objects reloaded before import = 0
Number of asset objects unloaded after import = 1
========================================================================
Received Import Request.
  Time since last request: 0.000026 seconds.
  path: Assets/Animations/unity-chan!/Unity-chan! Model/Audio/Voice/univ1017.wav
  artifactKey: Guid(8e0c119b1b4654fcf8a551a1bbf1f46f) Importer(2089858483,0ecaa5967403d082aa24f35e1b516d23)
Start importing Assets/Animations/unity-chan!/Unity-chan! Model/Audio/Voice/univ1017.wav using Guid(8e0c119b1b4654fcf8a551a1bbf1f46f) Importer(2089858483,0ecaa5967403d082aa24f35e1b516d23) Generated GUIDs only implemented for interfaces!
 -> (artifact id: 'f89373d4681f15689c5676611d0463cd') in 0.054386 seconds
Number of updated asset objects reloaded before import = 0
Number of asset objects unloaded after import = 1
========================================================================
Received Import Request.
  Time since last request: 0.000024 seconds.
  path: Assets/Animations/unity-chan!/Unity-chan! Model/Audio/Voice/univ1016.wav
  artifactKey: Guid(514dfaed2534942e8a5c5f7f253ed89b) Importer(2089858483,0ecaa5967403d082aa24f35e1b516d23)
Start importing Assets/Animations/unity-chan!/Unity-chan! Model/Audio/Voice/univ1016.wav using Guid(514dfaed2534942e8a5c5f7f253ed89b) Importer(2089858483,0ecaa5967403d082aa24f35e1b516d23) Generated GUIDs only implemented for interfaces!
 -> (artifact id: 'b052b3aa245a551f5fccb1b095225066') in 0.048428 seconds
Number of updated asset objects reloaded before import = 0
Number of asset objects unloaded after import = 1
========================================================================
Received Import Request.
  Time since last request: 0.000018 seconds.
  path: Assets/Animations/unity-chan!/Unity-chan! Model/Audio/Voice/univ1041.wav
  artifactKey: Guid(b9f7c0b9749de4e218cc4d48348de108) Importer(2089858483,0ecaa5967403d082aa24f35e1b516d23)
Start importing Assets/Animations/unity-chan!/Unity-chan! Model/Audio/Voice/univ1041.wav using Guid(b9f7c0b9749de4e218cc4d48348de108) Importer(2089858483,0ecaa5967403d082aa24f35e1b516d23) Generated GUIDs only implemented for interfaces!
 -> (artifact id: '4d6e5aa0d7fb61a700a69192a748e7ab') in 0.065603 seconds
Number of updated asset objects reloaded before import = 0
Number of asset objects unloaded after import = 1
========================================================================
Received Import Request.
  Time since last request: 0.000017 seconds.
  path: Assets/Animations/unity-chan!/Unity-chan! Model/Audio/Voice/univ1034.wav
  artifactKey: Guid(363e2b159caf641369a408c0427894f8) Importer(2089858483,0ecaa5967403d082aa24f35e1b516d23)
Start importing Assets/Animations/unity-chan!/Unity-chan! Model/Audio/Voice/univ1034.wav using Guid(363e2b159caf641369a408c0427894f8) Importer(2089858483,0ecaa5967403d082aa24f35e1b516d23) Generated GUIDs only implemented for interfaces!
 -> (artifact id: '3b9dbd42b3ed593e86b71f7f6f2e8b8c') in 0.050697 seconds
Number of updated asset objects reloaded before import = 0
Number of asset objects unloaded after import = 1
========================================================================
Received Import Request.
  Time since last request: 0.000034 seconds.
  path: Assets/Animations/unity-chan!/Unity-chan! Model/Audio/Voice/univ1031.wav
  artifactKey: Guid(c66e87e26a6994c768b643743f6494cd) Importer(2089858483,0ecaa5967403d082aa24f35e1b516d23)
Start importing Assets/Animations/unity-chan!/Unity-chan! Model/Audio/Voice/univ1031.wav using Guid(c66e87e26a6994c768b643743f6494cd) Importer(2089858483,0ecaa5967403d082aa24f35e1b516d23) Generated GUIDs only implemented for interfaces!
 -> (artifact id: '5c4afbdce6bacfb74a8df4cf988570d1') in 0.046531 seconds
Number of updated asset objects reloaded before import = 0
Number of asset objects unloaded after import = 1
========================================================================
Received Import Request.
  Time since last request: 0.000016 seconds.
  path: Assets/Animations/unity-chan!/Unity-chan! Model/Audio/Voice/univ1033.wav
  artifactKey: Guid(d26db10019378471eabd61108a8e8468) Importer(2089858483,0ecaa5967403d082aa24f35e1b516d23)
Start importing Assets/Animations/unity-chan!/Unity-chan! Model/Audio/Voice/univ1033.wav using Guid(d26db10019378471eabd61108a8e8468) Importer(2089858483,0ecaa5967403d082aa24f35e1b516d23) Generated GUIDs only implemented for interfaces!
 -> (artifact id: 'dce78eac0b67249bb7b6d121b1cbc335') in 0.053708 seconds
Number of updated asset objects reloaded before import = 0
Number of asset objects unloaded after import = 1
========================================================================
Received Import Request.
  Time since last request: 0.000018 seconds.
  path: Assets/Animations/unity-chan!/Unity-chan! Model/Audio/Voice/univ1036.wav
  artifactKey: Guid(84ee1f63e62794ce592a506085b8dd87) Importer(2089858483,0ecaa5967403d082aa24f35e1b516d23)
Start importing Assets/Animations/unity-chan!/Unity-chan! Model/Audio/Voice/univ1036.wav using Guid(84ee1f63e62794ce592a506085b8dd87) Importer(2089858483,0ecaa5967403d082aa24f35e1b516d23) Generated GUIDs only implemented for interfaces!
 -> (artifact id: 'e5b9cea01f20138d405ec00ab42c2d2b') in 0.054764 seconds
Number of updated asset objects reloaded before import = 0
Number of asset objects unloaded after import = 1
========================================================================
Received Import Request.
  Time since last request: 0.000022 seconds.
  path: Assets/Animations/unity-chan!/Unity-chan! Model/Audio/Voice/univ1038.wav
  artifactKey: Guid(1fea949ca16274adb8e4a6a9b673d938) Importer(2089858483,0ecaa5967403d082aa24f35e1b516d23)
Start importing Assets/Animations/unity-chan!/Unity-chan! Model/Audio/Voice/univ1038.wav using Guid(1fea949ca16274adb8e4a6a9b673d938) Importer(2089858483,0ecaa5967403d082aa24f35e1b516d23) Generated GUIDs only implemented for interfaces!
 -> (artifact id: 'd61daa1c3c1433b1127dd4badd3523a4') in 0.061095 seconds
Number of updated asset objects reloaded before import = 0
Number of asset objects unloaded after import = 1
========================================================================
Received Import Request.
  Time since last request: 0.000023 seconds.
  path: Assets/Terrains/TerrainSampleAssets/Textures/Heightmaps/Mountain10_Heightmap.tiff
  artifactKey: Guid(54acc9c7b90e7844c8110362dbe968ad) Importer(2089858483,0ecaa5967403d082aa24f35e1b516d23)
Start importing Assets/Terrains/TerrainSampleAssets/Textures/Heightmaps/Mountain10_Heightmap.tiff using Guid(54acc9c7b90e7844c8110362dbe968ad) Importer(2089858483,0ecaa5967403d082aa24f35e1b516d23) Generated GUIDs only implemented for interfaces!
 -> (artifact id: '2b772d5dcd8294141ff4da6a6a1307dd') in 0.032037 seconds
Number of updated asset objects reloaded before import = 0
Number of asset objects unloaded after import = 1
========================================================================
Received Import Request.
  Time since last request: 0.000016 seconds.
  path: Assets/Animations/unity-chan!/Unity-chan! Model/Audio/Voice/univ1045.wav
  artifactKey: Guid(73cbd48329eea41b7b8ee144ae7b57c0) Importer(2089858483,0ecaa5967403d082aa24f35e1b516d23)
Start importing Assets/Animations/unity-chan!/Unity-chan! Model/Audio/Voice/univ1045.wav using Guid(73cbd48329eea41b7b8ee144ae7b57c0) Importer(2089858483,0ecaa5967403d082aa24f35e1b516d23) Generated GUIDs only implemented for interfaces!
 -> (artifact id: '520e95d630255e236197b240b88d566f') in 0.048579 seconds
Number of updated asset objects reloaded before import = 0
Number of asset objects unloaded after import = 1
========================================================================
Received Import Request.
  Time since last request: 0.000017 seconds.
  path: Assets/Animations/unity-chan!/Unity-chan! Model/Audio/Voice/univ1043.wav
  artifactKey: Guid(134a343f4bcb142dc9ddd15b85071394) Importer(2089858483,0ecaa5967403d082aa24f35e1b516d23)
Start importing Assets/Animations/unity-chan!/Unity-chan! Model/Audio/Voice/univ1043.wav using Guid(134a343f4bcb142dc9ddd15b85071394) Importer(2089858483,0ecaa5967403d082aa24f35e1b516d23) Generated GUIDs only implemented for interfaces!
 -> (artifact id: '921309e061d335d402350a3676dbf0d2') in 0.052865 seconds
Number of updated asset objects reloaded before import = 0
Number of asset objects unloaded after import = 1
========================================================================
Received Import Request.
  Time since last request: 0.000022 seconds.
  path: Assets/Animations/unity-chan!/Unity-chan! Model/Audio/Voice/univ1042.wav
  artifactKey: Guid(69c6fe1b4f1fe481cb08acebb5f79226) Importer(2089858483,0ecaa5967403d082aa24f35e1b516d23)
Start importing Assets/Animations/unity-chan!/Unity-chan! Model/Audio/Voice/univ1042.wav using Guid(69c6fe1b4f1fe481cb08acebb5f79226) Importer(2089858483,0ecaa5967403d082aa24f35e1b516d23) Generated GUIDs only implemented for interfaces!
 -> (artifact id: '5ff2108dcd74b9f3dd2e134cd09a79b5') in 0.053423 seconds
Number of updated asset objects reloaded before import = 0
Number of asset objects unloaded after import = 1
========================================================================
Received Import Request.
  Time since last request: 0.000022 seconds.
  path: Assets/Animations/unity-chan!/Unity-chan! Model/Audio/Voice/univ1051.wav
  artifactKey: Guid(df5abc14478b84a4d85195950abe5533) Importer(2089858483,0ecaa5967403d082aa24f35e1b516d23)
Start importing Assets/Animations/unity-chan!/Unity-chan! Model/Audio/Voice/univ1051.wav using Guid(df5abc14478b84a4d85195950abe5533) Importer(2089858483,0ecaa5967403d082aa24f35e1b516d23) Generated GUIDs only implemented for interfaces!
 -> (artifact id: 'dc1caec1ede23b12037a636359efcf08') in 0.074251 seconds
Number of updated asset objects reloaded before import = 0
Number of asset objects unloaded after import = 1
========================================================================
Received Import Request.
  Time since last request: 0.000018 seconds.
  path: Assets/Animations/unity-chan!/Unity-chan! Model/Audio/Voice/univ1052.wav
  artifactKey: Guid(86a077bf4dd3847f09f75abaea9e0669) Importer(2089858483,0ecaa5967403d082aa24f35e1b516d23)
Start importing Assets/Animations/unity-chan!/Unity-chan! Model/Audio/Voice/univ1052.wav using Guid(86a077bf4dd3847f09f75abaea9e0669) Importer(2089858483,0ecaa5967403d082aa24f35e1b516d23) Generated GUIDs only implemented for interfaces!
 -> (artifact id: 'b23b5df03cdb82adab2b598faa7e6ab2') in 0.050071 seconds
Number of updated asset objects reloaded before import = 0
Number of asset objects unloaded after import = 1
========================================================================
Received Import Request.
  Time since last request: 0.000017 seconds.
  path: Assets/Animations/unity-chan!/Unity-chan! Model/Audio/Voice/univ1049.wav
  artifactKey: Guid(61e231e4dc4ed4ea59ebc0338bb2d7be) Importer(2089858483,0ecaa5967403d082aa24f35e1b516d23)
Start importing Assets/Animations/unity-chan!/Unity-chan! Model/Audio/Voice/univ1049.wav using Guid(61e231e4dc4ed4ea59ebc0338bb2d7be) Importer(2089858483,0ecaa5967403d082aa24f35e1b516d23) Generated GUIDs only implemented for interfaces!
 -> (artifact id: '3ce7632c3e0cd5661a75f3a84d735ba3') in 0.053273 seconds
Number of updated asset objects reloaded before import = 0
Number of asset objects unloaded after import = 1
========================================================================
Received Import Request.
  Time since last request: 0.000020 seconds.
  path: Assets/Animations/unity-chan!/Unity-chan! Model/Audio/Voice/univ1050.wav
  artifactKey: Guid(0fe0b582ed51d441faf3a4321edd37a6) Importer(2089858483,0ecaa5967403d082aa24f35e1b516d23)
Start importing Assets/Animations/unity-chan!/Unity-chan! Model/Audio/Voice/univ1050.wav using Guid(0fe0b582ed51d441faf3a4321edd37a6) Importer(2089858483,0ecaa5967403d082aa24f35e1b516d23) Generated GUIDs only implemented for interfaces!
 -> (artifact id: '9c188457a532427608323ecd784f05df') in 0.050088 seconds
Number of updated asset objects reloaded before import = 0
Number of asset objects unloaded after import = 1
========================================================================
Received Import Request.
  Time since last request: 0.000023 seconds.
  path: Assets/Animations/unity-chan!/Unity-chan! Model/Audio/Voice/univ1065.wav
  artifactKey: Guid(41b76e0e711aa4c63822bbd4e4ca4872) Importer(2089858483,0ecaa5967403d082aa24f35e1b516d23)
Start importing Assets/Animations/unity-chan!/Unity-chan! Model/Audio/Voice/univ1065.wav using Guid(41b76e0e711aa4c63822bbd4e4ca4872) Importer(2089858483,0ecaa5967403d082aa24f35e1b516d23) Generated GUIDs only implemented for interfaces!
 -> (artifact id: 'fc6fb80e03930b0e82b0df35f1963819') in 0.047987 seconds
Number of updated asset objects reloaded before import = 0
Number of asset objects unloaded after import = 1
========================================================================
Received Import Request.
  Time since last request: 0.000022 seconds.
  path: Assets/Animations/unity-chan!/Unity-chan! Model/Audio/Voice/univ1063.wav
  artifactKey: Guid(6b7993f1f34824d1890a2301f1c5df1b) Importer(2089858483,0ecaa5967403d082aa24f35e1b516d23)
Start importing Assets/Animations/unity-chan!/Unity-chan! Model/Audio/Voice/univ1063.wav using Guid(6b7993f1f34824d1890a2301f1c5df1b) Importer(2089858483,0ecaa5967403d082aa24f35e1b516d23) Generated GUIDs only implemented for interfaces!
 -> (artifact id: 'f0d3720cb96280729aa3afc2c40f039c') in 0.066714 seconds
Number of updated asset objects reloaded before import = 0
Number of asset objects unloaded after import = 1
========================================================================
Received Import Request.
  Time since last request: 0.000019 seconds.
  path: Assets/Animations/unity-chan!/Unity-chan! Model/Audio/Voice/univ1060.wav
  artifactKey: Guid(0aab7f20adf8341a4aa701a7204957cb) Importer(2089858483,0ecaa5967403d082aa24f35e1b516d23)
Start importing Assets/Animations/unity-chan!/Unity-chan! Model/Audio/Voice/univ1060.wav using Guid(0aab7f20adf8341a4aa701a7204957cb) Importer(2089858483,0ecaa5967403d082aa24f35e1b516d23) Generated GUIDs only implemented for interfaces!
 -> (artifact id: '8360e6048d3c0736b66af47436aee55e') in 0.053558 seconds
Number of updated asset objects reloaded before import = 0
Number of asset objects unloaded after import = 1
========================================================================
Received Import Request.
  Time since last request: 0.000017 seconds.
  path: Assets/Animations/unity-chan!/Unity-chan! Model/Audio/Voice/univ1066.wav
  artifactKey: Guid(f52559e4d38db4bf9992ceea679af8f5) Importer(2089858483,0ecaa5967403d082aa24f35e1b516d23)
Start importing Assets/Animations/unity-chan!/Unity-chan! Model/Audio/Voice/univ1066.wav using Guid(f52559e4d38db4bf9992ceea679af8f5) Importer(2089858483,0ecaa5967403d082aa24f35e1b516d23) Generated GUIDs only implemented for interfaces!
 -> (artifact id: '6b848ee0ad5f32d4c18f8c0632f9aefa') in 0.051088 seconds
Number of updated asset objects reloaded before import = 0
Number of asset objects unloaded after import = 1
========================================================================
Received Import Request.
  Time since last request: 0.000030 seconds.
  path: Assets/Animations/unity-chan!/Unity-chan! Model/Audio/Voice/univ1061.wav
  artifactKey: Guid(f145628a693a743c7a09df9ad284c992) Importer(2089858483,0ecaa5967403d082aa24f35e1b516d23)
Start importing Assets/Animations/unity-chan!/Unity-chan! Model/Audio/Voice/univ1061.wav using Guid(f145628a693a743c7a09df9ad284c992) Importer(2089858483,0ecaa5967403d082aa24f35e1b516d23) Generated GUIDs only implemented for interfaces!
 -> (artifact id: 'eb4bf46baa0478e55fb8f7936ddf4db3') in 0.057395 seconds
Number of updated asset objects reloaded before import = 0
Number of asset objects unloaded after import = 1
========================================================================
Received Import Request.
  Time since last request: 0.000015 seconds.
  path: Assets/Animations/unity-chan!/Unity-chan! Model/Audio/Voice/univ1059.wav
  artifactKey: Guid(5d1ffcb7eee5e4938966f53e507d5420) Importer(2089858483,0ecaa5967403d082aa24f35e1b516d23)
Start importing Assets/Animations/unity-chan!/Unity-chan! Model/Audio/Voice/univ1059.wav using Guid(5d1ffcb7eee5e4938966f53e507d5420) Importer(2089858483,0ecaa5967403d082aa24f35e1b516d23) Generated GUIDs only implemented for interfaces!
 -> (artifact id: '05130199e390d017fcefa89b21843f8e') in 0.051195 seconds
Number of updated asset objects reloaded before import = 0
Number of asset objects unloaded after import = 1
========================================================================
Received Import Request.
  Time since last request: 0.000016 seconds.
  path: Assets/Animations/unity-chan!/Unity-chan! Model/Audio/Voice/univ1070.wav
  artifactKey: Guid(fd78a38399bb64069b2f13cf85d7b9b6) Importer(2089858483,0ecaa5967403d082aa24f35e1b516d23)
Start importing Assets/Animations/unity-chan!/Unity-chan! Model/Audio/Voice/univ1070.wav using Guid(fd78a38399bb64069b2f13cf85d7b9b6) Importer(2089858483,0ecaa5967403d082aa24f35e1b516d23) Generated GUIDs only implemented for interfaces!
 -> (artifact id: '827296ce14d2e26c627da1704b202e14') in 0.060040 seconds
Number of updated asset objects reloaded before import = 0
Number of asset objects unloaded after import = 1
========================================================================
Received Import Request.
  Time since last request: 0.000017 seconds.
  path: Assets/Animations/unity-chan!/Unity-chan! Model/Audio/Voice/univ1079.wav
  artifactKey: Guid(6a28075a3eb144446a49f716c52bec89) Importer(2089858483,0ecaa5967403d082aa24f35e1b516d23)
Start importing Assets/Animations/unity-chan!/Unity-chan! Model/Audio/Voice/univ1079.wav using Guid(6a28075a3eb144446a49f716c52bec89) Importer(2089858483,0ecaa5967403d082aa24f35e1b516d23) Generated GUIDs only implemented for interfaces!
 -> (artifact id: '9f17454cc345923f59aefe502c4b6c10') in 0.050675 seconds
Number of updated asset objects reloaded before import = 0
Number of asset objects unloaded after import = 1
========================================================================
Received Import Request.
  Time since last request: 0.000022 seconds.
  path: Assets/Animations/unity-chan!/Unity-chan! Model/Audio/Voice/univ1080.wav
  artifactKey: Guid(7113a0021771e479c83f524373b07b05) Importer(2089858483,0ecaa5967403d082aa24f35e1b516d23)
Start importing Assets/Animations/unity-chan!/Unity-chan! Model/Audio/Voice/univ1080.wav using Guid(7113a0021771e479c83f524373b07b05) Importer(2089858483,0ecaa5967403d082aa24f35e1b516d23) Generated GUIDs only implemented for interfaces!
 -> (artifact id: '51c359975fdabdde60ffc11273ada0b3') in 0.050652 seconds
Number of updated asset objects reloaded before import = 0
Number of asset objects unloaded after import = 1
========================================================================
Received Import Request.
  Time since last request: 0.000016 seconds.
  path: Assets/Animations/unity-chan!/Unity-chan! Model/Audio/Voice/univ1076.wav
  artifactKey: Guid(e34bdae90d3b54d93ba5b465198233a7) Importer(2089858483,0ecaa5967403d082aa24f35e1b516d23)
Start importing Assets/Animations/unity-chan!/Unity-chan! Model/Audio/Voice/univ1076.wav using Guid(e34bdae90d3b54d93ba5b465198233a7) Importer(2089858483,0ecaa5967403d082aa24f35e1b516d23) Generated GUIDs only implemented for interfaces!
 -> (artifact id: '48b6a7af2342a7085769316251375895') in 0.054003 seconds
Number of updated asset objects reloaded before import = 0
Number of asset objects unloaded after import = 1
========================================================================
Received Import Request.
  Time since last request: 0.000014 seconds.
  path: Assets/Animations/unity-chan!/Unity-chan! Model/Audio/Voice/univ1067.wav
  artifactKey: Guid(b2f13aafd2de545419eb588ac7cda353) Importer(2089858483,0ecaa5967403d082aa24f35e1b516d23)
Start importing Assets/Animations/unity-chan!/Unity-chan! Model/Audio/Voice/univ1067.wav using Guid(b2f13aafd2de545419eb588ac7cda353) Importer(2089858483,0ecaa5967403d082aa24f35e1b516d23) Generated GUIDs only implemented for interfaces!
 -> (artifact id: '87eed42f26d502712e035cbc73a4637d') in 0.054024 seconds
Number of updated asset objects reloaded before import = 0
Number of asset objects unloaded after import = 1
========================================================================
Received Import Request.
  Time since last request: 0.000019 seconds.
  path: Assets/Animations/unity-chan!/Unity-chan! Model/Audio/Voice/univ1057.wav
  artifactKey: Guid(dbfc843dd2c02469db74d63ac4120758) Importer(2089858483,0ecaa5967403d082aa24f35e1b516d23)
Start importing Assets/Animations/unity-chan!/Unity-chan! Model/Audio/Voice/univ1057.wav using Guid(dbfc843dd2c02469db74d63ac4120758) Importer(2089858483,0ecaa5967403d082aa24f35e1b516d23) Generated GUIDs only implemented for interfaces!
 -> (artifact id: '0b5696f4e161f43bde693ca462ad2c3f') in 0.065192 seconds
Number of updated asset objects reloaded before import = 0
Number of asset objects unloaded after import = 1
========================================================================
Received Import Request.
  Time since last request: 0.000022 seconds.
  path: Assets/Animations/unity-chan!/Unity-chan! Model/Audio/Voice/univ1092.wav
  artifactKey: Guid(23e7ee0c4720c4bd48c405abb4ffa7f2) Importer(2089858483,0ecaa5967403d082aa24f35e1b516d23)
Start importing Assets/Animations/unity-chan!/Unity-chan! Model/Audio/Voice/univ1092.wav using Guid(23e7ee0c4720c4bd48c405abb4ffa7f2) Importer(2089858483,0ecaa5967403d082aa24f35e1b516d23) Generated GUIDs only implemented for interfaces!
 -> (artifact id: 'b64eb84d7b65f2ec340b45435f7c4544') in 0.049948 seconds
Number of updated asset objects reloaded before import = 0
Number of asset objects unloaded after import = 1
========================================================================
Received Import Request.
  Time since last request: 0.000017 seconds.
  path: Assets/Animations/unity-chan!/Unity-chan! Model/Audio/Voice/univ1085.wav
  artifactKey: Guid(f611addc1ca8f49978d231bf4c2981c4) Importer(2089858483,0ecaa5967403d082aa24f35e1b516d23)
Start importing Assets/Animations/unity-chan!/Unity-chan! Model/Audio/Voice/univ1085.wav using Guid(f611addc1ca8f49978d231bf4c2981c4) Importer(2089858483,0ecaa5967403d082aa24f35e1b516d23) Generated GUIDs only implemented for interfaces!
 -> (artifact id: 'd70f4f45f97748bf6d394d79fdaae864') in 0.051914 seconds
Number of updated asset objects reloaded before import = 0
Number of asset objects unloaded after import = 1
========================================================================
Received Import Request.
  Time since last request: 0.000017 seconds.
  path: Assets/Animations/unity-chan!/Unity-chan! Model/Audio/Voice/univ1086.wav
  artifactKey: Guid(09dcd2f585c6d4d7f83a1ab41b8fd008) Importer(2089858483,0ecaa5967403d082aa24f35e1b516d23)
Start importing Assets/Animations/unity-chan!/Unity-chan! Model/Audio/Voice/univ1086.wav using Guid(09dcd2f585c6d4d7f83a1ab41b8fd008) Importer(2089858483,0ecaa5967403d082aa24f35e1b516d23) Generated GUIDs only implemented for interfaces!
 -> (artifact id: 'b85dae93a7f9d16add599160a231cd92') in 0.059637 seconds
Number of updated asset objects reloaded before import = 0
Number of asset objects unloaded after import = 1
========================================================================
Received Import Request.
  Time since last request: 0.000022 seconds.
  path: Assets/Animations/unity-chan!/Unity-chan! Model/Audio/Voice/univ1083.wav
  artifactKey: Guid(2a1f4efb6cdbc4e3c839dd445492438a) Importer(2089858483,0ecaa5967403d082aa24f35e1b516d23)
Start importing Assets/Animations/unity-chan!/Unity-chan! Model/Audio/Voice/univ1083.wav using Guid(2a1f4efb6cdbc4e3c839dd445492438a) Importer(2089858483,0ecaa5967403d082aa24f35e1b516d23) Generated GUIDs only implemented for interfaces!
 -> (artifact id: '978ae619d0df56e2f5f04c5048f3b0ae') in 0.062601 seconds
Number of updated asset objects reloaded before import = 0
Number of asset objects unloaded after import = 1
========================================================================
Received Import Request.
  Time since last request: 0.000024 seconds.
  path: Assets/Animations/unity-chan!/Unity-chan! Model/Audio/Voice/univ1084.wav
  artifactKey: Guid(d3029239f552947acb50fb23db248fe6) Importer(2089858483,0ecaa5967403d082aa24f35e1b516d23)
Start importing Assets/Animations/unity-chan!/Unity-chan! Model/Audio/Voice/univ1084.wav using Guid(d3029239f552947acb50fb23db248fe6) Importer(2089858483,0ecaa5967403d082aa24f35e1b516d23) Generated GUIDs only implemented for interfaces!
 -> (artifact id: 'd0812f09deaab2833f8c30a9d56806a8') in 0.054816 seconds
Number of updated asset objects reloaded before import = 0
Number of asset objects unloaded after import = 1
========================================================================
Received Import Request.
  Time since last request: 0.000020 seconds.
  path: Assets/Animations/unity-chan!/Unity-chan! Model/Audio/Voice/univ1093.wav
  artifactKey: Guid(14442038946004af3aaf906b64944b5f) Importer(2089858483,0ecaa5967403d082aa24f35e1b516d23)
Start importing Assets/Animations/unity-chan!/Unity-chan! Model/Audio/Voice/univ1093.wav using Guid(14442038946004af3aaf906b64944b5f) Importer(2089858483,0ecaa5967403d082aa24f35e1b516d23) Generated GUIDs only implemented for interfaces!
 -> (artifact id: '1dabf22033617b62c817b0f307b545a5') in 0.076481 seconds
Number of updated asset objects reloaded before import = 0
Number of asset objects unloaded after import = 1
========================================================================
Received Import Request.
  Time since last request: 0.000018 seconds.
  path: Assets/Animations/unity-chan!/Unity-chan! Model/Audio/Voice/univ1094.wav
  artifactKey: Guid(60e04cb188aff4081a59ce70a1ff20c9) Importer(2089858483,0ecaa5967403d082aa24f35e1b516d23)
Start importing Assets/Animations/unity-chan!/Unity-chan! Model/Audio/Voice/univ1094.wav using Guid(60e04cb188aff4081a59ce70a1ff20c9) Importer(2089858483,0ecaa5967403d082aa24f35e1b516d23) Generated GUIDs only implemented for interfaces!
 -> (artifact id: 'f52d9de98eedce267b71099b52f53fa3') in 0.050852 seconds
Number of updated asset objects reloaded before import = 0
Number of asset objects unloaded after import = 1
========================================================================
Received Import Request.
  Time since last request: 0.000021 seconds.
  path: Assets/Animations/unity-chan!/Unity-chan! Model/Audio/Voice/univ1105.wav
  artifactKey: Guid(4cc7c94a3d8064a978dc9aea2006ab2b) Importer(2089858483,0ecaa5967403d082aa24f35e1b516d23)
Start importing Assets/Animations/unity-chan!/Unity-chan! Model/Audio/Voice/univ1105.wav using Guid(4cc7c94a3d8064a978dc9aea2006ab2b) Importer(2089858483,0ecaa5967403d082aa24f35e1b516d23) Generated GUIDs only implemented for interfaces!
 -> (artifact id: '9025ced03481262d5537db5e0b499ffa') in 0.053996 seconds
Number of updated asset objects reloaded before import = 0
Number of asset objects unloaded after import = 1
========================================================================
Received Import Request.
  Time since last request: 0.000030 seconds.
  path: Assets/Animations/unity-chan!/Unity-chan! Model/Audio/Voice/univ1098.wav
  artifactKey: Guid(0a290e4361f5d48b4aff4aa1bd13937e) Importer(2089858483,0ecaa5967403d082aa24f35e1b516d23)
Start importing Assets/Animations/unity-chan!/Unity-chan! Model/Audio/Voice/univ1098.wav using Guid(0a290e4361f5d48b4aff4aa1bd13937e) Importer(2089858483,0ecaa5967403d082aa24f35e1b516d23) Generated GUIDs only implemented for interfaces!
 -> (artifact id: 'df6dba787429fd1284ddde4629402fc2') in 0.048867 seconds
Number of updated asset objects reloaded before import = 0
Number of asset objects unloaded after import = 1
========================================================================
Received Import Request.
  Time since last request: 0.000018 seconds.
  path: Assets/Animations/unity-chan!/Unity-chan! Model/Audio/Voice/univ1097.wav
  artifactKey: Guid(a1fac12ede1df41c681ab108febfa81b) Importer(2089858483,0ecaa5967403d082aa24f35e1b516d23)
Start importing Assets/Animations/unity-chan!/Unity-chan! Model/Audio/Voice/univ1097.wav using Guid(a1fac12ede1df41c681ab108febfa81b) Importer(2089858483,0ecaa5967403d082aa24f35e1b516d23) Generated GUIDs only implemented for interfaces!
 -> (artifact id: '78c1d011c5368d67f5b677d9fb0ba473') in 0.053111 seconds
Number of updated asset objects reloaded before import = 0
Number of asset objects unloaded after import = 1
========================================================================
Received Import Request.
  Time since last request: 0.000018 seconds.
  path: Assets/Animations/unity-chan!/Unity-chan! Model/Audio/Voice/univ1102.wav
  artifactKey: Guid(aee940efac05040fbb88af335ec14145) Importer(2089858483,0ecaa5967403d082aa24f35e1b516d23)
Start importing Assets/Animations/unity-chan!/Unity-chan! Model/Audio/Voice/univ1102.wav using Guid(aee940efac05040fbb88af335ec14145) Importer(2089858483,0ecaa5967403d082aa24f35e1b516d23) Generated GUIDs only implemented for interfaces!
 -> (artifact id: 'cdd1eac2cce7392895321e7451c2ef56') in 0.060875 seconds
Number of updated asset objects reloaded before import = 0
Number of asset objects unloaded after import = 1
========================================================================
Received Import Request.
  Time since last request: 0.000017 seconds.
  path: Assets/Animations/unity-chan!/Unity-chan! Model/Audio/Voice/univ1104.wav
  artifactKey: Guid(06f58f9aeade8459da9deeea0ae7e832) Importer(2089858483,0ecaa5967403d082aa24f35e1b516d23)
Start importing Assets/Animations/unity-chan!/Unity-chan! Model/Audio/Voice/univ1104.wav using Guid(06f58f9aeade8459da9deeea0ae7e832) Importer(2089858483,0ecaa5967403d082aa24f35e1b516d23) Generated GUIDs only implemented for interfaces!
 -> (artifact id: '05efca9ba34794b2235cf7d2cc215787') in 0.055396 seconds
Number of updated asset objects reloaded before import = 0
Number of asset objects unloaded after import = 1
========================================================================
Received Import Request.
  Time since last request: 0.000032 seconds.
  path: Assets/Animations/unity-chan!/Unity-chan! Model/Audio/Voice/univ1115.wav
  artifactKey: Guid(4040d0562a5b14329802b5d5ce632642) Importer(2089858483,0ecaa5967403d082aa24f35e1b516d23)
Start importing Assets/Animations/unity-chan!/Unity-chan! Model/Audio/Voice/univ1115.wav using Guid(4040d0562a5b14329802b5d5ce632642) Importer(2089858483,0ecaa5967403d082aa24f35e1b516d23) Generated GUIDs only implemented for interfaces!
 -> (artifact id: '05b6ed37d17f94c1321a9d6896effaf1') in 0.048432 seconds
Number of updated asset objects reloaded before import = 0
Number of asset objects unloaded after import = 1
========================================================================
Received Import Request.
  Time since last request: 0.000015 seconds.
  path: Assets/Animations/unity-chan!/Unity-chan! Model/Audio/Voice/univ1107.wav
  artifactKey: Guid(20f1f9f2c7b3c4592acb4e32c1646bcf) Importer(2089858483,0ecaa5967403d082aa24f35e1b516d23)
Start importing Assets/Animations/unity-chan!/Unity-chan! Model/Audio/Voice/univ1107.wav using Guid(20f1f9f2c7b3c4592acb4e32c1646bcf) Importer(2089858483,0ecaa5967403d082aa24f35e1b516d23) Generated GUIDs only implemented for interfaces!
 -> (artifact id: 'a5cd089ba6a7d6a216d64f05d9423d22') in 0.048737 seconds
Number of updated asset objects reloaded before import = 0
Number of asset objects unloaded after import = 1
========================================================================
Received Import Request.
  Time since last request: 0.000015 seconds.
  path: Assets/Animations/unity-chan!/Unity-chan! Model/Audio/Voice/univ1106.wav
  artifactKey: Guid(094de76b4ed3d48f19844f529665011b) Importer(2089858483,0ecaa5967403d082aa24f35e1b516d23)
Start importing Assets/Animations/unity-chan!/Unity-chan! Model/Audio/Voice/univ1106.wav using Guid(094de76b4ed3d48f19844f529665011b) Importer(2089858483,0ecaa5967403d082aa24f35e1b516d23) Generated GUIDs only implemented for interfaces!
 -> (artifact id: '383a809e42c5390932f35c30bce4c49e') in 0.060112 seconds
Number of updated asset objects reloaded before import = 0
Number of asset objects unloaded after import = 1
========================================================================
Received Import Request.
  Time since last request: 0.000022 seconds.
  path: Assets/Animations/unity-chan!/Unity-chan! Model/Audio/Voice/univ1109.wav
  artifactKey: Guid(106a55af179f44561b6fb5c7915c83b5) Importer(2089858483,0ecaa5967403d082aa24f35e1b516d23)
Start importing Assets/Animations/unity-chan!/Unity-chan! Model/Audio/Voice/univ1109.wav using Guid(106a55af179f44561b6fb5c7915c83b5) Importer(2089858483,0ecaa5967403d082aa24f35e1b516d23) Generated GUIDs only implemented for interfaces!
 -> (artifact id: 'fd0068d92afcfe714ca03ad70f8d510f') in 0.060673 seconds
Number of updated asset objects reloaded before import = 0
Number of asset objects unloaded after import = 1
========================================================================
Received Import Request.
  Time since last request: 0.000024 seconds.
  path: Assets/Animations/unity-chan!/Unity-chan! Model/Audio/Voice/univ1110.wav
  artifactKey: Guid(b160dbffac7ac4536ad70a1aa9035754) Importer(2089858483,0ecaa5967403d082aa24f35e1b516d23)
Start importing Assets/Animations/unity-chan!/Unity-chan! Model/Audio/Voice/univ1110.wav using Guid(b160dbffac7ac4536ad70a1aa9035754) Importer(2089858483,0ecaa5967403d082aa24f35e1b516d23) Generated GUIDs only implemented for interfaces!
 -> (artifact id: '0f81d5e6eec5cfd141b755b5cc39eb3c') in 0.046942 seconds
Number of updated asset objects reloaded before import = 0
Number of asset objects unloaded after import = 1
========================================================================
Received Import Request.
  Time since last request: 0.000015 seconds.
  path: Assets/Animations/unity-chan!/Unity-chan! Model/Audio/Voice/univ1117.wav
  artifactKey: Guid(2c73740b2efca45b1a4525f7a0f4f361) Importer(2089858483,0ecaa5967403d082aa24f35e1b516d23)
Start importing Assets/Animations/unity-chan!/Unity-chan! Model/Audio/Voice/univ1117.wav using Guid(2c73740b2efca45b1a4525f7a0f4f361) Importer(2089858483,0ecaa5967403d082aa24f35e1b516d23) Generated GUIDs only implemented for interfaces!
 -> (artifact id: '3b62502c8df03b2210bab0954e0f5eda') in 0.057252 seconds
Number of updated asset objects reloaded before import = 0
Number of asset objects unloaded after import = 1
========================================================================
Received Import Request.
  Time since last request: 0.000017 seconds.
  path: Assets/Animations/unity-chan!/Unity-chan! Model/Audio/Voice/univ1124.wav
  artifactKey: Guid(dbe5b0d8e626d48dc979aea6d3ca52fd) Importer(2089858483,0ecaa5967403d082aa24f35e1b516d23)
Start importing Assets/Animations/unity-chan!/Unity-chan! Model/Audio/Voice/univ1124.wav using Guid(dbe5b0d8e626d48dc979aea6d3ca52fd) Importer(2089858483,0ecaa5967403d082aa24f35e1b516d23) Generated GUIDs only implemented for interfaces!
 -> (artifact id: '5b34522bb8e1c240daf0c2f6576dd27e') in 0.053638 seconds
Number of updated asset objects reloaded before import = 0
Number of asset objects unloaded after import = 1
========================================================================
Received Import Request.
  Time since last request: 0.000021 seconds.
  path: Assets/Animations/unity-chan!/Unity-chan! Model/Audio/Voice/univ1127.wav
  artifactKey: Guid(329c4348914f4481b9efc2318230c337) Importer(2089858483,0ecaa5967403d082aa24f35e1b516d23)
Start importing Assets/Animations/unity-chan!/Unity-chan! Model/Audio/Voice/univ1127.wav using Guid(329c4348914f4481b9efc2318230c337) Importer(2089858483,0ecaa5967403d082aa24f35e1b516d23) Generated GUIDs only implemented for interfaces!
 -> (artifact id: '383935c64f8d637bef4c27486fed8048') in 0.049890 seconds
Number of updated asset objects reloaded before import = 0
Number of asset objects unloaded after import = 1
========================================================================
Received Import Request.
  Time since last request: 0.000023 seconds.
  path: Assets/Animations/unity-chan!/Unity-chan! Model/Audio/Voice/univ1122.wav
  artifactKey: Guid(995eba1087c5949819bfd6bb3c7ef339) Importer(2089858483,0ecaa5967403d082aa24f35e1b516d23)
Start importing Assets/Animations/unity-chan!/Unity-chan! Model/Audio/Voice/univ1122.wav using Guid(995eba1087c5949819bfd6bb3c7ef339) Importer(2089858483,0ecaa5967403d082aa24f35e1b516d23) Generated GUIDs only implemented for interfaces!
 -> (artifact id: '6ab0242c415de6c486c5662b3542d4d7') in 0.068771 seconds
Number of updated asset objects reloaded before import = 0
Number of asset objects unloaded after import = 1
========================================================================
Received Import Request.
  Time since last request: 0.000019 seconds.
  path: Assets/Animations/unity-chan!/Unity-chan! Model/Audio/Voice/univ1121.wav
  artifactKey: Guid(18f36ae73867646b7aabe41b95b93dcc) Importer(2089858483,0ecaa5967403d082aa24f35e1b516d23)
Start importing Assets/Animations/unity-chan!/Unity-chan! Model/Audio/Voice/univ1121.wav using Guid(18f36ae73867646b7aabe41b95b93dcc) Importer(2089858483,0ecaa5967403d082aa24f35e1b516d23) Generated GUIDs only implemented for interfaces!
 -> (artifact id: 'c8f4141767ff5b08fdb47d125b7d317c') in 0.052759 seconds
Number of updated asset objects reloaded before import = 0
Number of asset objects unloaded after import = 1
========================================================================
Received Import Request.
  Time since last request: 0.000017 seconds.
  path: Assets/Animations/unity-chan!/Unity-chan! Model/Audio/Voice/univ1112.wav
  artifactKey: Guid(f8e22b9c3a996449f8ef047cf67866ae) Importer(2089858483,0ecaa5967403d082aa24f35e1b516d23)
Start importing Assets/Animations/unity-chan!/Unity-chan! Model/Audio/Voice/univ1112.wav using Guid(f8e22b9c3a996449f8ef047cf67866ae) Importer(2089858483,0ecaa5967403d082aa24f35e1b516d23) Generated GUIDs only implemented for interfaces!
 -> (artifact id: '9b59e6e3d3daf0e06714fa2483464486') in 0.045793 seconds
Number of updated asset objects reloaded before import = 0
Number of asset objects unloaded after import = 1
========================================================================
Received Import Request.
  Time since last request: 0.000018 seconds.
  path: Assets/Animations/unity-chan!/Unity-chan! Model/Audio/Voice/univ1129.wav
  artifactKey: Guid(5728f57b2fd1e4b14b98288768c7d054) Importer(2089858483,0ecaa5967403d082aa24f35e1b516d23)
Start importing Assets/Animations/unity-chan!/Unity-chan! Model/Audio/Voice/univ1129.wav using Guid(5728f57b2fd1e4b14b98288768c7d054) Importer(2089858483,0ecaa5967403d082aa24f35e1b516d23) Generated GUIDs only implemented for interfaces!
 -> (artifact id: 'fb400b67a2c772fab80fb54aeeebdcd3') in 0.052054 seconds
Number of updated asset objects reloaded before import = 0
Number of asset objects unloaded after import = 1
========================================================================
Received Import Request.
  Time since last request: 0.000034 seconds.
  path: Assets/Animations/unity-chan!/Unity-chan! Model/Audio/Voice/univ1126.wav
  artifactKey: Guid(c906f93ef18df410598c1cb290b4fcca) Importer(2089858483,0ecaa5967403d082aa24f35e1b516d23)
Start importing Assets/Animations/unity-chan!/Unity-chan! Model/Audio/Voice/univ1126.wav using Guid(c906f93ef18df410598c1cb290b4fcca) Importer(2089858483,0ecaa5967403d082aa24f35e1b516d23) Generated GUIDs only implemented for interfaces!
 -> (artifact id: 'c3f6dcb714d7dbf03d4a986e88e10ebb') in 0.048314 seconds
Number of updated asset objects reloaded before import = 0
Number of asset objects unloaded after import = 1
========================================================================
Received Import Request.
  Time since last request: 0.000019 seconds.
  path: Assets/Animations/unity-chan!/Unity-chan! Model/Audio/Voice/univ1131.wav
  artifactKey: Guid(d29d0c17162b24c598429dd1b9a69de0) Importer(2089858483,0ecaa5967403d082aa24f35e1b516d23)
Start importing Assets/Animations/unity-chan!/Unity-chan! Model/Audio/Voice/univ1131.wav using Guid(d29d0c17162b24c598429dd1b9a69de0) Importer(2089858483,0ecaa5967403d082aa24f35e1b516d23) Generated GUIDs only implemented for interfaces!
 -> (artifact id: '4e2ccf467c24accf8977573a31e727e4') in 0.069220 seconds
Number of updated asset objects reloaded before import = 0
Number of asset objects unloaded after import = 1
========================================================================
Received Import Request.
  Time since last request: 0.000015 seconds.
  path: Assets/Animations/unity-chan!/Unity-chan! Model/Audio/Voice/univ1134.wav
  artifactKey: Guid(c67e6bb8930874affb5a26991c2f104a) Importer(2089858483,0ecaa5967403d082aa24f35e1b516d23)
Start importing Assets/Animations/unity-chan!/Unity-chan! Model/Audio/Voice/univ1134.wav using Guid(c67e6bb8930874affb5a26991c2f104a) Importer(2089858483,0ecaa5967403d082aa24f35e1b516d23) Generated GUIDs only implemented for interfaces!
 -> (artifact id: '200940e3fc90aecad8c2f260f61acf69') in 0.046775 seconds
Number of updated asset objects reloaded before import = 0
Number of asset objects unloaded after import = 1
========================================================================
Received Import Request.
  Time since last request: 0.000017 seconds.
  path: Assets/Animations/unity-chan!/Unity-chan! Model/Audio/Voice/univ1138.wav
  artifactKey: Guid(3902bb59b9d144499ab297f996a88db3) Importer(2089858483,0ecaa5967403d082aa24f35e1b516d23)
Start importing Assets/Animations/unity-chan!/Unity-chan! Model/Audio/Voice/univ1138.wav using Guid(3902bb59b9d144499ab297f996a88db3) Importer(2089858483,0ecaa5967403d082aa24f35e1b516d23) Generated GUIDs only implemented for interfaces!
 -> (artifact id: '8254d3d081b2eb4aa817b2035fb5ab78') in 0.048368 seconds
Number of updated asset objects reloaded before import = 0
Number of asset objects unloaded after import = 1
========================================================================
Received Import Request.
  Time since last request: 0.000024 seconds.
  path: Assets/Animations/unity-chan!/Unity-chan! Model/Audio/Voice/univ1143.wav
  artifactKey: Guid(0e24c8629911741208218b6091236cc1) Importer(2089858483,0ecaa5967403d082aa24f35e1b516d23)
Start importing Assets/Animations/unity-chan!/Unity-chan! Model/Audio/Voice/univ1143.wav using Guid(0e24c8629911741208218b6091236cc1) Importer(2089858483,0ecaa5967403d082aa24f35e1b516d23) Generated GUIDs only implemented for interfaces!
 -> (artifact id: '1980d444aba4999b3b449a73544226b6') in 0.043543 seconds
Number of updated asset objects reloaded before import = 0
Number of asset objects unloaded after import = 1
========================================================================
Received Import Request.
  Time since last request: 0.000018 seconds.
  path: Assets/Animations/unity-chan!/Unity-chan! Model/Audio/Voice/univ1135.wav
  artifactKey: Guid(ca07955cc69ce43dd8db0c79dffbe1ad) Importer(2089858483,0ecaa5967403d082aa24f35e1b516d23)
Start importing Assets/Animations/unity-chan!/Unity-chan! Model/Audio/Voice/univ1135.wav using Guid(ca07955cc69ce43dd8db0c79dffbe1ad) Importer(2089858483,0ecaa5967403d082aa24f35e1b516d23) Generated GUIDs only implemented for interfaces!
 -> (artifact id: '4caa4b3d680e8a2b03902e7f8e0adb4a') in 0.053317 seconds
Number of updated asset objects reloaded before import = 0
Number of asset objects unloaded after import = 1
========================================================================
Received Import Request.
  Time since last request: 0.000015 seconds.
  path: Assets/Animations/unity-chan!/Unity-chan! Model/Audio/Voice/univ1144.wav
  artifactKey: Guid(e69d8e2713b28425084ff4e3ea26b2cf) Importer(2089858483,0ecaa5967403d082aa24f35e1b516d23)
Start importing Assets/Animations/unity-chan!/Unity-chan! Model/Audio/Voice/univ1144.wav using Guid(e69d8e2713b28425084ff4e3ea26b2cf) Importer(2089858483,0ecaa5967403d082aa24f35e1b516d23) Generated GUIDs only implemented for interfaces!
 -> (artifact id: '8a30d76fccd077c5d252be091438caa6') in 0.065106 seconds
Number of updated asset objects reloaded before import = 0
Number of asset objects unloaded after import = 1
========================================================================
Received Import Request.
  Time since last request: 0.000021 seconds.
  path: Assets/Animations/unity-chan!/Unity-chan! Model/Audio/Voice/univ1151.wav
  artifactKey: Guid(d2d3ebeeaa2564a2fa5228a7df702bec) Importer(2089858483,0ecaa5967403d082aa24f35e1b516d23)
Start importing Assets/Animations/unity-chan!/Unity-chan! Model/Audio/Voice/univ1151.wav using Guid(d2d3ebeeaa2564a2fa5228a7df702bec) Importer(2089858483,0ecaa5967403d082aa24f35e1b516d23) Generated GUIDs only implemented for interfaces!
 -> (artifact id: '44415773dc492b9eb75dbc45088b0e77') in 0.060663 seconds
Number of updated asset objects reloaded before import = 0
Number of asset objects unloaded after import = 1
========================================================================
Received Import Request.
  Time since last request: 0.000077 seconds.
  path: Assets/Animations/unity-chan!/Unity-chan! Model/Audio/Voice/univ1147.wav
  artifactKey: Guid(e128db8093507445fae0101ad99f5c45) Importer(2089858483,0ecaa5967403d082aa24f35e1b516d23)
Start importing Assets/Animations/unity-chan!/Unity-chan! Model/Audio/Voice/univ1147.wav using Guid(e128db8093507445fae0101ad99f5c45) Importer(2089858483,0ecaa5967403d082aa24f35e1b516d23) Generated GUIDs only implemented for interfaces!
 -> (artifact id: '027311bad1ef997278c60f6745bc8e01') in 0.047162 seconds
Number of updated asset objects reloaded before import = 0
Number of asset objects unloaded after import = 1
========================================================================
Received Import Request.
  Time since last request: 0.000019 seconds.
  path: Assets/Animations/unity-chan!/Unity-chan! Model/Audio/Voice/univ1154.wav
  artifactKey: Guid(d72e6599ab5914afdbbe922355025af8) Importer(2089858483,0ecaa5967403d082aa24f35e1b516d23)
Start importing Assets/Animations/unity-chan!/Unity-chan! Model/Audio/Voice/univ1154.wav using Guid(d72e6599ab5914afdbbe922355025af8) Importer(2089858483,0ecaa5967403d082aa24f35e1b516d23) Generated GUIDs only implemented for interfaces!
 -> (artifact id: 'dd821575a313c6de64876a27d5aa6a38') in 0.051627 seconds
Number of updated asset objects reloaded before import = 0
Number of asset objects unloaded after import = 1
========================================================================
Received Import Request.
  Time since last request: 0.000015 seconds.
  path: Assets/Animations/unity-chan!/Unity-chan! Model/Audio/Voice/univ1153.wav
  artifactKey: Guid(0fe0632a432354ad2b883beabc4ffa69) Importer(2089858483,0ecaa5967403d082aa24f35e1b516d23)
Start importing Assets/Animations/unity-chan!/Unity-chan! Model/Audio/Voice/univ1153.wav using Guid(0fe0632a432354ad2b883beabc4ffa69) Importer(2089858483,0ecaa5967403d082aa24f35e1b516d23) Generated GUIDs only implemented for interfaces!
 -> (artifact id: 'ca14f32a6b060f93249e31c861768b09') in 0.044545 seconds
Number of updated asset objects reloaded before import = 0
Number of asset objects unloaded after import = 1
========================================================================
Received Import Request.
  Time since last request: 0.000017 seconds.
  path: Assets/Animations/unity-chan!/Unity-chan! Model/Audio/Voice/univ1155.wav
  artifactKey: Guid(420e72683710442b69c83c5de1a8253d) Importer(2089858483,0ecaa5967403d082aa24f35e1b516d23)
Start importing Assets/Animations/unity-chan!/Unity-chan! Model/Audio/Voice/univ1155.wav using Guid(420e72683710442b69c83c5de1a8253d) Importer(2089858483,0ecaa5967403d082aa24f35e1b516d23) Generated GUIDs only implemented for interfaces!
 -> (artifact id: '8552d3fdc48c3518a7dbcc03bbd739d3') in 0.065955 seconds
Number of updated asset objects reloaded before import = 0
Number of asset objects unloaded after import = 1
========================================================================
Received Import Request.
  Time since last request: 0.000030 seconds.
  path: Assets/Animations/unity-chan!/Unity-chan! Model/Audio/Voice/univ1142.wav
  artifactKey: Guid(24019b347842a43e492f4d3fd268f12c) Importer(2089858483,0ecaa5967403d082aa24f35e1b516d23)
Start importing Assets/Animations/unity-chan!/Unity-chan! Model/Audio/Voice/univ1142.wav using Guid(24019b347842a43e492f4d3fd268f12c) Importer(2089858483,0ecaa5967403d082aa24f35e1b516d23) Generated GUIDs only implemented for interfaces!
 -> (artifact id: '54452883121dc453e3b1f63ceb9068d6') in 0.050261 seconds
Number of updated asset objects reloaded before import = 0
Number of asset objects unloaded after import = 1
========================================================================
Received Import Request.
  Time since last request: 0.000017 seconds.
  path: Assets/Animations/unity-chan!/Unity-chan! Model/Audio/Voice/univ1152.wav
  artifactKey: Guid(bcf223560048d446f936ccd1ebfab413) Importer(2089858483,0ecaa5967403d082aa24f35e1b516d23)
Start importing Assets/Animations/unity-chan!/Unity-chan! Model/Audio/Voice/univ1152.wav using Guid(bcf223560048d446f936ccd1ebfab413) Importer(2089858483,0ecaa5967403d082aa24f35e1b516d23) Generated GUIDs only implemented for interfaces!
 -> (artifact id: '2f1a7cfd6c4c67be881fd4b7e5ab733d') in 0.055301 seconds
Number of updated asset objects reloaded before import = 0
Number of asset objects unloaded after import = 1
========================================================================
Received Import Request.
  Time since last request: 0.000013 seconds.
  path: Assets/Animations/unity-chan!/Unity-chan! Model/Audio/Voice/univ1163.wav
  artifactKey: Guid(62659a110adb84d02814960fac22a489) Importer(2089858483,0ecaa5967403d082aa24f35e1b516d23)
Start importing Assets/Animations/unity-chan!/Unity-chan! Model/Audio/Voice/univ1163.wav using Guid(62659a110adb84d02814960fac22a489) Importer(2089858483,0ecaa5967403d082aa24f35e1b516d23) Generated GUIDs only implemented for interfaces!
 -> (artifact id: '5137962ba5a59e82d3918b185b451b2a') in 0.057558 seconds
Number of updated asset objects reloaded before import = 0
Number of asset objects unloaded after import = 1
========================================================================
Received Import Request.
  Time since last request: 0.000018 seconds.
  path: Assets/Animations/unity-chan!/Unity-chan! Model/Audio/Voice/univ1161.wav
  artifactKey: Guid(7ec751277255042eb81aca3d43df0c68) Importer(2089858483,0ecaa5967403d082aa24f35e1b516d23)
Start importing Assets/Animations/unity-chan!/Unity-chan! Model/Audio/Voice/univ1161.wav using Guid(7ec751277255042eb81aca3d43df0c68) Importer(2089858483,0ecaa5967403d082aa24f35e1b516d23) Generated GUIDs only implemented for interfaces!
 -> (artifact id: '9e980be94ae32a1a2a80deccfc18957b') in 0.051130 seconds
Number of updated asset objects reloaded before import = 0
Number of asset objects unloaded after import = 1
========================================================================
Received Import Request.
  Time since last request: 0.000027 seconds.
  path: Assets/Animations/unity-chan!/Unity-chan! Model/Audio/Voice/univ1165.wav
  artifactKey: Guid(207f338a3a33342e9b6f9c1011d34374) Importer(2089858483,0ecaa5967403d082aa24f35e1b516d23)
Start importing Assets/Animations/unity-chan!/Unity-chan! Model/Audio/Voice/univ1165.wav using Guid(207f338a3a33342e9b6f9c1011d34374) Importer(2089858483,0ecaa5967403d082aa24f35e1b516d23) Generated GUIDs only implemented for interfaces!
 -> (artifact id: 'e83844065736312c20f925ac78afa98e') in 0.068882 seconds
Number of updated asset objects reloaded before import = 0
Number of asset objects unloaded after import = 1
========================================================================
Received Import Request.
  Time since last request: 0.000015 seconds.
  path: Assets/Animations/unity-chan!/Unity-chan! Model/Audio/Voice/univ1162.wav
  artifactKey: Guid(adb39d7349e2747168eeb51f1b437c9b) Importer(2089858483,0ecaa5967403d082aa24f35e1b516d23)
Start importing Assets/Animations/unity-chan!/Unity-chan! Model/Audio/Voice/univ1162.wav using Guid(adb39d7349e2747168eeb51f1b437c9b) Importer(2089858483,0ecaa5967403d082aa24f35e1b516d23) Generated GUIDs only implemented for interfaces!
 -> (artifact id: '87ec8f733d197eb3c2d36f9de7a557b9') in 0.050486 seconds
Number of updated asset objects reloaded before import = 0
Number of asset objects unloaded after import = 1
========================================================================
Received Import Request.
  Time since last request: 0.000014 seconds.
  path: Assets/Animations/unity-chan!/Unity-chan! Model/Audio/Voice/univ1167.wav
  artifactKey: Guid(14c94d28d0fa044eabf8080bc09df2f1) Importer(2089858483,0ecaa5967403d082aa24f35e1b516d23)
Start importing Assets/Animations/unity-chan!/Unity-chan! Model/Audio/Voice/univ1167.wav using Guid(14c94d28d0fa044eabf8080bc09df2f1) Importer(2089858483,0ecaa5967403d082aa24f35e1b516d23) Generated GUIDs only implemented for interfaces!
 -> (artifact id: 'e10eca3aa1bd33ea76154e9c7d4fdef4') in 0.048796 seconds
Number of updated asset objects reloaded before import = 0
Number of asset objects unloaded after import = 1
========================================================================
Received Import Request.
  Time since last request: 0.000022 seconds.
  path: Assets/Animations/unity-chan!/Unity-chan! Model/Audio/Voice/univ1157.wav
  artifactKey: Guid(d34d0b630b6e44dfebef02e0b3d2133e) Importer(2089858483,0ecaa5967403d082aa24f35e1b516d23)
Start importing Assets/Animations/unity-chan!/Unity-chan! Model/Audio/Voice/univ1157.wav using Guid(d34d0b630b6e44dfebef02e0b3d2133e) Importer(2089858483,0ecaa5967403d082aa24f35e1b516d23) Generated GUIDs only implemented for interfaces!
 -> (artifact id: '9456fc5a576f6fad7a79a01ceb879a65') in 0.049189 seconds
Number of updated asset objects reloaded before import = 0
Number of asset objects unloaded after import = 1
========================================================================
Received Import Request.
  Time since last request: 0.000028 seconds.
  path: Assets/Animations/unity-chan!/Unity-chan! Model/Audio/Voice/univ1173.wav
  artifactKey: Guid(576dc1e227f1948b7810b1f4486f2239) Importer(2089858483,0ecaa5967403d082aa24f35e1b516d23)
Start importing Assets/Animations/unity-chan!/Unity-chan! Model/Audio/Voice/univ1173.wav using Guid(576dc1e227f1948b7810b1f4486f2239) Importer(2089858483,0ecaa5967403d082aa24f35e1b516d23) Generated GUIDs only implemented for interfaces!
 -> (artifact id: '7e67bf54df62c8149f0204337243033c') in 0.048078 seconds
Number of updated asset objects reloaded before import = 0
Number of asset objects unloaded after import = 1
========================================================================
Received Import Request.
  Time since last request: 0.000015 seconds.
  path: Assets/Animations/unity-chan!/Unity-chan! Model/Audio/Voice/univ1181.wav
  artifactKey: Guid(d057fdd975ac543dd80c54a62a5d09a6) Importer(2089858483,0ecaa5967403d082aa24f35e1b516d23)
Start importing Assets/Animations/unity-chan!/Unity-chan! Model/Audio/Voice/univ1181.wav using Guid(d057fdd975ac543dd80c54a62a5d09a6) Importer(2089858483,0ecaa5967403d082aa24f35e1b516d23) Generated GUIDs only implemented for interfaces!
 -> (artifact id: '64412f3d304d720454e8745216a995b6') in 0.062742 seconds
Number of updated asset objects reloaded before import = 0
Number of asset objects unloaded after import = 1
========================================================================
Received Import Request.
  Time since last request: 0.000018 seconds.
  path: Assets/Animations/unity-chan!/Unity-chan! Model/Audio/Voice/univ1174.wav
  artifactKey: Guid(d895b3e88867749eb80ec257e12278bd) Importer(2089858483,0ecaa5967403d082aa24f35e1b516d23)
Start importing Assets/Animations/unity-chan!/Unity-chan! Model/Audio/Voice/univ1174.wav using Guid(d895b3e88867749eb80ec257e12278bd) Importer(2089858483,0ecaa5967403d082aa24f35e1b516d23) Generated GUIDs only implemented for interfaces!
 -> (artifact id: '57d31912ea44fe8540ce0685b554b1cb') in 0.048064 seconds
Number of updated asset objects reloaded before import = 0
Number of asset objects unloaded after import = 1
========================================================================
Received Import Request.
  Time since last request: 0.000021 seconds.
  path: Assets/Animations/unity-chan!/Unity-chan! Model/Audio/Voice/univ1172.wav
  artifactKey: Guid(3d574452f12ff49e1810a853e290540b) Importer(2089858483,0ecaa5967403d082aa24f35e1b516d23)
Start importing Assets/Animations/unity-chan!/Unity-chan! Model/Audio/Voice/univ1172.wav using Guid(3d574452f12ff49e1810a853e290540b) Importer(2089858483,0ecaa5967403d082aa24f35e1b516d23) Generated GUIDs only implemented for interfaces!
 -> (artifact id: '52b8037547c885267a214da86eb04496') in 0.050951 seconds
Number of updated asset objects reloaded before import = 0
Number of asset objects unloaded after import = 1
========================================================================
Received Import Request.
  Time since last request: 0.000021 seconds.
  path: Assets/Animations/unity-chan!/Unity-chan! Model/Audio/Voice/univ1175.wav
  artifactKey: Guid(d99e85421202f4fcbbe6feff2ff4d365) Importer(2089858483,0ecaa5967403d082aa24f35e1b516d23)
Start importing Assets/Animations/unity-chan!/Unity-chan! Model/Audio/Voice/univ1175.wav using Guid(d99e85421202f4fcbbe6feff2ff4d365) Importer(2089858483,0ecaa5967403d082aa24f35e1b516d23) Generated GUIDs only implemented for interfaces!
 -> (artifact id: '79685a83d3bf9b04f85ecd299383cb1d') in 0.053442 seconds
Number of updated asset objects reloaded before import = 0
Number of asset objects unloaded after import = 1
========================================================================
Received Import Request.
  Time since last request: 0.000016 seconds.
  path: Assets/Animations/unity-chan!/Unity-chan! Model/Audio/Voice/univ1166.wav
  artifactKey: Guid(02752a2026d1341e0964cb1f585a0c3e) Importer(2089858483,0ecaa5967403d082aa24f35e1b516d23)
Start importing Assets/Animations/unity-chan!/Unity-chan! Model/Audio/Voice/univ1166.wav using Guid(02752a2026d1341e0964cb1f585a0c3e) Importer(2089858483,0ecaa5967403d082aa24f35e1b516d23) Generated GUIDs only implemented for interfaces!
 -> (artifact id: '26a6a8a2b6d09db7bc68370739f66f59') in 0.048708 seconds
Number of updated asset objects reloaded before import = 0
Number of asset objects unloaded after import = 1
========================================================================
Received Import Request.
  Time since last request: 0.000055 seconds.
  path: Assets/Animations/unity-chan!/Unity-chan! Model/Audio/Voice/univ1179.wav
  artifactKey: Guid(c572d009afc6e44f7a1a311a5d2099fc) Importer(2089858483,0ecaa5967403d082aa24f35e1b516d23)
Start importing Assets/Animations/unity-chan!/Unity-chan! Model/Audio/Voice/univ1179.wav using Guid(c572d009afc6e44f7a1a311a5d2099fc) Importer(2089858483,0ecaa5967403d082aa24f35e1b516d23) Generated GUIDs only implemented for interfaces!
 -> (artifact id: 'faea39063fbf1c380a9dad5418c17c0e') in 0.068770 seconds
Number of updated asset objects reloaded before import = 0
Number of asset objects unloaded after import = 1
========================================================================
Received Import Request.
  Time since last request: 0.000020 seconds.
  path: Assets/Animations/unity-chan!/Unity-chan! Model/Audio/Voice/univ1191.wav
  artifactKey: Guid(7438894ace0984034991902fdba854a4) Importer(2089858483,0ecaa5967403d082aa24f35e1b516d23)
Start importing Assets/Animations/unity-chan!/Unity-chan! Model/Audio/Voice/univ1191.wav using Guid(7438894ace0984034991902fdba854a4) Importer(2089858483,0ecaa5967403d082aa24f35e1b516d23) Generated GUIDs only implemented for interfaces!
 -> (artifact id: 'c65651c48eb24d53318cb81ae315f38d') in 0.051757 seconds
Number of updated asset objects reloaded before import = 0
Number of asset objects unloaded after import = 1
========================================================================
Received Import Request.
  Time since last request: 0.000022 seconds.
  path: Assets/Animations/unity-chan!/Unity-chan! Model/Audio/Voice/univ1192.wav
  artifactKey: Guid(f0b1fb0fe3bab45ae8ccba56a4ac7256) Importer(2089858483,0ecaa5967403d082aa24f35e1b516d23)
Start importing Assets/Animations/unity-chan!/Unity-chan! Model/Audio/Voice/univ1192.wav using Guid(f0b1fb0fe3bab45ae8ccba56a4ac7256) Importer(2089858483,0ecaa5967403d082aa24f35e1b516d23) Generated GUIDs only implemented for interfaces!
 -> (artifact id: '06a6cbd3128c932bad274fac04c98cc5') in 0.054205 seconds
Number of updated asset objects reloaded before import = 0
Number of asset objects unloaded after import = 1
========================================================================
Received Import Request.
  Time since last request: 0.000013 seconds.
  path: Assets/Animations/unity-chan!/Unity-chan! Model/Audio/Voice/univ1186.wav
  artifactKey: Guid(0c312b427337d4b18a4ad08d0045268e) Importer(2089858483,0ecaa5967403d082aa24f35e1b516d23)
Start importing Assets/Animations/unity-chan!/Unity-chan! Model/Audio/Voice/univ1186.wav using Guid(0c312b427337d4b18a4ad08d0045268e) Importer(2089858483,0ecaa5967403d082aa24f35e1b516d23) Generated GUIDs only implemented for interfaces!
 -> (artifact id: '6274561629b92734474ffad57d02ad1d') in 0.046740 seconds
Number of updated asset objects reloaded before import = 0
Number of asset objects unloaded after import = 1
========================================================================
Received Import Request.
  Time since last request: 0.000016 seconds.
  path: Assets/Animations/unity-chan!/Unity-chan! Model/Audio/Voice/univ1193.wav
  artifactKey: Guid(d1e9c9040b6064dea94be26881dd370f) Importer(2089858483,0ecaa5967403d082aa24f35e1b516d23)
Start importing Assets/Animations/unity-chan!/Unity-chan! Model/Audio/Voice/univ1193.wav using Guid(d1e9c9040b6064dea94be26881dd370f) Importer(2089858483,0ecaa5967403d082aa24f35e1b516d23) Generated GUIDs only implemented for interfaces!
 -> (artifact id: '14c92bf50a2f3d27ee4b4645b2a4eaad') in 0.047438 seconds
Number of updated asset objects reloaded before import = 0
Number of asset objects unloaded after import = 1
========================================================================
Received Import Request.
  Time since last request: 0.000022 seconds.
  path: Assets/Animations/unity-chan!/Unity-chan! Model/Audio/Voice/univ1190.wav
  artifactKey: Guid(cf71e3a227cd1415ea722ad3b584d292) Importer(2089858483,0ecaa5967403d082aa24f35e1b516d23)
Start importing Assets/Animations/unity-chan!/Unity-chan! Model/Audio/Voice/univ1190.wav using Guid(cf71e3a227cd1415ea722ad3b584d292) Importer(2089858483,0ecaa5967403d082aa24f35e1b516d23) Generated GUIDs only implemented for interfaces!
 -> (artifact id: 'ca1cc839621cc848e7275154e9c35507') in 0.049831 seconds
Number of updated asset objects reloaded before import = 0
Number of asset objects unloaded after import = 1
========================================================================
Received Import Request.
  Time since last request: 0.000025 seconds.
  path: Assets/Animations/unity-chan!/Unity-chan! Model/Audio/Voice/univ1195.wav
  artifactKey: Guid(201c1b72fb6cb43a9b51ac183c7cacfa) Importer(2089858483,0ecaa5967403d082aa24f35e1b516d23)
Start importing Assets/Animations/unity-chan!/Unity-chan! Model/Audio/Voice/univ1195.wav using Guid(201c1b72fb6cb43a9b51ac183c7cacfa) Importer(2089858483,0ecaa5967403d082aa24f35e1b516d23) Generated GUIDs only implemented for interfaces!
 -> (artifact id: 'f0298d42a6c14e34ffa629a0a2519c03') in 0.089813 seconds
Number of updated asset objects reloaded before import = 0
Number of asset objects unloaded after import = 1
========================================================================
Received Import Request.
  Time since last request: 0.000017 seconds.
  path: Assets/Animations/unity-chan!/Unity-chan! Model/Audio/Voice/univ1202.wav
  artifactKey: Guid(f46e3dae66548461db72dc7c716ebf21) Importer(2089858483,0ecaa5967403d082aa24f35e1b516d23)
Start importing Assets/Animations/unity-chan!/Unity-chan! Model/Audio/Voice/univ1202.wav using Guid(f46e3dae66548461db72dc7c716ebf21) Importer(2089858483,0ecaa5967403d082aa24f35e1b516d23) Generated GUIDs only implemented for interfaces!
 -> (artifact id: '09d521a1e4b6808f95dcb89110a96b8d') in 0.053554 seconds
Number of updated asset objects reloaded before import = 0
Number of asset objects unloaded after import = 1
========================================================================
Received Import Request.
  Time since last request: 0.000016 seconds.
  path: Assets/Animations/unity-chan!/Unity-chan! Model/Audio/Voice/univ1203.wav
  artifactKey: Guid(a674e6701ebd444eabd52df2df51f2be) Importer(2089858483,0ecaa5967403d082aa24f35e1b516d23)
Start importing Assets/Animations/unity-chan!/Unity-chan! Model/Audio/Voice/univ1203.wav using Guid(a674e6701ebd444eabd52df2df51f2be) Importer(2089858483,0ecaa5967403d082aa24f35e1b516d23) Generated GUIDs only implemented for interfaces!
 -> (artifact id: '8225bb208bcefb25d22cc68033427b8c') in 0.055262 seconds
Number of updated asset objects reloaded before import = 0
Number of asset objects unloaded after import = 1
========================================================================
Received Import Request.
  Time since last request: 0.000020 seconds.
  path: Assets/Animations/unity-chan!/Unity-chan! Model/Audio/Voice/univ1197a.wav
  artifactKey: Guid(b8e53b3ec913b48acab3e579d74607c4) Importer(2089858483,0ecaa5967403d082aa24f35e1b516d23)
Start importing Assets/Animations/unity-chan!/Unity-chan! Model/Audio/Voice/univ1197a.wav using Guid(b8e53b3ec913b48acab3e579d74607c4) Importer(2089858483,0ecaa5967403d082aa24f35e1b516d23) Generated GUIDs only implemented for interfaces!
 -> (artifact id: 'dd2e1d4ca53fde2ebff3880d6787d25c') in 0.056170 seconds
Number of updated asset objects reloaded before import = 0
Number of asset objects unloaded after import = 1
========================================================================
Received Import Request.
  Time since last request: 0.000029 seconds.
  path: Assets/Animations/unity-chan!/Unity-chan! Model/Audio/Voice/univ1199.wav
  artifactKey: Guid(55a7fdb4f056d420e8cebee1ae9652ed) Importer(2089858483,0ecaa5967403d082aa24f35e1b516d23)
Start importing Assets/Animations/unity-chan!/Unity-chan! Model/Audio/Voice/univ1199.wav using Guid(55a7fdb4f056d420e8cebee1ae9652ed) Importer(2089858483,0ecaa5967403d082aa24f35e1b516d23) Generated GUIDs only implemented for interfaces!
 -> (artifact id: '5773657e250ae36bf92aa01971884a75') in 0.052530 seconds
Number of updated asset objects reloaded before import = 0
Number of asset objects unloaded after import = 1
========================================================================
Received Import Request.
  Time since last request: 0.000018 seconds.
  path: Assets/Animations/unity-chan!/Unity-chan! Model/Audio/Voice/univ1204.wav
  artifactKey: Guid(c94ac6646d3034cf3a1e25013234a21c) Importer(2089858483,0ecaa5967403d082aa24f35e1b516d23)
Start importing Assets/Animations/unity-chan!/Unity-chan! Model/Audio/Voice/univ1204.wav using Guid(c94ac6646d3034cf3a1e25013234a21c) Importer(2089858483,0ecaa5967403d082aa24f35e1b516d23) Generated GUIDs only implemented for interfaces!
 -> (artifact id: '83c0a01a79f5f82b14f27470cf37361a') in 0.064613 seconds
Number of updated asset objects reloaded before import = 0
Number of asset objects unloaded after import = 1
========================================================================
Received Import Request.
  Time since last request: 0.000015 seconds.
  path: Assets/Animations/unity-chan!/Unity-chan! Model/Audio/Voice/univ1201.wav
  artifactKey: Guid(ea328a2994ed042899f3c5057c903a88) Importer(2089858483,0ecaa5967403d082aa24f35e1b516d23)
Start importing Assets/Animations/unity-chan!/Unity-chan! Model/Audio/Voice/univ1201.wav using Guid(ea328a2994ed042899f3c5057c903a88) Importer(2089858483,0ecaa5967403d082aa24f35e1b516d23) Generated GUIDs only implemented for interfaces!
 -> (artifact id: 'cf145a54bb81a098cfee5c038b42b0fb') in 0.048675 seconds
Number of updated asset objects reloaded before import = 0
Number of asset objects unloaded after import = 1
========================================================================
Received Import Request.
  Time since last request: 0.000020 seconds.
  path: Assets/Animations/unity-chan!/Unity-chan! Model/Audio/Voice/univ1211.wav
  artifactKey: Guid(6e8d3c050efaa49559744a0b39de4433) Importer(2089858483,0ecaa5967403d082aa24f35e1b516d23)
Start importing Assets/Animations/unity-chan!/Unity-chan! Model/Audio/Voice/univ1211.wav using Guid(6e8d3c050efaa49559744a0b39de4433) Importer(2089858483,0ecaa5967403d082aa24f35e1b516d23) Generated GUIDs only implemented for interfaces!
 -> (artifact id: 'f1a37416dd260c1c608e2b7805cc6f3d') in 0.050852 seconds
Number of updated asset objects reloaded before import = 0
Number of asset objects unloaded after import = 1
========================================================================
Received Import Request.
  Time since last request: 0.000030 seconds.
  path: Assets/Animations/unity-chan!/Unity-chan! Model/Audio/Voice/univ1217.wav
  artifactKey: Guid(11600f07207a940a0a821026f83729ba) Importer(2089858483,0ecaa5967403d082aa24f35e1b516d23)
Start importing Assets/Animations/unity-chan!/Unity-chan! Model/Audio/Voice/univ1217.wav using Guid(11600f07207a940a0a821026f83729ba) Importer(2089858483,0ecaa5967403d082aa24f35e1b516d23) Generated GUIDs only implemented for interfaces!
 -> (artifact id: '16253d487d10f3c05961e78b72ce83d4') in 0.049949 seconds
Number of updated asset objects reloaded before import = 0
Number of asset objects unloaded after import = 1
========================================================================
Received Import Request.
  Time since last request: 0.000018 seconds.
  path: Assets/Animations/unity-chan!/Unity-chan! Model/Audio/Voice/univ1213.wav
  artifactKey: Guid(aa7798d801bda434681247185f733fdf) Importer(2089858483,0ecaa5967403d082aa24f35e1b516d23)
Start importing Assets/Animations/unity-chan!/Unity-chan! Model/Audio/Voice/univ1213.wav using Guid(aa7798d801bda434681247185f733fdf) Importer(2089858483,0ecaa5967403d082aa24f35e1b516d23) Generated GUIDs only implemented for interfaces!
 -> (artifact id: '5424c6895e06df6d0d730abec0f0b3d7') in 0.053901 seconds
Number of updated asset objects reloaded before import = 0
Number of asset objects unloaded after import = 1
========================================================================
Received Import Request.
  Time since last request: 0.000014 seconds.
  path: Assets/Animations/unity-chan!/Unity-chan! Model/Audio/Voice/univ1197b.wav
  artifactKey: Guid(e0813e63d238c430bb1fbe6d0a649d5b) Importer(2089858483,0ecaa5967403d082aa24f35e1b516d23)
Start importing Assets/Animations/unity-chan!/Unity-chan! Model/Audio/Voice/univ1197b.wav using Guid(e0813e63d238c430bb1fbe6d0a649d5b) Importer(2089858483,0ecaa5967403d082aa24f35e1b516d23) Generated GUIDs only implemented for interfaces!
 -> (artifact id: 'e87c739f24e304e4c11e46754020714a') in 0.065761 seconds
Number of updated asset objects reloaded before import = 0
Number of asset objects unloaded after import = 1
========================================================================
Received Import Request.
  Time since last request: 0.000017 seconds.
  path: Assets/Animations/unity-chan!/Unity-chan! Model/Audio/Voice/univ1187.wav
  artifactKey: Guid(d209fb3aef98547eba8e1cd90e1bb380) Importer(2089858483,0ecaa5967403d082aa24f35e1b516d23)
Start importing Assets/Animations/unity-chan!/Unity-chan! Model/Audio/Voice/univ1187.wav using Guid(d209fb3aef98547eba8e1cd90e1bb380) Importer(2089858483,0ecaa5967403d082aa24f35e1b516d23) Generated GUIDs only implemented for interfaces!
 -> (artifact id: '9a0723390dc9bb3b58a0c894032a3ef6') in 0.052399 seconds
Number of updated asset objects reloaded before import = 0
Number of asset objects unloaded after import = 1
========================================================================
Received Import Request.
  Time since last request: 0.000033 seconds.
  path: Assets/Animations/unity-chan!/Unity-chan! Model/Audio/Voice/univ1207.wav
  artifactKey: Guid(97d3daab5083845d493f5f0b22beb775) Importer(2089858483,0ecaa5967403d082aa24f35e1b516d23)
Start importing Assets/Animations/unity-chan!/Unity-chan! Model/Audio/Voice/univ1207.wav using Guid(97d3daab5083845d493f5f0b22beb775) Importer(2089858483,0ecaa5967403d082aa24f35e1b516d23) Generated GUIDs only implemented for interfaces!
 -> (artifact id: '755c1fefff242e480758edecf24d138c') in 0.051708 seconds
Number of updated asset objects reloaded before import = 0
Number of asset objects unloaded after import = 1
========================================================================
Received Import Request.
  Time since last request: 0.000111 seconds.
  path: Assets/Animations/unity-chan!/Unity-chan! Model/Audio/Voice/univ1220.wav
  artifactKey: Guid(b8cfde15b4c754c7598bc07e2e2fdddc) Importer(2089858483,0ecaa5967403d082aa24f35e1b516d23)
Start importing Assets/Animations/unity-chan!/Unity-chan! Model/Audio/Voice/univ1220.wav using Guid(b8cfde15b4c754c7598bc07e2e2fdddc) Importer(2089858483,0ecaa5967403d082aa24f35e1b516d23) Generated GUIDs only implemented for interfaces!
 -> (artifact id: '0add373e94b04e0d620eaaf271280c43') in 0.051862 seconds
Number of updated asset objects reloaded before import = 0
Number of asset objects unloaded after import = 1
========================================================================
Received Import Request.
  Time since last request: 0.000014 seconds.
  path: Assets/Animations/unity-chan!/Unity-chan! Model/Audio/Voice/univ1229.wav
  artifactKey: Guid(542adc815435145d5a9f6fa641352c6a) Importer(2089858483,0ecaa5967403d082aa24f35e1b516d23)
Start importing Assets/Animations/unity-chan!/Unity-chan! Model/Audio/Voice/univ1229.wav using Guid(542adc815435145d5a9f6fa641352c6a) Importer(2089858483,0ecaa5967403d082aa24f35e1b516d23) Generated GUIDs only implemented for interfaces!
 -> (artifact id: '7d0b26a3ecb29a3c0de79eb3dcc10385') in 0.053391 seconds
Number of updated asset objects reloaded before import = 0
Number of asset objects unloaded after import = 1
========================================================================
Received Import Request.
  Time since last request: 0.000019 seconds.
  path: Assets/Animations/unity-chan!/Unity-chan! Model/Audio/Voice/univ1221.wav
  artifactKey: Guid(ac5dabcc81e0144f9803277f71087554) Importer(2089858483,0ecaa5967403d082aa24f35e1b516d23)
Start importing Assets/Animations/unity-chan!/Unity-chan! Model/Audio/Voice/univ1221.wav using Guid(ac5dabcc81e0144f9803277f71087554) Importer(2089858483,0ecaa5967403d082aa24f35e1b516d23) Generated GUIDs only implemented for interfaces!
 -> (artifact id: 'e348604ece508fbe3a188933f060cc52') in 0.070352 seconds
Number of updated asset objects reloaded before import = 0
Number of asset objects unloaded after import = 1
========================================================================
Received Import Request.
  Time since last request: 0.000023 seconds.
  path: Assets/Animations/unity-chan!/Unity-chan! Model/Audio/Voice/univ1227.wav
  artifactKey: Guid(460213ea8954a4e558d576a727d35c42) Importer(2089858483,0ecaa5967403d082aa24f35e1b516d23)
Start importing Assets/Animations/unity-chan!/Unity-chan! Model/Audio/Voice/univ1227.wav using Guid(460213ea8954a4e558d576a727d35c42) Importer(2089858483,0ecaa5967403d082aa24f35e1b516d23) Generated GUIDs only implemented for interfaces!
 -> (artifact id: '79929050952395d7146ecec327ef86a3') in 0.052360 seconds
Number of updated asset objects reloaded before import = 0
Number of asset objects unloaded after import = 1
========================================================================
Received Import Request.
  Time since last request: 0.000019 seconds.
  path: Assets/Animations/unity-chan!/Unity-chan! Model/Audio/Voice/univ1228.wav
  artifactKey: Guid(e83a15fba18f443ed8e4aa6f16600e18) Importer(2089858483,0ecaa5967403d082aa24f35e1b516d23)
Start importing Assets/Animations/unity-chan!/Unity-chan! Model/Audio/Voice/univ1228.wav using Guid(e83a15fba18f443ed8e4aa6f16600e18) Importer(2089858483,0ecaa5967403d082aa24f35e1b516d23) Generated GUIDs only implemented for interfaces!
 -> (artifact id: '6d23055869fed0dcc16dc0f2cf2703de') in 0.055590 seconds
Number of updated asset objects reloaded before import = 0
Number of asset objects unloaded after import = 1
========================================================================
Received Import Request.
  Time since last request: 0.000019 seconds.
  path: Assets/Animations/unity-chan!/Unity-chan! Model/Audio/Voice/univ1222.wav
  artifactKey: Guid(330a389a63f06404aba06b59830e123b) Importer(2089858483,0ecaa5967403d082aa24f35e1b516d23)
Start importing Assets/Animations/unity-chan!/Unity-chan! Model/Audio/Voice/univ1222.wav using Guid(330a389a63f06404aba06b59830e123b) Importer(2089858483,0ecaa5967403d082aa24f35e1b516d23) Generated GUIDs only implemented for interfaces!
 -> (artifact id: '7e0b1b7be293125c5226b27676391dc8') in 0.053889 seconds
Number of updated asset objects reloaded before import = 0
Number of asset objects unloaded after import = 1
========================================================================
Received Import Request.
  Time since last request: 0.000022 seconds.
  path: Assets/Animations/unity-chan!/Unity-chan! Model/Audio/Voice/univ1242.wav
  artifactKey: Guid(46b9e448015a64b6ba06fbfb60bd3318) Importer(2089858483,0ecaa5967403d082aa24f35e1b516d23)
Start importing Assets/Animations/unity-chan!/Unity-chan! Model/Audio/Voice/univ1242.wav using Guid(46b9e448015a64b6ba06fbfb60bd3318) Importer(2089858483,0ecaa5967403d082aa24f35e1b516d23) Generated GUIDs only implemented for interfaces!
 -> (artifact id: 'e84f49fe7ea747451af338c3339b49d5') in 0.050369 seconds
Number of updated asset objects reloaded before import = 0
Number of asset objects unloaded after import = 1
========================================================================
Received Import Request.
  Time since last request: 0.000022 seconds.
  path: Assets/Animations/unity-chan!/Unity-chan! Model/Audio/Voice/univ1233.wav
  artifactKey: Guid(8144e1aafd6074925b08d88c87ccfb2e) Importer(2089858483,0ecaa5967403d082aa24f35e1b516d23)
Start importing Assets/Animations/unity-chan!/Unity-chan! Model/Audio/Voice/univ1233.wav using Guid(8144e1aafd6074925b08d88c87ccfb2e) Importer(2089858483,0ecaa5967403d082aa24f35e1b516d23) Generated GUIDs only implemented for interfaces!
 -> (artifact id: 'ff54f77b010d1a56e1e4128295f160eb') in 0.063765 seconds
Number of updated asset objects reloaded before import = 0
Number of asset objects unloaded after import = 1
========================================================================
Received Import Request.
  Time since last request: 0.000018 seconds.
  path: Assets/Animations/unity-chan!/Unity-chan! Model/Audio/Voice/univ1238.wav
  artifactKey: Guid(5fc8e4e60f0f34b51b074e5b9bb9fef2) Importer(2089858483,0ecaa5967403d082aa24f35e1b516d23)
Start importing Assets/Animations/unity-chan!/Unity-chan! Model/Audio/Voice/univ1238.wav using Guid(5fc8e4e60f0f34b51b074e5b9bb9fef2) Importer(2089858483,0ecaa5967403d082aa24f35e1b516d23) Generated GUIDs only implemented for interfaces!
 -> (artifact id: '8106e1454fb14e3052633ddd85ac4613') in 0.047993 seconds
Number of updated asset objects reloaded before import = 0
Number of asset objects unloaded after import = 1
========================================================================
Received Import Request.
  Time since last request: 0.000016 seconds.
  path: Assets/Animations/unity-chan!/Unity-chan! Model/Audio/Voice/univ1241.wav
  artifactKey: Guid(72259f6eb595444049823c67a6d4ccec) Importer(2089858483,0ecaa5967403d082aa24f35e1b516d23)
Start importing Assets/Animations/unity-chan!/Unity-chan! Model/Audio/Voice/univ1241.wav using Guid(72259f6eb595444049823c67a6d4ccec) Importer(2089858483,0ecaa5967403d082aa24f35e1b516d23) Generated GUIDs only implemented for interfaces!
 -> (artifact id: 'bcd57a3eee2f887fa4b8dbda63cf3a21') in 0.062046 seconds
Number of updated asset objects reloaded before import = 0
Number of asset objects unloaded after import = 1
========================================================================
Received Import Request.
  Time since last request: 0.000020 seconds.
  path: Assets/Animations/unity-chan!/Unity-chan! Model/Audio/Voice/univ1234.wav
  artifactKey: Guid(33862593e801147b594c751747c409ca) Importer(2089858483,0ecaa5967403d082aa24f35e1b516d23)
Start importing Assets/Animations/unity-chan!/Unity-chan! Model/Audio/Voice/univ1234.wav using Guid(33862593e801147b594c751747c409ca) Importer(2089858483,0ecaa5967403d082aa24f35e1b516d23) Generated GUIDs only implemented for interfaces!
 -> (artifact id: 'ccf82e5592b50ccb611d42eda926953a') in 0.053347 seconds
Number of updated asset objects reloaded before import = 0
Number of asset objects unloaded after import = 1
========================================================================
Received Import Request.
  Time since last request: 0.000023 seconds.
  path: Assets/Animations/unity-chan!/Unity-chan! Model/Audio/Voice/univ1243.wav
  artifactKey: Guid(c499dad9f455240faa7c4a9964c09f3c) Importer(2089858483,0ecaa5967403d082aa24f35e1b516d23)
Start importing Assets/Animations/unity-chan!/Unity-chan! Model/Audio/Voice/univ1243.wav using Guid(c499dad9f455240faa7c4a9964c09f3c) Importer(2089858483,0ecaa5967403d082aa24f35e1b516d23) Generated GUIDs only implemented for interfaces!
 -> (artifact id: 'a83bed8dcb53c954bca5e09486142dbc') in 0.051340 seconds
Number of updated asset objects reloaded before import = 0
Number of asset objects unloaded after import = 1
========================================================================
Received Import Request.
  Time since last request: 0.000017 seconds.
  path: Assets/Animations/unity-chan!/Unity-chan! Model/Audio/Voice/univ1249.wav
  artifactKey: Guid(ee2c116fb090b4da4bb6d571e3f98dfb) Importer(2089858483,0ecaa5967403d082aa24f35e1b516d23)
Start importing Assets/Animations/unity-chan!/Unity-chan! Model/Audio/Voice/univ1249.wav using Guid(ee2c116fb090b4da4bb6d571e3f98dfb) Importer(2089858483,0ecaa5967403d082aa24f35e1b516d23) Generated GUIDs only implemented for interfaces!
 -> (artifact id: 'a8d527e2e517a3bf5bee1e9505557a0e') in 0.063959 seconds
Number of updated asset objects reloaded before import = 0
Number of asset objects unloaded after import = 1
========================================================================
Received Import Request.
  Time since last request: 0.000017 seconds.
  path: Assets/Animations/unity-chan!/Unity-chan! Model/Audio/Voice/univ1244.wav
  artifactKey: Guid(ee5b38f80081b4dee9abca6eed2a70ff) Importer(2089858483,0ecaa5967403d082aa24f35e1b516d23)
Start importing Assets/Animations/unity-chan!/Unity-chan! Model/Audio/Voice/univ1244.wav using Guid(ee5b38f80081b4dee9abca6eed2a70ff) Importer(2089858483,0ecaa5967403d082aa24f35e1b516d23) Generated GUIDs only implemented for interfaces!
 -> (artifact id: '1fe68ff00732c0e9894ba2f769199651') in 0.048887 seconds
Number of updated asset objects reloaded before import = 0
Number of asset objects unloaded after import = 1
========================================================================
Received Import Request.
  Time since last request: 0.000017 seconds.
  path: Assets/Animations/unity-chan!/Unity-chan! Model/Audio/Voice/univ1251.wav
  artifactKey: Guid(1852067f4039041a8b5e4e0904a1c6d1) Importer(2089858483,0ecaa5967403d082aa24f35e1b516d23)
Start importing Assets/Animations/unity-chan!/Unity-chan! Model/Audio/Voice/univ1251.wav using Guid(1852067f4039041a8b5e4e0904a1c6d1) Importer(2089858483,0ecaa5967403d082aa24f35e1b516d23) Generated GUIDs only implemented for interfaces!
 -> (artifact id: 'a332c77cdbb13ed563c6ed5ba1b8345c') in 0.053472 seconds
Number of updated asset objects reloaded before import = 0
Number of asset objects unloaded after import = 1
========================================================================
Received Import Request.
  Time since last request: 0.000030 seconds.
  path: Assets/Animations/unity-chan!/Unity-chan! Model/Audio/Voice/univ1253.wav
  artifactKey: Guid(c680172e9ee284460a1f0f344e05ac59) Importer(2089858483,0ecaa5967403d082aa24f35e1b516d23)
Start importing Assets/Animations/unity-chan!/Unity-chan! Model/Audio/Voice/univ1253.wav using Guid(c680172e9ee284460a1f0f344e05ac59) Importer(2089858483,0ecaa5967403d082aa24f35e1b516d23) Generated GUIDs only implemented for interfaces!
 -> (artifact id: '93f3a033af6aabd077489540e5e8789a') in 0.053509 seconds
Number of updated asset objects reloaded before import = 0
Number of asset objects unloaded after import = 1
========================================================================
Received Import Request.
  Time since last request: 0.000029 seconds.
  path: Assets/Animations/unity-chan!/Unity-chan! Model/Audio/Voice/univ1245.wav
  artifactKey: Guid(0d4e82b27a1c14af8971e374849c947e) Importer(2089858483,0ecaa5967403d082aa24f35e1b516d23)
Start importing Assets/Animations/unity-chan!/Unity-chan! Model/Audio/Voice/univ1245.wav using Guid(0d4e82b27a1c14af8971e374849c947e) Importer(2089858483,0ecaa5967403d082aa24f35e1b516d23) Generated GUIDs only implemented for interfaces!
 -> (artifact id: 'f61d243d19526794db07df174332c45c') in 0.049747 seconds
Number of updated asset objects reloaded before import = 0
Number of asset objects unloaded after import = 1
========================================================================
Received Import Request.
  Time since last request: 0.000015 seconds.
  path: Assets/Animations/unity-chan!/Unity-chan! Model/Audio/Voice/univ1255.wav
  artifactKey: Guid(01272370b6a6c46efa539424d1295436) Importer(2089858483,0ecaa5967403d082aa24f35e1b516d23)
Start importing Assets/Animations/unity-chan!/Unity-chan! Model/Audio/Voice/univ1255.wav using Guid(01272370b6a6c46efa539424d1295436) Importer(2089858483,0ecaa5967403d082aa24f35e1b516d23) Generated GUIDs only implemented for interfaces!
 -> (artifact id: '98f7202e19a60ebf069d8c115297fdbf') in 0.062458 seconds
Number of updated asset objects reloaded before import = 0
Number of asset objects unloaded after import = 1
========================================================================
Received Import Request.
  Time since last request: 0.000024 seconds.
  path: Assets/Animations/unity-chan!/Unity-chan! Model/Audio/Voice/univ1236.wav
  artifactKey: Guid(ddbe8e87414f24e14bc67638efbc0858) Importer(2089858483,0ecaa5967403d082aa24f35e1b516d23)
Start importing Assets/Animations/unity-chan!/Unity-chan! Model/Audio/Voice/univ1236.wav using Guid(ddbe8e87414f24e14bc67638efbc0858) Importer(2089858483,0ecaa5967403d082aa24f35e1b516d23) Generated GUIDs only implemented for interfaces!
 -> (artifact id: '1c3359c790dc38a697c3f85fbcfc2485') in 0.049584 seconds
Number of updated asset objects reloaded before import = 0
Number of asset objects unloaded after import = 1
========================================================================
Received Import Request.
  Time since last request: 0.000023 seconds.
  path: Assets/Animations/unity-chan!/Unity-chan! Model/Audio/Voice/univ1267.wav
  artifactKey: Guid(896789f06f4074edcb047b30bc29ebac) Importer(2089858483,0ecaa5967403d082aa24f35e1b516d23)
Start importing Assets/Animations/unity-chan!/Unity-chan! Model/Audio/Voice/univ1267.wav using Guid(896789f06f4074edcb047b30bc29ebac) Importer(2089858483,0ecaa5967403d082aa24f35e1b516d23) Generated GUIDs only implemented for interfaces!
 -> (artifact id: 'bbb136b0fad6d89cf4078924bb141a20') in 0.054835 seconds
Number of updated asset objects reloaded before import = 0
Number of asset objects unloaded after import = 1
========================================================================
Received Import Request.
  Time since last request: 0.000014 seconds.
  path: Assets/Animations/unity-chan!/Unity-chan! Model/Audio/Voice/univ1266.wav
  artifactKey: Guid(1dd4132aa7ca947a58dcd6fc3e61a166) Importer(2089858483,0ecaa5967403d082aa24f35e1b516d23)
Start importing Assets/Animations/unity-chan!/Unity-chan! Model/Audio/Voice/univ1266.wav using Guid(1dd4132aa7ca947a58dcd6fc3e61a166) Importer(2089858483,0ecaa5967403d082aa24f35e1b516d23) Generated GUIDs only implemented for interfaces!
 -> (artifact id: '7e5991f5415c9d0d1aedac8e4efea8db') in 0.068461 seconds
Number of updated asset objects reloaded before import = 0
Number of asset objects unloaded after import = 1
========================================================================
Received Import Request.
  Time since last request: 0.000027 seconds.
  path: Assets/Animations/unity-chan!/Unity-chan! Model/Audio/Voice/univ1263.wav
  artifactKey: Guid(f974ed02801414540a6ba05e42f1c2d2) Importer(2089858483,0ecaa5967403d082aa24f35e1b516d23)
Start importing Assets/Animations/unity-chan!/Unity-chan! Model/Audio/Voice/univ1263.wav using Guid(f974ed02801414540a6ba05e42f1c2d2) Importer(2089858483,0ecaa5967403d082aa24f35e1b516d23) Generated GUIDs only implemented for interfaces!
 -> (artifact id: '7846190dd884b387979ca55b17afc168') in 0.063598 seconds
Number of updated asset objects reloaded before import = 0
Number of asset objects unloaded after import = 1
========================================================================
Received Import Request.
  Time since last request: 0.000018 seconds.
  path: Assets/Animations/unity-chan!/Unity-chan! Model/Audio/Voice/univ1256.wav
  artifactKey: Guid(d4192b1c6089a4194ba8d1b217951774) Importer(2089858483,0ecaa5967403d082aa24f35e1b516d23)
Start importing Assets/Animations/unity-chan!/Unity-chan! Model/Audio/Voice/univ1256.wav using Guid(d4192b1c6089a4194ba8d1b217951774) Importer(2089858483,0ecaa5967403d082aa24f35e1b516d23) Generated GUIDs only implemented for interfaces!
 -> (artifact id: '51888db38bcd0c21d69c2001c621a053') in 0.090628 seconds
Number of updated asset objects reloaded before import = 0
Number of asset objects unloaded after import = 1
========================================================================
Received Import Request.
  Time since last request: 0.000028 seconds.
  path: Assets/Animations/unity-chan!/Unity-chan! Model/Audio/Voice/univ1258.wav
  artifactKey: Guid(0a5cc4fa350a34a23998ea98dbc02d4b) Importer(2089858483,0ecaa5967403d082aa24f35e1b516d23)
Start importing Assets/Animations/unity-chan!/Unity-chan! Model/Audio/Voice/univ1258.wav using Guid(0a5cc4fa350a34a23998ea98dbc02d4b) Importer(2089858483,0ecaa5967403d082aa24f35e1b516d23) Generated GUIDs only implemented for interfaces!
 -> (artifact id: '8aea6201bd62159c1215f3e6f9dfd1a0') in 0.071783 seconds
Number of updated asset objects reloaded before import = 0
Number of asset objects unloaded after import = 1
========================================================================
Received Import Request.
  Time since last request: 0.000019 seconds.
  path: Assets/Animations/unity-chan!/Unity-chan! Model/Audio/Voice/univ1272.wav
  artifactKey: Guid(69b4feaeeea884cad97de63fe280cbeb) Importer(2089858483,0ecaa5967403d082aa24f35e1b516d23)
Start importing Assets/Animations/unity-chan!/Unity-chan! Model/Audio/Voice/univ1272.wav using Guid(69b4feaeeea884cad97de63fe280cbeb) Importer(2089858483,0ecaa5967403d082aa24f35e1b516d23) Generated GUIDs only implemented for interfaces!
 -> (artifact id: '62f981d56e575751c39d4079ce5d7a70') in 0.070152 seconds
Number of updated asset objects reloaded before import = 0
Number of asset objects unloaded after import = 1
========================================================================
Received Import Request.
  Time since last request: 0.000022 seconds.
  path: Assets/Animations/unity-chan!/Unity-chan! Model/Audio/Voice/univ1275.wav
  artifactKey: Guid(367b2123e41784547b5f532db4781029) Importer(2089858483,0ecaa5967403d082aa24f35e1b516d23)
Start importing Assets/Animations/unity-chan!/Unity-chan! Model/Audio/Voice/univ1275.wav using Guid(367b2123e41784547b5f532db4781029) Importer(2089858483,0ecaa5967403d082aa24f35e1b516d23) Generated GUIDs only implemented for interfaces!
 -> (artifact id: 'a82e16b982d5be564554a616f15a9a06') in 0.060083 seconds
Number of updated asset objects reloaded before import = 0
Number of asset objects unloaded after import = 1
========================================================================
Received Import Request.
  Time since last request: 0.000029 seconds.
  path: Assets/Animations/unity-chan!/Unity-chan! Model/Audio/Voice/univ1279.wav
  artifactKey: Guid(24f4cbf3b62964fa8ae2bf57346142a7) Importer(2089858483,0ecaa5967403d082aa24f35e1b516d23)
Start importing Assets/Animations/unity-chan!/Unity-chan! Model/Audio/Voice/univ1279.wav using Guid(24f4cbf3b62964fa8ae2bf57346142a7) Importer(2089858483,0ecaa5967403d082aa24f35e1b516d23) Generated GUIDs only implemented for interfaces!
 -> (artifact id: 'cab754868e96adad641387889392e42e') in 0.066237 seconds
Number of updated asset objects reloaded before import = 0
Number of asset objects unloaded after import = 1
========================================================================
Received Import Request.
  Time since last request: 0.000020 seconds.
  path: Assets/Animations/unity-chan!/Unity-chan! Model/Audio/Voice/univ1278.wav
  artifactKey: Guid(d13b766e4ed05467b8bff2adfe6594dc) Importer(2089858483,0ecaa5967403d082aa24f35e1b516d23)
Start importing Assets/Animations/unity-chan!/Unity-chan! Model/Audio/Voice/univ1278.wav using Guid(d13b766e4ed05467b8bff2adfe6594dc) Importer(2089858483,0ecaa5967403d082aa24f35e1b516d23) Generated GUIDs only implemented for interfaces!
 -> (artifact id: 'c0a041e80ac64dfd46a1265610b593af') in 0.100530 seconds
Number of updated asset objects reloaded before import = 0
Number of asset objects unloaded after import = 1
========================================================================
Received Import Request.
  Time since last request: 0.000022 seconds.
  path: Assets/Animations/unity-chan!/Unity-chan! Model/Audio/Voice/univ1277.wav
  artifactKey: Guid(e094e659bf7174fe589781a96c55ddda) Importer(2089858483,0ecaa5967403d082aa24f35e1b516d23)
Start importing Assets/Animations/unity-chan!/Unity-chan! Model/Audio/Voice/univ1277.wav using Guid(e094e659bf7174fe589781a96c55ddda) Importer(2089858483,0ecaa5967403d082aa24f35e1b516d23) Generated GUIDs only implemented for interfaces!
 -> (artifact id: 'f5b6efd68c36188c9b7a2b5fe9b3a74f') in 0.060442 seconds
Number of updated asset objects reloaded before import = 0
Number of asset objects unloaded after import = 1
========================================================================
Received Import Request.
  Time since last request: 0.000025 seconds.
  path: Assets/Animations/unity-chan!/Unity-chan! Model/Audio/Voice/univ1283.wav
  artifactKey: Guid(5e11afa2c5cf840e08f4ee4b2f781927) Importer(2089858483,0ecaa5967403d082aa24f35e1b516d23)
Start importing Assets/Animations/unity-chan!/Unity-chan! Model/Audio/Voice/univ1283.wav using Guid(5e11afa2c5cf840e08f4ee4b2f781927) Importer(2089858483,0ecaa5967403d082aa24f35e1b516d23) Generated GUIDs only implemented for interfaces!
 -> (artifact id: 'dc9e5c291df8945fab31d57578a5a37b') in 0.067543 seconds
Number of updated asset objects reloaded before import = 0
Number of asset objects unloaded after import = 1
========================================================================
Received Import Request.
  Time since last request: 0.000018 seconds.
  path: Assets/Animations/unity-chan!/Unity-chan! Model/Audio/Voice/univ1280.wav
  artifactKey: Guid(ca4ba024e626b483285416dd838ebe3c) Importer(2089858483,0ecaa5967403d082aa24f35e1b516d23)
Start importing Assets/Animations/unity-chan!/Unity-chan! Model/Audio/Voice/univ1280.wav using Guid(ca4ba024e626b483285416dd838ebe3c) Importer(2089858483,0ecaa5967403d082aa24f35e1b516d23) Generated GUIDs only implemented for interfaces!
 -> (artifact id: '5c3b246f60fea8482b66de9c9c0ea597') in 0.053458 seconds
Number of updated asset objects reloaded before import = 0
Number of asset objects unloaded after import = 1
========================================================================
Received Import Request.
  Time since last request: 0.000019 seconds.
  path: Assets/Animations/unity-chan!/Unity-chan! Model/Audio/Voice/univ1289.wav
  artifactKey: Guid(eab462f39e9b945ed810305dea310fa5) Importer(2089858483,0ecaa5967403d082aa24f35e1b516d23)
Start importing Assets/Animations/unity-chan!/Unity-chan! Model/Audio/Voice/univ1289.wav using Guid(eab462f39e9b945ed810305dea310fa5) Importer(2089858483,0ecaa5967403d082aa24f35e1b516d23) Generated GUIDs only implemented for interfaces!
 -> (artifact id: '0231945235ddb0750d0cc4aa77b75a39') in 0.132215 seconds
Number of updated asset objects reloaded before import = 0
Number of asset objects unloaded after import = 1
========================================================================
Received Import Request.
  Time since last request: 0.000191 seconds.
  path: Assets/Animations/unity-chan!/Unity-chan! Model/Audio/Voice/univ1287.wav
  artifactKey: Guid(94e845b117d1c4c3baf2b40dd77d1a11) Importer(2089858483,0ecaa5967403d082aa24f35e1b516d23)
Start importing Assets/Animations/unity-chan!/Unity-chan! Model/Audio/Voice/univ1287.wav using Guid(94e845b117d1c4c3baf2b40dd77d1a11) Importer(2089858483,0ecaa5967403d082aa24f35e1b516d23) Generated GUIDs only implemented for interfaces!
 -> (artifact id: '88b82411cd246cab2e5ba3c6ed3e5b05') in 0.090029 seconds
Number of updated asset objects reloaded before import = 0
Number of asset objects unloaded after import = 1
========================================================================
Received Import Request.
  Time since last request: 0.000024 seconds.
  path: Assets/Animations/unity-chan!/Unity-chan! Model/Audio/Voice/univ1296.wav
  artifactKey: Guid(1fb0ca26e45a74ada8493f41a4a21570) Importer(2089858483,0ecaa5967403d082aa24f35e1b516d23)
Start importing Assets/Animations/unity-chan!/Unity-chan! Model/Audio/Voice/univ1296.wav using Guid(1fb0ca26e45a74ada8493f41a4a21570) Importer(2089858483,0ecaa5967403d082aa24f35e1b516d23) Generated GUIDs only implemented for interfaces!
 -> (artifact id: '32711c854105498397bc6d9e773fd5df') in 0.051257 seconds
Number of updated asset objects reloaded before import = 0
Number of asset objects unloaded after import = 1
========================================================================
Received Import Request.
  Time since last request: 0.000019 seconds.
  path: Assets/Animations/unity-chan!/Unity-chan! Model/Audio/Voice/univ1297.wav
  artifactKey: Guid(22dfa7e47d50747949d99f88793b7168) Importer(2089858483,0ecaa5967403d082aa24f35e1b516d23)
Start importing Assets/Animations/unity-chan!/Unity-chan! Model/Audio/Voice/univ1297.wav using Guid(22dfa7e47d50747949d99f88793b7168) Importer(2089858483,0ecaa5967403d082aa24f35e1b516d23) Generated GUIDs only implemented for interfaces!
 -> (artifact id: '7d6a31f2211ae968981245e18d623424') in 0.045556 seconds
Number of updated asset objects reloaded before import = 0
Number of asset objects unloaded after import = 1
========================================================================
Received Import Request.
  Time since last request: 0.000015 seconds.
  path: Assets/Animations/unity-chan!/Unity-chan! Model/Audio/Voice/univ1290.wav
  artifactKey: Guid(514f2543b81e74c53ac1d9b5bc4fe40c) Importer(2089858483,0ecaa5967403d082aa24f35e1b516d23)
Start importing Assets/Animations/unity-chan!/Unity-chan! Model/Audio/Voice/univ1290.wav using Guid(514f2543b81e74c53ac1d9b5bc4fe40c) Importer(2089858483,0ecaa5967403d082aa24f35e1b516d23) Generated GUIDs only implemented for interfaces!
 -> (artifact id: 'ce513ca2b792ee05caf720cf1c18f92e') in 0.052362 seconds
Number of updated asset objects reloaded before import = 0
Number of asset objects unloaded after import = 1
========================================================================
Received Import Request.
  Time since last request: 0.000018 seconds.
  path: Assets/Animations/unity-chan!/Unity-chan! Model/Audio/Voice/univ1291.wav
  artifactKey: Guid(bdc1ade80be854ea5849de68a1b9e471) Importer(2089858483,0ecaa5967403d082aa24f35e1b516d23)
Start importing Assets/Animations/unity-chan!/Unity-chan! Model/Audio/Voice/univ1291.wav using Guid(bdc1ade80be854ea5849de68a1b9e471) Importer(2089858483,0ecaa5967403d082aa24f35e1b516d23) Generated GUIDs only implemented for interfaces!
 -> (artifact id: 'c67bb71bafac54f908611a5e3df6c67f') in 0.052096 seconds
Number of updated asset objects reloaded before import = 0
Number of asset objects unloaded after import = 1
========================================================================
Received Import Request.
  Time since last request: 0.000029 seconds.
  path: Assets/Animations/unity-chan!/Unity-chan! Model/Audio/Voice/univ1273.wav
  artifactKey: Guid(155b80e2df5fe43cfaffbcd6a166f8a1) Importer(2089858483,0ecaa5967403d082aa24f35e1b516d23)
Start importing Assets/Animations/unity-chan!/Unity-chan! Model/Audio/Voice/univ1273.wav using Guid(155b80e2df5fe43cfaffbcd6a166f8a1) Importer(2089858483,0ecaa5967403d082aa24f35e1b516d23) Generated GUIDs only implemented for interfaces!
 -> (artifact id: '9c146507995d7df214367dca02841a13') in 0.059176 seconds
Number of updated asset objects reloaded before import = 0
Number of asset objects unloaded after import = 1
========================================================================
Received Import Request.
  Time since last request: 0.000016 seconds.
  path: Assets/Animations/unity-chan!/Unity-chan! Model/Audio/Voice/univ1261.wav
  artifactKey: Guid(0f9b83a7b39274177b6e3d39b408313f) Importer(2089858483,0ecaa5967403d082aa24f35e1b516d23)
Start importing Assets/Animations/unity-chan!/Unity-chan! Model/Audio/Voice/univ1261.wav using Guid(0f9b83a7b39274177b6e3d39b408313f) Importer(2089858483,0ecaa5967403d082aa24f35e1b516d23) Generated GUIDs only implemented for interfaces!
 -> (artifact id: '85f9807bf75dd19cd7ddb9fe95042c3b') in 0.057519 seconds
Number of updated asset objects reloaded before import = 0
Number of asset objects unloaded after import = 1
========================================================================
Received Import Request.
  Time since last request: 0.000018 seconds.
  path: Assets/Animations/unity-chan!/Unity-chan! Model/Audio/Voice/univ1293.wav
  artifactKey: Guid(e9432b54f671747ebb900e785d426268) Importer(2089858483,0ecaa5967403d082aa24f35e1b516d23)
Start importing Assets/Animations/unity-chan!/Unity-chan! Model/Audio/Voice/univ1293.wav using Guid(e9432b54f671747ebb900e785d426268) Importer(2089858483,0ecaa5967403d082aa24f35e1b516d23) Generated GUIDs only implemented for interfaces!
 -> (artifact id: '208ad8e6db41067eecc55ac5a8681cc9') in 0.050558 seconds
Number of updated asset objects reloaded before import = 0
Number of asset objects unloaded after import = 1
========================================================================
Received Import Request.
  Time since last request: 0.000017 seconds.
  path: Assets/Animations/unity-chan!/Unity-chan! Model/Audio/Voice/univ1300.wav
  artifactKey: Guid(51e7ac1ce44344250a28470dadf38577) Importer(2089858483,0ecaa5967403d082aa24f35e1b516d23)
Start importing Assets/Animations/unity-chan!/Unity-chan! Model/Audio/Voice/univ1300.wav using Guid(51e7ac1ce44344250a28470dadf38577) Importer(2089858483,0ecaa5967403d082aa24f35e1b516d23) Generated GUIDs only implemented for interfaces!
 -> (artifact id: 'c08d4e43e895d332dad415b68e40707b') in 0.052283 seconds
Number of updated asset objects reloaded before import = 0
Number of asset objects unloaded after import = 1
========================================================================
Received Import Request.
  Time since last request: 0.000023 seconds.
  path: Assets/Animations/unity-chan!/Unity-chan! Model/Audio/Voice/univ1303.wav
  artifactKey: Guid(f121d90ebb4b242568ccf5575584aca1) Importer(2089858483,0ecaa5967403d082aa24f35e1b516d23)
Start importing Assets/Animations/unity-chan!/Unity-chan! Model/Audio/Voice/univ1303.wav using Guid(f121d90ebb4b242568ccf5575584aca1) Importer(2089858483,0ecaa5967403d082aa24f35e1b516d23) Generated GUIDs only implemented for interfaces!
 -> (artifact id: '82720391dd19e1f1c28509ae42ea7a31') in 0.052375 seconds
Number of updated asset objects reloaded before import = 0
Number of asset objects unloaded after import = 1
========================================================================
Received Import Request.
  Time since last request: 0.000019 seconds.
  path: Assets/Animations/unity-chan!/Unity-chan! Model/Audio/Voice/univ1305.wav
  artifactKey: Guid(f91aae2a30b204657bd6d31832b3b4b6) Importer(2089858483,0ecaa5967403d082aa24f35e1b516d23)
Start importing Assets/Animations/unity-chan!/Unity-chan! Model/Audio/Voice/univ1305.wav using Guid(f91aae2a30b204657bd6d31832b3b4b6) Importer(2089858483,0ecaa5967403d082aa24f35e1b516d23) Generated GUIDs only implemented for interfaces!
 -> (artifact id: 'a192991899f56f80b6c1d3d6fcd09e35') in 0.047713 seconds
Number of updated asset objects reloaded before import = 0
Number of asset objects unloaded after import = 1
========================================================================
Received Import Request.
  Time since last request: 0.000020 seconds.
  path: Assets/Animations/unity-chan!/Unity-chan! Model/Audio/Voice/univ1304.wav
  artifactKey: Guid(b0a155abff31a4301bdc8fd204c8d520) Importer(2089858483,0ecaa5967403d082aa24f35e1b516d23)
Start importing Assets/Animations/unity-chan!/Unity-chan! Model/Audio/Voice/univ1304.wav using Guid(b0a155abff31a4301bdc8fd204c8d520) Importer(2089858483,0ecaa5967403d082aa24f35e1b516d23) Generated GUIDs only implemented for interfaces!
 -> (artifact id: '40855b5c88f4d0c518e6ffaf1e98504d') in 0.062225 seconds
Number of updated asset objects reloaded before import = 0
Number of asset objects unloaded after import = 1
========================================================================
Received Import Request.
  Time since last request: 0.000021 seconds.
  path: Assets/Animations/unity-chan!/Unity-chan! Model/Audio/Voice/univ1310.wav
  artifactKey: Guid(7031635d035ab43baaeb1ba7b3dad877) Importer(2089858483,0ecaa5967403d082aa24f35e1b516d23)
Start importing Assets/Animations/unity-chan!/Unity-chan! Model/Audio/Voice/univ1310.wav using Guid(7031635d035ab43baaeb1ba7b3dad877) Importer(2089858483,0ecaa5967403d082aa24f35e1b516d23) Generated GUIDs only implemented for interfaces!
 -> (artifact id: 'd8e02f8ea4a563b3fa380cd2e9b68ef5') in 0.054716 seconds
Number of updated asset objects reloaded before import = 0
Number of asset objects unloaded after import = 1
========================================================================
Received Import Request.
  Time since last request: 0.000027 seconds.
  path: Assets/Animations/unity-chan!/Unity-chan! Model/Audio/Voice/univ1298.wav
  artifactKey: Guid(921b4265fa4e24a9396147dbf14e9e54) Importer(2089858483,0ecaa5967403d082aa24f35e1b516d23)
Start importing Assets/Animations/unity-chan!/Unity-chan! Model/Audio/Voice/univ1298.wav using Guid(921b4265fa4e24a9396147dbf14e9e54) Importer(2089858483,0ecaa5967403d082aa24f35e1b516d23) Generated GUIDs only implemented for interfaces!
 -> (artifact id: '265776726148c73850a3a27470a3d026') in 0.055501 seconds
Number of updated asset objects reloaded before import = 0
Number of asset objects unloaded after import = 1
========================================================================
Received Import Request.
  Time since last request: 0.000014 seconds.
  path: Assets/Animations/unity-chan!/Unity-chan! Model/Audio/Voice/univ1320.wav
  artifactKey: Guid(c8075c770ba3a48c8b7b618c34b2353c) Importer(2089858483,0ecaa5967403d082aa24f35e1b516d23)
Start importing Assets/Animations/unity-chan!/Unity-chan! Model/Audio/Voice/univ1320.wav using Guid(c8075c770ba3a48c8b7b618c34b2353c) Importer(2089858483,0ecaa5967403d082aa24f35e1b516d23) Generated GUIDs only implemented for interfaces!
 -> (artifact id: '6747e654baa68a801847af9c826ed948') in 0.049618 seconds
Number of updated asset objects reloaded before import = 0
Number of asset objects unloaded after import = 1
========================================================================
Received Import Request.
  Time since last request: 0.000017 seconds.
  path: Assets/Animations/unity-chan!/Unity-chan! Model/Audio/Voice/univ1311.wav
  artifactKey: Guid(4e727d6a5f5174c03a8869166aa9aa8c) Importer(2089858483,0ecaa5967403d082aa24f35e1b516d23)
Start importing Assets/Animations/unity-chan!/Unity-chan! Model/Audio/Voice/univ1311.wav using Guid(4e727d6a5f5174c03a8869166aa9aa8c) Importer(2089858483,0ecaa5967403d082aa24f35e1b516d23) Generated GUIDs only implemented for interfaces!
 -> (artifact id: '3bfd7023662ae03768c1362689fd35d1') in 0.050796 seconds
Number of updated asset objects reloaded before import = 0
Number of asset objects unloaded after import = 1
========================================================================
Received Import Request.
  Time since last request: 0.000023 seconds.
  path: Assets/Animations/unity-chan!/Unity-chan! Model/Audio/Voice/univ1315.wav
  artifactKey: Guid(86b4a0b23cc9649fb9f8a3787c9d2ad8) Importer(2089858483,0ecaa5967403d082aa24f35e1b516d23)
Start importing Assets/Animations/unity-chan!/Unity-chan! Model/Audio/Voice/univ1315.wav using Guid(86b4a0b23cc9649fb9f8a3787c9d2ad8) Importer(2089858483,0ecaa5967403d082aa24f35e1b516d23) Generated GUIDs only implemented for interfaces!
 -> (artifact id: '9216ac57cbf73ddd17f347f150174b2c') in 0.058998 seconds
Number of updated asset objects reloaded before import = 0
Number of asset objects unloaded after import = 1
========================================================================
Received Import Request.
  Time since last request: 0.000023 seconds.
  path: Assets/Animations/unity-chan!/Unity-chan! Model/Audio/Voice/univ1314.wav
  artifactKey: Guid(20387bf35c80644b285dc36f4c17582a) Importer(2089858483,0ecaa5967403d082aa24f35e1b516d23)
Start importing Assets/Animations/unity-chan!/Unity-chan! Model/Audio/Voice/univ1314.wav using Guid(20387bf35c80644b285dc36f4c17582a) Importer(2089858483,0ecaa5967403d082aa24f35e1b516d23) Generated GUIDs only implemented for interfaces!
 -> (artifact id: 'c2856345e9beaea1b4536fe8e8d9e395') in 0.054302 seconds
Number of updated asset objects reloaded before import = 0
Number of asset objects unloaded after import = 1
========================================================================
Received Import Request.
  Time since last request: 0.000015 seconds.
  path: Assets/Animations/unity-chan!/Unity-chan! Model/Audio/Voice/univ1316.wav
  artifactKey: Guid(88c1a458c3c974f61a18293718c1c935) Importer(2089858483,0ecaa5967403d082aa24f35e1b516d23)
Start importing Assets/Animations/unity-chan!/Unity-chan! Model/Audio/Voice/univ1316.wav using Guid(88c1a458c3c974f61a18293718c1c935) Importer(2089858483,0ecaa5967403d082aa24f35e1b516d23) Generated GUIDs only implemented for interfaces!
 -> (artifact id: 'a23b16034dd266c463662bae699ae6a4') in 0.050120 seconds
Number of updated asset objects reloaded before import = 0
Number of asset objects unloaded after import = 1
========================================================================
Received Import Request.
  Time since last request: 0.000020 seconds.
  path: Assets/Animations/unity-chan!/Unity-chan! Model/Audio/Voice/univ1322.wav
  artifactKey: Guid(4b1c9dc3e89084d52ae4459886eee31a) Importer(2089858483,0ecaa5967403d082aa24f35e1b516d23)
Start importing Assets/Animations/unity-chan!/Unity-chan! Model/Audio/Voice/univ1322.wav using Guid(4b1c9dc3e89084d52ae4459886eee31a) Importer(2089858483,0ecaa5967403d082aa24f35e1b516d23) Generated GUIDs only implemented for interfaces!
 -> (artifact id: '1a2d11f96fe8455ecabd50ac14e02ef3') in 0.048446 seconds
Number of updated asset objects reloaded before import = 0
Number of asset objects unloaded after import = 1
========================================================================
Received Import Request.
  Time since last request: 0.000022 seconds.
  path: Assets/Animations/unity-chan!/Unity-chan! Model/Audio/Voice/univ1317.wav
  artifactKey: Guid(937129e0cafef428b8dacdc56a5bcb18) Importer(2089858483,0ecaa5967403d082aa24f35e1b516d23)
Start importing Assets/Animations/unity-chan!/Unity-chan! Model/Audio/Voice/univ1317.wav using Guid(937129e0cafef428b8dacdc56a5bcb18) Importer(2089858483,0ecaa5967403d082aa24f35e1b516d23) Generated GUIDs only implemented for interfaces!
 -> (artifact id: 'a50dd34c0597dc7e152bd4ce72829e37') in 0.055459 seconds
Number of updated asset objects reloaded before import = 0
Number of asset objects unloaded after import = 1
========================================================================
Received Import Request.
  Time since last request: 0.000023 seconds.
  path: Assets/Animations/unity-chan!/Unity-chan! Model/Audio/Voice/univ1334.wav
  artifactKey: Guid(a173c18dcf6934320bd53ae8a360afab) Importer(2089858483,0ecaa5967403d082aa24f35e1b516d23)
Start importing Assets/Animations/unity-chan!/Unity-chan! Model/Audio/Voice/univ1334.wav using Guid(a173c18dcf6934320bd53ae8a360afab) Importer(2089858483,0ecaa5967403d082aa24f35e1b516d23) Generated GUIDs only implemented for interfaces!
 -> (artifact id: 'a30973a0130b05b43d900a8127c20e3c') in 0.065709 seconds
Number of updated asset objects reloaded before import = 0
Number of asset objects unloaded after import = 1
========================================================================
Received Import Request.
  Time since last request: 0.000016 seconds.
  path: Assets/Animations/unity-chan!/Unity-chan! Model/Audio/Voice/univ1327.wav
  artifactKey: Guid(9602a4e0e26514a4e87e2a35171daed0) Importer(2089858483,0ecaa5967403d082aa24f35e1b516d23)
Start importing Assets/Animations/unity-chan!/Unity-chan! Model/Audio/Voice/univ1327.wav using Guid(9602a4e0e26514a4e87e2a35171daed0) Importer(2089858483,0ecaa5967403d082aa24f35e1b516d23) Generated GUIDs only implemented for interfaces!
 -> (artifact id: '2bee3edccbdc6cd91e51f1431a423f35') in 0.047724 seconds
Number of updated asset objects reloaded before import = 0
Number of asset objects unloaded after import = 1
========================================================================
Received Import Request.
  Time since last request: 0.000016 seconds.
  path: Assets/Animations/unity-chan!/Unity-chan! Model/Audio/Voice/univ1332.wav
  artifactKey: Guid(7c92b00ff054a4fd1b786f9ef8db6a3c) Importer(2089858483,0ecaa5967403d082aa24f35e1b516d23)
Start importing Assets/Animations/unity-chan!/Unity-chan! Model/Audio/Voice/univ1332.wav using Guid(7c92b00ff054a4fd1b786f9ef8db6a3c) Importer(2089858483,0ecaa5967403d082aa24f35e1b516d23) Generated GUIDs only implemented for interfaces!
 -> (artifact id: 'e5954565d60cbd2b0a9dcd4814948910') in 0.054222 seconds
Number of updated asset objects reloaded before import = 0
Number of asset objects unloaded after import = 1
========================================================================
Received Import Request.
  Time since last request: 0.000018 seconds.
  path: Assets/Animations/unity-chan!/Unity-chan! Model/Audio/Voice/univ1328.wav
  artifactKey: Guid(7a536c4068948403a9378d80ec38497c) Importer(2089858483,0ecaa5967403d082aa24f35e1b516d23)
Start importing Assets/Animations/unity-chan!/Unity-chan! Model/Audio/Voice/univ1328.wav using Guid(7a536c4068948403a9378d80ec38497c) Importer(2089858483,0ecaa5967403d082aa24f35e1b516d23) Generated GUIDs only implemented for interfaces!
 -> (artifact id: '04036f1e430f896ac2f127dafd4dd293') in 0.058281 seconds
Number of updated asset objects reloaded before import = 0
Number of asset objects unloaded after import = 1
========================================================================
Received Import Request.
  Time since last request: 0.000024 seconds.
  path: Assets/Animations/unity-chan!/Unity-chan! Model/Audio/Voice/univ1330.wav
  artifactKey: Guid(061244abba01c4fd38c42bdaa7a5dbc2) Importer(2089858483,0ecaa5967403d082aa24f35e1b516d23)
Start importing Assets/Animations/unity-chan!/Unity-chan! Model/Audio/Voice/univ1330.wav using Guid(061244abba01c4fd38c42bdaa7a5dbc2) Importer(2089858483,0ecaa5967403d082aa24f35e1b516d23) Generated GUIDs only implemented for interfaces!
 -> (artifact id: 'a574f8c0ffaabdcff27c65b80fe6bbdb') in 0.050397 seconds
Number of updated asset objects reloaded before import = 0
Number of asset objects unloaded after import = 1
========================================================================
Received Import Request.
  Time since last request: 0.000018 seconds.
  path: Assets/Animations/unity-chan!/Unity-chan! Model/Audio/Voice/univ1325.wav
  artifactKey: Guid(300fd04524d484f339272b325cf2261c) Importer(2089858483,0ecaa5967403d082aa24f35e1b516d23)
Start importing Assets/Animations/unity-chan!/Unity-chan! Model/Audio/Voice/univ1325.wav using Guid(300fd04524d484f339272b325cf2261c) Importer(2089858483,0ecaa5967403d082aa24f35e1b516d23) Generated GUIDs only implemented for interfaces!
 -> (artifact id: '51c1925f230a0efaefc23791a629819f') in 0.063153 seconds
Number of updated asset objects reloaded before import = 0
Number of asset objects unloaded after import = 1
========================================================================
Received Import Request.
  Time since last request: 0.000016 seconds.
  path: Assets/Animations/unity-chan!/Unity-chan! Model/Prefabs/for Locomotion/LookAtPos.prefab
  artifactKey: Guid(efaf5c7817edc41d68744ffe3a3dbeb7) Importer(2089858483,0ecaa5967403d082aa24f35e1b516d23)
Start importing Assets/Animations/unity-chan!/Unity-chan! Model/Prefabs/for Locomotion/LookAtPos.prefab using Guid(efaf5c7817edc41d68744ffe3a3dbeb7) Importer(2089858483,0ecaa5967403d082aa24f35e1b516d23) Generated GUIDs only implemented for interfaces!
 -> (artifact id: '216a3130b7dc738244a42b638501540b') in 0.021285 seconds
Number of updated asset objects reloaded before import = 0
Number of asset objects unloaded after import = 4
========================================================================
Received Import Request.
  Time since last request: 0.000064 seconds.
  path: Assets/Animations/unity-chan!/Unity-chan! Model/Prefabs/for Locomotion/FrontPos.prefab
  artifactKey: Guid(5ab36471a20d548e1b89d3501e011ada) Importer(2089858483,0ecaa5967403d082aa24f35e1b516d23)
Start importing Assets/Animations/unity-chan!/Unity-chan! Model/Prefabs/for Locomotion/FrontPos.prefab using Guid(5ab36471a20d548e1b89d3501e011ada) Importer(2089858483,0ecaa5967403d082aa24f35e1b516d23) Generated GUIDs only implemented for interfaces!
 -> (artifact id: '80f38d0ab952d23703abbc137fed8cfd') in 0.025491 seconds
Number of updated asset objects reloaded before import = 0
Number of asset objects unloaded after import = 4
========================================================================
Received Import Request.
  Time since last request: 0.000021 seconds.
  path: Assets/Animations/unity-chan!/Unity-chan! Model/Audio/Voice/univ1343.wav
  artifactKey: Guid(85d2bcf8ffdf647299390ab06504553c) Importer(2089858483,0ecaa5967403d082aa24f35e1b516d23)
Start importing Assets/Animations/unity-chan!/Unity-chan! Model/Audio/Voice/univ1343.wav using Guid(85d2bcf8ffdf647299390ab06504553c) Importer(2089858483,0ecaa5967403d082aa24f35e1b516d23) Generated GUIDs only implemented for interfaces!
 -> (artifact id: '1442697b093cdf2199004f00e25dddf4') in 0.045351 seconds
Number of updated asset objects reloaded before import = 0
Number of asset objects unloaded after import = 1
========================================================================
Received Import Request.
  Time since last request: 0.000015 seconds.
  path: Assets/Animations/unity-chan!/Unity-chan! Model/Audio/Voice/univ1337.wav
  artifactKey: Guid(7ca4bbb9890414fa992b46aa20e0ce9d) Importer(2089858483,0ecaa5967403d082aa24f35e1b516d23)
Start importing Assets/Animations/unity-chan!/Unity-chan! Model/Audio/Voice/univ1337.wav using Guid(7ca4bbb9890414fa992b46aa20e0ce9d) Importer(2089858483,0ecaa5967403d082aa24f35e1b516d23) Generated GUIDs only implemented for interfaces!
 -> (artifact id: 'edd27385e140c32085632d89ef1106a7') in 0.051821 seconds
Number of updated asset objects reloaded before import = 0
Number of asset objects unloaded after import = 1
========================================================================
Received Import Request.
  Time since last request: 0.000018 seconds.
  path: Assets/Animations/unity-chan!/Unity-chan! Model/Audio/Voice/univ1340.wav
  artifactKey: Guid(51791f91b88ea494cbd397f882da7585) Importer(2089858483,0ecaa5967403d082aa24f35e1b516d23)
Start importing Assets/Animations/unity-chan!/Unity-chan! Model/Audio/Voice/univ1340.wav using Guid(51791f91b88ea494cbd397f882da7585) Importer(2089858483,0ecaa5967403d082aa24f35e1b516d23) Generated GUIDs only implemented for interfaces!
 -> (artifact id: '52d49d799fb6b6416792c2dad3ef52b2') in 0.052396 seconds
Number of updated asset objects reloaded before import = 0
Number of asset objects unloaded after import = 1
========================================================================
Received Import Request.
  Time since last request: 0.000018 seconds.
  path: Assets/Animations/unity-chan!/Unity-chan! Model/Audio/Voice/univ1341.wav
  artifactKey: Guid(2eb33eb78272b4d91ba9d8268e1cc7a0) Importer(2089858483,0ecaa5967403d082aa24f35e1b516d23)
Start importing Assets/Animations/unity-chan!/Unity-chan! Model/Audio/Voice/univ1341.wav using Guid(2eb33eb78272b4d91ba9d8268e1cc7a0) Importer(2089858483,0ecaa5967403d082aa24f35e1b516d23) Generated GUIDs only implemented for interfaces!
 -> (artifact id: 'd620e0bfc62d57ff33b99e2e5abc9df8') in 0.050573 seconds
Number of updated asset objects reloaded before import = 0
Number of asset objects unloaded after import = 1
========================================================================
Received Import Request.
  Time since last request: 0.000030 seconds.
  path: Assets/Animations/unity-chan!/Unity-chan! Model/Audio/Voice/univ1208.wav
  artifactKey: Guid(3303ecc492b4549508963afde665f54e) Importer(2089858483,0ecaa5967403d082aa24f35e1b516d23)
Start importing Assets/Animations/unity-chan!/Unity-chan! Model/Audio/Voice/univ1208.wav using Guid(3303ecc492b4549508963afde665f54e) Importer(2089858483,0ecaa5967403d082aa24f35e1b516d23) Generated GUIDs only implemented for interfaces!
 -> (artifact id: '39c9f469fcc7fb0f63cb2f8a6d62e912') in 0.072381 seconds
Number of updated asset objects reloaded before import = 0
Number of asset objects unloaded after import = 1
========================================================================
Received Import Request.
  Time since last request: 0.000015 seconds.
  path: Assets/Animations/unity-chan!/Unity-chan! Model/SplashScreen/Animations/Voice.anim
  artifactKey: Guid(62ab4018993ae47b9a2a4b0d86b52035) Importer(2089858483,0ecaa5967403d082aa24f35e1b516d23)
Start importing Assets/Animations/unity-chan!/Unity-chan! Model/SplashScreen/Animations/Voice.anim using Guid(62ab4018993ae47b9a2a4b0d86b52035) Importer(2089858483,0ecaa5967403d082aa24f35e1b516d23) Generated GUIDs only implemented for interfaces!
 -> (artifact id: '3e24750543518dd94234aa2504a0023d') in 0.022416 seconds
Number of updated asset objects reloaded before import = 0
Number of asset objects unloaded after import = 1
========================================================================
Received Import Request.
  Time since last request: 0.000017 seconds.
  path: Assets/Animations/unity-chan!/Unity-chan! Model/Art/Animations/Animators/UnityChanLocomotions.controller
  artifactKey: Guid(8d5a0e0d58f4e4176a844a1a03976c19) Importer(2089858483,0ecaa5967403d082aa24f35e1b516d23)
Start importing Assets/Animations/unity-chan!/Unity-chan! Model/Art/Animations/Animators/UnityChanLocomotions.controller using Guid(8d5a0e0d58f4e4176a844a1a03976c19) Importer(2089858483,0ecaa5967403d082aa24f35e1b516d23) Generated GUIDs only implemented for interfaces!
 -> (artifact id: '15100ed33a11bfaa1196cf85f5e24709') in 0.071241 seconds
Number of updated asset objects reloaded before import = 0
Number of asset objects unloaded after import = 66
========================================================================
Received Import Request.
  Time since last request: 0.000023 seconds.
  path: Assets/Animations/unity-chan!/Unity-chan! Model/SplashScreen/Logo/Light_Silhouette.png
  artifactKey: Guid(f0b1c60b0227e4e1fa89a56252ded127) Importer(2089858483,0ecaa5967403d082aa24f35e1b516d23)
Start importing Assets/Animations/unity-chan!/Unity-chan! Model/SplashScreen/Logo/Light_Silhouette.png using Guid(f0b1c60b0227e4e1fa89a56252ded127) Importer(2089858483,0ecaa5967403d082aa24f35e1b516d23) Generated GUIDs only implemented for interfaces!
 -> (artifact id: 'f49449d4d56fdbac8b48b7b722c2edeb') in 0.038073 seconds
Number of updated asset objects reloaded before import = 0
Number of asset objects unloaded after import = 3
========================================================================
Received Import Request.
  Time since last request: 0.000033 seconds.
  path: Assets/Animations/unity-chan!/Unity-chan! Model/Art/Animations/FaceAnimation/angry1@unitychan.anim
  artifactKey: Guid(689da6f371ad8441395f39acaf2c7ae3) Importer(2089858483,0ecaa5967403d082aa24f35e1b516d23)
Start importing Assets/Animations/unity-chan!/Unity-chan! Model/Art/Animations/FaceAnimation/angry1@unitychan.anim using Guid(689da6f371ad8441395f39acaf2c7ae3) Importer(2089858483,0ecaa5967403d082aa24f35e1b516d23) Generated GUIDs only implemented for interfaces!
 -> (artifact id: 'a30be396c14248f744b8efee56f32996') in 0.019471 seconds
Number of updated asset objects reloaded before import = 0
Number of asset objects unloaded after import = 1
========================================================================
Received Import Request.
  Time since last request: 0.000016 seconds.
  path: Assets/Animations/unity-chan!/Unity-chan! Model/Art/Animations/Animators/UnityChanARPose.controller
  artifactKey: Guid(3173dc991e314594abd6180b45c49c92) Importer(2089858483,0ecaa5967403d082aa24f35e1b516d23)
Start importing Assets/Animations/unity-chan!/Unity-chan! Model/Art/Animations/Animators/UnityChanARPose.controller using Guid(3173dc991e314594abd6180b45c49c92) Importer(2089858483,0ecaa5967403d082aa24f35e1b516d23) Generated GUIDs only implemented for interfaces!
 -> (artifact id: 'da91548eecc87ed7f4b444ffdf43517a') in 0.056144 seconds
Number of updated asset objects reloaded before import = 0
Number of asset objects unloaded after import = 162
========================================================================
Received Import Request.
  Time since last request: 0.000023 seconds.
  path: Assets/Animations/unity-chan!/Unity-chan! Model/SplashScreen/Animations/FadeIn.anim
  artifactKey: Guid(4bd5bac4ccdae4f9c85135b8fd7da355) Importer(2089858483,0ecaa5967403d082aa24f35e1b516d23)
Start importing Assets/Animations/unity-chan!/Unity-chan! Model/SplashScreen/Animations/FadeIn.anim using Guid(4bd5bac4ccdae4f9c85135b8fd7da355) Importer(2089858483,0ecaa5967403d082aa24f35e1b516d23) Generated GUIDs only implemented for interfaces!
 -> (artifact id: 'ea5da4bfa334c37406694f25d5194338') in 0.017431 seconds
Number of updated asset objects reloaded before import = 0
Number of asset objects unloaded after import = 1
========================================================================
Received Import Request.
  Time since last request: 0.000015 seconds.
  path: Assets/Animations/unity-chan!/Unity-chan! Model/SplashScreen/Scripts/SplashScreen.cs
  artifactKey: Guid(0e2c8af82d98445fd8434457bdfc49db) Importer(2089858483,0ecaa5967403d082aa24f35e1b516d23)
Start importing Assets/Animations/unity-chan!/Unity-chan! Model/SplashScreen/Scripts/SplashScreen.cs using Guid(0e2c8af82d98445fd8434457bdfc49db) Importer(2089858483,0ecaa5967403d082aa24f35e1b516d23) Generated GUIDs only implemented for interfaces!
 -> (artifact id: '9b4af257422fad2cc8562b0e9c9d2a4a') in 0.014815 seconds
Number of updated asset objects reloaded before import = 0
Number of asset objects unloaded after import = 1
========================================================================
Received Import Request.
  Time since last request: 0.000025 seconds.
  path: Assets/Animations/unity-chan!/Unity-chan! Model/Art/Animations/FaceAnimation/ASHAMED.anim
  artifactKey: Guid(3555863ff4ef948e298b8d11ea795ec4) Importer(2089858483,0ecaa5967403d082aa24f35e1b516d23)
Start importing Assets/Animations/unity-chan!/Unity-chan! Model/Art/Animations/FaceAnimation/ASHAMED.anim using Guid(3555863ff4ef948e298b8d11ea795ec4) Importer(2089858483,0ecaa5967403d082aa24f35e1b516d23) Generated GUIDs only implemented for interfaces!
 -> (artifact id: '6ffea743db9fe434618e4c2cd6294650') in 0.020780 seconds
Number of updated asset objects reloaded before import = 0
Number of asset objects unloaded after import = 1
========================================================================
Received Import Request.
  Time since last request: 0.000031 seconds.
  path: Assets/Animations/unity-chan!/Unity-chan! Model/Prefabs/for Locomotion/unitychan_dynamic_locomotion.prefab
  artifactKey: Guid(69c3ed15e9d13481e8f7dc4db5532fb6) Importer(2089858483,0ecaa5967403d082aa24f35e1b516d23)
Start importing Assets/Animations/unity-chan!/Unity-chan! Model/Prefabs/for Locomotion/unitychan_dynamic_locomotion.prefab using Guid(69c3ed15e9d13481e8f7dc4db5532fb6) Importer(2089858483,0ecaa5967403d082aa24f35e1b516d23) Generated GUIDs only implemented for interfaces!
 -> (artifact id: '349296798720b424251eb00d60c29546') in 0.096517 seconds
Number of updated asset objects reloaded before import = 0
Number of asset objects unloaded after import = 526
========================================================================
Received Import Request.
  Time since last request: 0.000021 seconds.
  path: Assets/Animations/unity-chan!/Unity-chan! Model/Art/Animations/FaceAnimation/disstract2@unitychan.anim
  artifactKey: Guid(4f32f4345ffde43aca2270c41dcf6e81) Importer(2089858483,0ecaa5967403d082aa24f35e1b516d23)
Start importing Assets/Animations/unity-chan!/Unity-chan! Model/Art/Animations/FaceAnimation/disstract2@unitychan.anim using Guid(4f32f4345ffde43aca2270c41dcf6e81) Importer(2089858483,0ecaa5967403d082aa24f35e1b516d23) Generated GUIDs only implemented for interfaces!
 -> (artifact id: '82d446eafd2ab40b1364ab3e897b4dd4') in 0.018971 seconds
Number of updated asset objects reloaded before import = 0
Number of asset objects unloaded after import = 1
========================================================================
Received Import Request.
  Time since last request: 0.000099 seconds.
  path: Assets/Animations/unity-chan!/Unity-chan! Model/Art/Animations/FaceAnimation/smile2@unitychan.anim
  artifactKey: Guid(901d9b98ec9a64ade8f264b6e32c1341) Importer(2089858483,0ecaa5967403d082aa24f35e1b516d23)
Start importing Assets/Animations/unity-chan!/Unity-chan! Model/Art/Animations/FaceAnimation/smile2@unitychan.anim using Guid(901d9b98ec9a64ade8f264b6e32c1341) Importer(2089858483,0ecaa5967403d082aa24f35e1b516d23) Generated GUIDs only implemented for interfaces!
 -> (artifact id: 'bf22f2dbe2ccc9936779ffa20e6df144') in 0.031253 seconds
Number of updated asset objects reloaded before import = 0
Number of asset objects unloaded after import = 1
========================================================================
Received Import Request.
  Time since last request: 0.000022 seconds.
  path: Assets/Animations/unity-chan!/Unity-chan! Model/Art/Animations/FaceAnimation/MTH_E.anim
  artifactKey: Guid(63e3bd86527074923b9dc38ddb715245) Importer(2089858483,0ecaa5967403d082aa24f35e1b516d23)
Start importing Assets/Animations/unity-chan!/Unity-chan! Model/Art/Animations/FaceAnimation/MTH_E.anim using Guid(63e3bd86527074923b9dc38ddb715245) Importer(2089858483,0ecaa5967403d082aa24f35e1b516d23) Generated GUIDs only implemented for interfaces!
 -> (artifact id: '03d3eb2fea1791f68ce10cbe14008e98') in 0.016280 seconds
Number of updated asset objects reloaded before import = 0
Number of asset objects unloaded after import = 1
========================================================================
Received Import Request.
  Time since last request: 0.000026 seconds.
  path: Assets/Animations/unity-chan!/Unity-chan! Model/Art/Animations/FaceAnimation/face only mask.mask
  artifactKey: Guid(c6893d99d338240cd834967aa6448379) Importer(2089858483,0ecaa5967403d082aa24f35e1b516d23)
Start importing Assets/Animations/unity-chan!/Unity-chan! Model/Art/Animations/FaceAnimation/face only mask.mask using Guid(c6893d99d338240cd834967aa6448379) Importer(2089858483,0ecaa5967403d082aa24f35e1b516d23) Generated GUIDs only implemented for interfaces!
 -> (artifact id: 'e1d2a98e731c373374891a9e076921dc') in 0.013037 seconds
Number of updated asset objects reloaded before import = 0
Number of asset objects unloaded after import = 1
========================================================================
Received Import Request.
  Time since last request: 0.000022 seconds.
  path: Assets/Animations/unity-chan!/Unity-chan! Model/Art/Animations/FaceAnimation/sap@unitychan.anim
  artifactKey: Guid(ff0ec808b24b748e482e13ebfc9305ad) Importer(2089858483,0ecaa5967403d082aa24f35e1b516d23)
Start importing Assets/Animations/unity-chan!/Unity-chan! Model/Art/Animations/FaceAnimation/sap@unitychan.anim using Guid(ff0ec808b24b748e482e13ebfc9305ad) Importer(2089858483,0ecaa5967403d082aa24f35e1b516d23) Generated GUIDs only implemented for interfaces!
 -> (artifact id: '69b3c3758248c9db70a266d7d531cccb') in 0.015972 seconds
Number of updated asset objects reloaded before import = 0
Number of asset objects unloaded after import = 1
========================================================================
Received Import Request.
  Time since last request: 0.000016 seconds.
  path: Assets/Animations/unity-chan!/Unity-chan! Model/Art/Stage/Materials/unitychan_tile3.mat
  artifactKey: Guid(00343d49c7d05416cb4a5bddf12aa90d) Importer(2089858483,0ecaa5967403d082aa24f35e1b516d23)
Start importing Assets/Animations/unity-chan!/Unity-chan! Model/Art/Stage/Materials/unitychan_tile3.mat using Guid(00343d49c7d05416cb4a5bddf12aa90d) Importer(2089858483,0ecaa5967403d082aa24f35e1b516d23) Generated GUIDs only implemented for interfaces!
 -> (artifact id: '81bcd52f6368f6ce4cd2517a2f05e8e7') in 0.042558 seconds
Number of updated asset objects reloaded before import = 0
Number of asset objects unloaded after import = 2
========================================================================
Received Import Request.
  Time since last request: 0.000020 seconds.
  path: Assets/Animations/unity-chan!/Unity-chan! Model/Art/Animations/FaceAnimation/MTH_O.anim
  artifactKey: Guid(8564dc45968774e70ad835503fda627e) Importer(2089858483,0ecaa5967403d082aa24f35e1b516d23)
Start importing Assets/Animations/unity-chan!/Unity-chan! Model/Art/Animations/FaceAnimation/MTH_O.anim using Guid(8564dc45968774e70ad835503fda627e) Importer(2089858483,0ecaa5967403d082aa24f35e1b516d23) Generated GUIDs only implemented for interfaces!
 -> (artifact id: 'c279b02f4032f45b21f37e1130566577') in 0.018612 seconds
Number of updated asset objects reloaded before import = 0
Number of asset objects unloaded after import = 1
========================================================================
Received Import Request.
  Time since last request: 0.000019 seconds.
  path: Assets/Animations/unity-chan!/Unity-chan! Model/Art/Animations/FaceAnimation/SURPRISE.anim
  artifactKey: Guid(a20620e3db1a64f2f9a3e3339b884479) Importer(2089858483,0ecaa5967403d082aa24f35e1b516d23)
Start importing Assets/Animations/unity-chan!/Unity-chan! Model/Art/Animations/FaceAnimation/SURPRISE.anim using Guid(a20620e3db1a64f2f9a3e3339b884479) Importer(2089858483,0ecaa5967403d082aa24f35e1b516d23) Generated GUIDs only implemented for interfaces!
 -> (artifact id: '91538398d8b5f60a5ed3e997c2030e16') in 0.018183 seconds
Number of updated asset objects reloaded before import = 0
Number of asset objects unloaded after import = 1
========================================================================
Received Import Request.
  Time since last request: 0.000024 seconds.
  path: Assets/StarterAssets/Environment/Art/Models/Structure_Mesh.fbx
  artifactKey: Guid(d0a9bfb4b5f28174884e89dd76563ae8) Importer(2089858483,0ecaa5967403d082aa24f35e1b516d23)
Start importing Assets/StarterAssets/Environment/Art/Models/Structure_Mesh.fbx using Guid(d0a9bfb4b5f28174884e89dd76563ae8) Importer(2089858483,0ecaa5967403d082aa24f35e1b516d23) Generated GUIDs only implemented for interfaces!
 -> (artifact id: '89990a0475c251076281bd3522ae2395') in 0.027315 seconds
Number of updated asset objects reloaded before import = 0
Number of asset objects unloaded after import = 8
========================================================================
Received Import Request.
  Time since last request: 0.000032 seconds.
  path: Assets/Animations/unity-chan!/Unity-chan! Model/Art/Stage/Textures/unitychan_tile4.png
  artifactKey: Guid(42b4ccc65ecc7874e84c7e9a7a3d2a16) Importer(2089858483,0ecaa5967403d082aa24f35e1b516d23)
Start importing Assets/Animations/unity-chan!/Unity-chan! Model/Art/Stage/Textures/unitychan_tile4.png using Guid(42b4ccc65ecc7874e84c7e9a7a3d2a16) Importer(2089858483,0ecaa5967403d082aa24f35e1b516d23) Generated GUIDs only implemented for interfaces!
 -> (artifact id: '7f08cb5852d5cf9dad0b8b643a6e0ad0') in 0.051621 seconds
Number of updated asset objects reloaded before import = 0
Number of asset objects unloaded after import = 1
========================================================================
Received Import Request.
  Time since last request: 0.000019 seconds.
  path: Assets/Animations/unity-chan!/Unity-chan! Model/Art/Stage/Materials/unitychan_tile5.mat
  artifactKey: Guid(0fabbaa20a36d468a84e4925db02ecc5) Importer(2089858483,0ecaa5967403d082aa24f35e1b516d23)
Start importing Assets/Animations/unity-chan!/Unity-chan! Model/Art/Stage/Materials/unitychan_tile5.mat using Guid(0fabbaa20a36d468a84e4925db02ecc5) Importer(2089858483,0ecaa5967403d082aa24f35e1b516d23) Generated GUIDs only implemented for interfaces!
 -> (artifact id: '1b3a9133cc18e8b3b652182bacaa59e8') in 0.040246 seconds
Number of updated asset objects reloaded before import = 0
Number of asset objects unloaded after import = 2
========================================================================
Received Import Request.
  Time since last request: 0.000018 seconds.
  path: Assets/Animations/unity-chan!/Unity-chan! Model/Art/UnityChanShader/Materials/skin1.mat
  artifactKey: Guid(4b91d906c72fd4447bfabbdd767e31ad) Importer(2089858483,0ecaa5967403d082aa24f35e1b516d23)
Start importing Assets/Animations/unity-chan!/Unity-chan! Model/Art/UnityChanShader/Materials/skin1.mat using Guid(4b91d906c72fd4447bfabbdd767e31ad) Importer(2089858483,0ecaa5967403d082aa24f35e1b516d23) Generated GUIDs only implemented for interfaces!
 -> (artifact id: '31100baf6db588b5e8e4018bcbe2f7f3') in 0.027559 seconds
Number of updated asset objects reloaded before import = 0
Number of asset objects unloaded after import = 4
========================================================================
Received Import Request.
  Time since last request: 0.000015 seconds.
  path: Assets/Animations/unity-chan!/Unity-chan! Model/Art/Stage/Materials/unitychan_tile6.mat
  artifactKey: Guid(330274cf2c5de4464a4b4b243b59e371) Importer(2089858483,0ecaa5967403d082aa24f35e1b516d23)
Start importing Assets/Animations/unity-chan!/Unity-chan! Model/Art/Stage/Materials/unitychan_tile6.mat using Guid(330274cf2c5de4464a4b4b243b59e371) Importer(2089858483,0ecaa5967403d082aa24f35e1b516d23) Generated GUIDs only implemented for interfaces!
 -> (artifact id: 'ed2733cd3aa53da89d0d2c3c797e2c65') in 0.046756 seconds
Number of updated asset objects reloaded before import = 0
Number of asset objects unloaded after import = 2
========================================================================
Received Import Request.
  Time since last request: 0.000017 seconds.
  path: Assets/Animations/unity-chan!/Unity-chan! Model/Art/UnityChanShader/Shader/CharaMain.cg
  artifactKey: Guid(c3d0f1648f39e1a408ca5a56b25e96bf) Importer(2089858483,0ecaa5967403d082aa24f35e1b516d23)
Start importing Assets/Animations/unity-chan!/Unity-chan! Model/Art/UnityChanShader/Shader/CharaMain.cg using Guid(c3d0f1648f39e1a408ca5a56b25e96bf) Importer(2089858483,0ecaa5967403d082aa24f35e1b516d23) Generated GUIDs only implemented for interfaces!
 -> (artifact id: '95211c99f616784e8231551480e63fed') in 0.022171 seconds
Number of updated asset objects reloaded before import = 0
Number of asset objects unloaded after import = 1
========================================================================
Received Import Request.
  Time since last request: 0.000025 seconds.
  path: Assets/Animations/unity-chan!/Unity-chan! Model/Art/Stage/Textures/unitychan_tile3.png
  artifactKey: Guid(0c13bdfc1ad5def4aa6650ca8a1568e5) Importer(2089858483,0ecaa5967403d082aa24f35e1b516d23)
Start importing Assets/Animations/unity-chan!/Unity-chan! Model/Art/Stage/Textures/unitychan_tile3.png using Guid(0c13bdfc1ad5def4aa6650ca8a1568e5) Importer(2089858483,0ecaa5967403d082aa24f35e1b516d23) Generated GUIDs only implemented for interfaces!
 -> (artifact id: 'bd59fa2113ec16e3c6dd63e2ce838405') in 0.045730 seconds
Number of updated asset objects reloaded before import = 0
Number of asset objects unloaded after import = 1
========================================================================
Received Import Request.
  Time since last request: 0.000015 seconds.
  path: Assets/Animations/unity-chan!/Unity-chan! Model/Art/UnityChanShader/Materials/body.mat
  artifactKey: Guid(3b399c72488294c53b66f39632a8fe8b) Importer(2089858483,0ecaa5967403d082aa24f35e1b516d23)
Start importing Assets/Animations/unity-chan!/Unity-chan! Model/Art/UnityChanShader/Materials/body.mat using Guid(3b399c72488294c53b66f39632a8fe8b) Importer(2089858483,0ecaa5967403d082aa24f35e1b516d23) Generated GUIDs only implemented for interfaces!
 -> (artifact id: '0f1ed158ab262c4d3e59e8ad02eac309') in 0.057680 seconds
Number of updated asset objects reloaded before import = 0
Number of asset objects unloaded after import = 7
========================================================================
Received Import Request.
  Time since last request: 0.000020 seconds.
  path: Assets/Terrains/TerrainSampleAssets/ShaderGraphs/Subgraphs/AnimatedGrassPhase.shadersubgraph
  artifactKey: Guid(baa12ab73b962474eb9afea9483e1f0f) Importer(2089858483,0ecaa5967403d082aa24f35e1b516d23)
Start importing Assets/Terrains/TerrainSampleAssets/ShaderGraphs/Subgraphs/AnimatedGrassPhase.shadersubgraph using Guid(baa12ab73b962474eb9afea9483e1f0f) Importer(2089858483,0ecaa5967403d082aa24f35e1b516d23) Generated GUIDs only implemented for interfaces!
 -> (artifact id: 'f370903d6ccc9b063b73ea5a8cd6d998') in 0.036877 seconds
Number of updated asset objects reloaded before import = 0
Number of asset objects unloaded after import = 1
========================================================================
Received Import Request.
  Time since last request: 0.000017 seconds.
  path: Assets/Animations/unity-chan!/Unity-chan! Model/Art/UnityChanShader/Shader/Unitychan_chara_eye.shader
  artifactKey: Guid(abaf2020b803b6847b5c081ed22c05c5) Importer(2089858483,0ecaa5967403d082aa24f35e1b516d23)
Start importing Assets/Animations/unity-chan!/Unity-chan! Model/Art/UnityChanShader/Shader/Unitychan_chara_eye.shader using Guid(abaf2020b803b6847b5c081ed22c05c5) Importer(2089858483,0ecaa5967403d082aa24f35e1b516d23) Generated GUIDs only implemented for interfaces!
 -> (artifact id: 'cfca8c2584aff82c633a457960f20be0') in 0.026337 seconds
Number of updated asset objects reloaded before import = 0
Number of asset objects unloaded after import = 1
========================================================================
Received Import Request.
  Time since last request: 0.000026 seconds.
  path: Assets/Animations/unity-chan!/Unity-chan! Model/Art/UnityChanShader/Shader/CharaSkin.cg
  artifactKey: Guid(fe01eae1ec1d1c24b99530833c8c8241) Importer(2089858483,0ecaa5967403d082aa24f35e1b516d23)
Start importing Assets/Animations/unity-chan!/Unity-chan! Model/Art/UnityChanShader/Shader/CharaSkin.cg using Guid(fe01eae1ec1d1c24b99530833c8c8241) Importer(2089858483,0ecaa5967403d082aa24f35e1b516d23) Generated GUIDs only implemented for interfaces!
 -> (artifact id: 'f12b524c4e4bcb618786bce4e8ea46ac') in 0.021643 seconds
Number of updated asset objects reloaded before import = 0
Number of asset objects unloaded after import = 1
========================================================================
Received Import Request.
  Time since last request: 0.000017 seconds.
  path: Assets/Animations/unity-chan!/Unity-chan! Model/Art/UnityChanShader/Texture/body_01.tga
  artifactKey: Guid(f9c6074c5a78e71448f9efd3013cadda) Importer(2089858483,0ecaa5967403d082aa24f35e1b516d23)
Start importing Assets/Animations/unity-chan!/Unity-chan! Model/Art/UnityChanShader/Texture/body_01.tga using Guid(f9c6074c5a78e71448f9efd3013cadda) Importer(2089858483,0ecaa5967403d082aa24f35e1b516d23) Generated GUIDs only implemented for interfaces!
 -> (artifact id: 'c32ed33fe13b8f27af893b8c1200ccf5') in 0.028984 seconds
Number of updated asset objects reloaded before import = 0
Number of asset objects unloaded after import = 1
========================================================================
Received Import Request.
  Time since last request: 0.000018 seconds.
  path: Assets/Animations/unity-chan!/Unity-chan! Model/Art/UnityChanShader/Shader/Unitychan_chara_eyelash_blend.shader
  artifactKey: Guid(9627902a73805264c818754ecb22c8f9) Importer(2089858483,0ecaa5967403d082aa24f35e1b516d23)
Start importing Assets/Animations/unity-chan!/Unity-chan! Model/Art/UnityChanShader/Shader/Unitychan_chara_eyelash_blend.shader using Guid(9627902a73805264c818754ecb22c8f9) Importer(2089858483,0ecaa5967403d082aa24f35e1b516d23) Generated GUIDs only implemented for interfaces!
 -> (artifact id: '778475b0737489a4ba489db649e2746f') in 0.026747 seconds
Number of updated asset objects reloaded before import = 0
Number of asset objects unloaded after import = 1
========================================================================
Received Import Request.
  Time since last request: 0.000021 seconds.
  path: Assets/Animations/unity-chan!/Unity-chan! Model/Art/UnityChanShader/Shader/Unitychan_chara_eye_blend.shader
  artifactKey: Guid(bf944057124b80b4e84496139e3b072c) Importer(2089858483,0ecaa5967403d082aa24f35e1b516d23)
Start importing Assets/Animations/unity-chan!/Unity-chan! Model/Art/UnityChanShader/Shader/Unitychan_chara_eye_blend.shader using Guid(bf944057124b80b4e84496139e3b072c) Importer(2089858483,0ecaa5967403d082aa24f35e1b516d23) Generated GUIDs only implemented for interfaces!
 -> (artifact id: '9ec2b7cd97279b30aebc124eca80b5aa') in 0.027905 seconds
Number of updated asset objects reloaded before import = 0
Number of asset objects unloaded after import = 1
========================================================================
Received Import Request.
  Time since last request: 0.000028 seconds.
  path: Assets/Animations/unity-chan!/Unity-chan! Model/Art/Stage/Shader/AlphaMask.shader
  artifactKey: Guid(9da2031a78926d0489f6bdcbf31ffa53) Importer(2089858483,0ecaa5967403d082aa24f35e1b516d23)
Start importing Assets/Animations/unity-chan!/Unity-chan! Model/Art/Stage/Shader/AlphaMask.shader using Guid(9da2031a78926d0489f6bdcbf31ffa53) Importer(2089858483,0ecaa5967403d082aa24f35e1b516d23) Generated GUIDs only implemented for interfaces!
 -> (artifact id: 'e4d085cf1c8faac50b1c5d1dfe870e15') in 0.029636 seconds
Number of updated asset objects reloaded before import = 0
Number of asset objects unloaded after import = 1
========================================================================
Received Import Request.
  Time since last request: 0.000031 seconds.
  path: Assets/Animations/unity-chan!/Unity-chan! Model/Art/UnityChanShader/Materials/eyebase.mat
  artifactKey: Guid(c7d8484a18b294b4ea192d6a82f2e0d5) Importer(2089858483,0ecaa5967403d082aa24f35e1b516d23)
Start importing Assets/Animations/unity-chan!/Unity-chan! Model/Art/UnityChanShader/Materials/eyebase.mat using Guid(c7d8484a18b294b4ea192d6a82f2e0d5) Importer(2089858483,0ecaa5967403d082aa24f35e1b516d23) Generated GUIDs only implemented for interfaces!
 -> (artifact id: 'abadb90769d781975ceee672ab305022') in 0.026268 seconds
Number of updated asset objects reloaded before import = 0
Number of asset objects unloaded after import = 4
========================================================================
Received Import Request.
  Time since last request: 0.000016 seconds.
  path: Assets/Animations/unity-chan!/Unity-chan! Model/Art/UnityChanShader/Shader/Unitychan_chara_hada.shader
  artifactKey: Guid(b35a2abbdd5b15d4ca40103088758eac) Importer(2089858483,0ecaa5967403d082aa24f35e1b516d23)
Start importing Assets/Animations/unity-chan!/Unity-chan! Model/Art/UnityChanShader/Shader/Unitychan_chara_hada.shader using Guid(b35a2abbdd5b15d4ca40103088758eac) Importer(2089858483,0ecaa5967403d082aa24f35e1b516d23) Generated GUIDs only implemented for interfaces!
 -> (artifact id: '66bcd52e8e052f10f71abd3bfad087ba') in 0.024731 seconds
Number of updated asset objects reloaded before import = 0
Number of asset objects unloaded after import = 1
========================================================================
Received Import Request.
  Time since last request: 0.000020 seconds.
  path: Assets/Animations/unity-chan!/Unity-chan! Model/Audio/Voice/univ1014.wav
  artifactKey: Guid(1699abed5a7da43cabe83d31df9b7fae) Importer(2089858483,0ecaa5967403d082aa24f35e1b516d23)
Start importing Assets/Animations/unity-chan!/Unity-chan! Model/Audio/Voice/univ1014.wav using Guid(1699abed5a7da43cabe83d31df9b7fae) Importer(2089858483,0ecaa5967403d082aa24f35e1b516d23) Generated GUIDs only implemented for interfaces!
 -> (artifact id: 'a5ee4007369f764206ee33b9e54a0f5b') in 0.055472 seconds
Number of updated asset objects reloaded before import = 0
Number of asset objects unloaded after import = 1
========================================================================
Received Import Request.
  Time since last request: 0.000015 seconds.
  path: Assets/Animations/unity-chan!/Unity-chan! Model/Art/UnityChanShader/Texture/body_01_SPEC.tga
  artifactKey: Guid(7ae1142e9b3a72048960dd9561e0e0d9) Importer(2089858483,0ecaa5967403d082aa24f35e1b516d23)
Start importing Assets/Animations/unity-chan!/Unity-chan! Model/Art/UnityChanShader/Texture/body_01_SPEC.tga using Guid(7ae1142e9b3a72048960dd9561e0e0d9) Importer(2089858483,0ecaa5967403d082aa24f35e1b516d23) Generated GUIDs only implemented for interfaces!
 -> (artifact id: 'ce04a5fe0fbeea270717a5221970fd08') in 0.037728 seconds
Number of updated asset objects reloaded before import = 0
Number of asset objects unloaded after import = 1
========================================================================
Received Import Request.
  Time since last request: 0.000019 seconds.
  path: Assets/Animations/unity-chan!/Unity-chan! Model/Art/UnityChanShader/Texture/hair_01.tga
  artifactKey: Guid(cbb65ec17f92eb44fb0dde6381b6a415) Importer(2089858483,0ecaa5967403d082aa24f35e1b516d23)
Start importing Assets/Animations/unity-chan!/Unity-chan! Model/Art/UnityChanShader/Texture/hair_01.tga using Guid(cbb65ec17f92eb44fb0dde6381b6a415) Importer(2089858483,0ecaa5967403d082aa24f35e1b516d23) Generated GUIDs only implemented for interfaces!
 -> (artifact id: '3c7de6110b6171edc0c8dc1bad04bb72') in 0.029645 seconds
Number of updated asset objects reloaded before import = 0
Number of asset objects unloaded after import = 1
========================================================================
Received Import Request.
  Time since last request: 0.000026 seconds.
  path: Assets/Animations/unity-chan!/Unity-chan! Model/Art/UnityChanShader/Texture/guide.tga
  artifactKey: Guid(d04d722a0c808412ea85876950eec517) Importer(2089858483,0ecaa5967403d082aa24f35e1b516d23)
Start importing Assets/Animations/unity-chan!/Unity-chan! Model/Art/UnityChanShader/Texture/guide.tga using Guid(d04d722a0c808412ea85876950eec517) Importer(2089858483,0ecaa5967403d082aa24f35e1b516d23) Generated GUIDs only implemented for interfaces!
 -> (artifact id: 'c7825fdd05abbc02a7c0c5f9508c053f') in 0.047930 seconds
Number of updated asset objects reloaded before import = 0
Number of asset objects unloaded after import = 1
========================================================================
Received Import Request.
  Time since last request: 0.000015 seconds.
  path: Assets/Animations/unity-chan!/Unity-chan! Model/Art/UnityChanShader/Texture/FO_SKIN1.tga
  artifactKey: Guid(a1d5b2277eb3f6245900378e6fa97575) Importer(2089858483,0ecaa5967403d082aa24f35e1b516d23)
Start importing Assets/Animations/unity-chan!/Unity-chan! Model/Art/UnityChanShader/Texture/FO_SKIN1.tga using Guid(a1d5b2277eb3f6245900378e6fa97575) Importer(2089858483,0ecaa5967403d082aa24f35e1b516d23) Generated GUIDs only implemented for interfaces!
 -> (artifact id: '63692567c2abe6409d01b68f775f1a69') in 0.031121 seconds
Number of updated asset objects reloaded before import = 0
Number of asset objects unloaded after import = 1
========================================================================
Received Import Request.
  Time since last request: 0.000016 seconds.
  path: Assets/Animations/unity-chan!/Unity-chan! Model/Art/UnityChanShader/Texture/skin_01.tga
  artifactKey: Guid(cc51a9a8397e3c5498dda60419ad3ec9) Importer(2089858483,0ecaa5967403d082aa24f35e1b516d23)
Start importing Assets/Animations/unity-chan!/Unity-chan! Model/Art/UnityChanShader/Texture/skin_01.tga using Guid(cc51a9a8397e3c5498dda60419ad3ec9) Importer(2089858483,0ecaa5967403d082aa24f35e1b516d23) Generated GUIDs only implemented for interfaces!
 -> (artifact id: 'b447772dfcc3b8f1373a6ed47e3c8602') in 0.024560 seconds
Number of updated asset objects reloaded before import = 0
Number of asset objects unloaded after import = 1
========================================================================
Received Import Request.
  Time since last request: 0.000022 seconds.
  path: Assets/Animations/unity-chan!/Unity-chan! Model/Art/UnityChanShader/Texture/eye_iris_L_00.tga
  artifactKey: Guid(66f06726158899242adaf95180360b7b) Importer(2089858483,0ecaa5967403d082aa24f35e1b516d23)
Start importing Assets/Animations/unity-chan!/Unity-chan! Model/Art/UnityChanShader/Texture/eye_iris_L_00.tga using Guid(66f06726158899242adaf95180360b7b) Importer(2089858483,0ecaa5967403d082aa24f35e1b516d23) Generated GUIDs only implemented for interfaces!
 -> (artifact id: 'afbff4a1d36f43ea3bde044f2c35a0ed') in 0.043000 seconds
Number of updated asset objects reloaded before import = 0
Number of asset objects unloaded after import = 1
========================================================================
Received Import Request.
  Time since last request: 0.000018 seconds.
  path: Assets/Animations/unity-chan!/Unity-chan! Model/Art/UnityChanShader/Texture/eye_iris_R_00.tga
  artifactKey: Guid(7521661d2d6cebb479dea03e7336e5de) Importer(2089858483,0ecaa5967403d082aa24f35e1b516d23)
Start importing Assets/Animations/unity-chan!/Unity-chan! Model/Art/UnityChanShader/Texture/eye_iris_R_00.tga using Guid(7521661d2d6cebb479dea03e7336e5de) Importer(2089858483,0ecaa5967403d082aa24f35e1b516d23) Generated GUIDs only implemented for interfaces!
 -> (artifact id: '7d9057bfd5e69cf2f6f5957a64cc7062') in 0.032655 seconds
Number of updated asset objects reloaded before import = 0
Number of asset objects unloaded after import = 1
========================================================================
Received Import Request.
  Time since last request: 0.000028 seconds.
  path: Assets/Animations/unity-chan!/Unity-chan! Model/Art/UnityChanShader/Texture/cheek_00.tga
  artifactKey: Guid(89ede59217e3847c39c444f223f4084e) Importer(2089858483,0ecaa5967403d082aa24f35e1b516d23)
Start importing Assets/Animations/unity-chan!/Unity-chan! Model/Art/UnityChanShader/Texture/cheek_00.tga using Guid(89ede59217e3847c39c444f223f4084e) Importer(2089858483,0ecaa5967403d082aa24f35e1b516d23) Generated GUIDs only implemented for interfaces!
 -> (artifact id: '15a60f84937d0db5359e1aee5ec7874f') in 0.024057 seconds
Number of updated asset objects reloaded before import = 0
Number of asset objects unloaded after import = 1
========================================================================
Received Import Request.
  Time since last request: 0.000020 seconds.
  path: Assets/Animations/unity-chan!/Unity-chan! Model/Documentation/UnityChanLicense2.0/License Logo/Others/svg/Light_Silhouette.svg
  artifactKey: Guid(872f46857b0149146b3f13872d3d0d09) Importer(2089858483,0ecaa5967403d082aa24f35e1b516d23)
Start importing Assets/Animations/unity-chan!/Unity-chan! Model/Documentation/UnityChanLicense2.0/License Logo/Others/svg/Light_Silhouette.svg using Guid(872f46857b0149146b3f13872d3d0d09) Importer(2089858483,0ecaa5967403d082aa24f35e1b516d23) Generated GUIDs only implemented for interfaces!
 -> (artifact id: '5d759d270c393373828f323d11184d11') in 0.015847 seconds
Number of updated asset objects reloaded before import = 0
Number of asset objects unloaded after import = 1
========================================================================
Received Import Request.
  Time since last request: 0.000016 seconds.
  path: Assets/Animations/unity-chan!/Unity-chan! Model/Documentation/UnityChanLicense2.0/License Logo/Others/png/Light_Frame.png
  artifactKey: Guid(923fd2f82eaa9284ab1318842bb697df) Importer(2089858483,0ecaa5967403d082aa24f35e1b516d23)
Start importing Assets/Animations/unity-chan!/Unity-chan! Model/Documentation/UnityChanLicense2.0/License Logo/Others/png/Light_Frame.png using Guid(923fd2f82eaa9284ab1318842bb697df) Importer(2089858483,0ecaa5967403d082aa24f35e1b516d23) Generated GUIDs only implemented for interfaces!
 -> (artifact id: '39b645c691001a10d28c1e975d588703') in 0.034402 seconds
Number of updated asset objects reloaded before import = 0
Number of asset objects unloaded after import = 1
========================================================================
Received Import Request.
  Time since last request: 0.000020 seconds.
  path: Assets/Animations/unity-chan!/Unity-chan! Model/Documentation/UnityChanLicense2.0/License Logo/LUUL_logo-guideline.pdf
  artifactKey: Guid(416aaae6f4bf46545a318385c4a98295) Importer(2089858483,0ecaa5967403d082aa24f35e1b516d23)
Start importing Assets/Animations/unity-chan!/Unity-chan! Model/Documentation/UnityChanLicense2.0/License Logo/LUUL_logo-guideline.pdf using Guid(416aaae6f4bf46545a318385c4a98295) Importer(2089858483,0ecaa5967403d082aa24f35e1b516d23) Generated GUIDs only implemented for interfaces!
 -> (artifact id: 'a03802605e477c0540adbaa0ba5d2cdf') in 0.014749 seconds
Number of updated asset objects reloaded before import = 0
Number of asset objects unloaded after import = 1
========================================================================
Received Import Request.
  Time since last request: 0.000016 seconds.
  path: Assets/Animations/unity-chan!/Unity-chan! Model/Documentation/UnityChanLicense2.0/Japanese/02Unity-Chan License Terms and Condition_Summary_JP_UCL2.0.pdf
  artifactKey: Guid(9f96030491104124fac9bfbe00bf8eea) Importer(2089858483,0ecaa5967403d082aa24f35e1b516d23)
Start importing Assets/Animations/unity-chan!/Unity-chan! Model/Documentation/UnityChanLicense2.0/Japanese/02Unity-Chan License Terms and Condition_Summary_JP_UCL2.0.pdf using Guid(9f96030491104124fac9bfbe00bf8eea) Importer(2089858483,0ecaa5967403d082aa24f35e1b516d23) Generated GUIDs only implemented for interfaces!
 -> (artifact id: 'db188932d8769156455e496afbb21713') in 0.013183 seconds
Number of updated asset objects reloaded before import = 0
Number of asset objects unloaded after import = 1
========================================================================
Received Import Request.
  Time since last request: 0.000019 seconds.
  path: Assets/Animations/unity-chan!/Unity-chan! Model/Documentation/UnityChanLicense2.0/Japanese/03Indication of License_JP_UCL2.0.pdf
  artifactKey: Guid(54011055ae63de14085a64899c67c78d) Importer(2089858483,0ecaa5967403d082aa24f35e1b516d23)
Start importing Assets/Animations/unity-chan!/Unity-chan! Model/Documentation/UnityChanLicense2.0/Japanese/03Indication of License_JP_UCL2.0.pdf using Guid(54011055ae63de14085a64899c67c78d) Importer(2089858483,0ecaa5967403d082aa24f35e1b516d23) Generated GUIDs only implemented for interfaces!
 -> (artifact id: 'a5d2f557af5f46743f8cd7613713a49b') in 0.014881 seconds
Number of updated asset objects reloaded before import = 0
Number of asset objects unloaded after import = 1
========================================================================
Received Import Request.
  Time since last request: 0.000027 seconds.
  path: Assets/Animations/unity-chan!/Unity-chan! Model/Documentation/UnityChanLicense2.0/License Logo/Others/svg/Light_Frame.svg
  artifactKey: Guid(9d4adf376bd6fd349b4096f508a124d4) Importer(2089858483,0ecaa5967403d082aa24f35e1b516d23)
Start importing Assets/Animations/unity-chan!/Unity-chan! Model/Documentation/UnityChanLicense2.0/License Logo/Others/svg/Light_Frame.svg using Guid(9d4adf376bd6fd349b4096f508a124d4) Importer(2089858483,0ecaa5967403d082aa24f35e1b516d23) Generated GUIDs only implemented for interfaces!
 -> (artifact id: 'acfaaae4925a39bd2083ffdc9b2d701f') in 0.011726 seconds
Number of updated asset objects reloaded before import = 0
Number of asset objects unloaded after import = 1
========================================================================
Received Import Request.
  Time since last request: 0.000016 seconds.
  path: Assets/Animations/unity-chan!/Unity-chan! Model/Documentation/UnityChanLicense2.0/License Logo/Others/jpg/Light_Silhouette.jpg
  artifactKey: Guid(c9231b186ae5e3f40b0e239756ad63e3) Importer(2089858483,0ecaa5967403d082aa24f35e1b516d23)
Start importing Assets/Animations/unity-chan!/Unity-chan! Model/Documentation/UnityChanLicense2.0/License Logo/Others/jpg/Light_Silhouette.jpg using Guid(c9231b186ae5e3f40b0e239756ad63e3) Importer(2089858483,0ecaa5967403d082aa24f35e1b516d23) Generated GUIDs only implemented for interfaces!
 -> (artifact id: 'aae754cdcda13619971ca1cb0d67ff3a') in 0.049468 seconds
Number of updated asset objects reloaded before import = 0
Number of asset objects unloaded after import = 1
========================================================================
Received Import Request.
  Time since last request: 0.000020 seconds.
  path: Assets/Animations/unity-chan!/Unity-chan! Model/Documentation/UnityChanLicense2.0/License Logo/Others/png/Dark_Silhouette.png
  artifactKey: Guid(e534fa5e8d6bad340bbc9196dabe6f51) Importer(2089858483,0ecaa5967403d082aa24f35e1b516d23)
Start importing Assets/Animations/unity-chan!/Unity-chan! Model/Documentation/UnityChanLicense2.0/License Logo/Others/png/Dark_Silhouette.png using Guid(e534fa5e8d6bad340bbc9196dabe6f51) Importer(2089858483,0ecaa5967403d082aa24f35e1b516d23) Generated GUIDs only implemented for interfaces!
 -> (artifact id: 'ee0175d68286f71e6b0928613f760119') in 0.032875 seconds
Number of updated asset objects reloaded before import = 0
Number of asset objects unloaded after import = 1
========================================================================
Received Import Request.
  Time since last request: 0.000022 seconds.
  path: Assets/Animations/unity-chan!/Unity-chan! Model/Audio/Voice/univ1027.wav
  artifactKey: Guid(581542c602e864d47b5f907484db9c1c) Importer(2089858483,0ecaa5967403d082aa24f35e1b516d23)
Start importing Assets/Animations/unity-chan!/Unity-chan! Model/Audio/Voice/univ1027.wav using Guid(581542c602e864d47b5f907484db9c1c) Importer(2089858483,0ecaa5967403d082aa24f35e1b516d23) Generated GUIDs only implemented for interfaces!
 -> (artifact id: '2675cf3adbdc74a27b98320a7798f1a2') in 0.053108 seconds
Number of updated asset objects reloaded before import = 0
Number of asset objects unloaded after import = 1
========================================================================
Received Import Request.
  Time since last request: 0.000018 seconds.
  path: Assets/Animations/unity-chan!/Unity-chan! Model/Documentation/UnityChanLicense2.0/License Logo/Others/svg/Dark_Silhouette.svg
  artifactKey: Guid(f78cc59fc5ad8e84fa9b19eba59358c0) Importer(2089858483,0ecaa5967403d082aa24f35e1b516d23)
Start importing Assets/Animations/unity-chan!/Unity-chan! Model/Documentation/UnityChanLicense2.0/License Logo/Others/svg/Dark_Silhouette.svg using Guid(f78cc59fc5ad8e84fa9b19eba59358c0) Importer(2089858483,0ecaa5967403d082aa24f35e1b516d23) Generated GUIDs only implemented for interfaces!
 -> (artifact id: 'fb537ea0fd9c598feae748d007067ad2') in 0.013528 seconds
Number of updated asset objects reloaded before import = 0
Number of asset objects unloaded after import = 1
========================================================================
Received Import Request.
  Time since last request: 0.000032 seconds.
  path: Assets/Terrains/TerrainSampleAssets/Textures/Details/GrassDry_BaseColor.tif
  artifactKey: Guid(3785d5abd275c7147a10aa4bf8720df4) Importer(2089858483,0ecaa5967403d082aa24f35e1b516d23)
Start importing Assets/Terrains/TerrainSampleAssets/Textures/Details/GrassDry_BaseColor.tif using Guid(3785d5abd275c7147a10aa4bf8720df4) Importer(2089858483,0ecaa5967403d082aa24f35e1b516d23) Generated GUIDs only implemented for interfaces!
 -> (artifact id: '86d19296c138ee189c2ef535ab0cb677') in 0.031753 seconds
Number of updated asset objects reloaded before import = 0
Number of asset objects unloaded after import = 1
========================================================================
Received Import Request.
  Time since last request: 0.000019 seconds.
  path: Assets/Terrains/TerrainSampleAssets/Textures/Terrain/Grass_Dry_BaseColor.tif
  artifactKey: Guid(047df2555b37cd749acd5c10597f9395) Importer(2089858483,0ecaa5967403d082aa24f35e1b516d23)
Start importing Assets/Terrains/TerrainSampleAssets/Textures/Terrain/Grass_Dry_BaseColor.tif using Guid(047df2555b37cd749acd5c10597f9395) Importer(2089858483,0ecaa5967403d082aa24f35e1b516d23) Generated GUIDs only implemented for interfaces!
 -> (artifact id: 'f4769addee841e37ef50473ebaa4cef1') in 0.092932 seconds
Number of updated asset objects reloaded before import = 0
Number of asset objects unloaded after import = 1
========================================================================
Received Import Request.
  Time since last request: 0.000019 seconds.
  path: Assets/Animations/unity-chan!/Unity-chan! Model/Audio/Voice/univ1148.wav
  artifactKey: Guid(9b3912e8859164465a359471dc7340d4) Importer(2089858483,0ecaa5967403d082aa24f35e1b516d23)
Start importing Assets/Animations/unity-chan!/Unity-chan! Model/Audio/Voice/univ1148.wav using Guid(9b3912e8859164465a359471dc7340d4) Importer(2089858483,0ecaa5967403d082aa24f35e1b516d23) Generated GUIDs only implemented for interfaces!
 -> (artifact id: '0b9cf92b7e63d384f53e02ad4d8c39db') in 0.066804 seconds
Number of updated asset objects reloaded before import = 0
Number of asset objects unloaded after import = 1
========================================================================
Received Import Request.
  Time since last request: 0.000018 seconds.
  path: Assets/Terrains/TerrainSampleAssets/Textures/Heightmaps/Plateau01_Heightmap.tif
  artifactKey: Guid(626e11c44313fda43a6979c9a04cd12e) Importer(2089858483,0ecaa5967403d082aa24f35e1b516d23)
Start importing Assets/Terrains/TerrainSampleAssets/Textures/Heightmaps/Plateau01_Heightmap.tif using Guid(626e11c44313fda43a6979c9a04cd12e) Importer(2089858483,0ecaa5967403d082aa24f35e1b516d23) Generated GUIDs only implemented for interfaces!
 -> (artifact id: 'cf3f7850ffe23beab66813d5eea24c3a') in 0.034372 seconds
Number of updated asset objects reloaded before import = 0
Number of asset objects unloaded after import = 1
========================================================================
Received Import Request.
  Time since last request: 0.000024 seconds.
  path: Assets/Animations/unity-chan!/Unity-chan! Model/Audio/Voice/univ1073.wav
  artifactKey: Guid(e76eefaf06db24f2c9587423ae86fc63) Importer(2089858483,0ecaa5967403d082aa24f35e1b516d23)
Start importing Assets/Animations/unity-chan!/Unity-chan! Model/Audio/Voice/univ1073.wav using Guid(e76eefaf06db24f2c9587423ae86fc63) Importer(2089858483,0ecaa5967403d082aa24f35e1b516d23) Generated GUIDs only implemented for interfaces!
 -> (artifact id: '49fde5e2600825f02353d25f0052d2d7') in 0.064446 seconds
Number of updated asset objects reloaded before import = 0
Number of asset objects unloaded after import = 1
========================================================================
Received Import Request.
  Time since last request: 0.000018 seconds.
  path: Assets/StarterAssets/Environment/Art/Models/Tunnel_Mesh.fbx
  artifactKey: Guid(f712806514868e54699156ec05dcb749) Importer(2089858483,0ecaa5967403d082aa24f35e1b516d23)
Start importing Assets/StarterAssets/Environment/Art/Models/Tunnel_Mesh.fbx using Guid(f712806514868e54699156ec05dcb749) Importer(2089858483,0ecaa5967403d082aa24f35e1b516d23) Generated GUIDs only implemented for interfaces!
 -> (artifact id: 'a9339edb8ada42888063772c5d49baa0') in 0.027822 seconds
Number of updated asset objects reloaded before import = 0
Number of asset objects unloaded after import = 8
========================================================================
Received Import Request.
  Time since last request: 0.000020 seconds.
  path: Assets/Terrains/TerrainSampleAssets/Textures/Heightmaps/Errosion01_Heightmap.tif
  artifactKey: Guid(228af47692a8c7c49b93049646ac6c46) Importer(2089858483,0ecaa5967403d082aa24f35e1b516d23)
Start importing Assets/Terrains/TerrainSampleAssets/Textures/Heightmaps/Errosion01_Heightmap.tif using Guid(228af47692a8c7c49b93049646ac6c46) Importer(2089858483,0ecaa5967403d082aa24f35e1b516d23) Generated GUIDs only implemented for interfaces!
 -> (artifact id: '9fdf224cdda1943628cc39b3e77709b4') in 0.030485 seconds
Number of updated asset objects reloaded before import = 0
Number of asset objects unloaded after import = 1
========================================================================
Received Import Request.
  Time since last request: 0.000026 seconds.
  path: Assets/Animations/unity-chan!/Unity-chan! Model/Audio/Voice/univ1025.wav
  artifactKey: Guid(84c678c4c8f2643c1afb6f6ab2ad3293) Importer(2089858483,0ecaa5967403d082aa24f35e1b516d23)
Start importing Assets/Animations/unity-chan!/Unity-chan! Model/Audio/Voice/univ1025.wav using Guid(84c678c4c8f2643c1afb6f6ab2ad3293) Importer(2089858483,0ecaa5967403d082aa24f35e1b516d23) Generated GUIDs only implemented for interfaces!
 -> (artifact id: '5ee88b0c4a15a0dbd73e43ab7f0f3b99') in 0.072729 seconds
Number of updated asset objects reloaded before import = 0
Number of asset objects unloaded after import = 1
========================================================================
Received Import Request.
  Time since last request: 0.000024 seconds.
  path: Assets/StarterAssets/ThirdPersonController/Character/Sfx/Player_Footstep_08.wav
  artifactKey: Guid(67c8b33e424ccdc4486edf538ab91c5a) Importer(2089858483,0ecaa5967403d082aa24f35e1b516d23)
Start importing Assets/StarterAssets/ThirdPersonController/Character/Sfx/Player_Footstep_08.wav using Guid(67c8b33e424ccdc4486edf538ab91c5a) Importer(2089858483,0ecaa5967403d082aa24f35e1b516d23) Generated GUIDs only implemented for interfaces!
 -> (artifact id: '4bf3b7038abc7fb0ecb73f91265b227d') in 0.049189 seconds
Number of updated asset objects reloaded before import = 0
Number of asset objects unloaded after import = 1
========================================================================
Received Import Request.
  Time since last request: 0.000018 seconds.
  path: Assets/TextMesh Pro/Resources/Sprite Assets/EmojiOne.asset
  artifactKey: Guid(c41005c129ba4d66911b75229fd70b45) Importer(2089858483,0ecaa5967403d082aa24f35e1b516d23)
Start importing Assets/TextMesh Pro/Resources/Sprite Assets/EmojiOne.asset using Guid(c41005c129ba4d66911b75229fd70b45) Importer(2089858483,0ecaa5967403d082aa24f35e1b516d23) Generated GUIDs only implemented for interfaces!
 -> (artifact id: 'dbaa2af3e9dd922d22a8ee82b7b091a6') in 0.024995 seconds
Number of updated asset objects reloaded before import = 0
Number of asset objects unloaded after import = 3
========================================================================
Received Import Request.
  Time since last request: 0.000015 seconds.
  path: Assets/Textures/UI Textures/heart-icon.png
  artifactKey: Guid(dc525c8f8a03a2a48ab0ba27ca40eaf5) Importer(2089858483,0ecaa5967403d082aa24f35e1b516d23)
Start importing Assets/Textures/UI Textures/heart-icon.png using Guid(dc525c8f8a03a2a48ab0ba27ca40eaf5) Importer(2089858483,0ecaa5967403d082aa24f35e1b516d23) Generated GUIDs only implemented for interfaces!
 -> (artifact id: '2b7d1c84b1589461c2a573008409287e') in 0.033494 seconds
Number of updated asset objects reloaded before import = 0
Number of asset objects unloaded after import = 1
========================================================================
Received Import Request.
  Time since last request: 0.000018 seconds.
  path: Assets/Models/HQ Rocks/Meshes/Rock_5.fbx
  artifactKey: Guid(69d378514c7a1224e80c358807878ee9) Importer(2089858483,0ecaa5967403d082aa24f35e1b516d23)
Start importing Assets/Models/HQ Rocks/Meshes/Rock_5.fbx using Guid(69d378514c7a1224e80c358807878ee9) Importer(2089858483,0ecaa5967403d082aa24f35e1b516d23) Generated GUIDs only implemented for interfaces!
 -> (artifact id: '1eba3371d1bcfe1502bf2ef8cb889777') in 0.022688 seconds
Number of updated asset objects reloaded before import = 0
Number of asset objects unloaded after import = 7
========================================================================
Received Import Request.
  Time since last request: 0.000019 seconds.
  path: Assets/Terrains/TerrainSampleAssets/TerrainBrushes/Terrainstamp_Mountain05_Brush.brush
  artifactKey: Guid(c18cd5b317ff2af479fe5b47336cc75c) Importer(2089858483,0ecaa5967403d082aa24f35e1b516d23)
Start importing Assets/Terrains/TerrainSampleAssets/TerrainBrushes/Terrainstamp_Mountain05_Brush.brush using Guid(c18cd5b317ff2af479fe5b47336cc75c) Importer(2089858483,0ecaa5967403d082aa24f35e1b516d23) Generated GUIDs only implemented for interfaces!
 -> (artifact id: 'e24044f1a8139d8337a93a47fd8aed8d') in 0.018617 seconds
Number of updated asset objects reloaded before import = 0
Number of asset objects unloaded after import = 2
========================================================================
Received Import Request.
  Time since last request: 0.000030 seconds.
  path: Assets/Terrains/TerrainSampleAssets/Textures/Heightmaps/Mountain11_Heightmap.tiff
  artifactKey: Guid(70e652ab807bd5c4ca36dc57a1ed6339) Importer(2089858483,0ecaa5967403d082aa24f35e1b516d23)
Start importing Assets/Terrains/TerrainSampleAssets/Textures/Heightmaps/Mountain11_Heightmap.tiff using Guid(70e652ab807bd5c4ca36dc57a1ed6339) Importer(2089858483,0ecaa5967403d082aa24f35e1b516d23) Generated GUIDs only implemented for interfaces!
 -> (artifact id: '718109e6f4f4d09e840adca01f2cd96c') in 0.045247 seconds
Number of updated asset objects reloaded before import = 0
Number of asset objects unloaded after import = 1
========================================================================
Received Import Request.
  Time since last request: 0.000016 seconds.
  path: Assets/Models/HQ Rocks/Textures/Rock_m_v3.tga
  artifactKey: Guid(d6c8ace073f7d4645ac8dafb0f032102) Importer(2089858483,0ecaa5967403d082aa24f35e1b516d23)
Start importing Assets/Models/HQ Rocks/Textures/Rock_m_v3.tga using Guid(d6c8ace073f7d4645ac8dafb0f032102) Importer(2089858483,0ecaa5967403d082aa24f35e1b516d23) Generated GUIDs only implemented for interfaces!
 -> (artifact id: '1e641a7bbbe3b20f9e0b1f283a42b46a') in 0.088471 seconds
Number of updated asset objects reloaded before import = 0
Number of asset objects unloaded after import = 1
========================================================================
Received Import Request.
  Time since last request: 0.000017 seconds.
  path: Assets/Fonts/Youre Gone SDF.asset
  artifactKey: Guid(07c0d32309328d84ab7356c55984288b) Importer(2089858483,0ecaa5967403d082aa24f35e1b516d23)
Start importing Assets/Fonts/Youre Gone SDF.asset using Guid(07c0d32309328d84ab7356c55984288b) Importer(2089858483,0ecaa5967403d082aa24f35e1b516d23) Generated GUIDs only implemented for interfaces!
 -> (artifact id: '53d1ae8821faada211795f06a7f58995') in 0.069891 seconds
Number of updated asset objects reloaded before import = 0
Number of asset objects unloaded after import = 5
========================================================================
Received Import Request.
  Time since last request: 0.000018 seconds.
  path: Assets/Terrains/TerrainSampleAssets/Textures/Heightmaps/Slope04_Heightmap.tiff
  artifactKey: Guid(bac2ee7bfc3dea8438d082adcfe5219b) Importer(2089858483,0ecaa5967403d082aa24f35e1b516d23)
Start importing Assets/Terrains/TerrainSampleAssets/Textures/Heightmaps/Slope04_Heightmap.tiff using Guid(bac2ee7bfc3dea8438d082adcfe5219b) Importer(2089858483,0ecaa5967403d082aa24f35e1b516d23) Generated GUIDs only implemented for interfaces!
 -> (artifact id: 'c2f8ffb003eaed1d623d3944d8eafb12') in 0.030276 seconds
Number of updated asset objects reloaded before import = 0
Number of asset objects unloaded after import = 1
========================================================================
Received Import Request.
  Time since last request: 0.000028 seconds.
  path: Assets/Prefabs/Audio Source (SoundFX).prefab
  artifactKey: Guid(682099abbc302cb498012cc6980eb5a2) Importer(2089858483,0ecaa5967403d082aa24f35e1b516d23)
Start importing Assets/Prefabs/Audio Source (SoundFX).prefab using Guid(682099abbc302cb498012cc6980eb5a2) Importer(2089858483,0ecaa5967403d082aa24f35e1b516d23) Generated GUIDs only implemented for interfaces!
 -> (artifact id: '0b69f0db61f40e9cd0dcf4aa1696b58d') in 0.016603 seconds
Number of updated asset objects reloaded before import = 0
Number of asset objects unloaded after import = 5
========================================================================
Received Import Request.
  Time since last request: 0.000018 seconds.
  path: Assets/StarterAssets/Mobile/UI/UI_Icon_Move.png
  artifactKey: Guid(ff7bfa7addf40784d86f62b8e4a034a6) Importer(2089858483,0ecaa5967403d082aa24f35e1b516d23)
Start importing Assets/StarterAssets/Mobile/UI/UI_Icon_Move.png using Guid(ff7bfa7addf40784d86f62b8e4a034a6) Importer(2089858483,0ecaa5967403d082aa24f35e1b516d23) Generated GUIDs only implemented for interfaces!
 -> (artifact id: '924262c7d9cf5163ae7d009d1124601b') in 0.035562 seconds
Number of updated asset objects reloaded before import = 0
Number of asset objects unloaded after import = 3
========================================================================
Received Import Request.
  Time since last request: 0.000016 seconds.
  path: Assets/Terrains/TerrainSampleAssets/TerrainLayers/Pebbles_B_TerrainLayer.terrainlayer
  artifactKey: Guid(d1685375fd84e62439c572449faa4657) Importer(2089858483,0ecaa5967403d082aa24f35e1b516d23)
Start importing Assets/Terrains/TerrainSampleAssets/TerrainLayers/Pebbles_B_TerrainLayer.terrainlayer using Guid(d1685375fd84e62439c572449faa4657) Importer(2089858483,0ecaa5967403d082aa24f35e1b516d23) Generated GUIDs only implemented for interfaces!
 -> (artifact id: '69a88b9d8d82fcf5ad9afe533f4cb023') in 0.023863 seconds
Number of updated asset objects reloaded before import = 0
Number of asset objects unloaded after import = 1
========================================================================
Received Import Request.
  Time since last request: 0.000016 seconds.
  path: Assets/Animations/Screen Fade Animations/Panel.controller
  artifactKey: Guid(c93a9954a369204409998531d6e22823) Importer(2089858483,0ecaa5967403d082aa24f35e1b516d23)
Start importing Assets/Animations/Screen Fade Animations/Panel.controller using Guid(c93a9954a369204409998531d6e22823) Importer(2089858483,0ecaa5967403d082aa24f35e1b516d23) Generated GUIDs only implemented for interfaces!
 -> (artifact id: 'f2d3f4cd6031d99126d31451a779ab3a') in 0.013861 seconds
Number of updated asset objects reloaded before import = 0
Number of asset objects unloaded after import = 4
========================================================================
Received Import Request.
  Time since last request: 0.000015 seconds.
  path: Assets/Animations/unity-chan!/Unity-chan! Model/Audio/Voice/univ1081.wav
  artifactKey: Guid(c72391e322f664a0caf5d05158db6dae) Importer(2089858483,0ecaa5967403d082aa24f35e1b516d23)
Start importing Assets/Animations/unity-chan!/Unity-chan! Model/Audio/Voice/univ1081.wav using Guid(c72391e322f664a0caf5d05158db6dae) Importer(2089858483,0ecaa5967403d082aa24f35e1b516d23) Generated GUIDs only implemented for interfaces!
 -> (artifact id: '3e13d72bbe3665048c406350c459bfe3') in 0.066827 seconds
Number of updated asset objects reloaded before import = 0
Number of asset objects unloaded after import = 1
========================================================================
Received Import Request.
  Time since last request: 0.000026 seconds.
  path: Assets/StarterAssets/Environment/Art/Models/Box_350x250x300_Mesh.fbx
  artifactKey: Guid(d2f0da3998423f44594868ffed55c3e6) Importer(2089858483,0ecaa5967403d082aa24f35e1b516d23)
Start importing Assets/StarterAssets/Environment/Art/Models/Box_350x250x300_Mesh.fbx using Guid(d2f0da3998423f44594868ffed55c3e6) Importer(2089858483,0ecaa5967403d082aa24f35e1b516d23) Generated GUIDs only implemented for interfaces!
 -> (artifact id: '5e4a1d1f5ab10b4b4d87754e7cef605b') in 0.061522 seconds
Number of updated asset objects reloaded before import = 0
Number of asset objects unloaded after import = 8
========================================================================
Received Import Request.
  Time since last request: 0.000026 seconds.
  path: Assets/Terrains/TerrainSampleAssets/Textures/Terrain/Snow_Normal.tif
  artifactKey: Guid(a221efd41e2c51542ad74cf5370cba31) Importer(2089858483,0ecaa5967403d082aa24f35e1b516d23)
Start importing Assets/Terrains/TerrainSampleAssets/Textures/Terrain/Snow_Normal.tif using Guid(a221efd41e2c51542ad74cf5370cba31) Importer(2089858483,0ecaa5967403d082aa24f35e1b516d23) Generated GUIDs only implemented for interfaces!
 -> (artifact id: '51b9ffb20f9f63fbee774fd4391ea72d') in 0.106384 seconds
Number of updated asset objects reloaded before import = 0
Number of asset objects unloaded after import = 1
========================================================================
Received Import Request.
  Time since last request: 0.000015 seconds.
  path: Assets/Terrains/TerrainSampleAssets/Textures/Details/Fern_Thickness.tif
  artifactKey: Guid(daa49585c030643489dad5c6e4680dca) Importer(2089858483,0ecaa5967403d082aa24f35e1b516d23)
Start importing Assets/Terrains/TerrainSampleAssets/Textures/Details/Fern_Thickness.tif using Guid(daa49585c030643489dad5c6e4680dca) Importer(2089858483,0ecaa5967403d082aa24f35e1b516d23) Generated GUIDs only implemented for interfaces!
 -> (artifact id: 'bbd5bd7d90530d7a48c37f7464311030') in 0.024170 seconds
Number of updated asset objects reloaded before import = 0
Number of asset objects unloaded after import = 1
========================================================================
Received Import Request.
  Time since last request: 0.217438 seconds.
  path: Assets/StarterAssets/Environment/Art/Skybox/SkyboxLiteWarm.mat
  artifactKey: Guid(aeab33f69c199e54794f516d31450ec4) Importer(2089858483,0ecaa5967403d082aa24f35e1b516d23)
Start importing Assets/StarterAssets/Environment/Art/Skybox/SkyboxLiteWarm.mat using Guid(aeab33f69c199e54794f516d31450ec4) Importer(2089858483,0ecaa5967403d082aa24f35e1b516d23) Generated GUIDs only implemented for interfaces!
 -> (artifact id: '532be7fceb184d9ad575a09a21250d67') in 0.029189 seconds
Number of updated asset objects reloaded before import = 0
Number of asset objects unloaded after import = 1
========================================================================
Received Import Request.
  Time since last request: 0.000035 seconds.
  path: Assets/Prefabs/Mushroom Prefabs/Mushroom (green).prefab
  artifactKey: Guid(7d13f30bf020533409f815fbd2bc5d19) Importer(2089858483,0ecaa5967403d082aa24f35e1b516d23)
Start importing Assets/Prefabs/Mushroom Prefabs/Mushroom (green).prefab using Guid(7d13f30bf020533409f815fbd2bc5d19) Importer(2089858483,0ecaa5967403d082aa24f35e1b516d23) Generated GUIDs only implemented for interfaces!
 -> (artifact id: '5415b25a9d2cd37edeaf089f60505920') in 0.019564 seconds
Number of updated asset objects reloaded before import = 0
Number of asset objects unloaded after import = 7
========================================================================
Received Import Request.
  Time since last request: 0.000028 seconds.
  path: Assets/StarterAssets/ThirdPersonController/Character/Textures/Armature_Body_RGB.tif
  artifactKey: Guid(a95378e0fd5828442a6ed903fb3b0bf7) Importer(2089858483,0ecaa5967403d082aa24f35e1b516d23)
Start importing Assets/StarterAssets/ThirdPersonController/Character/Textures/Armature_Body_RGB.tif using Guid(a95378e0fd5828442a6ed903fb3b0bf7) Importer(2089858483,0ecaa5967403d082aa24f35e1b516d23) Generated GUIDs only implemented for interfaces!
 -> (artifact id: '7f972ee63756b98e274a8d62f164fe92') in 0.120938 seconds
Number of updated asset objects reloaded before import = 0
Number of asset objects unloaded after import = 1
========================================================================
Received Import Request.
  Time since last request: 0.000019 seconds.
  path: Assets/Animations/unity-chan!/Unity-chan! Model/Art/Animations/unitychan_RUN00_F.fbx
  artifactKey: Guid(26055e26f15260e4e8e0e51f50c41926) Importer(2089858483,0ecaa5967403d082aa24f35e1b516d23)
Start importing Assets/Animations/unity-chan!/Unity-chan! Model/Art/Animations/unitychan_RUN00_F.fbx using Guid(26055e26f15260e4e8e0e51f50c41926) Importer(2089858483,0ecaa5967403d082aa24f35e1b516d23) Generated GUIDs only implemented for interfaces!
 -> (artifact id: 'c0206538877278db24d58bce77abe6ea') in 0.144038 seconds
Number of updated asset objects reloaded before import = 0
Number of asset objects unloaded after import = 325
========================================================================
Received Import Request.
  Time since last request: 0.000021 seconds.
  path: Assets/Animations/unity-chan!/Unity-chan! Model/Art/UnityChanShader/Shader/Unitychan_chara_fuku.shader
  artifactKey: Guid(00262b50562beb14cbab9b52bced4f9f) Importer(2089858483,0ecaa5967403d082aa24f35e1b516d23)
Start importing Assets/Animations/unity-chan!/Unity-chan! Model/Art/UnityChanShader/Shader/Unitychan_chara_fuku.shader using Guid(00262b50562beb14cbab9b52bced4f9f) Importer(2089858483,0ecaa5967403d082aa24f35e1b516d23) Generated GUIDs only implemented for interfaces!
 -> (artifact id: 'a31c0236338134d85321596cda2f972c') in 0.028201 seconds
Number of updated asset objects reloaded before import = 0
Number of asset objects unloaded after import = 1
========================================================================
Received Import Request.
  Time since last request: 0.000028 seconds.
  path: Assets/Textures/Mushroom Textures/Pink Mushroom.mat
  artifactKey: Guid(5e9065e8ff4e5d44dbddbc2780a67f9c) Importer(2089858483,0ecaa5967403d082aa24f35e1b516d23)
Start importing Assets/Textures/Mushroom Textures/Pink Mushroom.mat using Guid(5e9065e8ff4e5d44dbddbc2780a67f9c) Importer(2089858483,0ecaa5967403d082aa24f35e1b516d23) Generated GUIDs only implemented for interfaces!
 -> (artifact id: '5d3101274fae9d90551e54b36de25f3c') in 0.034203 seconds
Number of updated asset objects reloaded before import = 0
Number of asset objects unloaded after import = 1
========================================================================
Received Import Request.
  Time since last request: 0.000046 seconds.
  path: Assets/Prefabs/Mushroom Prefabs/Mushroom (tall) (green).prefab
  artifactKey: Guid(d8615698b3481044ab4acf554e30ed30) Importer(2089858483,0ecaa5967403d082aa24f35e1b516d23)
Start importing Assets/Prefabs/Mushroom Prefabs/Mushroom (tall) (green).prefab using Guid(d8615698b3481044ab4acf554e30ed30) Importer(2089858483,0ecaa5967403d082aa24f35e1b516d23) Generated GUIDs only implemented for interfaces!
 -> (artifact id: '9a67a9c3b11598d6e818085c8d2ae719') in 0.015637 seconds
Number of updated asset objects reloaded before import = 0
Number of asset objects unloaded after import = 15
========================================================================
Received Import Request.
  Time since last request: 0.000018 seconds.
  path: Assets/TextMesh Pro/Fonts/LiberationSans - OFL.txt
  artifactKey: Guid(6e59c59b81ab47f9b6ec5781fa725d2c) Importer(2089858483,0ecaa5967403d082aa24f35e1b516d23)
Start importing Assets/TextMesh Pro/Fonts/LiberationSans - OFL.txt using Guid(6e59c59b81ab47f9b6ec5781fa725d2c) Importer(2089858483,0ecaa5967403d082aa24f35e1b516d23) Generated GUIDs only implemented for interfaces!
 -> (artifact id: 'b403c3640d15c3d9a1a513eb156637ca') in 0.020346 seconds
Number of updated asset objects reloaded before import = 0
Number of asset objects unloaded after import = 1
========================================================================
Received Import Request.
  Time since last request: 0.000017 seconds.
  path: Assets/StarterAssets/Environment/Art/Textures/Grid_01_Normal.png
  artifactKey: Guid(c5c221ed57a3bf6488f8eba0db28a004) Importer(2089858483,0ecaa5967403d082aa24f35e1b516d23)
Start importing Assets/StarterAssets/Environment/Art/Textures/Grid_01_Normal.png using Guid(c5c221ed57a3bf6488f8eba0db28a004) Importer(2089858483,0ecaa5967403d082aa24f35e1b516d23) Generated GUIDs only implemented for interfaces!
 -> (artifact id: '97eed4e6536ff52aadf1a32dc7075f96') in 0.028471 seconds
Number of updated asset objects reloaded before import = 0
Number of asset objects unloaded after import = 1
========================================================================
Received Import Request.
  Time since last request: 0.000018 seconds.
  path: Assets/Terrains/TerrainSampleAssets/Textures/Details/GrassDry_MaskMap.tif
  artifactKey: Guid(d3cf4500414007c4c895584cfcf1fbc3) Importer(2089858483,0ecaa5967403d082aa24f35e1b516d23)
Start importing Assets/Terrains/TerrainSampleAssets/Textures/Details/GrassDry_MaskMap.tif using Guid(d3cf4500414007c4c895584cfcf1fbc3) Importer(2089858483,0ecaa5967403d082aa24f35e1b516d23) Generated GUIDs only implemented for interfaces!
 -> (artifact id: 'fabf24000f6560f63b1d25ea8090fcff') in 0.045345 seconds
Number of updated asset objects reloaded before import = 0
Number of asset objects unloaded after import = 1
========================================================================
Received Import Request.
  Time since last request: 0.000035 seconds.
  path: Assets/Animations/unity-chan!/Unity-chan! Model/Art/UnityChanShader/Shader/Unitychan_chara_fuku_ds.shader
  artifactKey: Guid(96d05de60c5f7474491f9f94568cf623) Importer(2089858483,0ecaa5967403d082aa24f35e1b516d23)
Start importing Assets/Animations/unity-chan!/Unity-chan! Model/Art/UnityChanShader/Shader/Unitychan_chara_fuku_ds.shader using Guid(96d05de60c5f7474491f9f94568cf623) Importer(2089858483,0ecaa5967403d082aa24f35e1b516d23) Generated GUIDs only implemented for interfaces!
 -> (artifact id: '3ddc2505c7f5ed16df6d1616bdecc62d') in 0.024777 seconds
Number of updated asset objects reloaded before import = 0
Number of asset objects unloaded after import = 1
========================================================================
Received Import Request.
  Time since last request: 0.000051 seconds.
  path: Assets/Models/HQ Rocks/Materials/Rock_4_v3.mat
  artifactKey: Guid(2d2b1872ecc5c9c4888c2fea0fcee915) Importer(2089858483,0ecaa5967403d082aa24f35e1b516d23)
Start importing Assets/Models/HQ Rocks/Materials/Rock_4_v3.mat using Guid(2d2b1872ecc5c9c4888c2fea0fcee915) Importer(2089858483,0ecaa5967403d082aa24f35e1b516d23) Generated GUIDs only implemented for interfaces!
 -> (artifact id: 'a0e215cc71c85c1c5287be19a88728c5') in 0.082036 seconds
Number of updated asset objects reloaded before import = 0
Number of asset objects unloaded after import = 5
========================================================================
Received Import Request.
  Time since last request: 0.000019 seconds.
  path: Assets/Textures/UI Textures/mushroom plain.png
  artifactKey: Guid(632fb3ee56ebd4042a965f20eb7bcb05) Importer(2089858483,0ecaa5967403d082aa24f35e1b516d23)
Start importing Assets/Textures/UI Textures/mushroom plain.png using Guid(632fb3ee56ebd4042a965f20eb7bcb05) Importer(2089858483,0ecaa5967403d082aa24f35e1b516d23) Generated GUIDs only implemented for interfaces!
 -> (artifact id: '493b0ae9ac78c46233e1964a3da38489') in 0.037276 seconds
Number of updated asset objects reloaded before import = 0
Number of asset objects unloaded after import = 1
========================================================================
Received Import Request.
  Time since last request: 0.000017 seconds.
  path: Assets/Terrains/TerrainSampleAssets/Textures/Heightmaps/Volcano02_Heightmap.tif
  artifactKey: Guid(bd916b355f53ab144901eeb862a0be0b) Importer(2089858483,0ecaa5967403d082aa24f35e1b516d23)
Start importing Assets/Terrains/TerrainSampleAssets/Textures/Heightmaps/Volcano02_Heightmap.tif using Guid(bd916b355f53ab144901eeb862a0be0b) Importer(2089858483,0ecaa5967403d082aa24f35e1b516d23) Generated GUIDs only implemented for interfaces!
 -> (artifact id: 'f795c9c633fae27532e9c051da65b39a') in 0.046729 seconds
Number of updated asset objects reloaded before import = 0
Number of asset objects unloaded after import = 1
========================================================================
Received Import Request.
  Time since last request: 0.000032 seconds.
  path: Assets/Scripts/StonedApeRunner/VFXOnTrigger.cs
  artifactKey: Guid(1c5c1c61681b35c468e7f1bb7bbc55f3) Importer(2089858483,0ecaa5967403d082aa24f35e1b516d23)
Start importing Assets/Scripts/StonedApeRunner/VFXOnTrigger.cs using Guid(1c5c1c61681b35c468e7f1bb7bbc55f3) Importer(2089858483,0ecaa5967403d082aa24f35e1b516d23) Generated GUIDs only implemented for interfaces!
 -> (artifact id: '6cea28388d3f35747834eb0ff85da9b0') in 0.016926 seconds
Number of updated asset objects reloaded before import = 0
Number of asset objects unloaded after import = 1
========================================================================
Received Import Request.
  Time since last request: 0.000017 seconds.
  path: Assets/StarterAssets/ThirdPersonController/Character/Sfx/Player_Land.wav
  artifactKey: Guid(ff697d3070687ce4583faa0561a145a2) Importer(2089858483,0ecaa5967403d082aa24f35e1b516d23)
Start importing Assets/StarterAssets/ThirdPersonController/Character/Sfx/Player_Land.wav using Guid(ff697d3070687ce4583faa0561a145a2) Importer(2089858483,0ecaa5967403d082aa24f35e1b516d23) Generated GUIDs only implemented for interfaces!
 -> (artifact id: 'd21bd7fbaa7b6e37a4c1fc935dd797a0') in 0.043297 seconds
Number of updated asset objects reloaded before import = 0
Number of asset objects unloaded after import = 1
========================================================================
Received Import Request.
  Time since last request: 0.000016 seconds.
  path: Assets/Timeline/Timeline (Camera Switcher)Timeline.playable
  artifactKey: Guid(d944f838a97500f45b000ce4833deaa8) Importer(2089858483,0ecaa5967403d082aa24f35e1b516d23)
Start importing Assets/Timeline/Timeline (Camera Switcher)Timeline.playable using Guid(d944f838a97500f45b000ce4833deaa8) Importer(2089858483,0ecaa5967403d082aa24f35e1b516d23) Generated GUIDs only implemented for interfaces!
 -> (artifact id: 'bcc470e86e4beb40784f97c7e99f1989') in 0.033203 seconds
Number of updated asset objects reloaded before import = 0
Number of asset objects unloaded after import = 15
========================================================================
Received Import Request.
  Time since last request: 0.000021 seconds.
  path: Assets/StarterAssets/Mobile/Scripts/CanvasInputs/UICanvasControllerInput.cs
  artifactKey: Guid(4a300d010f57451488aa99000126fbd5) Importer(2089858483,0ecaa5967403d082aa24f35e1b516d23)
Start importing Assets/StarterAssets/Mobile/Scripts/CanvasInputs/UICanvasControllerInput.cs using Guid(4a300d010f57451488aa99000126fbd5) Importer(2089858483,0ecaa5967403d082aa24f35e1b516d23) Generated GUIDs only implemented for interfaces!
 -> (artifact id: '52585889048627a13c9279e06b23fd91') in 0.058029 seconds
Number of updated asset objects reloaded before import = 0
Number of asset objects unloaded after import = 1
========================================================================
Received Prepare
Refreshing native plugins compatible for Editor in 6.30 ms, found 6 plugins.
Preloading 0 native plugins for Editor in 0.00 ms.
Unloading 128 Unused Serialized files (Serialized files now loaded: 0)
Unloading 129 unused Assets / (13.2 MB). Loaded Objects now: 8088.
Memory consumption went from 176.9 MB to 163.7 MB.
Total: 12.961500 ms (FindLiveObjects: 0.853200 ms CreateObjectMapping: 1.019200 ms MarkObjects: 7.821800 ms  DeleteObjects: 3.265900 ms)

Prepare: number of updated asset objects reloaded= 0
AssetImportParameters requested are different than current active one (requested -> active):
  custom:container-demuxer-ogg: 62fdf1f143b41e24485cea50d1cbac27 -> 
  custom:framework-win-MediaFoundation: 216162199b28c13a410421893ffa2e32 -> 
  custom:container-muxer-webm: aa71ff27fc2769a1b78a27578f13a17b -> 
  custom:video-decoder-webm-vp8: 9c59270c3fd7afecdb556c50c9e8de78 -> 
  custom:SearchIndexIgnoredProperties: e643bd26f0fe6173181afceb89e7c659 -> 
  custom:AudioImporter_EditorPlatform: d09bf68614088b80899f8185d706f6e7 -> 
  custom:audio-decoder-ogg-vorbis: bf7c407c2cedff20999df2af8eb42d56 -> 
  custom:audio-encoder-webm-vorbis: bf7c407c2cedff20999df2af8eb42d56 -> 
  custom:video-codec-MediaFoundation-h265: 746d11721c4dcdbdad8f713fa42b33f4 -> 
  custom:video-decoder-ogg-theora: a1e56fd34408186e4bbccfd4996cb3dc -> 
  custom:CustomObjectIndexerAttribute: a3ef5dd2817f97addfee359851a9dba5 -> 
  custom:container-demuxer-webm: 4f35f7cbe854078d1ac9338744f61a02 -> 
  custom:video-encoder-webm-vp8: eb34c28f22e8b96e1ab97ce403110664 -> 
========================================================================
Received Import Request.
  Time since last request: 209.236094 seconds.
  path: Assets/Scripts/ReachGoal.cs
  artifactKey: Guid(8c7306e3d01f2b548846ecd42ad32d8f) Importer(2089858483,0ecaa5967403d082aa24f35e1b516d23)
Start importing Assets/Scripts/ReachGoal.cs using Guid(8c7306e3d01f2b548846ecd42ad32d8f) Importer(2089858483,0ecaa5967403d082aa24f35e1b516d23) Generated GUIDs only implemented for interfaces!
 -> (artifact id: '280a8b2d4df56b5001b37403d8461785') in 0.027392 seconds
Number of updated asset objects reloaded before import = 0
Number of asset objects unloaded after import = 1
========================================================================
Received Import Request.
  Time since last request: 0.000021 seconds.
  path: Assets/Scripts/TriggerAnimation.cs
  artifactKey: Guid(a6a17dd5dca98cd4d896b6252ef4d25a) Importer(2089858483,0ecaa5967403d082aa24f35e1b516d23)
Start importing Assets/Scripts/TriggerAnimation.cs using Guid(a6a17dd5dca98cd4d896b6252ef4d25a) Importer(2089858483,0ecaa5967403d082aa24f35e1b516d23) Generated GUIDs only implemented for interfaces!
 -> (artifact id: '78f7a39056ce1b96a9ae7557ff498ef8') in 0.015251 seconds
Number of updated asset objects reloaded before import = 0
Number of asset objects unloaded after import = 1
========================================================================
Received Prepare
Begin MonoManager ReloadAssembly
Symbol file LoadedFromMemory doesn't match image C:\Users\PIMG\Documents\GitHub\Stoned-Ape-Runner\Stoned Ape Runner\Library\PackageCache\com.unity.visualscripting@1.8.0\Editor\VisualScripting.Core\Dependencies\YamlDotNet\Unity.VisualScripting.YamlDotNet.dll
Symbol file LoadedFromMemory doesn't match image C:\Users\PIMG\Documents\GitHub\Stoned-Ape-Runner\Stoned Ape Runner\Library\PackageCache\com.unity.visualscripting@1.8.0\Editor\VisualScripting.Core\Dependencies\DotNetZip\Unity.VisualScripting.IonicZip.dll
- Loaded All Assemblies, in  1.038 seconds
Refreshing native plugins compatible for Editor in 6.88 ms, found 6 plugins.
Native extension for WindowsStandalone target not found
Mono: successfully reloaded assembly
- Finished resetting the current domain, in  2.744 seconds
Domain Reload Profiling: 3777ms
	BeginReloadAssembly (216ms)
		ExecutionOrderSort (0ms)
		DisableScriptedObjects (7ms)
		BackupInstance (0ms)
		ReleaseScriptingObjects (0ms)
		CreateAndSetChildDomain (86ms)
	RebuildCommonClasses (39ms)
	RebuildNativeTypeToScriptingClass (14ms)
	initialDomainReloadingComplete (35ms)
	LoadAllAssembliesAndSetupDomain (730ms)
		LoadAssemblies (399ms)
		RebuildTransferFunctionScriptingTraits (0ms)
		AnalyzeDomain (405ms)
			TypeCache.Refresh (379ms)
				TypeCache.ScanAssembly (365ms)
			ScanForSourceGeneratedMonoScriptInfo (13ms)
			ResolveRequiredComponents (13ms)
	FinalizeReload (2744ms)
		ReleaseScriptCaches (0ms)
		RebuildScriptCaches (0ms)
		SetupLoadedEditorAssemblies (721ms)
			LogAssemblyErrors (0ms)
			InitializePlatformSupportModulesInManaged (8ms)
			SetLoadedEditorAssemblies (5ms)
			RefreshPlugins (0ms)
			BeforeProcessingInitializeOnLoad (108ms)
			ProcessInitializeOnLoadAttributes (564ms)
			ProcessInitializeOnLoadMethodAttributes (29ms)
			AfterProcessingInitializeOnLoad (8ms)
			EditorAssembliesLoaded (0ms)
		ExecutionOrderSort2 (0ms)
		AwakeInstancesAfterBackupRestoration (15ms)
Refreshing native plugins compatible for Editor in 5.22 ms, found 6 plugins.
Preloading 0 native plugins for Editor in 0.00 ms.
Unloading 7354 Unused Serialized files (Serialized files now loaded: 0)
Unloading 188 unused Assets / (13.1 MB). Loaded Objects now: 8104.
Memory consumption went from 286.2 MB to 273.0 MB.
Total: 7.868400 ms (FindLiveObjects: 0.639200 ms CreateObjectMapping: 0.824700 ms MarkObjects: 3.682900 ms  DeleteObjects: 2.720600 ms)

Prepare: number of updated asset objects reloaded= 0
AssetImportParameters requested are different than current active one (requested -> active):
  custom:container-demuxer-ogg: 62fdf1f143b41e24485cea50d1cbac27 -> 
  custom:framework-win-MediaFoundation: 216162199b28c13a410421893ffa2e32 -> 
  custom:container-muxer-webm: aa71ff27fc2769a1b78a27578f13a17b -> 
  custom:video-decoder-webm-vp8: 9c59270c3fd7afecdb556c50c9e8de78 -> 
  custom:SearchIndexIgnoredProperties: e643bd26f0fe6173181afceb89e7c659 -> 
  custom:AudioImporter_EditorPlatform: d09bf68614088b80899f8185d706f6e7 -> 
  custom:audio-decoder-ogg-vorbis: bf7c407c2cedff20999df2af8eb42d56 -> 
  custom:audio-encoder-webm-vorbis: bf7c407c2cedff20999df2af8eb42d56 -> 
  custom:video-codec-MediaFoundation-h265: 746d11721c4dcdbdad8f713fa42b33f4 -> 
  custom:video-decoder-ogg-theora: a1e56fd34408186e4bbccfd4996cb3dc -> 
  custom:CustomObjectIndexerAttribute: a3ef5dd2817f97addfee359851a9dba5 -> 
  custom:container-demuxer-webm: 4f35f7cbe854078d1ac9338744f61a02 -> 
  custom:video-encoder-webm-vp8: eb34c28f22e8b96e1ab97ce403110664 -> 
========================================================================
Received Prepare
Begin MonoManager ReloadAssembly
Symbol file LoadedFromMemory doesn't match image C:\Users\PIMG\Documents\GitHub\Stoned-Ape-Runner\Stoned Ape Runner\Library\PackageCache\com.unity.visualscripting@1.8.0\Editor\VisualScripting.Core\Dependencies\YamlDotNet\Unity.VisualScripting.YamlDotNet.dll
Symbol file LoadedFromMemory doesn't match image C:\Users\PIMG\Documents\GitHub\Stoned-Ape-Runner\Stoned Ape Runner\Library\PackageCache\com.unity.visualscripting@1.8.0\Editor\VisualScripting.Core\Dependencies\DotNetZip\Unity.VisualScripting.IonicZip.dll
- Loaded All Assemblies, in  0.953 seconds
Refreshing native plugins compatible for Editor in 7.17 ms, found 6 plugins.
Native extension for WindowsStandalone target not found
Mono: successfully reloaded assembly
- Finished resetting the current domain, in  1.843 seconds
Domain Reload Profiling: 2792ms
	BeginReloadAssembly (192ms)
		ExecutionOrderSort (0ms)
		DisableScriptedObjects (7ms)
		BackupInstance (0ms)
		ReleaseScriptingObjects (0ms)
		CreateAndSetChildDomain (55ms)
	RebuildCommonClasses (44ms)
	RebuildNativeTypeToScriptingClass (13ms)
	initialDomainReloadingComplete (37ms)
	LoadAllAssembliesAndSetupDomain (662ms)
		LoadAssemblies (329ms)
		RebuildTransferFunctionScriptingTraits (0ms)
		AnalyzeDomain (409ms)
			TypeCache.Refresh (393ms)
				TypeCache.ScanAssembly (377ms)
			ScanForSourceGeneratedMonoScriptInfo (0ms)
			ResolveRequiredComponents (17ms)
	FinalizeReload (1844ms)
		ReleaseScriptCaches (0ms)
		RebuildScriptCaches (0ms)
		SetupLoadedEditorAssemblies (811ms)
			LogAssemblyErrors (0ms)
			InitializePlatformSupportModulesInManaged (9ms)
			SetLoadedEditorAssemblies (3ms)
			RefreshPlugins (0ms)
			BeforeProcessingInitializeOnLoad (106ms)
			ProcessInitializeOnLoadAttributes (647ms)
			ProcessInitializeOnLoadMethodAttributes (35ms)
			AfterProcessingInitializeOnLoad (10ms)
			EditorAssembliesLoaded (0ms)
		ExecutionOrderSort2 (0ms)
		AwakeInstancesAfterBackupRestoration (18ms)
Refreshing native plugins compatible for Editor in 7.47 ms, found 6 plugins.
Preloading 0 native plugins for Editor in 0.00 ms.
Unloading 7354 Unused Serialized files (Serialized files now loaded: 0)
Unloading 188 unused Assets / (13.1 MB). Loaded Objects now: 8120.
Memory consumption went from 286.2 MB to 273.1 MB.
Total: 8.311400 ms (FindLiveObjects: 0.655200 ms CreateObjectMapping: 0.875800 ms MarkObjects: 4.137700 ms  DeleteObjects: 2.641200 ms)

Prepare: number of updated asset objects reloaded= 0
AssetImportParameters requested are different than current active one (requested -> active):
  custom:container-demuxer-ogg: 62fdf1f143b41e24485cea50d1cbac27 -> 
  custom:framework-win-MediaFoundation: 216162199b28c13a410421893ffa2e32 -> 
  custom:container-muxer-webm: aa71ff27fc2769a1b78a27578f13a17b -> 
  custom:video-decoder-webm-vp8: 9c59270c3fd7afecdb556c50c9e8de78 -> 
  custom:SearchIndexIgnoredProperties: e643bd26f0fe6173181afceb89e7c659 -> 
  custom:AudioImporter_EditorPlatform: d09bf68614088b80899f8185d706f6e7 -> 
  custom:audio-decoder-ogg-vorbis: bf7c407c2cedff20999df2af8eb42d56 -> 
  custom:audio-encoder-webm-vorbis: bf7c407c2cedff20999df2af8eb42d56 -> 
  custom:video-codec-MediaFoundation-h265: 746d11721c4dcdbdad8f713fa42b33f4 -> 
  custom:video-decoder-ogg-theora: a1e56fd34408186e4bbccfd4996cb3dc -> 
  custom:CustomObjectIndexerAttribute: a3ef5dd2817f97addfee359851a9dba5 -> 
  custom:container-demuxer-webm: 4f35f7cbe854078d1ac9338744f61a02 -> 
  custom:video-encoder-webm-vp8: eb34c28f22e8b96e1ab97ce403110664 -> 
========================================================================
Received Prepare
Begin MonoManager ReloadAssembly
Symbol file LoadedFromMemory doesn't match image C:\Users\PIMG\Documents\GitHub\Stoned-Ape-Runner\Stoned Ape Runner\Library\PackageCache\com.unity.visualscripting@1.8.0\Editor\VisualScripting.Core\Dependencies\YamlDotNet\Unity.VisualScripting.YamlDotNet.dll
Symbol file LoadedFromMemory doesn't match image C:\Users\PIMG\Documents\GitHub\Stoned-Ape-Runner\Stoned Ape Runner\Library\PackageCache\com.unity.visualscripting@1.8.0\Editor\VisualScripting.Core\Dependencies\DotNetZip\Unity.VisualScripting.IonicZip.dll
- Loaded All Assemblies, in  0.956 seconds
Refreshing native plugins compatible for Editor in 6.67 ms, found 6 plugins.
Native extension for WindowsStandalone target not found
Mono: successfully reloaded assembly
- Finished resetting the current domain, in  1.882 seconds
Domain Reload Profiling: 2832ms
	BeginReloadAssembly (195ms)
		ExecutionOrderSort (0ms)
		DisableScriptedObjects (6ms)
		BackupInstance (0ms)
		ReleaseScriptingObjects (0ms)
		CreateAndSetChildDomain (67ms)
	RebuildCommonClasses (44ms)
	RebuildNativeTypeToScriptingClass (20ms)
	initialDomainReloadingComplete (40ms)
	LoadAllAssembliesAndSetupDomain (651ms)
		LoadAssemblies (334ms)
		RebuildTransferFunctionScriptingTraits (0ms)
		AnalyzeDomain (388ms)
			TypeCache.Refresh (375ms)
				TypeCache.ScanAssembly (360ms)
			ScanForSourceGeneratedMonoScriptInfo (0ms)
			ResolveRequiredComponents (13ms)
	FinalizeReload (1882ms)
		ReleaseScriptCaches (0ms)
		RebuildScriptCaches (0ms)
		SetupLoadedEditorAssemblies (827ms)
			LogAssemblyErrors (0ms)
			InitializePlatformSupportModulesInManaged (8ms)
			SetLoadedEditorAssemblies (5ms)
			RefreshPlugins (0ms)
			BeforeProcessingInitializeOnLoad (110ms)
			ProcessInitializeOnLoadAttributes (658ms)
			ProcessInitializeOnLoadMethodAttributes (35ms)
			AfterProcessingInitializeOnLoad (10ms)
			EditorAssembliesLoaded (0ms)
		ExecutionOrderSort2 (0ms)
		AwakeInstancesAfterBackupRestoration (19ms)
Refreshing native plugins compatible for Editor in 6.72 ms, found 6 plugins.
Preloading 0 native plugins for Editor in 0.00 ms.
Unloading 7354 Unused Serialized files (Serialized files now loaded: 0)
Unloading 188 unused Assets / (13.1 MB). Loaded Objects now: 8136.
Memory consumption went from 286.2 MB to 273.1 MB.
Total: 8.100800 ms (FindLiveObjects: 0.644700 ms CreateObjectMapping: 0.484200 ms MarkObjects: 4.314800 ms  DeleteObjects: 2.656000 ms)

Prepare: number of updated asset objects reloaded= 0
AssetImportParameters requested are different than current active one (requested -> active):
  custom:container-demuxer-ogg: 62fdf1f143b41e24485cea50d1cbac27 -> 
  custom:framework-win-MediaFoundation: 216162199b28c13a410421893ffa2e32 -> 
  custom:container-muxer-webm: aa71ff27fc2769a1b78a27578f13a17b -> 
  custom:video-decoder-webm-vp8: 9c59270c3fd7afecdb556c50c9e8de78 -> 
  custom:SearchIndexIgnoredProperties: e643bd26f0fe6173181afceb89e7c659 -> 
  custom:AudioImporter_EditorPlatform: d09bf68614088b80899f8185d706f6e7 -> 
  custom:audio-decoder-ogg-vorbis: bf7c407c2cedff20999df2af8eb42d56 -> 
  custom:audio-encoder-webm-vorbis: bf7c407c2cedff20999df2af8eb42d56 -> 
  custom:video-codec-MediaFoundation-h265: 746d11721c4dcdbdad8f713fa42b33f4 -> 
  custom:video-decoder-ogg-theora: a1e56fd34408186e4bbccfd4996cb3dc -> 
  custom:CustomObjectIndexerAttribute: a3ef5dd2817f97addfee359851a9dba5 -> 
  custom:container-demuxer-webm: 4f35f7cbe854078d1ac9338744f61a02 -> 
  custom:video-encoder-webm-vp8: eb34c28f22e8b96e1ab97ce403110664 -> 
========================================================================
Received Prepare
Begin MonoManager ReloadAssembly
Symbol file LoadedFromMemory doesn't match image C:\Users\PIMG\Documents\GitHub\Stoned-Ape-Runner\Stoned Ape Runner\Library\PackageCache\com.unity.visualscripting@1.8.0\Editor\VisualScripting.Core\Dependencies\YamlDotNet\Unity.VisualScripting.YamlDotNet.dll
Symbol file LoadedFromMemory doesn't match image C:\Users\PIMG\Documents\GitHub\Stoned-Ape-Runner\Stoned Ape Runner\Library\PackageCache\com.unity.visualscripting@1.8.0\Editor\VisualScripting.Core\Dependencies\DotNetZip\Unity.VisualScripting.IonicZip.dll
- Loaded All Assemblies, in  1.019 seconds
Refreshing native plugins compatible for Editor in 5.60 ms, found 6 plugins.
Native extension for WindowsStandalone target not found
Mono: successfully reloaded assembly
- Finished resetting the current domain, in  1.874 seconds
Domain Reload Profiling: 2888ms
	BeginReloadAssembly (190ms)
		ExecutionOrderSort (0ms)
		DisableScriptedObjects (6ms)
		BackupInstance (0ms)
		ReleaseScriptingObjects (0ms)
		CreateAndSetChildDomain (52ms)
	RebuildCommonClasses (47ms)
	RebuildNativeTypeToScriptingClass (17ms)
	initialDomainReloadingComplete (44ms)
	LoadAllAssembliesAndSetupDomain (715ms)
		LoadAssemblies (385ms)
		RebuildTransferFunctionScriptingTraits (0ms)
		AnalyzeDomain (412ms)
			TypeCache.Refresh (395ms)
				TypeCache.ScanAssembly (374ms)
			ScanForSourceGeneratedMonoScriptInfo (0ms)
			ResolveRequiredComponents (18ms)
	FinalizeReload (1875ms)
		ReleaseScriptCaches (0ms)
		RebuildScriptCaches (0ms)
		SetupLoadedEditorAssemblies (779ms)
			LogAssemblyErrors (0ms)
			InitializePlatformSupportModulesInManaged (7ms)
			SetLoadedEditorAssemblies (4ms)
			RefreshPlugins (0ms)
			BeforeProcessingInitializeOnLoad (103ms)
			ProcessInitializeOnLoadAttributes (622ms)
			ProcessInitializeOnLoadMethodAttributes (32ms)
			AfterProcessingInitializeOnLoad (9ms)
			EditorAssembliesLoaded (0ms)
		ExecutionOrderSort2 (0ms)
		AwakeInstancesAfterBackupRestoration (17ms)
Refreshing native plugins compatible for Editor in 8.01 ms, found 6 plugins.
Preloading 0 native plugins for Editor in 0.00 ms.
Unloading 7354 Unused Serialized files (Serialized files now loaded: 0)
Unloading 188 unused Assets / (13.1 MB). Loaded Objects now: 8152.
Memory consumption went from 286.2 MB to 273.1 MB.
Total: 7.551800 ms (FindLiveObjects: 0.766000 ms CreateObjectMapping: 0.849600 ms MarkObjects: 3.371100 ms  DeleteObjects: 2.564200 ms)

Prepare: number of updated asset objects reloaded= 0
AssetImportParameters requested are different than current active one (requested -> active):
  custom:container-demuxer-ogg: 62fdf1f143b41e24485cea50d1cbac27 -> 
  custom:framework-win-MediaFoundation: 216162199b28c13a410421893ffa2e32 -> 
  custom:container-muxer-webm: aa71ff27fc2769a1b78a27578f13a17b -> 
  custom:video-decoder-webm-vp8: 9c59270c3fd7afecdb556c50c9e8de78 -> 
  custom:SearchIndexIgnoredProperties: e643bd26f0fe6173181afceb89e7c659 -> 
  custom:AudioImporter_EditorPlatform: d09bf68614088b80899f8185d706f6e7 -> 
  custom:audio-decoder-ogg-vorbis: bf7c407c2cedff20999df2af8eb42d56 -> 
  custom:audio-encoder-webm-vorbis: bf7c407c2cedff20999df2af8eb42d56 -> 
  custom:video-codec-MediaFoundation-h265: 746d11721c4dcdbdad8f713fa42b33f4 -> 
  custom:video-decoder-ogg-theora: a1e56fd34408186e4bbccfd4996cb3dc -> 
  custom:CustomObjectIndexerAttribute: a3ef5dd2817f97addfee359851a9dba5 -> 
  custom:container-demuxer-webm: 4f35f7cbe854078d1ac9338744f61a02 -> 
  custom:video-encoder-webm-vp8: eb34c28f22e8b96e1ab97ce403110664 -> 
========================================================================
Received Prepare
Begin MonoManager ReloadAssembly
Symbol file LoadedFromMemory doesn't match image C:\Users\PIMG\Documents\GitHub\Stoned-Ape-Runner\Stoned Ape Runner\Library\PackageCache\com.unity.visualscripting@1.8.0\Editor\VisualScripting.Core\Dependencies\YamlDotNet\Unity.VisualScripting.YamlDotNet.dll
Symbol file LoadedFromMemory doesn't match image C:\Users\PIMG\Documents\GitHub\Stoned-Ape-Runner\Stoned Ape Runner\Library\PackageCache\com.unity.visualscripting@1.8.0\Editor\VisualScripting.Core\Dependencies\DotNetZip\Unity.VisualScripting.IonicZip.dll
- Loaded All Assemblies, in  0.921 seconds
Refreshing native plugins compatible for Editor in 9.12 ms, found 6 plugins.
Native extension for WindowsStandalone target not found
Mono: successfully reloaded assembly
- Finished resetting the current domain, in  1.850 seconds
Domain Reload Profiling: 2767ms
	BeginReloadAssembly (178ms)
		ExecutionOrderSort (0ms)
		DisableScriptedObjects (5ms)
		BackupInstance (0ms)
		ReleaseScriptingObjects (0ms)
		CreateAndSetChildDomain (51ms)
	RebuildCommonClasses (37ms)
	RebuildNativeTypeToScriptingClass (13ms)
	initialDomainReloadingComplete (38ms)
	LoadAllAssembliesAndSetupDomain (651ms)
		LoadAssemblies (311ms)
		RebuildTransferFunctionScriptingTraits (0ms)
		AnalyzeDomain (408ms)
			TypeCache.Refresh (388ms)
				TypeCache.ScanAssembly (369ms)
			ScanForSourceGeneratedMonoScriptInfo (0ms)
			ResolveRequiredComponents (19ms)
	FinalizeReload (1850ms)
		ReleaseScriptCaches (0ms)
		RebuildScriptCaches (0ms)
		SetupLoadedEditorAssemblies (829ms)
			LogAssemblyErrors (0ms)
			InitializePlatformSupportModulesInManaged (9ms)
			SetLoadedEditorAssemblies (5ms)
			RefreshPlugins (0ms)
			BeforeProcessingInitializeOnLoad (115ms)
			ProcessInitializeOnLoadAttributes (660ms)
			ProcessInitializeOnLoadMethodAttributes (32ms)
			AfterProcessingInitializeOnLoad (9ms)
			EditorAssembliesLoaded (0ms)
		ExecutionOrderSort2 (0ms)
		AwakeInstancesAfterBackupRestoration (19ms)
Refreshing native plugins compatible for Editor in 6.09 ms, found 6 plugins.
Preloading 0 native plugins for Editor in 0.00 ms.
Unloading 7354 Unused Serialized files (Serialized files now loaded: 0)
Unloading 188 unused Assets / (13.1 MB). Loaded Objects now: 8168.
Memory consumption went from 286.2 MB to 273.1 MB.
Total: 7.753000 ms (FindLiveObjects: 0.721900 ms CreateObjectMapping: 0.414500 ms MarkObjects: 3.914900 ms  DeleteObjects: 2.700500 ms)

Prepare: number of updated asset objects reloaded= 0
AssetImportParameters requested are different than current active one (requested -> active):
  custom:container-demuxer-ogg: 62fdf1f143b41e24485cea50d1cbac27 -> 
  custom:framework-win-MediaFoundation: 216162199b28c13a410421893ffa2e32 -> 
  custom:container-muxer-webm: aa71ff27fc2769a1b78a27578f13a17b -> 
  custom:video-decoder-webm-vp8: 9c59270c3fd7afecdb556c50c9e8de78 -> 
  custom:SearchIndexIgnoredProperties: e643bd26f0fe6173181afceb89e7c659 -> 
  custom:AudioImporter_EditorPlatform: d09bf68614088b80899f8185d706f6e7 -> 
  custom:audio-decoder-ogg-vorbis: bf7c407c2cedff20999df2af8eb42d56 -> 
  custom:audio-encoder-webm-vorbis: bf7c407c2cedff20999df2af8eb42d56 -> 
  custom:video-codec-MediaFoundation-h265: 746d11721c4dcdbdad8f713fa42b33f4 -> 
  custom:video-decoder-ogg-theora: a1e56fd34408186e4bbccfd4996cb3dc -> 
  custom:CustomObjectIndexerAttribute: a3ef5dd2817f97addfee359851a9dba5 -> 
  custom:container-demuxer-webm: 4f35f7cbe854078d1ac9338744f61a02 -> 
  custom:video-encoder-webm-vp8: eb34c28f22e8b96e1ab97ce403110664 -> 
========================================================================
Received Prepare
Begin MonoManager ReloadAssembly
Symbol file LoadedFromMemory doesn't match image C:\Users\PIMG\Documents\GitHub\Stoned-Ape-Runner\Stoned Ape Runner\Library\PackageCache\com.unity.visualscripting@1.8.0\Editor\VisualScripting.Core\Dependencies\YamlDotNet\Unity.VisualScripting.YamlDotNet.dll
Symbol file LoadedFromMemory doesn't match image C:\Users\PIMG\Documents\GitHub\Stoned-Ape-Runner\Stoned Ape Runner\Library\PackageCache\com.unity.visualscripting@1.8.0\Editor\VisualScripting.Core\Dependencies\DotNetZip\Unity.VisualScripting.IonicZip.dll
- Loaded All Assemblies, in  0.969 seconds
Refreshing native plugins compatible for Editor in 7.86 ms, found 6 plugins.
Native extension for WindowsStandalone target not found
Mono: successfully reloaded assembly
- Finished resetting the current domain, in  1.838 seconds
Domain Reload Profiling: 2803ms
	BeginReloadAssembly (185ms)
		ExecutionOrderSort (0ms)
		DisableScriptedObjects (5ms)
		BackupInstance (0ms)
		ReleaseScriptingObjects (0ms)
		CreateAndSetChildDomain (56ms)
	RebuildCommonClasses (41ms)
	RebuildNativeTypeToScriptingClass (12ms)
	initialDomainReloadingComplete (39ms)
	LoadAllAssembliesAndSetupDomain (689ms)
		LoadAssemblies (374ms)
		RebuildTransferFunctionScriptingTraits (0ms)
		AnalyzeDomain (388ms)
			TypeCache.Refresh (375ms)
				TypeCache.ScanAssembly (358ms)
			ScanForSourceGeneratedMonoScriptInfo (0ms)
			ResolveRequiredComponents (13ms)
	FinalizeReload (1838ms)
		ReleaseScriptCaches (0ms)
		RebuildScriptCaches (0ms)
		SetupLoadedEditorAssemblies (803ms)
			LogAssemblyErrors (0ms)
			InitializePlatformSupportModulesInManaged (7ms)
			SetLoadedEditorAssemblies (4ms)
			RefreshPlugins (0ms)
			BeforeProcessingInitializeOnLoad (111ms)
			ProcessInitializeOnLoadAttributes (637ms)
			ProcessInitializeOnLoadMethodAttributes (33ms)
			AfterProcessingInitializeOnLoad (11ms)
			EditorAssembliesLoaded (0ms)
		ExecutionOrderSort2 (0ms)
		AwakeInstancesAfterBackupRestoration (21ms)
Refreshing native plugins compatible for Editor in 6.41 ms, found 6 plugins.
Preloading 0 native plugins for Editor in 0.00 ms.
Unloading 7354 Unused Serialized files (Serialized files now loaded: 0)
Unloading 188 unused Assets / (13.1 MB). Loaded Objects now: 8184.
Memory consumption went from 286.2 MB to 273.1 MB.
Total: 7.732700 ms (FindLiveObjects: 0.559100 ms CreateObjectMapping: 0.344700 ms MarkObjects: 4.373800 ms  DeleteObjects: 2.454200 ms)

Prepare: number of updated asset objects reloaded= 0
AssetImportParameters requested are different than current active one (requested -> active):
  custom:container-demuxer-ogg: 62fdf1f143b41e24485cea50d1cbac27 -> 
  custom:framework-win-MediaFoundation: 216162199b28c13a410421893ffa2e32 -> 
  custom:container-muxer-webm: aa71ff27fc2769a1b78a27578f13a17b -> 
  custom:video-decoder-webm-vp8: 9c59270c3fd7afecdb556c50c9e8de78 -> 
  custom:SearchIndexIgnoredProperties: e643bd26f0fe6173181afceb89e7c659 -> 
  custom:AudioImporter_EditorPlatform: d09bf68614088b80899f8185d706f6e7 -> 
  custom:audio-decoder-ogg-vorbis: bf7c407c2cedff20999df2af8eb42d56 -> 
  custom:audio-encoder-webm-vorbis: bf7c407c2cedff20999df2af8eb42d56 -> 
  custom:video-codec-MediaFoundation-h265: 746d11721c4dcdbdad8f713fa42b33f4 -> 
  custom:video-decoder-ogg-theora: a1e56fd34408186e4bbccfd4996cb3dc -> 
  custom:CustomObjectIndexerAttribute: a3ef5dd2817f97addfee359851a9dba5 -> 
  custom:container-demuxer-webm: 4f35f7cbe854078d1ac9338744f61a02 -> 
  custom:video-encoder-webm-vp8: eb34c28f22e8b96e1ab97ce403110664 -> 
========================================================================
Received Import Request.
  Time since last request: 49916.235306 seconds.
  path: Assets/Animations/unity-chan!/Unity-chan! Model/Art/Stage/Materials/unitychan_tile4.mat
  artifactKey: Guid(0f2978993cddc449c99a4e1893ed3479) Importer(815301076,1909f56bfc062723c751e8b465ee728b)
Start importing Assets/Animations/unity-chan!/Unity-chan! Model/Art/Stage/Materials/unitychan_tile4.mat using Guid(0f2978993cddc449c99a4e1893ed3479) Importer(815301076,1909f56bfc062723c751e8b465ee728b)  -> (artifact id: '8c0a128628681daa30003bb43e9bff68') in 0.014227 seconds
Number of updated asset objects reloaded before import = 0
Number of asset objects unloaded after import = 1
========================================================================
Received Import Request.
  Time since last request: 0.000039 seconds.
  path: Assets/Animations/unity-chan!/Unity-chan! Model/Art/Stage/Materials/unitychan_tile6.mat
  artifactKey: Guid(330274cf2c5de4464a4b4b243b59e371) Importer(815301076,1909f56bfc062723c751e8b465ee728b)
Start importing Assets/Animations/unity-chan!/Unity-chan! Model/Art/Stage/Materials/unitychan_tile6.mat using Guid(330274cf2c5de4464a4b4b243b59e371) Importer(815301076,1909f56bfc062723c751e8b465ee728b)  -> (artifact id: 'c611110a05aec73e0ec80a244b0558f3') in 0.001358 seconds
Number of updated asset objects reloaded before import = 0
Number of asset objects unloaded after import = 1
========================================================================
Received Prepare
Begin MonoManager ReloadAssembly
Symbol file LoadedFromMemory doesn't match image C:\Users\PIMG\Documents\GitHub\Stoned-Ape-Runner\Stoned Ape Runner\Library\PackageCache\com.unity.visualscripting@1.8.0\Editor\VisualScripting.Core\Dependencies\YamlDotNet\Unity.VisualScripting.YamlDotNet.dll
Symbol file LoadedFromMemory doesn't match image C:\Users\PIMG\Documents\GitHub\Stoned-Ape-Runner\Stoned Ape Runner\Library\PackageCache\com.unity.visualscripting@1.8.0\Editor\VisualScripting.Core\Dependencies\DotNetZip\Unity.VisualScripting.IonicZip.dll
- Loaded All Assemblies, in  3.039 seconds
Refreshing native plugins compatible for Editor in 7.36 ms, found 6 plugins.
Native extension for WindowsStandalone target not found
Mono: successfully reloaded assembly
- Finished resetting the current domain, in 34.393 seconds
Domain Reload Profiling: 37426ms
	BeginReloadAssembly (209ms)
		ExecutionOrderSort (0ms)
		DisableScriptedObjects (7ms)
		BackupInstance (0ms)
		ReleaseScriptingObjects (0ms)
		CreateAndSetChildDomain (61ms)
	RebuildCommonClasses (48ms)
	RebuildNativeTypeToScriptingClass (20ms)
	initialDomainReloadingComplete (46ms)
	LoadAllAssembliesAndSetupDomain (2710ms)
		LoadAssemblies (2234ms)
		RebuildTransferFunctionScriptingTraits (0ms)
		AnalyzeDomain (556ms)
			TypeCache.Refresh (539ms)
				TypeCache.ScanAssembly (521ms)
			ScanForSourceGeneratedMonoScriptInfo (0ms)
			ResolveRequiredComponents (16ms)
	FinalizeReload (34393ms)
		ReleaseScriptCaches (0ms)
		RebuildScriptCaches (0ms)
		SetupLoadedEditorAssemblies (849ms)
			LogAssemblyErrors (0ms)
			InitializePlatformSupportModulesInManaged (9ms)
			SetLoadedEditorAssemblies (4ms)
			RefreshPlugins (0ms)
			BeforeProcessingInitializeOnLoad (115ms)
			ProcessInitializeOnLoadAttributes (674ms)
			ProcessInitializeOnLoadMethodAttributes (35ms)
			AfterProcessingInitializeOnLoad (11ms)
			EditorAssembliesLoaded (0ms)
		ExecutionOrderSort2 (0ms)
		AwakeInstancesAfterBackupRestoration (22ms)
Refreshing native plugins compatible for Editor in 6.91 ms, found 6 plugins.
Preloading 0 native plugins for Editor in 0.00 ms.
Unloading 7354 Unused Serialized files (Serialized files now loaded: 0)
Unloading 188 unused Assets / (13.1 MB). Loaded Objects now: 8200.
Memory consumption went from 286.2 MB to 273.1 MB.
Total: 9.627200 ms (FindLiveObjects: 0.717200 ms CreateObjectMapping: 0.966200 ms MarkObjects: 5.076000 ms  DeleteObjects: 2.866700 ms)

Prepare: number of updated asset objects reloaded= 0
AssetImportParameters requested are different than current active one (requested -> active):
  custom:container-demuxer-ogg: 62fdf1f143b41e24485cea50d1cbac27 -> 
  custom:framework-win-MediaFoundation: 216162199b28c13a410421893ffa2e32 -> 
  custom:container-muxer-webm: aa71ff27fc2769a1b78a27578f13a17b -> 
  custom:video-decoder-webm-vp8: 9c59270c3fd7afecdb556c50c9e8de78 -> 
  custom:SearchIndexIgnoredProperties: e643bd26f0fe6173181afceb89e7c659 -> 
  custom:AudioImporter_EditorPlatform: d09bf68614088b80899f8185d706f6e7 -> 
  custom:audio-decoder-ogg-vorbis: bf7c407c2cedff20999df2af8eb42d56 -> 
  custom:audio-encoder-webm-vorbis: bf7c407c2cedff20999df2af8eb42d56 -> 
  custom:video-codec-MediaFoundation-h265: 746d11721c4dcdbdad8f713fa42b33f4 -> 
  custom:video-decoder-ogg-theora: a1e56fd34408186e4bbccfd4996cb3dc -> 
  custom:CustomObjectIndexerAttribute: a3ef5dd2817f97addfee359851a9dba5 -> 
  custom:container-demuxer-webm: 4f35f7cbe854078d1ac9338744f61a02 -> 
  custom:video-encoder-webm-vp8: eb34c28f22e8b96e1ab97ce403110664 -> 
========================================================================
Received Prepare
Begin MonoManager ReloadAssembly
Symbol file LoadedFromMemory doesn't match image C:\Users\PIMG\Documents\GitHub\Stoned-Ape-Runner\Stoned Ape Runner\Library\PackageCache\com.unity.visualscripting@1.8.0\Editor\VisualScripting.Core\Dependencies\YamlDotNet\Unity.VisualScripting.YamlDotNet.dll
Symbol file LoadedFromMemory doesn't match image C:\Users\PIMG\Documents\GitHub\Stoned-Ape-Runner\Stoned Ape Runner\Library\PackageCache\com.unity.visualscripting@1.8.0\Editor\VisualScripting.Core\Dependencies\DotNetZip\Unity.VisualScripting.IonicZip.dll
- Loaded All Assemblies, in  0.931 seconds
Refreshing native plugins compatible for Editor in 6.73 ms, found 6 plugins.
Native extension for WindowsStandalone target not found
Mono: successfully reloaded assembly
- Finished resetting the current domain, in  1.897 seconds
Domain Reload Profiling: 2824ms
	BeginReloadAssembly (192ms)
		ExecutionOrderSort (0ms)
		DisableScriptedObjects (7ms)
		BackupInstance (0ms)
		ReleaseScriptingObjects (0ms)
		CreateAndSetChildDomain (57ms)
	RebuildCommonClasses (36ms)
	RebuildNativeTypeToScriptingClass (14ms)
	initialDomainReloadingComplete (38ms)
	LoadAllAssembliesAndSetupDomain (647ms)
		LoadAssemblies (316ms)
		RebuildTransferFunctionScriptingTraits (0ms)
		AnalyzeDomain (402ms)
			TypeCache.Refresh (387ms)
				TypeCache.ScanAssembly (372ms)
			ScanForSourceGeneratedMonoScriptInfo (0ms)
			ResolveRequiredComponents (15ms)
	FinalizeReload (1898ms)
		ReleaseScriptCaches (0ms)
		RebuildScriptCaches (0ms)
		SetupLoadedEditorAssemblies (828ms)
			LogAssemblyErrors (0ms)
			InitializePlatformSupportModulesInManaged (7ms)
			SetLoadedEditorAssemblies (3ms)
			RefreshPlugins (0ms)
			BeforeProcessingInitializeOnLoad (111ms)
			ProcessInitializeOnLoadAttributes (662ms)
			ProcessInitializeOnLoadMethodAttributes (35ms)
			AfterProcessingInitializeOnLoad (9ms)
			EditorAssembliesLoaded (0ms)
		ExecutionOrderSort2 (0ms)
		AwakeInstancesAfterBackupRestoration (20ms)
Refreshing native plugins compatible for Editor in 5.95 ms, found 6 plugins.
Preloading 0 native plugins for Editor in 0.00 ms.
Unloading 7354 Unused Serialized files (Serialized files now loaded: 0)
Unloading 188 unused Assets / (13.1 MB). Loaded Objects now: 8216.
Memory consumption went from 286.3 MB to 273.1 MB.
Total: 8.823100 ms (FindLiveObjects: 0.671800 ms CreateObjectMapping: 0.925000 ms MarkObjects: 4.123500 ms  DeleteObjects: 3.101500 ms)

Prepare: number of updated asset objects reloaded= 0
AssetImportParameters requested are different than current active one (requested -> active):
  custom:container-demuxer-ogg: 62fdf1f143b41e24485cea50d1cbac27 -> 
  custom:framework-win-MediaFoundation: 216162199b28c13a410421893ffa2e32 -> 
  custom:container-muxer-webm: aa71ff27fc2769a1b78a27578f13a17b -> 
  custom:video-decoder-webm-vp8: 9c59270c3fd7afecdb556c50c9e8de78 -> 
  custom:SearchIndexIgnoredProperties: e643bd26f0fe6173181afceb89e7c659 -> 
  custom:AudioImporter_EditorPlatform: d09bf68614088b80899f8185d706f6e7 -> 
  custom:audio-decoder-ogg-vorbis: bf7c407c2cedff20999df2af8eb42d56 -> 
  custom:audio-encoder-webm-vorbis: bf7c407c2cedff20999df2af8eb42d56 -> 
  custom:video-codec-MediaFoundation-h265: 746d11721c4dcdbdad8f713fa42b33f4 -> 
  custom:video-decoder-ogg-theora: a1e56fd34408186e4bbccfd4996cb3dc -> 
  custom:CustomObjectIndexerAttribute: a3ef5dd2817f97addfee359851a9dba5 -> 
  custom:container-demuxer-webm: 4f35f7cbe854078d1ac9338744f61a02 -> 
  custom:video-encoder-webm-vp8: eb34c28f22e8b96e1ab97ce403110664 -> 
========================================================================
Received Prepare
Begin MonoManager ReloadAssembly
Symbol file LoadedFromMemory doesn't match image C:\Users\PIMG\Documents\GitHub\Stoned-Ape-Runner\Stoned Ape Runner\Library\PackageCache\com.unity.visualscripting@1.8.0\Editor\VisualScripting.Core\Dependencies\YamlDotNet\Unity.VisualScripting.YamlDotNet.dll
Symbol file LoadedFromMemory doesn't match image C:\Users\PIMG\Documents\GitHub\Stoned-Ape-Runner\Stoned Ape Runner\Library\PackageCache\com.unity.visualscripting@1.8.0\Editor\VisualScripting.Core\Dependencies\DotNetZip\Unity.VisualScripting.IonicZip.dll
- Loaded All Assemblies, in  0.948 seconds
Refreshing native plugins compatible for Editor in 8.38 ms, found 6 plugins.
Native extension for WindowsStandalone target not found
Mono: successfully reloaded assembly
- Finished resetting the current domain, in  2.004 seconds
Domain Reload Profiling: 2947ms
	BeginReloadAssembly (196ms)
		ExecutionOrderSort (0ms)
		DisableScriptedObjects (7ms)
		BackupInstance (0ms)
		ReleaseScriptingObjects (0ms)
		CreateAndSetChildDomain (61ms)
	RebuildCommonClasses (43ms)
	RebuildNativeTypeToScriptingClass (15ms)
	initialDomainReloadingComplete (39ms)
	LoadAllAssembliesAndSetupDomain (650ms)
		LoadAssemblies (312ms)
		RebuildTransferFunctionScriptingTraits (0ms)
		AnalyzeDomain (410ms)
			TypeCache.Refresh (395ms)
				TypeCache.ScanAssembly (379ms)
			ScanForSourceGeneratedMonoScriptInfo (0ms)
			ResolveRequiredComponents (15ms)
	FinalizeReload (2004ms)
		ReleaseScriptCaches (0ms)
		RebuildScriptCaches (0ms)
		SetupLoadedEditorAssemblies (890ms)
			LogAssemblyErrors (0ms)
			InitializePlatformSupportModulesInManaged (10ms)
			SetLoadedEditorAssemblies (4ms)
			RefreshPlugins (0ms)
			BeforeProcessingInitializeOnLoad (123ms)
			ProcessInitializeOnLoadAttributes (704ms)
			ProcessInitializeOnLoadMethodAttributes (37ms)
			AfterProcessingInitializeOnLoad (11ms)
			EditorAssembliesLoaded (0ms)
		ExecutionOrderSort2 (0ms)
		AwakeInstancesAfterBackupRestoration (20ms)
Refreshing native plugins compatible for Editor in 10.37 ms, found 6 plugins.
Preloading 0 native plugins for Editor in 0.00 ms.
Unloading 7354 Unused Serialized files (Serialized files now loaded: 0)
Unloading 188 unused Assets / (13.1 MB). Loaded Objects now: 8232.
Memory consumption went from 286.3 MB to 273.1 MB.
Total: 9.036100 ms (FindLiveObjects: 0.735400 ms CreateObjectMapping: 0.489500 ms MarkObjects: 4.537300 ms  DeleteObjects: 3.272400 ms)

Prepare: number of updated asset objects reloaded= 0
AssetImportParameters requested are different than current active one (requested -> active):
  custom:container-demuxer-ogg: 62fdf1f143b41e24485cea50d1cbac27 -> 
  custom:framework-win-MediaFoundation: 216162199b28c13a410421893ffa2e32 -> 
  custom:container-muxer-webm: aa71ff27fc2769a1b78a27578f13a17b -> 
  custom:video-decoder-webm-vp8: 9c59270c3fd7afecdb556c50c9e8de78 -> 
  custom:SearchIndexIgnoredProperties: e643bd26f0fe6173181afceb89e7c659 -> 
  custom:AudioImporter_EditorPlatform: d09bf68614088b80899f8185d706f6e7 -> 
  custom:audio-decoder-ogg-vorbis: bf7c407c2cedff20999df2af8eb42d56 -> 
  custom:audio-encoder-webm-vorbis: bf7c407c2cedff20999df2af8eb42d56 -> 
  custom:video-codec-MediaFoundation-h265: 746d11721c4dcdbdad8f713fa42b33f4 -> 
  custom:video-decoder-ogg-theora: a1e56fd34408186e4bbccfd4996cb3dc -> 
  custom:CustomObjectIndexerAttribute: a3ef5dd2817f97addfee359851a9dba5 -> 
  custom:container-demuxer-webm: 4f35f7cbe854078d1ac9338744f61a02 -> 
  custom:video-encoder-webm-vp8: eb34c28f22e8b96e1ab97ce403110664 -> 
========================================================================
Received Import Request.
  Time since last request: 12257.693510 seconds.
  path: Assets/Audio/Any Octave Vol. 4.1.mp3
  artifactKey: Guid(eb3ea894e25f95d4d9172287294ecc30) Importer(815301076,1909f56bfc062723c751e8b465ee728b)
Start importing Assets/Audio/Any Octave Vol. 4.1.mp3 using Guid(eb3ea894e25f95d4d9172287294ecc30) Importer(815301076,1909f56bfc062723c751e8b465ee728b)  -> (artifact id: 'e2e15ae10ebaed18ac2d898b6d467c99') in 0.054126 seconds
Number of updated asset objects reloaded before import = 0
Number of asset objects unloaded after import = 1
========================================================================
Received Prepare
Begin MonoManager ReloadAssembly
Symbol file LoadedFromMemory doesn't match image C:\Users\PIMG\Documents\GitHub\Stoned-Ape-Runner\Stoned Ape Runner\Library\PackageCache\com.unity.visualscripting@1.8.0\Editor\VisualScripting.Core\Dependencies\YamlDotNet\Unity.VisualScripting.YamlDotNet.dll
Symbol file LoadedFromMemory doesn't match image C:\Users\PIMG\Documents\GitHub\Stoned-Ape-Runner\Stoned Ape Runner\Library\PackageCache\com.unity.visualscripting@1.8.0\Editor\VisualScripting.Core\Dependencies\DotNetZip\Unity.VisualScripting.IonicZip.dll
- Loaded All Assemblies, in  3.458 seconds
Refreshing native plugins compatible for Editor in 7.93 ms, found 6 plugins.
Native extension for WindowsStandalone target not found
Mono: successfully reloaded assembly
- Finished resetting the current domain, in 34.182 seconds
Domain Reload Profiling: 37636ms
	BeginReloadAssembly (364ms)
		ExecutionOrderSort (0ms)
		DisableScriptedObjects (14ms)
		BackupInstance (0ms)
		ReleaseScriptingObjects (1ms)
		CreateAndSetChildDomain (163ms)
	RebuildCommonClasses (41ms)
	RebuildNativeTypeToScriptingClass (18ms)
	initialDomainReloadingComplete (46ms)
	LoadAllAssembliesAndSetupDomain (2984ms)
		LoadAssemblies (2403ms)
		RebuildTransferFunctionScriptingTraits (0ms)
		AnalyzeDomain (678ms)
			TypeCache.Refresh (659ms)
				TypeCache.ScanAssembly (596ms)
			ScanForSourceGeneratedMonoScriptInfo (0ms)
			ResolveRequiredComponents (19ms)
	FinalizeReload (34182ms)
		ReleaseScriptCaches (0ms)
		RebuildScriptCaches (0ms)
		SetupLoadedEditorAssemblies (1018ms)
			LogAssemblyErrors (0ms)
			InitializePlatformSupportModulesInManaged (14ms)
			SetLoadedEditorAssemblies (5ms)
			RefreshPlugins (0ms)
			BeforeProcessingInitializeOnLoad (136ms)
			ProcessInitializeOnLoadAttributes (807ms)
			ProcessInitializeOnLoadMethodAttributes (43ms)
			AfterProcessingInitializeOnLoad (12ms)
			EditorAssembliesLoaded (0ms)
		ExecutionOrderSort2 (0ms)
		AwakeInstancesAfterBackupRestoration (23ms)
Refreshing native plugins compatible for Editor in 7.30 ms, found 6 plugins.
Preloading 0 native plugins for Editor in 0.00 ms.
Unloading 7354 Unused Serialized files (Serialized files now loaded: 0)
Unloading 188 unused Assets / (13.1 MB). Loaded Objects now: 8248.
Memory consumption went from 286.3 MB to 273.2 MB.
Total: 10.722500 ms (FindLiveObjects: 0.804000 ms CreateObjectMapping: 0.937700 ms MarkObjects: 6.500200 ms  DeleteObjects: 2.479500 ms)

Prepare: number of updated asset objects reloaded= 0
AssetImportParameters requested are different than current active one (requested -> active):
  custom:container-demuxer-ogg: 62fdf1f143b41e24485cea50d1cbac27 -> 
  custom:framework-win-MediaFoundation: 216162199b28c13a410421893ffa2e32 -> 
  custom:container-muxer-webm: aa71ff27fc2769a1b78a27578f13a17b -> 
  custom:video-decoder-webm-vp8: 9c59270c3fd7afecdb556c50c9e8de78 -> 
  custom:SearchIndexIgnoredProperties: e643bd26f0fe6173181afceb89e7c659 -> 
  custom:AudioImporter_EditorPlatform: d09bf68614088b80899f8185d706f6e7 -> 
  custom:audio-decoder-ogg-vorbis: bf7c407c2cedff20999df2af8eb42d56 -> 
  custom:audio-encoder-webm-vorbis: bf7c407c2cedff20999df2af8eb42d56 -> 
  custom:video-codec-MediaFoundation-h265: 746d11721c4dcdbdad8f713fa42b33f4 -> 
  custom:video-decoder-ogg-theora: a1e56fd34408186e4bbccfd4996cb3dc -> 
  custom:CustomObjectIndexerAttribute: a3ef5dd2817f97addfee359851a9dba5 -> 
  custom:container-demuxer-webm: 4f35f7cbe854078d1ac9338744f61a02 -> 
  custom:video-encoder-webm-vp8: eb34c28f22e8b96e1ab97ce403110664 -> 
========================================================================
Received Import Request.
  Time since last request: 543.514131 seconds.
  path: Assets/Audio/Stoned Ape Theme/Start Sound 2.wav
  artifactKey: Guid(bdd32ed3596d0d1418696645c333f372) Importer(815301076,1909f56bfc062723c751e8b465ee728b)
Start importing Assets/Audio/Stoned Ape Theme/Start Sound 2.wav using Guid(bdd32ed3596d0d1418696645c333f372) Importer(815301076,1909f56bfc062723c751e8b465ee728b)  -> (artifact id: 'c263441d0f2af398470e3c0b4fc7aa25') in 0.017821 seconds
Number of updated asset objects reloaded before import = 0
Number of asset objects unloaded after import = 1
========================================================================
Received Import Request.
  Time since last request: 0.000017 seconds.
  path: Assets/Audio/Stoned Ape Theme/Stoned Ape Bass Slide.wav
  artifactKey: Guid(2919dbb6a7f3c464689e82a868122697) Importer(815301076,1909f56bfc062723c751e8b465ee728b)
Start importing Assets/Audio/Stoned Ape Theme/Stoned Ape Bass Slide.wav using Guid(2919dbb6a7f3c464689e82a868122697) Importer(815301076,1909f56bfc062723c751e8b465ee728b)  -> (artifact id: '07f552fe7a19b9f24ca8ed49c7a78762') in 0.001233 seconds
Number of updated asset objects reloaded before import = 0
Number of asset objects unloaded after import = 1
========================================================================
Received Prepare
Begin MonoManager ReloadAssembly
Symbol file LoadedFromMemory doesn't match image C:\Users\PIMG\Documents\GitHub\Stoned-Ape-Runner\Stoned Ape Runner\Library\PackageCache\com.unity.visualscripting@1.8.0\Editor\VisualScripting.Core\Dependencies\YamlDotNet\Unity.VisualScripting.YamlDotNet.dll
Symbol file LoadedFromMemory doesn't match image C:\Users\PIMG\Documents\GitHub\Stoned-Ape-Runner\Stoned Ape Runner\Library\PackageCache\com.unity.visualscripting@1.8.0\Editor\VisualScripting.Core\Dependencies\DotNetZip\Unity.VisualScripting.IonicZip.dll
- Loaded All Assemblies, in  1.053 seconds
Refreshing native plugins compatible for Editor in 6.20 ms, found 6 plugins.
Native extension for WindowsStandalone target not found
Mono: successfully reloaded assembly
- Finished resetting the current domain, in  2.232 seconds
Domain Reload Profiling: 3276ms
	BeginReloadAssembly (196ms)
		ExecutionOrderSort (0ms)
		DisableScriptedObjects (7ms)
		BackupInstance (0ms)
		ReleaseScriptingObjects (0ms)
		CreateAndSetChildDomain (57ms)
	RebuildCommonClasses (40ms)
	RebuildNativeTypeToScriptingClass (21ms)
	initialDomainReloadingComplete (41ms)
	LoadAllAssembliesAndSetupDomain (745ms)
		LoadAssemblies (342ms)
		RebuildTransferFunctionScriptingTraits (0ms)
		AnalyzeDomain (481ms)
			TypeCache.Refresh (461ms)
				TypeCache.ScanAssembly (441ms)
			ScanForSourceGeneratedMonoScriptInfo (0ms)
			ResolveRequiredComponents (20ms)
	FinalizeReload (2233ms)
		ReleaseScriptCaches (0ms)
		RebuildScriptCaches (0ms)
		SetupLoadedEditorAssemblies (1015ms)
			LogAssemblyErrors (0ms)
			InitializePlatformSupportModulesInManaged (10ms)
			SetLoadedEditorAssemblies (4ms)
			RefreshPlugins (0ms)
			BeforeProcessingInitializeOnLoad (133ms)
			ProcessInitializeOnLoadAttributes (812ms)
			ProcessInitializeOnLoadMethodAttributes (42ms)
			AfterProcessingInitializeOnLoad (13ms)
			EditorAssembliesLoaded (0ms)
		ExecutionOrderSort2 (0ms)
		AwakeInstancesAfterBackupRestoration (22ms)
Refreshing native plugins compatible for Editor in 9.01 ms, found 6 plugins.
Preloading 0 native plugins for Editor in 0.00 ms.
Unloading 7354 Unused Serialized files (Serialized files now loaded: 0)
Unloading 188 unused Assets / (13.1 MB). Loaded Objects now: 8264.
Memory consumption went from 286.3 MB to 273.2 MB.
Total: 9.318400 ms (FindLiveObjects: 0.636600 ms CreateObjectMapping: 0.432400 ms MarkObjects: 4.549200 ms  DeleteObjects: 3.698900 ms)

Prepare: number of updated asset objects reloaded= 0
AssetImportParameters requested are different than current active one (requested -> active):
  custom:container-demuxer-ogg: 62fdf1f143b41e24485cea50d1cbac27 -> 
  custom:framework-win-MediaFoundation: 216162199b28c13a410421893ffa2e32 -> 
  custom:container-muxer-webm: aa71ff27fc2769a1b78a27578f13a17b -> 
  custom:video-decoder-webm-vp8: 9c59270c3fd7afecdb556c50c9e8de78 -> 
  custom:SearchIndexIgnoredProperties: e643bd26f0fe6173181afceb89e7c659 -> 
  custom:AudioImporter_EditorPlatform: d09bf68614088b80899f8185d706f6e7 -> 
  custom:audio-decoder-ogg-vorbis: bf7c407c2cedff20999df2af8eb42d56 -> 
  custom:audio-encoder-webm-vorbis: bf7c407c2cedff20999df2af8eb42d56 -> 
  custom:video-codec-MediaFoundation-h265: 746d11721c4dcdbdad8f713fa42b33f4 -> 
  custom:video-decoder-ogg-theora: a1e56fd34408186e4bbccfd4996cb3dc -> 
  custom:CustomObjectIndexerAttribute: a3ef5dd2817f97addfee359851a9dba5 -> 
  custom:container-demuxer-webm: 4f35f7cbe854078d1ac9338744f61a02 -> 
  custom:video-encoder-webm-vp8: eb34c28f22e8b96e1ab97ce403110664 -> 
========================================================================
Received Prepare
Begin MonoManager ReloadAssembly
Symbol file LoadedFromMemory doesn't match image C:\Users\PIMG\Documents\GitHub\Stoned-Ape-Runner\Stoned Ape Runner\Library\PackageCache\com.unity.visualscripting@1.8.0\Editor\VisualScripting.Core\Dependencies\YamlDotNet\Unity.VisualScripting.YamlDotNet.dll
Symbol file LoadedFromMemory doesn't match image C:\Users\PIMG\Documents\GitHub\Stoned-Ape-Runner\Stoned Ape Runner\Library\PackageCache\com.unity.visualscripting@1.8.0\Editor\VisualScripting.Core\Dependencies\DotNetZip\Unity.VisualScripting.IonicZip.dll
- Loaded All Assemblies, in  1.014 seconds
Refreshing native plugins compatible for Editor in 7.04 ms, found 6 plugins.
Native extension for WindowsStandalone target not found
Mono: successfully reloaded assembly
- Finished resetting the current domain, in  2.177 seconds
Domain Reload Profiling: 3187ms
	BeginReloadAssembly (195ms)
		ExecutionOrderSort (0ms)
		DisableScriptedObjects (6ms)
		BackupInstance (0ms)
		ReleaseScriptingObjects (0ms)
		CreateAndSetChildDomain (55ms)
	RebuildCommonClasses (47ms)
	RebuildNativeTypeToScriptingClass (19ms)
	initialDomainReloadingComplete (38ms)
	LoadAllAssembliesAndSetupDomain (710ms)
		LoadAssemblies (340ms)
		RebuildTransferFunctionScriptingTraits (0ms)
		AnalyzeDomain (450ms)
			TypeCache.Refresh (434ms)
				TypeCache.ScanAssembly (417ms)
			ScanForSourceGeneratedMonoScriptInfo (0ms)
			ResolveRequiredComponents (17ms)
	FinalizeReload (2178ms)
		ReleaseScriptCaches (0ms)
		RebuildScriptCaches (0ms)
		SetupLoadedEditorAssemblies (960ms)
			LogAssemblyErrors (0ms)
			InitializePlatformSupportModulesInManaged (9ms)
			SetLoadedEditorAssemblies (4ms)
			RefreshPlugins (0ms)
			BeforeProcessingInitializeOnLoad (141ms)
			ProcessInitializeOnLoadAttributes (752ms)
			ProcessInitializeOnLoadMethodAttributes (40ms)
			AfterProcessingInitializeOnLoad (13ms)
			EditorAssembliesLoaded (0ms)
		ExecutionOrderSort2 (0ms)
		AwakeInstancesAfterBackupRestoration (21ms)
Refreshing native plugins compatible for Editor in 11.51 ms, found 6 plugins.
Preloading 0 native plugins for Editor in 0.00 ms.
Unloading 7354 Unused Serialized files (Serialized files now loaded: 0)
Unloading 188 unused Assets / (13.1 MB). Loaded Objects now: 8280.
Memory consumption went from 286.3 MB to 273.2 MB.
Total: 12.539100 ms (FindLiveObjects: 0.769700 ms CreateObjectMapping: 0.946300 ms MarkObjects: 7.119100 ms  DeleteObjects: 3.702700 ms)

Prepare: number of updated asset objects reloaded= 0
AssetImportParameters requested are different than current active one (requested -> active):
  custom:container-demuxer-ogg: 62fdf1f143b41e24485cea50d1cbac27 -> 
  custom:framework-win-MediaFoundation: 216162199b28c13a410421893ffa2e32 -> 
  custom:container-muxer-webm: aa71ff27fc2769a1b78a27578f13a17b -> 
  custom:video-decoder-webm-vp8: 9c59270c3fd7afecdb556c50c9e8de78 -> 
  custom:SearchIndexIgnoredProperties: e643bd26f0fe6173181afceb89e7c659 -> 
  custom:AudioImporter_EditorPlatform: d09bf68614088b80899f8185d706f6e7 -> 
  custom:audio-decoder-ogg-vorbis: bf7c407c2cedff20999df2af8eb42d56 -> 
  custom:audio-encoder-webm-vorbis: bf7c407c2cedff20999df2af8eb42d56 -> 
  custom:video-codec-MediaFoundation-h265: 746d11721c4dcdbdad8f713fa42b33f4 -> 
  custom:video-decoder-ogg-theora: a1e56fd34408186e4bbccfd4996cb3dc -> 
  custom:CustomObjectIndexerAttribute: a3ef5dd2817f97addfee359851a9dba5 -> 
  custom:container-demuxer-webm: 4f35f7cbe854078d1ac9338744f61a02 -> 
  custom:video-encoder-webm-vp8: eb34c28f22e8b96e1ab97ce403110664 -> 
========================================================================
Received Prepare
Begin MonoManager ReloadAssembly
Symbol file LoadedFromMemory doesn't match image C:\Users\PIMG\Documents\GitHub\Stoned-Ape-Runner\Stoned Ape Runner\Library\PackageCache\com.unity.visualscripting@1.8.0\Editor\VisualScripting.Core\Dependencies\YamlDotNet\Unity.VisualScripting.YamlDotNet.dll
Symbol file LoadedFromMemory doesn't match image C:\Users\PIMG\Documents\GitHub\Stoned-Ape-Runner\Stoned Ape Runner\Library\PackageCache\com.unity.visualscripting@1.8.0\Editor\VisualScripting.Core\Dependencies\DotNetZip\Unity.VisualScripting.IonicZip.dll
- Loaded All Assemblies, in  0.996 seconds
Refreshing native plugins compatible for Editor in 5.87 ms, found 6 plugins.
Native extension for WindowsStandalone target not found
Mono: successfully reloaded assembly
- Finished resetting the current domain, in  1.855 seconds
Domain Reload Profiling: 2846ms
	BeginReloadAssembly (189ms)
		ExecutionOrderSort (0ms)
		DisableScriptedObjects (6ms)
		BackupInstance (0ms)
		ReleaseScriptingObjects (0ms)
		CreateAndSetChildDomain (51ms)
	RebuildCommonClasses (46ms)
	RebuildNativeTypeToScriptingClass (12ms)
	initialDomainReloadingComplete (34ms)
	LoadAllAssembliesAndSetupDomain (709ms)
		LoadAssemblies (353ms)
		RebuildTransferFunctionScriptingTraits (0ms)
		AnalyzeDomain (435ms)
			TypeCache.Refresh (419ms)
				TypeCache.ScanAssembly (403ms)
			ScanForSourceGeneratedMonoScriptInfo (0ms)
			ResolveRequiredComponents (16ms)
	FinalizeReload (1856ms)
		ReleaseScriptCaches (0ms)
		RebuildScriptCaches (0ms)
		SetupLoadedEditorAssemblies (819ms)
			LogAssemblyErrors (0ms)
			InitializePlatformSupportModulesInManaged (6ms)
			SetLoadedEditorAssemblies (3ms)
			RefreshPlugins (0ms)
			BeforeProcessingInitializeOnLoad (103ms)
			ProcessInitializeOnLoadAttributes (659ms)
			ProcessInitializeOnLoadMethodAttributes (37ms)
			AfterProcessingInitializeOnLoad (11ms)
			EditorAssembliesLoaded (0ms)
		ExecutionOrderSort2 (0ms)
		AwakeInstancesAfterBackupRestoration (20ms)
Refreshing native plugins compatible for Editor in 8.91 ms, found 6 plugins.
Preloading 0 native plugins for Editor in 0.00 ms.
Unloading 7354 Unused Serialized files (Serialized files now loaded: 0)
Unloading 188 unused Assets / (13.1 MB). Loaded Objects now: 8296.
Memory consumption went from 286.3 MB to 273.2 MB.
Total: 8.669200 ms (FindLiveObjects: 0.601600 ms CreateObjectMapping: 0.341200 ms MarkObjects: 4.714900 ms  DeleteObjects: 3.010300 ms)

Prepare: number of updated asset objects reloaded= 0
AssetImportParameters requested are different than current active one (requested -> active):
  custom:container-demuxer-ogg: 62fdf1f143b41e24485cea50d1cbac27 -> 
  custom:framework-win-MediaFoundation: 216162199b28c13a410421893ffa2e32 -> 
  custom:container-muxer-webm: aa71ff27fc2769a1b78a27578f13a17b -> 
  custom:video-decoder-webm-vp8: 9c59270c3fd7afecdb556c50c9e8de78 -> 
  custom:SearchIndexIgnoredProperties: e643bd26f0fe6173181afceb89e7c659 -> 
  custom:AudioImporter_EditorPlatform: d09bf68614088b80899f8185d706f6e7 -> 
  custom:audio-decoder-ogg-vorbis: bf7c407c2cedff20999df2af8eb42d56 -> 
  custom:audio-encoder-webm-vorbis: bf7c407c2cedff20999df2af8eb42d56 -> 
  custom:video-codec-MediaFoundation-h265: 746d11721c4dcdbdad8f713fa42b33f4 -> 
  custom:video-decoder-ogg-theora: a1e56fd34408186e4bbccfd4996cb3dc -> 
  custom:CustomObjectIndexerAttribute: a3ef5dd2817f97addfee359851a9dba5 -> 
  custom:container-demuxer-webm: 4f35f7cbe854078d1ac9338744f61a02 -> 
  custom:video-encoder-webm-vp8: eb34c28f22e8b96e1ab97ce403110664 -> 
========================================================================
Received Prepare
Begin MonoManager ReloadAssembly
Symbol file LoadedFromMemory doesn't match image C:\Users\PIMG\Documents\GitHub\Stoned-Ape-Runner\Stoned Ape Runner\Library\PackageCache\com.unity.visualscripting@1.8.0\Editor\VisualScripting.Core\Dependencies\YamlDotNet\Unity.VisualScripting.YamlDotNet.dll
Symbol file LoadedFromMemory doesn't match image C:\Users\PIMG\Documents\GitHub\Stoned-Ape-Runner\Stoned Ape Runner\Library\PackageCache\com.unity.visualscripting@1.8.0\Editor\VisualScripting.Core\Dependencies\DotNetZip\Unity.VisualScripting.IonicZip.dll
- Loaded All Assemblies, in  1.033 seconds
Refreshing native plugins compatible for Editor in 8.04 ms, found 6 plugins.
Native extension for WindowsStandalone target not found
Mono: successfully reloaded assembly
- Finished resetting the current domain, in  2.220 seconds
Domain Reload Profiling: 3248ms
	BeginReloadAssembly (189ms)
		ExecutionOrderSort (0ms)
		DisableScriptedObjects (6ms)
		BackupInstance (0ms)
		ReleaseScriptingObjects (0ms)
		CreateAndSetChildDomain (50ms)
	RebuildCommonClasses (55ms)
	RebuildNativeTypeToScriptingClass (17ms)
	initialDomainReloadingComplete (41ms)
	LoadAllAssembliesAndSetupDomain (725ms)
		LoadAssemblies (342ms)
		RebuildTransferFunctionScriptingTraits (0ms)
		AnalyzeDomain (459ms)
			TypeCache.Refresh (443ms)
				TypeCache.ScanAssembly (422ms)
			ScanForSourceGeneratedMonoScriptInfo (0ms)
			ResolveRequiredComponents (16ms)
	FinalizeReload (2220ms)
		ReleaseScriptCaches (0ms)
		RebuildScriptCaches (0ms)
		SetupLoadedEditorAssemblies (1011ms)
			LogAssemblyErrors (0ms)
			InitializePlatformSupportModulesInManaged (10ms)
			SetLoadedEditorAssemblies (5ms)
			RefreshPlugins (0ms)
			BeforeProcessingInitializeOnLoad (151ms)
			ProcessInitializeOnLoadAttributes (792ms)
			ProcessInitializeOnLoadMethodAttributes (42ms)
			AfterProcessingInitializeOnLoad (11ms)
			EditorAssembliesLoaded (0ms)
		ExecutionOrderSort2 (0ms)
		AwakeInstancesAfterBackupRestoration (22ms)
Refreshing native plugins compatible for Editor in 9.17 ms, found 6 plugins.
Preloading 0 native plugins for Editor in 0.00 ms.
Unloading 7354 Unused Serialized files (Serialized files now loaded: 0)
Unloading 188 unused Assets / (13.1 MB). Loaded Objects now: 8312.
Memory consumption went from 286.3 MB to 273.2 MB.
Total: 8.304200 ms (FindLiveObjects: 0.656600 ms CreateObjectMapping: 0.677600 ms MarkObjects: 4.432000 ms  DeleteObjects: 2.536600 ms)

Prepare: number of updated asset objects reloaded= 0
AssetImportParameters requested are different than current active one (requested -> active):
  custom:container-demuxer-ogg: 62fdf1f143b41e24485cea50d1cbac27 -> 
  custom:framework-win-MediaFoundation: 216162199b28c13a410421893ffa2e32 -> 
  custom:container-muxer-webm: aa71ff27fc2769a1b78a27578f13a17b -> 
  custom:video-decoder-webm-vp8: 9c59270c3fd7afecdb556c50c9e8de78 -> 
  custom:SearchIndexIgnoredProperties: e643bd26f0fe6173181afceb89e7c659 -> 
  custom:AudioImporter_EditorPlatform: d09bf68614088b80899f8185d706f6e7 -> 
  custom:audio-decoder-ogg-vorbis: bf7c407c2cedff20999df2af8eb42d56 -> 
  custom:audio-encoder-webm-vorbis: bf7c407c2cedff20999df2af8eb42d56 -> 
  custom:video-codec-MediaFoundation-h265: 746d11721c4dcdbdad8f713fa42b33f4 -> 
  custom:video-decoder-ogg-theora: a1e56fd34408186e4bbccfd4996cb3dc -> 
  custom:CustomObjectIndexerAttribute: a3ef5dd2817f97addfee359851a9dba5 -> 
  custom:container-demuxer-webm: 4f35f7cbe854078d1ac9338744f61a02 -> 
  custom:video-encoder-webm-vp8: eb34c28f22e8b96e1ab97ce403110664 -> 
========================================================================
Received Prepare
Begin MonoManager ReloadAssembly
Symbol file LoadedFromMemory doesn't match image C:\Users\PIMG\Documents\GitHub\Stoned-Ape-Runner\Stoned Ape Runner\Library\PackageCache\com.unity.visualscripting@1.8.0\Editor\VisualScripting.Core\Dependencies\YamlDotNet\Unity.VisualScripting.YamlDotNet.dll
Symbol file LoadedFromMemory doesn't match image C:\Users\PIMG\Documents\GitHub\Stoned-Ape-Runner\Stoned Ape Runner\Library\PackageCache\com.unity.visualscripting@1.8.0\Editor\VisualScripting.Core\Dependencies\DotNetZip\Unity.VisualScripting.IonicZip.dll
- Loaded All Assemblies, in  1.044 seconds
Refreshing native plugins compatible for Editor in 7.35 ms, found 6 plugins.
Native extension for WindowsStandalone target not found
Mono: successfully reloaded assembly
- Finished resetting the current domain, in  2.390 seconds
Domain Reload Profiling: 3427ms
	BeginReloadAssembly (185ms)
		ExecutionOrderSort (0ms)
		DisableScriptedObjects (6ms)
		BackupInstance (0ms)
		ReleaseScriptingObjects (0ms)
		CreateAndSetChildDomain (56ms)
	RebuildCommonClasses (48ms)
	RebuildNativeTypeToScriptingClass (14ms)
	initialDomainReloadingComplete (37ms)
	LoadAllAssembliesAndSetupDomain (753ms)
		LoadAssemblies (343ms)
		RebuildTransferFunctionScriptingTraits (0ms)
		AnalyzeDomain (477ms)
			TypeCache.Refresh (461ms)
				TypeCache.ScanAssembly (443ms)
			ScanForSourceGeneratedMonoScriptInfo (0ms)
			ResolveRequiredComponents (16ms)
	FinalizeReload (2391ms)
		ReleaseScriptCaches (0ms)
		RebuildScriptCaches (0ms)
		SetupLoadedEditorAssemblies (1031ms)
			LogAssemblyErrors (0ms)
			InitializePlatformSupportModulesInManaged (10ms)
			SetLoadedEditorAssemblies (6ms)
			RefreshPlugins (0ms)
			BeforeProcessingInitializeOnLoad (139ms)
			ProcessInitializeOnLoadAttributes (818ms)
			ProcessInitializeOnLoadMethodAttributes (43ms)
			AfterProcessingInitializeOnLoad (14ms)
			EditorAssembliesLoaded (0ms)
		ExecutionOrderSort2 (0ms)
		AwakeInstancesAfterBackupRestoration (21ms)
Refreshing native plugins compatible for Editor in 8.69 ms, found 6 plugins.
Preloading 0 native plugins for Editor in 0.00 ms.
Unloading 7354 Unused Serialized files (Serialized files now loaded: 0)
Unloading 188 unused Assets / (13.1 MB). Loaded Objects now: 8328.
Memory consumption went from 286.3 MB to 273.2 MB.
Total: 8.969600 ms (FindLiveObjects: 0.730600 ms CreateObjectMapping: 0.604600 ms MarkObjects: 4.794000 ms  DeleteObjects: 2.839200 ms)

Prepare: number of updated asset objects reloaded= 0
AssetImportParameters requested are different than current active one (requested -> active):
  custom:container-demuxer-ogg: 62fdf1f143b41e24485cea50d1cbac27 -> 
  custom:framework-win-MediaFoundation: 216162199b28c13a410421893ffa2e32 -> 
  custom:container-muxer-webm: aa71ff27fc2769a1b78a27578f13a17b -> 
  custom:video-decoder-webm-vp8: 9c59270c3fd7afecdb556c50c9e8de78 -> 
  custom:SearchIndexIgnoredProperties: e643bd26f0fe6173181afceb89e7c659 -> 
  custom:AudioImporter_EditorPlatform: d09bf68614088b80899f8185d706f6e7 -> 
  custom:audio-decoder-ogg-vorbis: bf7c407c2cedff20999df2af8eb42d56 -> 
  custom:audio-encoder-webm-vorbis: bf7c407c2cedff20999df2af8eb42d56 -> 
  custom:video-codec-MediaFoundation-h265: 746d11721c4dcdbdad8f713fa42b33f4 -> 
  custom:video-decoder-ogg-theora: a1e56fd34408186e4bbccfd4996cb3dc -> 
  custom:CustomObjectIndexerAttribute: a3ef5dd2817f97addfee359851a9dba5 -> 
  custom:container-demuxer-webm: 4f35f7cbe854078d1ac9338744f61a02 -> 
  custom:video-encoder-webm-vp8: eb34c28f22e8b96e1ab97ce403110664 -> 
========================================================================
Received Prepare
Begin MonoManager ReloadAssembly
Symbol file LoadedFromMemory doesn't match image C:\Users\PIMG\Documents\GitHub\Stoned-Ape-Runner\Stoned Ape Runner\Library\PackageCache\com.unity.visualscripting@1.8.0\Editor\VisualScripting.Core\Dependencies\YamlDotNet\Unity.VisualScripting.YamlDotNet.dll
Symbol file LoadedFromMemory doesn't match image C:\Users\PIMG\Documents\GitHub\Stoned-Ape-Runner\Stoned Ape Runner\Library\PackageCache\com.unity.visualscripting@1.8.0\Editor\VisualScripting.Core\Dependencies\DotNetZip\Unity.VisualScripting.IonicZip.dll
- Loaded All Assemblies, in  1.118 seconds
Refreshing native plugins compatible for Editor in 5.97 ms, found 6 plugins.
Native extension for WindowsStandalone target not found
Mono: successfully reloaded assembly
- Finished resetting the current domain, in  2.307 seconds
Domain Reload Profiling: 3421ms
	BeginReloadAssembly (202ms)
		ExecutionOrderSort (0ms)
		DisableScriptedObjects (11ms)
		BackupInstance (0ms)
		ReleaseScriptingObjects (0ms)
		CreateAndSetChildDomain (61ms)
	RebuildCommonClasses (37ms)
	RebuildNativeTypeToScriptingClass (14ms)
	initialDomainReloadingComplete (38ms)
	LoadAllAssembliesAndSetupDomain (822ms)
		LoadAssemblies (393ms)
		RebuildTransferFunctionScriptingTraits (0ms)
		AnalyzeDomain (498ms)
			TypeCache.Refresh (474ms)
				TypeCache.ScanAssembly (456ms)
			ScanForSourceGeneratedMonoScriptInfo (0ms)
			ResolveRequiredComponents (23ms)
	FinalizeReload (2308ms)
		ReleaseScriptCaches (0ms)
		RebuildScriptCaches (0ms)
		SetupLoadedEditorAssemblies (1031ms)
			LogAssemblyErrors (0ms)
			InitializePlatformSupportModulesInManaged (10ms)
			SetLoadedEditorAssemblies (6ms)
			RefreshPlugins (0ms)
			BeforeProcessingInitializeOnLoad (138ms)
			ProcessInitializeOnLoadAttributes (823ms)
			ProcessInitializeOnLoadMethodAttributes (41ms)
			AfterProcessingInitializeOnLoad (13ms)
			EditorAssembliesLoaded (0ms)
		ExecutionOrderSort2 (0ms)
		AwakeInstancesAfterBackupRestoration (23ms)
Refreshing native plugins compatible for Editor in 10.23 ms, found 6 plugins.
Preloading 0 native plugins for Editor in 0.00 ms.
Unloading 7354 Unused Serialized files (Serialized files now loaded: 0)
Unloading 188 unused Assets / (13.1 MB). Loaded Objects now: 8344.
Memory consumption went from 286.3 MB to 273.2 MB.
Total: 8.871100 ms (FindLiveObjects: 0.974500 ms CreateObjectMapping: 0.557500 ms MarkObjects: 4.752400 ms  DeleteObjects: 2.585300 ms)

Prepare: number of updated asset objects reloaded= 0
AssetImportParameters requested are different than current active one (requested -> active):
  custom:container-demuxer-ogg: 62fdf1f143b41e24485cea50d1cbac27 -> 
  custom:framework-win-MediaFoundation: 216162199b28c13a410421893ffa2e32 -> 
  custom:container-muxer-webm: aa71ff27fc2769a1b78a27578f13a17b -> 
  custom:video-decoder-webm-vp8: 9c59270c3fd7afecdb556c50c9e8de78 -> 
  custom:SearchIndexIgnoredProperties: e643bd26f0fe6173181afceb89e7c659 -> 
  custom:AudioImporter_EditorPlatform: d09bf68614088b80899f8185d706f6e7 -> 
  custom:audio-decoder-ogg-vorbis: bf7c407c2cedff20999df2af8eb42d56 -> 
  custom:audio-encoder-webm-vorbis: bf7c407c2cedff20999df2af8eb42d56 -> 
  custom:video-codec-MediaFoundation-h265: 746d11721c4dcdbdad8f713fa42b33f4 -> 
  custom:video-decoder-ogg-theora: a1e56fd34408186e4bbccfd4996cb3dc -> 
  custom:CustomObjectIndexerAttribute: a3ef5dd2817f97addfee359851a9dba5 -> 
  custom:container-demuxer-webm: 4f35f7cbe854078d1ac9338744f61a02 -> 
  custom:video-encoder-webm-vp8: eb34c28f22e8b96e1ab97ce403110664 -> 
========================================================================
Received Prepare
Begin MonoManager ReloadAssembly
Symbol file LoadedFromMemory doesn't match image C:\Users\PIMG\Documents\GitHub\Stoned-Ape-Runner\Stoned Ape Runner\Library\PackageCache\com.unity.visualscripting@1.8.0\Editor\VisualScripting.Core\Dependencies\YamlDotNet\Unity.VisualScripting.YamlDotNet.dll
Symbol file LoadedFromMemory doesn't match image C:\Users\PIMG\Documents\GitHub\Stoned-Ape-Runner\Stoned Ape Runner\Library\PackageCache\com.unity.visualscripting@1.8.0\Editor\VisualScripting.Core\Dependencies\DotNetZip\Unity.VisualScripting.IonicZip.dll
- Loaded All Assemblies, in  1.113 seconds
Refreshing native plugins compatible for Editor in 5.90 ms, found 6 plugins.
Native extension for WindowsStandalone target not found
Mono: successfully reloaded assembly
- Finished resetting the current domain, in  2.291 seconds
Domain Reload Profiling: 3399ms
	BeginReloadAssembly (210ms)
		ExecutionOrderSort (0ms)
		DisableScriptedObjects (6ms)
		BackupInstance (0ms)
		ReleaseScriptingObjects (0ms)
		CreateAndSetChildDomain (55ms)
	RebuildCommonClasses (51ms)
	RebuildNativeTypeToScriptingClass (24ms)
	initialDomainReloadingComplete (48ms)
	LoadAllAssembliesAndSetupDomain (774ms)
		LoadAssemblies (375ms)
		RebuildTransferFunctionScriptingTraits (0ms)
		AnalyzeDomain (487ms)
			TypeCache.Refresh (468ms)
				TypeCache.ScanAssembly (451ms)
			ScanForSourceGeneratedMonoScriptInfo (0ms)
			ResolveRequiredComponents (19ms)
	FinalizeReload (2292ms)
		ReleaseScriptCaches (0ms)
		RebuildScriptCaches (0ms)
		SetupLoadedEditorAssemblies (1023ms)
			LogAssemblyErrors (0ms)
			InitializePlatformSupportModulesInManaged (12ms)
			SetLoadedEditorAssemblies (6ms)
			RefreshPlugins (0ms)
			BeforeProcessingInitializeOnLoad (159ms)
			ProcessInitializeOnLoadAttributes (791ms)
			ProcessInitializeOnLoadMethodAttributes (41ms)
			AfterProcessingInitializeOnLoad (13ms)
			EditorAssembliesLoaded (0ms)
		ExecutionOrderSort2 (0ms)
		AwakeInstancesAfterBackupRestoration (29ms)
Refreshing native plugins compatible for Editor in 10.38 ms, found 6 plugins.
Preloading 0 native plugins for Editor in 0.00 ms.
Unloading 7354 Unused Serialized files (Serialized files now loaded: 0)
Unloading 188 unused Assets / (13.1 MB). Loaded Objects now: 8360.
Memory consumption went from 286.4 MB to 273.2 MB.
Total: 10.078500 ms (FindLiveObjects: 1.031200 ms CreateObjectMapping: 0.828100 ms MarkObjects: 5.354800 ms  DeleteObjects: 2.863200 ms)

Prepare: number of updated asset objects reloaded= 0
AssetImportParameters requested are different than current active one (requested -> active):
  custom:container-demuxer-ogg: 62fdf1f143b41e24485cea50d1cbac27 -> 
  custom:framework-win-MediaFoundation: 216162199b28c13a410421893ffa2e32 -> 
  custom:container-muxer-webm: aa71ff27fc2769a1b78a27578f13a17b -> 
  custom:video-decoder-webm-vp8: 9c59270c3fd7afecdb556c50c9e8de78 -> 
  custom:SearchIndexIgnoredProperties: e643bd26f0fe6173181afceb89e7c659 -> 
  custom:AudioImporter_EditorPlatform: d09bf68614088b80899f8185d706f6e7 -> 
  custom:audio-decoder-ogg-vorbis: bf7c407c2cedff20999df2af8eb42d56 -> 
  custom:audio-encoder-webm-vorbis: bf7c407c2cedff20999df2af8eb42d56 -> 
  custom:video-codec-MediaFoundation-h265: 746d11721c4dcdbdad8f713fa42b33f4 -> 
  custom:video-decoder-ogg-theora: a1e56fd34408186e4bbccfd4996cb3dc -> 
  custom:CustomObjectIndexerAttribute: a3ef5dd2817f97addfee359851a9dba5 -> 
  custom:container-demuxer-webm: 4f35f7cbe854078d1ac9338744f61a02 -> 
  custom:video-encoder-webm-vp8: eb34c28f22e8b96e1ab97ce403110664 -> 
========================================================================
Received Prepare
Begin MonoManager ReloadAssembly
Symbol file LoadedFromMemory doesn't match image C:\Users\PIMG\Documents\GitHub\Stoned-Ape-Runner\Stoned Ape Runner\Library\PackageCache\com.unity.visualscripting@1.8.0\Editor\VisualScripting.Core\Dependencies\YamlDotNet\Unity.VisualScripting.YamlDotNet.dll
Symbol file LoadedFromMemory doesn't match image C:\Users\PIMG\Documents\GitHub\Stoned-Ape-Runner\Stoned Ape Runner\Library\PackageCache\com.unity.visualscripting@1.8.0\Editor\VisualScripting.Core\Dependencies\DotNetZip\Unity.VisualScripting.IonicZip.dll
- Loaded All Assemblies, in  1.038 seconds
Refreshing native plugins compatible for Editor in 6.68 ms, found 6 plugins.
Native extension for WindowsStandalone target not found
Mono: successfully reloaded assembly
- Finished resetting the current domain, in  2.208 seconds
Domain Reload Profiling: 3242ms
	BeginReloadAssembly (194ms)
		ExecutionOrderSort (0ms)
		DisableScriptedObjects (8ms)
		BackupInstance (0ms)
		ReleaseScriptingObjects (0ms)
		CreateAndSetChildDomain (59ms)
	RebuildCommonClasses (46ms)
	RebuildNativeTypeToScriptingClass (13ms)
	initialDomainReloadingComplete (37ms)
	LoadAllAssembliesAndSetupDomain (743ms)
		LoadAssemblies (351ms)
		RebuildTransferFunctionScriptingTraits (0ms)
		AnalyzeDomain (454ms)
			TypeCache.Refresh (440ms)
				TypeCache.ScanAssembly (422ms)
			ScanForSourceGeneratedMonoScriptInfo (0ms)
			ResolveRequiredComponents (14ms)
	FinalizeReload (2209ms)
		ReleaseScriptCaches (0ms)
		RebuildScriptCaches (0ms)
		SetupLoadedEditorAssemblies (1011ms)
			LogAssemblyErrors (0ms)
			InitializePlatformSupportModulesInManaged (9ms)
			SetLoadedEditorAssemblies (6ms)
			RefreshPlugins (0ms)
			BeforeProcessingInitializeOnLoad (154ms)
			ProcessInitializeOnLoadAttributes (790ms)
			ProcessInitializeOnLoadMethodAttributes (38ms)
			AfterProcessingInitializeOnLoad (14ms)
			EditorAssembliesLoaded (0ms)
		ExecutionOrderSort2 (0ms)
		AwakeInstancesAfterBackupRestoration (21ms)
Refreshing native plugins compatible for Editor in 8.93 ms, found 6 plugins.
Preloading 0 native plugins for Editor in 0.00 ms.
Unloading 7354 Unused Serialized files (Serialized files now loaded: 0)
Unloading 188 unused Assets / (13.1 MB). Loaded Objects now: 8376.
Memory consumption went from 286.3 MB to 273.2 MB.
Total: 7.966700 ms (FindLiveObjects: 0.713700 ms CreateObjectMapping: 0.585100 ms MarkObjects: 3.841300 ms  DeleteObjects: 2.825500 ms)

Prepare: number of updated asset objects reloaded= 0
AssetImportParameters requested are different than current active one (requested -> active):
  custom:container-demuxer-ogg: 62fdf1f143b41e24485cea50d1cbac27 -> 
  custom:framework-win-MediaFoundation: 216162199b28c13a410421893ffa2e32 -> 
  custom:container-muxer-webm: aa71ff27fc2769a1b78a27578f13a17b -> 
  custom:video-decoder-webm-vp8: 9c59270c3fd7afecdb556c50c9e8de78 -> 
  custom:SearchIndexIgnoredProperties: e643bd26f0fe6173181afceb89e7c659 -> 
  custom:AudioImporter_EditorPlatform: d09bf68614088b80899f8185d706f6e7 -> 
  custom:audio-decoder-ogg-vorbis: bf7c407c2cedff20999df2af8eb42d56 -> 
  custom:audio-encoder-webm-vorbis: bf7c407c2cedff20999df2af8eb42d56 -> 
  custom:video-codec-MediaFoundation-h265: 746d11721c4dcdbdad8f713fa42b33f4 -> 
  custom:video-decoder-ogg-theora: a1e56fd34408186e4bbccfd4996cb3dc -> 
  custom:CustomObjectIndexerAttribute: a3ef5dd2817f97addfee359851a9dba5 -> 
  custom:container-demuxer-webm: 4f35f7cbe854078d1ac9338744f61a02 -> 
  custom:video-encoder-webm-vp8: eb34c28f22e8b96e1ab97ce403110664 -> 
========================================================================
Received Prepare
Begin MonoManager ReloadAssembly
Symbol file LoadedFromMemory doesn't match image C:\Users\PIMG\Documents\GitHub\Stoned-Ape-Runner\Stoned Ape Runner\Library\PackageCache\com.unity.visualscripting@1.8.0\Editor\VisualScripting.Core\Dependencies\YamlDotNet\Unity.VisualScripting.YamlDotNet.dll
Symbol file LoadedFromMemory doesn't match image C:\Users\PIMG\Documents\GitHub\Stoned-Ape-Runner\Stoned Ape Runner\Library\PackageCache\com.unity.visualscripting@1.8.0\Editor\VisualScripting.Core\Dependencies\DotNetZip\Unity.VisualScripting.IonicZip.dll
- Loaded All Assemblies, in  1.055 seconds
Refreshing native plugins compatible for Editor in 6.71 ms, found 6 plugins.
Native extension for WindowsStandalone target not found
Mono: successfully reloaded assembly
- Finished resetting the current domain, in  2.333 seconds
Domain Reload Profiling: 3384ms
	BeginReloadAssembly (216ms)
		ExecutionOrderSort (0ms)
		DisableScriptedObjects (12ms)
		BackupInstance (0ms)
		ReleaseScriptingObjects (0ms)
		CreateAndSetChildDomain (59ms)
	RebuildCommonClasses (50ms)
	RebuildNativeTypeToScriptingClass (21ms)
	initialDomainReloadingComplete (39ms)
	LoadAllAssembliesAndSetupDomain (724ms)
		LoadAssemblies (334ms)
		RebuildTransferFunctionScriptingTraits (0ms)
		AnalyzeDomain (463ms)
			TypeCache.Refresh (448ms)
				TypeCache.ScanAssembly (431ms)
			ScanForSourceGeneratedMonoScriptInfo (0ms)
			ResolveRequiredComponents (15ms)
	FinalizeReload (2334ms)
		ReleaseScriptCaches (0ms)
		RebuildScriptCaches (0ms)
		SetupLoadedEditorAssemblies (1024ms)
			LogAssemblyErrors (0ms)
			InitializePlatformSupportModulesInManaged (10ms)
			SetLoadedEditorAssemblies (4ms)
			RefreshPlugins (0ms)
			BeforeProcessingInitializeOnLoad (138ms)
			ProcessInitializeOnLoadAttributes (815ms)
			ProcessInitializeOnLoadMethodAttributes (44ms)
			AfterProcessingInitializeOnLoad (12ms)
			EditorAssembliesLoaded (0ms)
		ExecutionOrderSort2 (0ms)
		AwakeInstancesAfterBackupRestoration (23ms)
Refreshing native plugins compatible for Editor in 9.50 ms, found 6 plugins.
Preloading 0 native plugins for Editor in 0.00 ms.
Unloading 7354 Unused Serialized files (Serialized files now loaded: 0)
Unloading 188 unused Assets / (13.1 MB). Loaded Objects now: 8392.
Memory consumption went from 286.4 MB to 273.3 MB.
Total: 10.685900 ms (FindLiveObjects: 0.861500 ms CreateObjectMapping: 0.714500 ms MarkObjects: 5.567400 ms  DeleteObjects: 3.541500 ms)

Prepare: number of updated asset objects reloaded= 0
AssetImportParameters requested are different than current active one (requested -> active):
  custom:container-demuxer-ogg: 62fdf1f143b41e24485cea50d1cbac27 -> 
  custom:framework-win-MediaFoundation: 216162199b28c13a410421893ffa2e32 -> 
  custom:container-muxer-webm: aa71ff27fc2769a1b78a27578f13a17b -> 
  custom:video-decoder-webm-vp8: 9c59270c3fd7afecdb556c50c9e8de78 -> 
  custom:SearchIndexIgnoredProperties: e643bd26f0fe6173181afceb89e7c659 -> 
  custom:AudioImporter_EditorPlatform: d09bf68614088b80899f8185d706f6e7 -> 
  custom:audio-decoder-ogg-vorbis: bf7c407c2cedff20999df2af8eb42d56 -> 
  custom:audio-encoder-webm-vorbis: bf7c407c2cedff20999df2af8eb42d56 -> 
  custom:video-codec-MediaFoundation-h265: 746d11721c4dcdbdad8f713fa42b33f4 -> 
  custom:video-decoder-ogg-theora: a1e56fd34408186e4bbccfd4996cb3dc -> 
  custom:CustomObjectIndexerAttribute: a3ef5dd2817f97addfee359851a9dba5 -> 
  custom:container-demuxer-webm: 4f35f7cbe854078d1ac9338744f61a02 -> 
  custom:video-encoder-webm-vp8: eb34c28f22e8b96e1ab97ce403110664 -> 
========================================================================
Received Prepare
Begin MonoManager ReloadAssembly
Symbol file LoadedFromMemory doesn't match image C:\Users\PIMG\Documents\GitHub\Stoned-Ape-Runner\Stoned Ape Runner\Library\PackageCache\com.unity.visualscripting@1.8.0\Editor\VisualScripting.Core\Dependencies\YamlDotNet\Unity.VisualScripting.YamlDotNet.dll
Symbol file LoadedFromMemory doesn't match image C:\Users\PIMG\Documents\GitHub\Stoned-Ape-Runner\Stoned Ape Runner\Library\PackageCache\com.unity.visualscripting@1.8.0\Editor\VisualScripting.Core\Dependencies\DotNetZip\Unity.VisualScripting.IonicZip.dll
- Loaded All Assemblies, in  1.170 seconds
Refreshing native plugins compatible for Editor in 8.25 ms, found 6 plugins.
Native extension for WindowsStandalone target not found
Mono: successfully reloaded assembly
- Finished resetting the current domain, in  2.352 seconds
Domain Reload Profiling: 3518ms
	BeginReloadAssembly (207ms)
		ExecutionOrderSort (0ms)
		DisableScriptedObjects (6ms)
		BackupInstance (0ms)
		ReleaseScriptingObjects (0ms)
		CreateAndSetChildDomain (62ms)
	RebuildCommonClasses (58ms)
	RebuildNativeTypeToScriptingClass (22ms)
	initialDomainReloadingComplete (43ms)
	LoadAllAssembliesAndSetupDomain (834ms)
		LoadAssemblies (389ms)
		RebuildTransferFunctionScriptingTraits (0ms)
		AnalyzeDomain (527ms)
			TypeCache.Refresh (513ms)
				TypeCache.ScanAssembly (495ms)
			ScanForSourceGeneratedMonoScriptInfo (0ms)
			ResolveRequiredComponents (14ms)
	FinalizeReload (2353ms)
		ReleaseScriptCaches (0ms)
		RebuildScriptCaches (0ms)
		SetupLoadedEditorAssemblies (1035ms)
			LogAssemblyErrors (0ms)
			InitializePlatformSupportModulesInManaged (12ms)
			SetLoadedEditorAssemblies (7ms)
			RefreshPlugins (0ms)
			BeforeProcessingInitializeOnLoad (138ms)
			ProcessInitializeOnLoadAttributes (820ms)
			ProcessInitializeOnLoadMethodAttributes (41ms)
			AfterProcessingInitializeOnLoad (17ms)
			EditorAssembliesLoaded (0ms)
		ExecutionOrderSort2 (0ms)
		AwakeInstancesAfterBackupRestoration (27ms)
Refreshing native plugins compatible for Editor in 8.43 ms, found 6 plugins.
Preloading 0 native plugins for Editor in 0.00 ms.
Unloading 7354 Unused Serialized files (Serialized files now loaded: 0)
Unloading 188 unused Assets / (13.1 MB). Loaded Objects now: 8408.
Memory consumption went from 286.4 MB to 273.3 MB.
Total: 9.530100 ms (FindLiveObjects: 1.029300 ms CreateObjectMapping: 0.862400 ms MarkObjects: 4.612400 ms  DeleteObjects: 3.024500 ms)

Prepare: number of updated asset objects reloaded= 0
AssetImportParameters requested are different than current active one (requested -> active):
  custom:container-demuxer-ogg: 62fdf1f143b41e24485cea50d1cbac27 -> 
  custom:framework-win-MediaFoundation: 216162199b28c13a410421893ffa2e32 -> 
  custom:container-muxer-webm: aa71ff27fc2769a1b78a27578f13a17b -> 
  custom:video-decoder-webm-vp8: 9c59270c3fd7afecdb556c50c9e8de78 -> 
  custom:SearchIndexIgnoredProperties: e643bd26f0fe6173181afceb89e7c659 -> 
  custom:AudioImporter_EditorPlatform: d09bf68614088b80899f8185d706f6e7 -> 
  custom:audio-decoder-ogg-vorbis: bf7c407c2cedff20999df2af8eb42d56 -> 
  custom:audio-encoder-webm-vorbis: bf7c407c2cedff20999df2af8eb42d56 -> 
  custom:video-codec-MediaFoundation-h265: 746d11721c4dcdbdad8f713fa42b33f4 -> 
  custom:video-decoder-ogg-theora: a1e56fd34408186e4bbccfd4996cb3dc -> 
  custom:CustomObjectIndexerAttribute: a3ef5dd2817f97addfee359851a9dba5 -> 
  custom:container-demuxer-webm: 4f35f7cbe854078d1ac9338744f61a02 -> 
  custom:video-encoder-webm-vp8: eb34c28f22e8b96e1ab97ce403110664 -> 
========================================================================
Received Prepare
Begin MonoManager ReloadAssembly
Symbol file LoadedFromMemory doesn't match image C:\Users\PIMG\Documents\GitHub\Stoned-Ape-Runner\Stoned Ape Runner\Library\PackageCache\com.unity.visualscripting@1.8.0\Editor\VisualScripting.Core\Dependencies\YamlDotNet\Unity.VisualScripting.YamlDotNet.dll
Symbol file LoadedFromMemory doesn't match image C:\Users\PIMG\Documents\GitHub\Stoned-Ape-Runner\Stoned Ape Runner\Library\PackageCache\com.unity.visualscripting@1.8.0\Editor\VisualScripting.Core\Dependencies\DotNetZip\Unity.VisualScripting.IonicZip.dll
- Loaded All Assemblies, in  1.037 seconds
Refreshing native plugins compatible for Editor in 6.72 ms, found 6 plugins.
Native extension for WindowsStandalone target not found
Mono: successfully reloaded assembly
- Finished resetting the current domain, in  2.293 seconds
Domain Reload Profiling: 3326ms
	BeginReloadAssembly (186ms)
		ExecutionOrderSort (0ms)
		DisableScriptedObjects (8ms)
		BackupInstance (0ms)
		ReleaseScriptingObjects (0ms)
		CreateAndSetChildDomain (50ms)
	RebuildCommonClasses (45ms)
	RebuildNativeTypeToScriptingClass (22ms)
	initialDomainReloadingComplete (45ms)
	LoadAllAssembliesAndSetupDomain (734ms)
		LoadAssemblies (353ms)
		RebuildTransferFunctionScriptingTraits (0ms)
		AnalyzeDomain (453ms)
			TypeCache.Refresh (436ms)
				TypeCache.ScanAssembly (420ms)
			ScanForSourceGeneratedMonoScriptInfo (0ms)
			ResolveRequiredComponents (16ms)
	FinalizeReload (2294ms)
		ReleaseScriptCaches (0ms)
		RebuildScriptCaches (0ms)
		SetupLoadedEditorAssemblies (992ms)
			LogAssemblyErrors (0ms)
			InitializePlatformSupportModulesInManaged (9ms)
			SetLoadedEditorAssemblies (5ms)
			RefreshPlugins (0ms)
			BeforeProcessingInitializeOnLoad (141ms)
			ProcessInitializeOnLoadAttributes (774ms)
			ProcessInitializeOnLoadMethodAttributes (47ms)
			AfterProcessingInitializeOnLoad (17ms)
			EditorAssembliesLoaded (0ms)
		ExecutionOrderSort2 (0ms)
		AwakeInstancesAfterBackupRestoration (30ms)
Refreshing native plugins compatible for Editor in 10.15 ms, found 6 plugins.
Preloading 0 native plugins for Editor in 0.00 ms.
Unloading 7354 Unused Serialized files (Serialized files now loaded: 0)
Unloading 188 unused Assets / (13.1 MB). Loaded Objects now: 8424.
Memory consumption went from 286.4 MB to 273.3 MB.
Total: 9.011400 ms (FindLiveObjects: 1.033700 ms CreateObjectMapping: 0.502300 ms MarkObjects: 5.005900 ms  DeleteObjects: 2.466500 ms)

Prepare: number of updated asset objects reloaded= 0
AssetImportParameters requested are different than current active one (requested -> active):
  custom:container-demuxer-ogg: 62fdf1f143b41e24485cea50d1cbac27 -> 
  custom:framework-win-MediaFoundation: 216162199b28c13a410421893ffa2e32 -> 
  custom:container-muxer-webm: aa71ff27fc2769a1b78a27578f13a17b -> 
  custom:video-decoder-webm-vp8: 9c59270c3fd7afecdb556c50c9e8de78 -> 
  custom:SearchIndexIgnoredProperties: e643bd26f0fe6173181afceb89e7c659 -> 
  custom:AudioImporter_EditorPlatform: d09bf68614088b80899f8185d706f6e7 -> 
  custom:audio-decoder-ogg-vorbis: bf7c407c2cedff20999df2af8eb42d56 -> 
  custom:audio-encoder-webm-vorbis: bf7c407c2cedff20999df2af8eb42d56 -> 
  custom:video-codec-MediaFoundation-h265: 746d11721c4dcdbdad8f713fa42b33f4 -> 
  custom:video-decoder-ogg-theora: a1e56fd34408186e4bbccfd4996cb3dc -> 
  custom:CustomObjectIndexerAttribute: a3ef5dd2817f97addfee359851a9dba5 -> 
  custom:container-demuxer-webm: 4f35f7cbe854078d1ac9338744f61a02 -> 
  custom:video-encoder-webm-vp8: eb34c28f22e8b96e1ab97ce403110664 -> 
========================================================================
Received Prepare
Begin MonoManager ReloadAssembly
Symbol file LoadedFromMemory doesn't match image C:\Users\PIMG\Documents\GitHub\Stoned-Ape-Runner\Stoned Ape Runner\Library\PackageCache\com.unity.visualscripting@1.8.0\Editor\VisualScripting.Core\Dependencies\YamlDotNet\Unity.VisualScripting.YamlDotNet.dll
Symbol file LoadedFromMemory doesn't match image C:\Users\PIMG\Documents\GitHub\Stoned-Ape-Runner\Stoned Ape Runner\Library\PackageCache\com.unity.visualscripting@1.8.0\Editor\VisualScripting.Core\Dependencies\DotNetZip\Unity.VisualScripting.IonicZip.dll
- Loaded All Assemblies, in  1.148 seconds
Refreshing native plugins compatible for Editor in 10.17 ms, found 6 plugins.
Native extension for WindowsStandalone target not found
Mono: successfully reloaded assembly
- Finished resetting the current domain, in  2.452 seconds
Domain Reload Profiling: 3595ms
	BeginReloadAssembly (195ms)
		ExecutionOrderSort (0ms)
		DisableScriptedObjects (7ms)
		BackupInstance (0ms)
		ReleaseScriptingObjects (0ms)
		CreateAndSetChildDomain (57ms)
	RebuildCommonClasses (51ms)
	RebuildNativeTypeToScriptingClass (18ms)
	initialDomainReloadingComplete (56ms)
	LoadAllAssembliesAndSetupDomain (822ms)
		LoadAssemblies (400ms)
		RebuildTransferFunctionScriptingTraits (0ms)
		AnalyzeDomain (497ms)
			TypeCache.Refresh (477ms)
				TypeCache.ScanAssembly (459ms)
			ScanForSourceGeneratedMonoScriptInfo (0ms)
			ResolveRequiredComponents (20ms)
	FinalizeReload (2453ms)
		ReleaseScriptCaches (0ms)
		RebuildScriptCaches (0ms)
		SetupLoadedEditorAssemblies (1060ms)
			LogAssemblyErrors (0ms)
			InitializePlatformSupportModulesInManaged (11ms)
			SetLoadedEditorAssemblies (4ms)
			RefreshPlugins (0ms)
			BeforeProcessingInitializeOnLoad (158ms)
			ProcessInitializeOnLoadAttributes (843ms)
			ProcessInitializeOnLoadMethodAttributes (32ms)
			AfterProcessingInitializeOnLoad (11ms)
			EditorAssembliesLoaded (0ms)
		ExecutionOrderSort2 (0ms)
		AwakeInstancesAfterBackupRestoration (22ms)
Refreshing native plugins compatible for Editor in 10.50 ms, found 6 plugins.
Preloading 0 native plugins for Editor in 0.00 ms.
Unloading 7354 Unused Serialized files (Serialized files now loaded: 0)
Unloading 188 unused Assets / (13.1 MB). Loaded Objects now: 8440.
Memory consumption went from 286.4 MB to 273.3 MB.
Total: 10.221700 ms (FindLiveObjects: 0.780900 ms CreateObjectMapping: 1.036700 ms MarkObjects: 5.335200 ms  DeleteObjects: 3.067700 ms)

Prepare: number of updated asset objects reloaded= 0
AssetImportParameters requested are different than current active one (requested -> active):
  custom:container-demuxer-ogg: 62fdf1f143b41e24485cea50d1cbac27 -> 
  custom:framework-win-MediaFoundation: 216162199b28c13a410421893ffa2e32 -> 
  custom:container-muxer-webm: aa71ff27fc2769a1b78a27578f13a17b -> 
  custom:video-decoder-webm-vp8: 9c59270c3fd7afecdb556c50c9e8de78 -> 
  custom:SearchIndexIgnoredProperties: e643bd26f0fe6173181afceb89e7c659 -> 
  custom:AudioImporter_EditorPlatform: d09bf68614088b80899f8185d706f6e7 -> 
  custom:audio-decoder-ogg-vorbis: bf7c407c2cedff20999df2af8eb42d56 -> 
  custom:audio-encoder-webm-vorbis: bf7c407c2cedff20999df2af8eb42d56 -> 
  custom:video-codec-MediaFoundation-h265: 746d11721c4dcdbdad8f713fa42b33f4 -> 
  custom:video-decoder-ogg-theora: a1e56fd34408186e4bbccfd4996cb3dc -> 
  custom:CustomObjectIndexerAttribute: a3ef5dd2817f97addfee359851a9dba5 -> 
  custom:container-demuxer-webm: 4f35f7cbe854078d1ac9338744f61a02 -> 
  custom:video-encoder-webm-vp8: eb34c28f22e8b96e1ab97ce403110664 -> 
========================================================================
Received Prepare
Begin MonoManager ReloadAssembly
Symbol file LoadedFromMemory doesn't match image C:\Users\PIMG\Documents\GitHub\Stoned-Ape-Runner\Stoned Ape Runner\Library\PackageCache\com.unity.visualscripting@1.8.0\Editor\VisualScripting.Core\Dependencies\YamlDotNet\Unity.VisualScripting.YamlDotNet.dll
Symbol file LoadedFromMemory doesn't match image C:\Users\PIMG\Documents\GitHub\Stoned-Ape-Runner\Stoned Ape Runner\Library\PackageCache\com.unity.visualscripting@1.8.0\Editor\VisualScripting.Core\Dependencies\DotNetZip\Unity.VisualScripting.IonicZip.dll
- Loaded All Assemblies, in  1.142 seconds
Refreshing native plugins compatible for Editor in 6.94 ms, found 6 plugins.
Native extension for WindowsStandalone target not found
Mono: successfully reloaded assembly
- Finished resetting the current domain, in  2.454 seconds
Domain Reload Profiling: 3592ms
	BeginReloadAssembly (207ms)
		ExecutionOrderSort (0ms)
		DisableScriptedObjects (8ms)
		BackupInstance (0ms)
		ReleaseScriptingObjects (0ms)
		CreateAndSetChildDomain (53ms)
	RebuildCommonClasses (56ms)
	RebuildNativeTypeToScriptingClass (19ms)
	initialDomainReloadingComplete (43ms)
	LoadAllAssembliesAndSetupDomain (812ms)
		LoadAssemblies (390ms)
		RebuildTransferFunctionScriptingTraits (0ms)
		AnalyzeDomain (509ms)
			TypeCache.Refresh (491ms)
				TypeCache.ScanAssembly (474ms)
			ScanForSourceGeneratedMonoScriptInfo (0ms)
			ResolveRequiredComponents (18ms)
	FinalizeReload (2455ms)
		ReleaseScriptCaches (0ms)
		RebuildScriptCaches (0ms)
		SetupLoadedEditorAssemblies (1076ms)
			LogAssemblyErrors (0ms)
			InitializePlatformSupportModulesInManaged (10ms)
			SetLoadedEditorAssemblies (6ms)
			RefreshPlugins (0ms)
			BeforeProcessingInitializeOnLoad (138ms)
			ProcessInitializeOnLoadAttributes (864ms)
			ProcessInitializeOnLoadMethodAttributes (42ms)
			AfterProcessingInitializeOnLoad (15ms)
			EditorAssembliesLoaded (0ms)
		ExecutionOrderSort2 (0ms)
		AwakeInstancesAfterBackupRestoration (26ms)
Refreshing native plugins compatible for Editor in 10.75 ms, found 6 plugins.
Preloading 0 native plugins for Editor in 0.00 ms.
Unloading 7354 Unused Serialized files (Serialized files now loaded: 0)
Unloading 188 unused Assets / (13.1 MB). Loaded Objects now: 8456.
Memory consumption went from 286.3 MB to 273.2 MB.
Total: 8.787800 ms (FindLiveObjects: 0.742700 ms CreateObjectMapping: 0.505300 ms MarkObjects: 4.345800 ms  DeleteObjects: 3.192500 ms)

Prepare: number of updated asset objects reloaded= 0
AssetImportParameters requested are different than current active one (requested -> active):
  custom:container-demuxer-ogg: 62fdf1f143b41e24485cea50d1cbac27 -> 
  custom:framework-win-MediaFoundation: 216162199b28c13a410421893ffa2e32 -> 
  custom:container-muxer-webm: aa71ff27fc2769a1b78a27578f13a17b -> 
  custom:video-decoder-webm-vp8: 9c59270c3fd7afecdb556c50c9e8de78 -> 
  custom:SearchIndexIgnoredProperties: e643bd26f0fe6173181afceb89e7c659 -> 
  custom:AudioImporter_EditorPlatform: d09bf68614088b80899f8185d706f6e7 -> 
  custom:audio-decoder-ogg-vorbis: bf7c407c2cedff20999df2af8eb42d56 -> 
  custom:audio-encoder-webm-vorbis: bf7c407c2cedff20999df2af8eb42d56 -> 
  custom:video-codec-MediaFoundation-h265: 746d11721c4dcdbdad8f713fa42b33f4 -> 
  custom:video-decoder-ogg-theora: a1e56fd34408186e4bbccfd4996cb3dc -> 
  custom:CustomObjectIndexerAttribute: a3ef5dd2817f97addfee359851a9dba5 -> 
  custom:container-demuxer-webm: 4f35f7cbe854078d1ac9338744f61a02 -> 
  custom:video-encoder-webm-vp8: eb34c28f22e8b96e1ab97ce403110664 -> 
========================================================================
Received Prepare
Begin MonoManager ReloadAssembly
Symbol file LoadedFromMemory doesn't match image C:\Users\PIMG\Documents\GitHub\Stoned-Ape-Runner\Stoned Ape Runner\Library\PackageCache\com.unity.visualscripting@1.8.0\Editor\VisualScripting.Core\Dependencies\YamlDotNet\Unity.VisualScripting.YamlDotNet.dll
Symbol file LoadedFromMemory doesn't match image C:\Users\PIMG\Documents\GitHub\Stoned-Ape-Runner\Stoned Ape Runner\Library\PackageCache\com.unity.visualscripting@1.8.0\Editor\VisualScripting.Core\Dependencies\DotNetZip\Unity.VisualScripting.IonicZip.dll
- Loaded All Assemblies, in  1.134 seconds
Refreshing native plugins compatible for Editor in 7.16 ms, found 6 plugins.
Native extension for WindowsStandalone target not found
Mono: successfully reloaded assembly
- Finished resetting the current domain, in  2.350 seconds
Domain Reload Profiling: 3479ms
	BeginReloadAssembly (196ms)
		ExecutionOrderSort (0ms)
		DisableScriptedObjects (7ms)
		BackupInstance (0ms)
		ReleaseScriptingObjects (0ms)
		CreateAndSetChildDomain (53ms)
	RebuildCommonClasses (55ms)
	RebuildNativeTypeToScriptingClass (21ms)
	initialDomainReloadingComplete (50ms)
	LoadAllAssembliesAndSetupDomain (808ms)
		LoadAssemblies (365ms)
		RebuildTransferFunctionScriptingTraits (0ms)
		AnalyzeDomain (519ms)
			TypeCache.Refresh (500ms)
				TypeCache.ScanAssembly (483ms)
			ScanForSourceGeneratedMonoScriptInfo (0ms)
			ResolveRequiredComponents (19ms)
	FinalizeReload (2351ms)
		ReleaseScriptCaches (0ms)
		RebuildScriptCaches (0ms)
		SetupLoadedEditorAssemblies (1078ms)
			LogAssemblyErrors (0ms)
			InitializePlatformSupportModulesInManaged (18ms)
			SetLoadedEditorAssemblies (9ms)
			RefreshPlugins (0ms)
			BeforeProcessingInitializeOnLoad (153ms)
			ProcessInitializeOnLoadAttributes (839ms)
			ProcessInitializeOnLoadMethodAttributes (45ms)
			AfterProcessingInitializeOnLoad (14ms)
			EditorAssembliesLoaded (0ms)
		ExecutionOrderSort2 (0ms)
		AwakeInstancesAfterBackupRestoration (26ms)
Refreshing native plugins compatible for Editor in 10.76 ms, found 6 plugins.
Preloading 0 native plugins for Editor in 0.00 ms.
Unloading 7354 Unused Serialized files (Serialized files now loaded: 0)
Unloading 188 unused Assets / (13.1 MB). Loaded Objects now: 8472.
Memory consumption went from 286.3 MB to 273.2 MB.
Total: 11.500400 ms (FindLiveObjects: 0.760000 ms CreateObjectMapping: 0.497300 ms MarkObjects: 6.768700 ms  DeleteObjects: 3.472900 ms)

Prepare: number of updated asset objects reloaded= 0
AssetImportParameters requested are different than current active one (requested -> active):
  custom:container-demuxer-ogg: 62fdf1f143b41e24485cea50d1cbac27 -> 
  custom:framework-win-MediaFoundation: 216162199b28c13a410421893ffa2e32 -> 
  custom:container-muxer-webm: aa71ff27fc2769a1b78a27578f13a17b -> 
  custom:video-decoder-webm-vp8: 9c59270c3fd7afecdb556c50c9e8de78 -> 
  custom:SearchIndexIgnoredProperties: e643bd26f0fe6173181afceb89e7c659 -> 
  custom:AudioImporter_EditorPlatform: d09bf68614088b80899f8185d706f6e7 -> 
  custom:audio-decoder-ogg-vorbis: bf7c407c2cedff20999df2af8eb42d56 -> 
  custom:audio-encoder-webm-vorbis: bf7c407c2cedff20999df2af8eb42d56 -> 
  custom:video-codec-MediaFoundation-h265: 746d11721c4dcdbdad8f713fa42b33f4 -> 
  custom:video-decoder-ogg-theora: a1e56fd34408186e4bbccfd4996cb3dc -> 
  custom:CustomObjectIndexerAttribute: a3ef5dd2817f97addfee359851a9dba5 -> 
  custom:container-demuxer-webm: 4f35f7cbe854078d1ac9338744f61a02 -> 
  custom:video-encoder-webm-vp8: eb34c28f22e8b96e1ab97ce403110664 -> 
========================================================================
Received Prepare
Begin MonoManager ReloadAssembly
Symbol file LoadedFromMemory doesn't match image C:\Users\PIMG\Documents\GitHub\Stoned-Ape-Runner\Stoned Ape Runner\Library\PackageCache\com.unity.visualscripting@1.8.0\Editor\VisualScripting.Core\Dependencies\YamlDotNet\Unity.VisualScripting.YamlDotNet.dll
Symbol file LoadedFromMemory doesn't match image C:\Users\PIMG\Documents\GitHub\Stoned-Ape-Runner\Stoned Ape Runner\Library\PackageCache\com.unity.visualscripting@1.8.0\Editor\VisualScripting.Core\Dependencies\DotNetZip\Unity.VisualScripting.IonicZip.dll
- Loaded All Assemblies, in  1.168 seconds
Refreshing native plugins compatible for Editor in 10.14 ms, found 6 plugins.
Native extension for WindowsStandalone target not found
Mono: successfully reloaded assembly
- Finished resetting the current domain, in  2.423 seconds
Domain Reload Profiling: 3578ms
	BeginReloadAssembly (206ms)
		ExecutionOrderSort (0ms)
		DisableScriptedObjects (6ms)
		BackupInstance (0ms)
		ReleaseScriptingObjects (0ms)
		CreateAndSetChildDomain (60ms)
	RebuildCommonClasses (50ms)
	RebuildNativeTypeToScriptingClass (19ms)
	initialDomainReloadingComplete (55ms)
	LoadAllAssembliesAndSetupDomain (824ms)
		LoadAssemblies (401ms)
		RebuildTransferFunctionScriptingTraits (0ms)
		AnalyzeDomain (506ms)
			TypeCache.Refresh (486ms)
				TypeCache.ScanAssembly (469ms)
			ScanForSourceGeneratedMonoScriptInfo (0ms)
			ResolveRequiredComponents (20ms)
	FinalizeReload (2424ms)
		ReleaseScriptCaches (0ms)
		RebuildScriptCaches (0ms)
		SetupLoadedEditorAssemblies (1077ms)
			LogAssemblyErrors (0ms)
			InitializePlatformSupportModulesInManaged (11ms)
			SetLoadedEditorAssemblies (7ms)
			RefreshPlugins (0ms)
			BeforeProcessingInitializeOnLoad (151ms)
			ProcessInitializeOnLoadAttributes (854ms)
			ProcessInitializeOnLoadMethodAttributes (41ms)
			AfterProcessingInitializeOnLoad (13ms)
			EditorAssembliesLoaded (0ms)
		ExecutionOrderSort2 (0ms)
		AwakeInstancesAfterBackupRestoration (25ms)
Refreshing native plugins compatible for Editor in 12.25 ms, found 6 plugins.
Preloading 0 native plugins for Editor in 0.00 ms.
Unloading 7354 Unused Serialized files (Serialized files now loaded: 0)
Unloading 188 unused Assets / (13.1 MB). Loaded Objects now: 8488.
Memory consumption went from 286.3 MB to 273.2 MB.
Total: 12.262200 ms (FindLiveObjects: 0.771700 ms CreateObjectMapping: 0.875700 ms MarkObjects: 6.685700 ms  DeleteObjects: 3.928000 ms)

Prepare: number of updated asset objects reloaded= 0
AssetImportParameters requested are different than current active one (requested -> active):
  custom:container-demuxer-ogg: 62fdf1f143b41e24485cea50d1cbac27 -> 
  custom:framework-win-MediaFoundation: 216162199b28c13a410421893ffa2e32 -> 
  custom:container-muxer-webm: aa71ff27fc2769a1b78a27578f13a17b -> 
  custom:video-decoder-webm-vp8: 9c59270c3fd7afecdb556c50c9e8de78 -> 
  custom:SearchIndexIgnoredProperties: e643bd26f0fe6173181afceb89e7c659 -> 
  custom:AudioImporter_EditorPlatform: d09bf68614088b80899f8185d706f6e7 -> 
  custom:audio-decoder-ogg-vorbis: bf7c407c2cedff20999df2af8eb42d56 -> 
  custom:audio-encoder-webm-vorbis: bf7c407c2cedff20999df2af8eb42d56 -> 
  custom:video-codec-MediaFoundation-h265: 746d11721c4dcdbdad8f713fa42b33f4 -> 
  custom:video-decoder-ogg-theora: a1e56fd34408186e4bbccfd4996cb3dc -> 
  custom:CustomObjectIndexerAttribute: a3ef5dd2817f97addfee359851a9dba5 -> 
  custom:container-demuxer-webm: 4f35f7cbe854078d1ac9338744f61a02 -> 
  custom:video-encoder-webm-vp8: eb34c28f22e8b96e1ab97ce403110664 -> 
========================================================================
Received Prepare
Begin MonoManager ReloadAssembly
Symbol file LoadedFromMemory doesn't match image C:\Users\PIMG\Documents\GitHub\Stoned-Ape-Runner\Stoned Ape Runner\Library\PackageCache\com.unity.visualscripting@1.8.0\Editor\VisualScripting.Core\Dependencies\YamlDotNet\Unity.VisualScripting.YamlDotNet.dll
Symbol file LoadedFromMemory doesn't match image C:\Users\PIMG\Documents\GitHub\Stoned-Ape-Runner\Stoned Ape Runner\Library\PackageCache\com.unity.visualscripting@1.8.0\Editor\VisualScripting.Core\Dependencies\DotNetZip\Unity.VisualScripting.IonicZip.dll
- Loaded All Assemblies, in  1.181 seconds
Refreshing native plugins compatible for Editor in 6.26 ms, found 6 plugins.
Native extension for WindowsStandalone target not found
Mono: successfully reloaded assembly
- Finished resetting the current domain, in  2.355 seconds
Domain Reload Profiling: 3530ms
	BeginReloadAssembly (230ms)
		ExecutionOrderSort (0ms)
		DisableScriptedObjects (8ms)
		BackupInstance (0ms)
		ReleaseScriptingObjects (0ms)
		CreateAndSetChildDomain (69ms)
	RebuildCommonClasses (54ms)
	RebuildNativeTypeToScriptingClass (26ms)
	initialDomainReloadingComplete (52ms)
	LoadAllAssembliesAndSetupDomain (813ms)
		LoadAssemblies (386ms)
		RebuildTransferFunctionScriptingTraits (0ms)
		AnalyzeDomain (515ms)
			TypeCache.Refresh (492ms)
				TypeCache.ScanAssembly (474ms)
			ScanForSourceGeneratedMonoScriptInfo (0ms)
			ResolveRequiredComponents (23ms)
	FinalizeReload (2355ms)
		ReleaseScriptCaches (0ms)
		RebuildScriptCaches (0ms)
		SetupLoadedEditorAssemblies (1057ms)
			LogAssemblyErrors (0ms)
			InitializePlatformSupportModulesInManaged (10ms)
			SetLoadedEditorAssemblies (5ms)
			RefreshPlugins (0ms)
			BeforeProcessingInitializeOnLoad (149ms)
			ProcessInitializeOnLoadAttributes (839ms)
			ProcessInitializeOnLoadMethodAttributes (41ms)
			AfterProcessingInitializeOnLoad (12ms)
			EditorAssembliesLoaded (0ms)
		ExecutionOrderSort2 (0ms)
		AwakeInstancesAfterBackupRestoration (27ms)
Refreshing native plugins compatible for Editor in 11.55 ms, found 6 plugins.
Preloading 0 native plugins for Editor in 0.00 ms.
Unloading 7354 Unused Serialized files (Serialized files now loaded: 0)
Unloading 188 unused Assets / (13.1 MB). Loaded Objects now: 8504.
Memory consumption went from 286.4 MB to 273.2 MB.
Total: 10.033000 ms (FindLiveObjects: 0.817600 ms CreateObjectMapping: 1.002000 ms MarkObjects: 5.150700 ms  DeleteObjects: 3.061400 ms)

Prepare: number of updated asset objects reloaded= 0
AssetImportParameters requested are different than current active one (requested -> active):
  custom:container-demuxer-ogg: 62fdf1f143b41e24485cea50d1cbac27 -> 
  custom:framework-win-MediaFoundation: 216162199b28c13a410421893ffa2e32 -> 
  custom:container-muxer-webm: aa71ff27fc2769a1b78a27578f13a17b -> 
  custom:video-decoder-webm-vp8: 9c59270c3fd7afecdb556c50c9e8de78 -> 
  custom:SearchIndexIgnoredProperties: e643bd26f0fe6173181afceb89e7c659 -> 
  custom:AudioImporter_EditorPlatform: d09bf68614088b80899f8185d706f6e7 -> 
  custom:audio-decoder-ogg-vorbis: bf7c407c2cedff20999df2af8eb42d56 -> 
  custom:audio-encoder-webm-vorbis: bf7c407c2cedff20999df2af8eb42d56 -> 
  custom:video-codec-MediaFoundation-h265: 746d11721c4dcdbdad8f713fa42b33f4 -> 
  custom:video-decoder-ogg-theora: a1e56fd34408186e4bbccfd4996cb3dc -> 
  custom:CustomObjectIndexerAttribute: a3ef5dd2817f97addfee359851a9dba5 -> 
  custom:container-demuxer-webm: 4f35f7cbe854078d1ac9338744f61a02 -> 
  custom:video-encoder-webm-vp8: eb34c28f22e8b96e1ab97ce403110664 -> 
========================================================================
Received Prepare
Begin MonoManager ReloadAssembly
Symbol file LoadedFromMemory doesn't match image C:\Users\PIMG\Documents\GitHub\Stoned-Ape-Runner\Stoned Ape Runner\Library\PackageCache\com.unity.visualscripting@1.8.0\Editor\VisualScripting.Core\Dependencies\YamlDotNet\Unity.VisualScripting.YamlDotNet.dll
Symbol file LoadedFromMemory doesn't match image C:\Users\PIMG\Documents\GitHub\Stoned-Ape-Runner\Stoned Ape Runner\Library\PackageCache\com.unity.visualscripting@1.8.0\Editor\VisualScripting.Core\Dependencies\DotNetZip\Unity.VisualScripting.IonicZip.dll
- Loaded All Assemblies, in  1.261 seconds
Refreshing native plugins compatible for Editor in 9.64 ms, found 6 plugins.
Native extension for WindowsStandalone target not found
Mono: successfully reloaded assembly
- Finished resetting the current domain, in  2.344 seconds
Domain Reload Profiling: 3598ms
	BeginReloadAssembly (230ms)
		ExecutionOrderSort (0ms)
		DisableScriptedObjects (8ms)
		BackupInstance (0ms)
		ReleaseScriptingObjects (0ms)
		CreateAndSetChildDomain (71ms)
	RebuildCommonClasses (63ms)
	RebuildNativeTypeToScriptingClass (21ms)
	initialDomainReloadingComplete (46ms)
	LoadAllAssembliesAndSetupDomain (893ms)
		LoadAssemblies (400ms)
		RebuildTransferFunctionScriptingTraits (0ms)
		AnalyzeDomain (572ms)
			TypeCache.Refresh (551ms)
				TypeCache.ScanAssembly (535ms)
			ScanForSourceGeneratedMonoScriptInfo (0ms)
			ResolveRequiredComponents (20ms)
	FinalizeReload (2345ms)
		ReleaseScriptCaches (0ms)
		RebuildScriptCaches (0ms)
		SetupLoadedEditorAssemblies (1065ms)
			LogAssemblyErrors (0ms)
			InitializePlatformSupportModulesInManaged (10ms)
			SetLoadedEditorAssemblies (4ms)
			RefreshPlugins (0ms)
			BeforeProcessingInitializeOnLoad (145ms)
			ProcessInitializeOnLoadAttributes (846ms)
			ProcessInitializeOnLoadMethodAttributes (45ms)
			AfterProcessingInitializeOnLoad (15ms)
			EditorAssembliesLoaded (0ms)
		ExecutionOrderSort2 (0ms)
		AwakeInstancesAfterBackupRestoration (24ms)
Refreshing native plugins compatible for Editor in 10.13 ms, found 6 plugins.
Preloading 0 native plugins for Editor in 0.00 ms.
Unloading 7354 Unused Serialized files (Serialized files now loaded: 0)
Unloading 188 unused Assets / (13.1 MB). Loaded Objects now: 8520.
Memory consumption went from 286.3 MB to 273.2 MB.
Total: 10.073400 ms (FindLiveObjects: 1.253200 ms CreateObjectMapping: 1.023900 ms MarkObjects: 4.280500 ms  DeleteObjects: 3.514900 ms)

Prepare: number of updated asset objects reloaded= 0
AssetImportParameters requested are different than current active one (requested -> active):
  custom:container-demuxer-ogg: 62fdf1f143b41e24485cea50d1cbac27 -> 
  custom:framework-win-MediaFoundation: 216162199b28c13a410421893ffa2e32 -> 
  custom:container-muxer-webm: aa71ff27fc2769a1b78a27578f13a17b -> 
  custom:video-decoder-webm-vp8: 9c59270c3fd7afecdb556c50c9e8de78 -> 
  custom:SearchIndexIgnoredProperties: e643bd26f0fe6173181afceb89e7c659 -> 
  custom:AudioImporter_EditorPlatform: d09bf68614088b80899f8185d706f6e7 -> 
  custom:audio-decoder-ogg-vorbis: bf7c407c2cedff20999df2af8eb42d56 -> 
  custom:audio-encoder-webm-vorbis: bf7c407c2cedff20999df2af8eb42d56 -> 
  custom:video-codec-MediaFoundation-h265: 746d11721c4dcdbdad8f713fa42b33f4 -> 
  custom:video-decoder-ogg-theora: a1e56fd34408186e4bbccfd4996cb3dc -> 
  custom:CustomObjectIndexerAttribute: a3ef5dd2817f97addfee359851a9dba5 -> 
  custom:container-demuxer-webm: 4f35f7cbe854078d1ac9338744f61a02 -> 
  custom:video-encoder-webm-vp8: eb34c28f22e8b96e1ab97ce403110664 -> 
========================================================================
Received Prepare
Begin MonoManager ReloadAssembly
Symbol file LoadedFromMemory doesn't match image C:\Users\PIMG\Documents\GitHub\Stoned-Ape-Runner\Stoned Ape Runner\Library\PackageCache\com.unity.visualscripting@1.8.0\Editor\VisualScripting.Core\Dependencies\YamlDotNet\Unity.VisualScripting.YamlDotNet.dll
Symbol file LoadedFromMemory doesn't match image C:\Users\PIMG\Documents\GitHub\Stoned-Ape-Runner\Stoned Ape Runner\Library\PackageCache\com.unity.visualscripting@1.8.0\Editor\VisualScripting.Core\Dependencies\DotNetZip\Unity.VisualScripting.IonicZip.dll
- Loaded All Assemblies, in  1.161 seconds
Refreshing native plugins compatible for Editor in 6.61 ms, found 6 plugins.
Native extension for WindowsStandalone target not found
Mono: successfully reloaded assembly
- Finished resetting the current domain, in  2.328 seconds
Domain Reload Profiling: 3484ms
	BeginReloadAssembly (218ms)
		ExecutionOrderSort (0ms)
		DisableScriptedObjects (8ms)
		BackupInstance (0ms)
		ReleaseScriptingObjects (0ms)
		CreateAndSetChildDomain (65ms)
	RebuildCommonClasses (56ms)
	RebuildNativeTypeToScriptingClass (18ms)
	initialDomainReloadingComplete (51ms)
	LoadAllAssembliesAndSetupDomain (813ms)
		LoadAssemblies (366ms)
		RebuildTransferFunctionScriptingTraits (0ms)
		AnalyzeDomain (525ms)
			TypeCache.Refresh (506ms)
				TypeCache.ScanAssembly (487ms)
			ScanForSourceGeneratedMonoScriptInfo (0ms)
			ResolveRequiredComponents (19ms)
	FinalizeReload (2328ms)
		ReleaseScriptCaches (0ms)
		RebuildScriptCaches (0ms)
		SetupLoadedEditorAssemblies (1073ms)
			LogAssemblyErrors (0ms)
			InitializePlatformSupportModulesInManaged (12ms)
			SetLoadedEditorAssemblies (6ms)
			RefreshPlugins (0ms)
			BeforeProcessingInitializeOnLoad (146ms)
			ProcessInitializeOnLoadAttributes (857ms)
			ProcessInitializeOnLoadMethodAttributes (41ms)
			AfterProcessingInitializeOnLoad (11ms)
			EditorAssembliesLoaded (0ms)
		ExecutionOrderSort2 (0ms)
		AwakeInstancesAfterBackupRestoration (26ms)
Refreshing native plugins compatible for Editor in 15.66 ms, found 6 plugins.
Preloading 0 native plugins for Editor in 0.00 ms.
Unloading 7354 Unused Serialized files (Serialized files now loaded: 0)
Unloading 188 unused Assets / (13.1 MB). Loaded Objects now: 8536.
Memory consumption went from 286.4 MB to 273.3 MB.
Total: 10.012600 ms (FindLiveObjects: 0.786900 ms CreateObjectMapping: 1.028800 ms MarkObjects: 5.274100 ms  DeleteObjects: 2.921700 ms)

Prepare: number of updated asset objects reloaded= 0
AssetImportParameters requested are different than current active one (requested -> active):
  custom:container-demuxer-ogg: 62fdf1f143b41e24485cea50d1cbac27 -> 
  custom:framework-win-MediaFoundation: 216162199b28c13a410421893ffa2e32 -> 
  custom:container-muxer-webm: aa71ff27fc2769a1b78a27578f13a17b -> 
  custom:video-decoder-webm-vp8: 9c59270c3fd7afecdb556c50c9e8de78 -> 
  custom:SearchIndexIgnoredProperties: e643bd26f0fe6173181afceb89e7c659 -> 
  custom:AudioImporter_EditorPlatform: d09bf68614088b80899f8185d706f6e7 -> 
  custom:audio-decoder-ogg-vorbis: bf7c407c2cedff20999df2af8eb42d56 -> 
  custom:audio-encoder-webm-vorbis: bf7c407c2cedff20999df2af8eb42d56 -> 
  custom:video-codec-MediaFoundation-h265: 746d11721c4dcdbdad8f713fa42b33f4 -> 
  custom:video-decoder-ogg-theora: a1e56fd34408186e4bbccfd4996cb3dc -> 
  custom:CustomObjectIndexerAttribute: a3ef5dd2817f97addfee359851a9dba5 -> 
  custom:container-demuxer-webm: 4f35f7cbe854078d1ac9338744f61a02 -> 
  custom:video-encoder-webm-vp8: eb34c28f22e8b96e1ab97ce403110664 -> 
========================================================================
Received Prepare
Begin MonoManager ReloadAssembly
Symbol file LoadedFromMemory doesn't match image C:\Users\PIMG\Documents\GitHub\Stoned-Ape-Runner\Stoned Ape Runner\Library\PackageCache\com.unity.visualscripting@1.8.0\Editor\VisualScripting.Core\Dependencies\YamlDotNet\Unity.VisualScripting.YamlDotNet.dll
Symbol file LoadedFromMemory doesn't match image C:\Users\PIMG\Documents\GitHub\Stoned-Ape-Runner\Stoned Ape Runner\Library\PackageCache\com.unity.visualscripting@1.8.0\Editor\VisualScripting.Core\Dependencies\DotNetZip\Unity.VisualScripting.IonicZip.dll
- Loaded All Assemblies, in  3.046 seconds
Refreshing native plugins compatible for Editor in 7.16 ms, found 6 plugins.
Native extension for WindowsStandalone target not found
Mono: successfully reloaded assembly
- Finished resetting the current domain, in 33.491 seconds
Domain Reload Profiling: 36532ms
	BeginReloadAssembly (191ms)
		ExecutionOrderSort (0ms)
		DisableScriptedObjects (5ms)
		BackupInstance (0ms)
		ReleaseScriptingObjects (0ms)
		CreateAndSetChildDomain (62ms)
	RebuildCommonClasses (40ms)
	RebuildNativeTypeToScriptingClass (16ms)
	initialDomainReloadingComplete (48ms)
	LoadAllAssembliesAndSetupDomain (2745ms)
		LoadAssemblies (2232ms)
		RebuildTransferFunctionScriptingTraits (0ms)
		AnalyzeDomain (580ms)
			TypeCache.Refresh (563ms)
				TypeCache.ScanAssembly (544ms)
			ScanForSourceGeneratedMonoScriptInfo (0ms)
			ResolveRequiredComponents (17ms)
	FinalizeReload (33492ms)
		ReleaseScriptCaches (0ms)
		RebuildScriptCaches (0ms)
		SetupLoadedEditorAssemblies (903ms)
			LogAssemblyErrors (0ms)
			InitializePlatformSupportModulesInManaged (7ms)
			SetLoadedEditorAssemblies (6ms)
			RefreshPlugins (0ms)
			BeforeProcessingInitializeOnLoad (116ms)
			ProcessInitializeOnLoadAttributes (722ms)
			ProcessInitializeOnLoadMethodAttributes (42ms)
			AfterProcessingInitializeOnLoad (11ms)
			EditorAssembliesLoaded (0ms)
		ExecutionOrderSort2 (0ms)
		AwakeInstancesAfterBackupRestoration (22ms)
Refreshing native plugins compatible for Editor in 8.07 ms, found 6 plugins.
Preloading 0 native plugins for Editor in 0.00 ms.
Unloading 7354 Unused Serialized files (Serialized files now loaded: 0)
Unloading 188 unused Assets / (13.1 MB). Loaded Objects now: 8552.
Memory consumption went from 286.4 MB to 273.3 MB.
Total: 10.586400 ms (FindLiveObjects: 1.073300 ms CreateObjectMapping: 1.050400 ms MarkObjects: 5.286300 ms  DeleteObjects: 3.175300 ms)

Prepare: number of updated asset objects reloaded= 0
AssetImportParameters requested are different than current active one (requested -> active):
  custom:container-demuxer-ogg: 62fdf1f143b41e24485cea50d1cbac27 -> 
  custom:framework-win-MediaFoundation: 216162199b28c13a410421893ffa2e32 -> 
  custom:container-muxer-webm: aa71ff27fc2769a1b78a27578f13a17b -> 
  custom:video-decoder-webm-vp8: 9c59270c3fd7afecdb556c50c9e8de78 -> 
  custom:SearchIndexIgnoredProperties: e643bd26f0fe6173181afceb89e7c659 -> 
  custom:AudioImporter_EditorPlatform: d09bf68614088b80899f8185d706f6e7 -> 
  custom:audio-decoder-ogg-vorbis: bf7c407c2cedff20999df2af8eb42d56 -> 
  custom:audio-encoder-webm-vorbis: bf7c407c2cedff20999df2af8eb42d56 -> 
  custom:video-codec-MediaFoundation-h265: 746d11721c4dcdbdad8f713fa42b33f4 -> 
  custom:video-decoder-ogg-theora: a1e56fd34408186e4bbccfd4996cb3dc -> 
  custom:CustomObjectIndexerAttribute: a3ef5dd2817f97addfee359851a9dba5 -> 
  custom:container-demuxer-webm: 4f35f7cbe854078d1ac9338744f61a02 -> 
  custom:video-encoder-webm-vp8: eb34c28f22e8b96e1ab97ce403110664 -> 
========================================================================
Received Prepare
Begin MonoManager ReloadAssembly
Symbol file LoadedFromMemory doesn't match image C:\Users\PIMG\Documents\GitHub\Stoned-Ape-Runner\Stoned Ape Runner\Library\PackageCache\com.unity.visualscripting@1.8.0\Editor\VisualScripting.Core\Dependencies\YamlDotNet\Unity.VisualScripting.YamlDotNet.dll
Symbol file LoadedFromMemory doesn't match image C:\Users\PIMG\Documents\GitHub\Stoned-Ape-Runner\Stoned Ape Runner\Library\PackageCache\com.unity.visualscripting@1.8.0\Editor\VisualScripting.Core\Dependencies\DotNetZip\Unity.VisualScripting.IonicZip.dll
- Loaded All Assemblies, in  1.138 seconds
Refreshing native plugins compatible for Editor in 8.85 ms, found 6 plugins.
Native extension for WindowsStandalone target not found
Mono: successfully reloaded assembly
- Finished resetting the current domain, in  2.344 seconds
Domain Reload Profiling: 3475ms
	BeginReloadAssembly (212ms)
		ExecutionOrderSort (0ms)
		DisableScriptedObjects (7ms)
		BackupInstance (0ms)
		ReleaseScriptingObjects (0ms)
		CreateAndSetChildDomain (63ms)
	RebuildCommonClasses (52ms)
	RebuildNativeTypeToScriptingClass (19ms)
	initialDomainReloadingComplete (47ms)
	LoadAllAssembliesAndSetupDomain (801ms)
		LoadAssemblies (379ms)
		RebuildTransferFunctionScriptingTraits (0ms)
		AnalyzeDomain (500ms)
			TypeCache.Refresh (482ms)
				TypeCache.ScanAssembly (463ms)
			ScanForSourceGeneratedMonoScriptInfo (0ms)
			ResolveRequiredComponents (18ms)
	FinalizeReload (2344ms)
		ReleaseScriptCaches (0ms)
		RebuildScriptCaches (0ms)
		SetupLoadedEditorAssemblies (953ms)
			LogAssemblyErrors (0ms)
			InitializePlatformSupportModulesInManaged (10ms)
			SetLoadedEditorAssemblies (5ms)
			RefreshPlugins (0ms)
			BeforeProcessingInitializeOnLoad (128ms)
			ProcessInitializeOnLoadAttributes (750ms)
			ProcessInitializeOnLoadMethodAttributes (44ms)
			AfterProcessingInitializeOnLoad (16ms)
			EditorAssembliesLoaded (0ms)
		ExecutionOrderSort2 (0ms)
		AwakeInstancesAfterBackupRestoration (21ms)
Refreshing native plugins compatible for Editor in 12.00 ms, found 6 plugins.
Preloading 0 native plugins for Editor in 0.00 ms.
Unloading 7354 Unused Serialized files (Serialized files now loaded: 0)
Unloading 188 unused Assets / (13.1 MB). Loaded Objects now: 8568.
Memory consumption went from 286.4 MB to 273.3 MB.
Total: 10.121700 ms (FindLiveObjects: 0.771600 ms CreateObjectMapping: 1.029600 ms MarkObjects: 5.596400 ms  DeleteObjects: 2.722700 ms)

Prepare: number of updated asset objects reloaded= 0
AssetImportParameters requested are different than current active one (requested -> active):
  custom:container-demuxer-ogg: 62fdf1f143b41e24485cea50d1cbac27 -> 
  custom:framework-win-MediaFoundation: 216162199b28c13a410421893ffa2e32 -> 
  custom:container-muxer-webm: aa71ff27fc2769a1b78a27578f13a17b -> 
  custom:video-decoder-webm-vp8: 9c59270c3fd7afecdb556c50c9e8de78 -> 
  custom:SearchIndexIgnoredProperties: e643bd26f0fe6173181afceb89e7c659 -> 
  custom:AudioImporter_EditorPlatform: d09bf68614088b80899f8185d706f6e7 -> 
  custom:audio-decoder-ogg-vorbis: bf7c407c2cedff20999df2af8eb42d56 -> 
  custom:audio-encoder-webm-vorbis: bf7c407c2cedff20999df2af8eb42d56 -> 
  custom:video-codec-MediaFoundation-h265: 746d11721c4dcdbdad8f713fa42b33f4 -> 
  custom:video-decoder-ogg-theora: a1e56fd34408186e4bbccfd4996cb3dc -> 
  custom:CustomObjectIndexerAttribute: a3ef5dd2817f97addfee359851a9dba5 -> 
  custom:container-demuxer-webm: 4f35f7cbe854078d1ac9338744f61a02 -> 
  custom:video-encoder-webm-vp8: eb34c28f22e8b96e1ab97ce403110664 -> 
========================================================================
Received Prepare
Begin MonoManager ReloadAssembly
Symbol file LoadedFromMemory doesn't match image C:\Users\PIMG\Documents\GitHub\Stoned-Ape-Runner\Stoned Ape Runner\Library\PackageCache\com.unity.visualscripting@1.8.0\Editor\VisualScripting.Core\Dependencies\YamlDotNet\Unity.VisualScripting.YamlDotNet.dll
Symbol file LoadedFromMemory doesn't match image C:\Users\PIMG\Documents\GitHub\Stoned-Ape-Runner\Stoned Ape Runner\Library\PackageCache\com.unity.visualscripting@1.8.0\Editor\VisualScripting.Core\Dependencies\DotNetZip\Unity.VisualScripting.IonicZip.dll
- Loaded All Assemblies, in  1.012 seconds
Refreshing native plugins compatible for Editor in 6.24 ms, found 6 plugins.
Native extension for WindowsStandalone target not found
Mono: successfully reloaded assembly
- Finished resetting the current domain, in  2.456 seconds
Domain Reload Profiling: 3464ms
	BeginReloadAssembly (185ms)
		ExecutionOrderSort (0ms)
		DisableScriptedObjects (8ms)
		BackupInstance (0ms)
		ReleaseScriptingObjects (0ms)
		CreateAndSetChildDomain (55ms)
	RebuildCommonClasses (47ms)
	RebuildNativeTypeToScriptingClass (16ms)
	initialDomainReloadingComplete (35ms)
	LoadAllAssembliesAndSetupDomain (724ms)
		LoadAssemblies (315ms)
		RebuildTransferFunctionScriptingTraits (0ms)
		AnalyzeDomain (474ms)
			TypeCache.Refresh (459ms)
				TypeCache.ScanAssembly (442ms)
			ScanForSourceGeneratedMonoScriptInfo (0ms)
			ResolveRequiredComponents (15ms)
	FinalizeReload (2457ms)
		ReleaseScriptCaches (0ms)
		RebuildScriptCaches (0ms)
		SetupLoadedEditorAssemblies (1037ms)
			LogAssemblyErrors (0ms)
			InitializePlatformSupportModulesInManaged (9ms)
			SetLoadedEditorAssemblies (5ms)
			RefreshPlugins (0ms)
			BeforeProcessingInitializeOnLoad (126ms)
			ProcessInitializeOnLoadAttributes (842ms)
			ProcessInitializeOnLoadMethodAttributes (42ms)
			AfterProcessingInitializeOnLoad (14ms)
			EditorAssembliesLoaded (0ms)
		ExecutionOrderSort2 (0ms)
		AwakeInstancesAfterBackupRestoration (23ms)
Refreshing native plugins compatible for Editor in 10.28 ms, found 6 plugins.
Preloading 0 native plugins for Editor in 0.00 ms.
Unloading 7354 Unused Serialized files (Serialized files now loaded: 0)
Unloading 188 unused Assets / (13.1 MB). Loaded Objects now: 8584.
Memory consumption went from 286.4 MB to 273.3 MB.
Total: 11.291200 ms (FindLiveObjects: 0.904400 ms CreateObjectMapping: 1.162600 ms MarkObjects: 6.078500 ms  DeleteObjects: 3.144500 ms)

Prepare: number of updated asset objects reloaded= 0
AssetImportParameters requested are different than current active one (requested -> active):
  custom:container-demuxer-ogg: 62fdf1f143b41e24485cea50d1cbac27 -> 
  custom:framework-win-MediaFoundation: 216162199b28c13a410421893ffa2e32 -> 
  custom:container-muxer-webm: aa71ff27fc2769a1b78a27578f13a17b -> 
  custom:video-decoder-webm-vp8: 9c59270c3fd7afecdb556c50c9e8de78 -> 
  custom:SearchIndexIgnoredProperties: e643bd26f0fe6173181afceb89e7c659 -> 
  custom:AudioImporter_EditorPlatform: d09bf68614088b80899f8185d706f6e7 -> 
  custom:audio-decoder-ogg-vorbis: bf7c407c2cedff20999df2af8eb42d56 -> 
  custom:audio-encoder-webm-vorbis: bf7c407c2cedff20999df2af8eb42d56 -> 
  custom:video-codec-MediaFoundation-h265: 746d11721c4dcdbdad8f713fa42b33f4 -> 
  custom:video-decoder-ogg-theora: a1e56fd34408186e4bbccfd4996cb3dc -> 
  custom:CustomObjectIndexerAttribute: a3ef5dd2817f97addfee359851a9dba5 -> 
  custom:container-demuxer-webm: 4f35f7cbe854078d1ac9338744f61a02 -> 
  custom:video-encoder-webm-vp8: eb34c28f22e8b96e1ab97ce403110664 -> 
========================================================================
Received Prepare
Begin MonoManager ReloadAssembly
Symbol file LoadedFromMemory doesn't match image C:\Users\PIMG\Documents\GitHub\Stoned-Ape-Runner\Stoned Ape Runner\Library\PackageCache\com.unity.visualscripting@1.8.0\Editor\VisualScripting.Core\Dependencies\YamlDotNet\Unity.VisualScripting.YamlDotNet.dll
Symbol file LoadedFromMemory doesn't match image C:\Users\PIMG\Documents\GitHub\Stoned-Ape-Runner\Stoned Ape Runner\Library\PackageCache\com.unity.visualscripting@1.8.0\Editor\VisualScripting.Core\Dependencies\DotNetZip\Unity.VisualScripting.IonicZip.dll
- Loaded All Assemblies, in  1.041 seconds
Refreshing native plugins compatible for Editor in 5.82 ms, found 6 plugins.
Native extension for WindowsStandalone target not found
Mono: successfully reloaded assembly
- Finished resetting the current domain, in  2.008 seconds
Domain Reload Profiling: 3042ms
	BeginReloadAssembly (217ms)
		ExecutionOrderSort (0ms)
		DisableScriptedObjects (6ms)
		BackupInstance (0ms)
		ReleaseScriptingObjects (0ms)
		CreateAndSetChildDomain (79ms)
	RebuildCommonClasses (39ms)
	RebuildNativeTypeToScriptingClass (16ms)
	initialDomainReloadingComplete (38ms)
	LoadAllAssembliesAndSetupDomain (724ms)
		LoadAssemblies (384ms)
		RebuildTransferFunctionScriptingTraits (0ms)
		AnalyzeDomain (412ms)
			TypeCache.Refresh (399ms)
				TypeCache.ScanAssembly (382ms)
			ScanForSourceGeneratedMonoScriptInfo (0ms)
			ResolveRequiredComponents (13ms)
	FinalizeReload (2008ms)
		ReleaseScriptCaches (0ms)
		RebuildScriptCaches (0ms)
		SetupLoadedEditorAssemblies (823ms)
			LogAssemblyErrors (0ms)
			InitializePlatformSupportModulesInManaged (9ms)
			SetLoadedEditorAssemblies (5ms)
			RefreshPlugins (0ms)
			BeforeProcessingInitializeOnLoad (115ms)
			ProcessInitializeOnLoadAttributes (648ms)
			ProcessInitializeOnLoadMethodAttributes (36ms)
			AfterProcessingInitializeOnLoad (9ms)
			EditorAssembliesLoaded (1ms)
		ExecutionOrderSort2 (0ms)
		AwakeInstancesAfterBackupRestoration (18ms)
Refreshing native plugins compatible for Editor in 6.80 ms, found 6 plugins.
Preloading 0 native plugins for Editor in 0.00 ms.
Unloading 7354 Unused Serialized files (Serialized files now loaded: 0)
Unloading 188 unused Assets / (13.1 MB). Loaded Objects now: 8600.
Memory consumption went from 286.4 MB to 273.3 MB.
Total: 11.061000 ms (FindLiveObjects: 0.923800 ms CreateObjectMapping: 0.723900 ms MarkObjects: 6.467000 ms  DeleteObjects: 2.945100 ms)

Prepare: number of updated asset objects reloaded= 0
AssetImportParameters requested are different than current active one (requested -> active):
  custom:container-demuxer-ogg: 62fdf1f143b41e24485cea50d1cbac27 -> 
  custom:framework-win-MediaFoundation: 216162199b28c13a410421893ffa2e32 -> 
  custom:container-muxer-webm: aa71ff27fc2769a1b78a27578f13a17b -> 
  custom:video-decoder-webm-vp8: 9c59270c3fd7afecdb556c50c9e8de78 -> 
  custom:SearchIndexIgnoredProperties: e643bd26f0fe6173181afceb89e7c659 -> 
  custom:AudioImporter_EditorPlatform: d09bf68614088b80899f8185d706f6e7 -> 
  custom:audio-decoder-ogg-vorbis: bf7c407c2cedff20999df2af8eb42d56 -> 
  custom:audio-encoder-webm-vorbis: bf7c407c2cedff20999df2af8eb42d56 -> 
  custom:video-codec-MediaFoundation-h265: 746d11721c4dcdbdad8f713fa42b33f4 -> 
  custom:video-decoder-ogg-theora: a1e56fd34408186e4bbccfd4996cb3dc -> 
  custom:CustomObjectIndexerAttribute: a3ef5dd2817f97addfee359851a9dba5 -> 
  custom:container-demuxer-webm: 4f35f7cbe854078d1ac9338744f61a02 -> 
  custom:video-encoder-webm-vp8: eb34c28f22e8b96e1ab97ce403110664 -> 
========================================================================
Received Prepare
Begin MonoManager ReloadAssembly
Symbol file LoadedFromMemory doesn't match image C:\Users\PIMG\Documents\GitHub\Stoned-Ape-Runner\Stoned Ape Runner\Library\PackageCache\com.unity.visualscripting@1.8.0\Editor\VisualScripting.Core\Dependencies\YamlDotNet\Unity.VisualScripting.YamlDotNet.dll
Symbol file LoadedFromMemory doesn't match image C:\Users\PIMG\Documents\GitHub\Stoned-Ape-Runner\Stoned Ape Runner\Library\PackageCache\com.unity.visualscripting@1.8.0\Editor\VisualScripting.Core\Dependencies\DotNetZip\Unity.VisualScripting.IonicZip.dll
- Loaded All Assemblies, in  1.401 seconds
Refreshing native plugins compatible for Editor in 6.83 ms, found 6 plugins.
Native extension for WindowsStandalone target not found
Mono: successfully reloaded assembly
- Finished resetting the current domain, in  1.916 seconds
Domain Reload Profiling: 3310ms
	BeginReloadAssembly (346ms)
		ExecutionOrderSort (0ms)
		DisableScriptedObjects (8ms)
		BackupInstance (0ms)
		ReleaseScriptingObjects (0ms)
		CreateAndSetChildDomain (165ms)
	RebuildCommonClasses (67ms)
	RebuildNativeTypeToScriptingClass (32ms)
	initialDomainReloadingComplete (94ms)
	LoadAllAssembliesAndSetupDomain (854ms)
		LoadAssemblies (400ms)
		RebuildTransferFunctionScriptingTraits (0ms)
		AnalyzeDomain (562ms)
			TypeCache.Refresh (530ms)
				TypeCache.ScanAssembly (510ms)
			ScanForSourceGeneratedMonoScriptInfo (15ms)
			ResolveRequiredComponents (17ms)
	FinalizeReload (1916ms)
		ReleaseScriptCaches (0ms)
		RebuildScriptCaches (0ms)
		SetupLoadedEditorAssemblies (794ms)
			LogAssemblyErrors (0ms)
			InitializePlatformSupportModulesInManaged (7ms)
			SetLoadedEditorAssemblies (3ms)
			RefreshPlugins (0ms)
			BeforeProcessingInitializeOnLoad (103ms)
			ProcessInitializeOnLoadAttributes (637ms)
			ProcessInitializeOnLoadMethodAttributes (34ms)
			AfterProcessingInitializeOnLoad (10ms)
			EditorAssembliesLoaded (0ms)
		ExecutionOrderSort2 (0ms)
		AwakeInstancesAfterBackupRestoration (18ms)
Refreshing native plugins compatible for Editor in 8.21 ms, found 6 plugins.
Preloading 0 native plugins for Editor in 0.00 ms.
Unloading 7355 Unused Serialized files (Serialized files now loaded: 0)
Unloading 188 unused Assets / (13.1 MB). Loaded Objects now: 8617.
Memory consumption went from 286.4 MB to 273.3 MB.
Total: 15.252000 ms (FindLiveObjects: 1.032200 ms CreateObjectMapping: 0.497300 ms MarkObjects: 10.226900 ms  DeleteObjects: 3.494300 ms)

Prepare: number of updated asset objects reloaded= 0
AssetImportParameters requested are different than current active one (requested -> active):
  custom:container-demuxer-ogg: 62fdf1f143b41e24485cea50d1cbac27 -> 
  custom:framework-win-MediaFoundation: 216162199b28c13a410421893ffa2e32 -> 
  custom:container-muxer-webm: aa71ff27fc2769a1b78a27578f13a17b -> 
  custom:video-decoder-webm-vp8: 9c59270c3fd7afecdb556c50c9e8de78 -> 
  custom:SearchIndexIgnoredProperties: e643bd26f0fe6173181afceb89e7c659 -> 
  custom:AudioImporter_EditorPlatform: d09bf68614088b80899f8185d706f6e7 -> 
  custom:audio-decoder-ogg-vorbis: bf7c407c2cedff20999df2af8eb42d56 -> 
  custom:audio-encoder-webm-vorbis: bf7c407c2cedff20999df2af8eb42d56 -> 
  custom:video-codec-MediaFoundation-h265: 746d11721c4dcdbdad8f713fa42b33f4 -> 
  custom:video-decoder-ogg-theora: a1e56fd34408186e4bbccfd4996cb3dc -> 
  custom:CustomObjectIndexerAttribute: a3ef5dd2817f97addfee359851a9dba5 -> 
  custom:container-demuxer-webm: 4f35f7cbe854078d1ac9338744f61a02 -> 
  custom:video-encoder-webm-vp8: eb34c28f22e8b96e1ab97ce403110664 -> 
========================================================================
Received Prepare
Begin MonoManager ReloadAssembly
Symbol file LoadedFromMemory doesn't match image C:\Users\PIMG\Documents\GitHub\Stoned-Ape-Runner\Stoned Ape Runner\Library\PackageCache\com.unity.visualscripting@1.8.0\Editor\VisualScripting.Core\Dependencies\YamlDotNet\Unity.VisualScripting.YamlDotNet.dll
Symbol file LoadedFromMemory doesn't match image C:\Users\PIMG\Documents\GitHub\Stoned-Ape-Runner\Stoned Ape Runner\Library\PackageCache\com.unity.visualscripting@1.8.0\Editor\VisualScripting.Core\Dependencies\DotNetZip\Unity.VisualScripting.IonicZip.dll
- Loaded All Assemblies, in  1.000 seconds
Refreshing native plugins compatible for Editor in 5.91 ms, found 6 plugins.
Native extension for WindowsStandalone target not found
Mono: successfully reloaded assembly
- Finished resetting the current domain, in  1.891 seconds
Domain Reload Profiling: 2885ms
	BeginReloadAssembly (211ms)
		ExecutionOrderSort (0ms)
		DisableScriptedObjects (9ms)
		BackupInstance (0ms)
		ReleaseScriptingObjects (0ms)
		CreateAndSetChildDomain (71ms)
	RebuildCommonClasses (46ms)
	RebuildNativeTypeToScriptingClass (15ms)
	initialDomainReloadingComplete (45ms)
	LoadAllAssembliesAndSetupDomain (677ms)
		LoadAssemblies (325ms)
		RebuildTransferFunctionScriptingTraits (0ms)
		AnalyzeDomain (421ms)
			TypeCache.Refresh (395ms)
				TypeCache.ScanAssembly (378ms)
			ScanForSourceGeneratedMonoScriptInfo (12ms)
			ResolveRequiredComponents (14ms)
	FinalizeReload (1891ms)
		ReleaseScriptCaches (0ms)
		RebuildScriptCaches (0ms)
		SetupLoadedEditorAssemblies (797ms)
			LogAssemblyErrors (0ms)
			InitializePlatformSupportModulesInManaged (8ms)
			SetLoadedEditorAssemblies (4ms)
			RefreshPlugins (0ms)
			BeforeProcessingInitializeOnLoad (111ms)
			ProcessInitializeOnLoadAttributes (629ms)
			ProcessInitializeOnLoadMethodAttributes (34ms)
			AfterProcessingInitializeOnLoad (11ms)
			EditorAssembliesLoaded (0ms)
		ExecutionOrderSort2 (0ms)
		AwakeInstancesAfterBackupRestoration (18ms)
Refreshing native plugins compatible for Editor in 6.51 ms, found 6 plugins.
Preloading 0 native plugins for Editor in 0.00 ms.
Unloading 7355 Unused Serialized files (Serialized files now loaded: 0)
Unloading 188 unused Assets / (13.1 MB). Loaded Objects now: 8633.
Memory consumption went from 286.5 MB to 273.3 MB.
Total: 8.969600 ms (FindLiveObjects: 0.730300 ms CreateObjectMapping: 0.908200 ms MarkObjects: 4.506300 ms  DeleteObjects: 2.822300 ms)

Prepare: number of updated asset objects reloaded= 0
AssetImportParameters requested are different than current active one (requested -> active):
  custom:container-demuxer-ogg: 62fdf1f143b41e24485cea50d1cbac27 -> 
  custom:framework-win-MediaFoundation: 216162199b28c13a410421893ffa2e32 -> 
  custom:container-muxer-webm: aa71ff27fc2769a1b78a27578f13a17b -> 
  custom:video-decoder-webm-vp8: 9c59270c3fd7afecdb556c50c9e8de78 -> 
  custom:SearchIndexIgnoredProperties: e643bd26f0fe6173181afceb89e7c659 -> 
  custom:AudioImporter_EditorPlatform: d09bf68614088b80899f8185d706f6e7 -> 
  custom:audio-decoder-ogg-vorbis: bf7c407c2cedff20999df2af8eb42d56 -> 
  custom:audio-encoder-webm-vorbis: bf7c407c2cedff20999df2af8eb42d56 -> 
  custom:video-codec-MediaFoundation-h265: 746d11721c4dcdbdad8f713fa42b33f4 -> 
  custom:video-decoder-ogg-theora: a1e56fd34408186e4bbccfd4996cb3dc -> 
  custom:CustomObjectIndexerAttribute: a3ef5dd2817f97addfee359851a9dba5 -> 
  custom:container-demuxer-webm: 4f35f7cbe854078d1ac9338744f61a02 -> 
  custom:video-encoder-webm-vp8: eb34c28f22e8b96e1ab97ce403110664 -> 
========================================================================
Received Prepare
Begin MonoManager ReloadAssembly
Symbol file LoadedFromMemory doesn't match image C:\Users\PIMG\Documents\GitHub\Stoned-Ape-Runner\Stoned Ape Runner\Library\PackageCache\com.unity.visualscripting@1.8.0\Editor\VisualScripting.Core\Dependencies\YamlDotNet\Unity.VisualScripting.YamlDotNet.dll
Symbol file LoadedFromMemory doesn't match image C:\Users\PIMG\Documents\GitHub\Stoned-Ape-Runner\Stoned Ape Runner\Library\PackageCache\com.unity.visualscripting@1.8.0\Editor\VisualScripting.Core\Dependencies\DotNetZip\Unity.VisualScripting.IonicZip.dll
- Loaded All Assemblies, in  0.948 seconds
Refreshing native plugins compatible for Editor in 5.77 ms, found 6 plugins.
Native extension for WindowsStandalone target not found
Mono: successfully reloaded assembly
- Finished resetting the current domain, in  1.934 seconds
Domain Reload Profiling: 2878ms
	BeginReloadAssembly (177ms)
		ExecutionOrderSort (0ms)
		DisableScriptedObjects (6ms)
		BackupInstance (0ms)
		ReleaseScriptingObjects (0ms)
		CreateAndSetChildDomain (57ms)
	RebuildCommonClasses (52ms)
	RebuildNativeTypeToScriptingClass (19ms)
	initialDomainReloadingComplete (33ms)
	LoadAllAssembliesAndSetupDomain (663ms)
		LoadAssemblies (305ms)
		RebuildTransferFunctionScriptingTraits (0ms)
		AnalyzeDomain (418ms)
			TypeCache.Refresh (403ms)
				TypeCache.ScanAssembly (386ms)
			ScanForSourceGeneratedMonoScriptInfo (0ms)
			ResolveRequiredComponents (14ms)
	FinalizeReload (1935ms)
		ReleaseScriptCaches (0ms)
		RebuildScriptCaches (0ms)
		SetupLoadedEditorAssemblies (843ms)
			LogAssemblyErrors (0ms)
			InitializePlatformSupportModulesInManaged (7ms)
			SetLoadedEditorAssemblies (5ms)
			RefreshPlugins (0ms)
			BeforeProcessingInitializeOnLoad (108ms)
			ProcessInitializeOnLoadAttributes (675ms)
			ProcessInitializeOnLoadMethodAttributes (35ms)
			AfterProcessingInitializeOnLoad (12ms)
			EditorAssembliesLoaded (0ms)
		ExecutionOrderSort2 (0ms)
		AwakeInstancesAfterBackupRestoration (18ms)
Refreshing native plugins compatible for Editor in 8.07 ms, found 6 plugins.
Preloading 0 native plugins for Editor in 0.00 ms.
Unloading 7355 Unused Serialized files (Serialized files now loaded: 0)
Unloading 188 unused Assets / (13.1 MB). Loaded Objects now: 8649.
Memory consumption went from 286.5 MB to 273.4 MB.
Total: 9.024600 ms (FindLiveObjects: 0.731500 ms CreateObjectMapping: 0.993400 ms MarkObjects: 4.436100 ms  DeleteObjects: 2.862500 ms)

Prepare: number of updated asset objects reloaded= 0
AssetImportParameters requested are different than current active one (requested -> active):
  custom:container-demuxer-ogg: 62fdf1f143b41e24485cea50d1cbac27 -> 
  custom:framework-win-MediaFoundation: 216162199b28c13a410421893ffa2e32 -> 
  custom:container-muxer-webm: aa71ff27fc2769a1b78a27578f13a17b -> 
  custom:video-decoder-webm-vp8: 9c59270c3fd7afecdb556c50c9e8de78 -> 
  custom:SearchIndexIgnoredProperties: e643bd26f0fe6173181afceb89e7c659 -> 
  custom:AudioImporter_EditorPlatform: d09bf68614088b80899f8185d706f6e7 -> 
  custom:audio-decoder-ogg-vorbis: bf7c407c2cedff20999df2af8eb42d56 -> 
  custom:audio-encoder-webm-vorbis: bf7c407c2cedff20999df2af8eb42d56 -> 
  custom:video-codec-MediaFoundation-h265: 746d11721c4dcdbdad8f713fa42b33f4 -> 
  custom:video-decoder-ogg-theora: a1e56fd34408186e4bbccfd4996cb3dc -> 
  custom:CustomObjectIndexerAttribute: a3ef5dd2817f97addfee359851a9dba5 -> 
  custom:container-demuxer-webm: 4f35f7cbe854078d1ac9338744f61a02 -> 
  custom:video-encoder-webm-vp8: eb34c28f22e8b96e1ab97ce403110664 -> 
========================================================================
Received Prepare
Begin MonoManager ReloadAssembly
Symbol file LoadedFromMemory doesn't match image C:\Users\PIMG\Documents\GitHub\Stoned-Ape-Runner\Stoned Ape Runner\Library\PackageCache\com.unity.visualscripting@1.8.0\Editor\VisualScripting.Core\Dependencies\YamlDotNet\Unity.VisualScripting.YamlDotNet.dll
Symbol file LoadedFromMemory doesn't match image C:\Users\PIMG\Documents\GitHub\Stoned-Ape-Runner\Stoned Ape Runner\Library\PackageCache\com.unity.visualscripting@1.8.0\Editor\VisualScripting.Core\Dependencies\DotNetZip\Unity.VisualScripting.IonicZip.dll
- Loaded All Assemblies, in  0.968 seconds
Refreshing native plugins compatible for Editor in 6.65 ms, found 6 plugins.
Native extension for WindowsStandalone target not found
Mono: successfully reloaded assembly
- Finished resetting the current domain, in  2.023 seconds
Domain Reload Profiling: 2987ms
	BeginReloadAssembly (196ms)
		ExecutionOrderSort (0ms)
		DisableScriptedObjects (6ms)
		BackupInstance (0ms)
		ReleaseScriptingObjects (0ms)
		CreateAndSetChildDomain (55ms)
	RebuildCommonClasses (42ms)
	RebuildNativeTypeToScriptingClass (19ms)
	initialDomainReloadingComplete (40ms)
	LoadAllAssembliesAndSetupDomain (666ms)
		LoadAssemblies (312ms)
		RebuildTransferFunctionScriptingTraits (0ms)
		AnalyzeDomain (432ms)
			TypeCache.Refresh (417ms)
				TypeCache.ScanAssembly (400ms)
			ScanForSourceGeneratedMonoScriptInfo (0ms)
			ResolveRequiredComponents (14ms)
	FinalizeReload (2024ms)
		ReleaseScriptCaches (0ms)
		RebuildScriptCaches (0ms)
		SetupLoadedEditorAssemblies (931ms)
			LogAssemblyErrors (0ms)
			InitializePlatformSupportModulesInManaged (11ms)
			SetLoadedEditorAssemblies (4ms)
			RefreshPlugins (0ms)
			BeforeProcessingInitializeOnLoad (129ms)
			ProcessInitializeOnLoadAttributes (740ms)
			ProcessInitializeOnLoadMethodAttributes (38ms)
			AfterProcessingInitializeOnLoad (10ms)
			EditorAssembliesLoaded (0ms)
		ExecutionOrderSort2 (0ms)
		AwakeInstancesAfterBackupRestoration (19ms)
Refreshing native plugins compatible for Editor in 9.33 ms, found 6 plugins.
Preloading 0 native plugins for Editor in 0.00 ms.
Unloading 7355 Unused Serialized files (Serialized files now loaded: 0)
Unloading 188 unused Assets / (13.1 MB). Loaded Objects now: 8665.
Memory consumption went from 286.5 MB to 273.4 MB.
Total: 8.282600 ms (FindLiveObjects: 0.749800 ms CreateObjectMapping: 0.580500 ms MarkObjects: 3.966300 ms  DeleteObjects: 2.984400 ms)

Prepare: number of updated asset objects reloaded= 0
AssetImportParameters requested are different than current active one (requested -> active):
  custom:container-demuxer-ogg: 62fdf1f143b41e24485cea50d1cbac27 -> 
  custom:framework-win-MediaFoundation: 216162199b28c13a410421893ffa2e32 -> 
  custom:container-muxer-webm: aa71ff27fc2769a1b78a27578f13a17b -> 
  custom:video-decoder-webm-vp8: 9c59270c3fd7afecdb556c50c9e8de78 -> 
  custom:SearchIndexIgnoredProperties: e643bd26f0fe6173181afceb89e7c659 -> 
  custom:AudioImporter_EditorPlatform: d09bf68614088b80899f8185d706f6e7 -> 
  custom:audio-decoder-ogg-vorbis: bf7c407c2cedff20999df2af8eb42d56 -> 
  custom:audio-encoder-webm-vorbis: bf7c407c2cedff20999df2af8eb42d56 -> 
  custom:video-codec-MediaFoundation-h265: 746d11721c4dcdbdad8f713fa42b33f4 -> 
  custom:video-decoder-ogg-theora: a1e56fd34408186e4bbccfd4996cb3dc -> 
  custom:CustomObjectIndexerAttribute: a3ef5dd2817f97addfee359851a9dba5 -> 
  custom:container-demuxer-webm: 4f35f7cbe854078d1ac9338744f61a02 -> 
  custom:video-encoder-webm-vp8: eb34c28f22e8b96e1ab97ce403110664 -> 
========================================================================
Received Prepare
Begin MonoManager ReloadAssembly
Symbol file LoadedFromMemory doesn't match image C:\Users\PIMG\Documents\GitHub\Stoned-Ape-Runner\Stoned Ape Runner\Library\PackageCache\com.unity.visualscripting@1.8.0\Editor\VisualScripting.Core\Dependencies\YamlDotNet\Unity.VisualScripting.YamlDotNet.dll
Symbol file LoadedFromMemory doesn't match image C:\Users\PIMG\Documents\GitHub\Stoned-Ape-Runner\Stoned Ape Runner\Library\PackageCache\com.unity.visualscripting@1.8.0\Editor\VisualScripting.Core\Dependencies\DotNetZip\Unity.VisualScripting.IonicZip.dll
- Loaded All Assemblies, in  0.964 seconds
Refreshing native plugins compatible for Editor in 5.34 ms, found 6 plugins.
Native extension for WindowsStandalone target not found
Mono: successfully reloaded assembly
- Finished resetting the current domain, in  2.027 seconds
Domain Reload Profiling: 2987ms
	BeginReloadAssembly (188ms)
		ExecutionOrderSort (0ms)
		DisableScriptedObjects (5ms)
		BackupInstance (0ms)
		ReleaseScriptingObjects (0ms)
		CreateAndSetChildDomain (60ms)
	RebuildCommonClasses (49ms)
	RebuildNativeTypeToScriptingClass (17ms)
	initialDomainReloadingComplete (37ms)
	LoadAllAssembliesAndSetupDomain (669ms)
		LoadAssemblies (316ms)
		RebuildTransferFunctionScriptingTraits (0ms)
		AnalyzeDomain (422ms)
			TypeCache.Refresh (405ms)
				TypeCache.ScanAssembly (387ms)
			ScanForSourceGeneratedMonoScriptInfo (0ms)
			ResolveRequiredComponents (17ms)
	FinalizeReload (2027ms)
		ReleaseScriptCaches (0ms)
		RebuildScriptCaches (0ms)
		SetupLoadedEditorAssemblies (909ms)
			LogAssemblyErrors (0ms)
			InitializePlatformSupportModulesInManaged (9ms)
			SetLoadedEditorAssemblies (4ms)
			RefreshPlugins (0ms)
			BeforeProcessingInitializeOnLoad (132ms)
			ProcessInitializeOnLoadAttributes (716ms)
			ProcessInitializeOnLoadMethodAttributes (35ms)
			AfterProcessingInitializeOnLoad (13ms)
			EditorAssembliesLoaded (0ms)
		ExecutionOrderSort2 (0ms)
		AwakeInstancesAfterBackupRestoration (20ms)
Refreshing native plugins compatible for Editor in 9.01 ms, found 6 plugins.
Preloading 0 native plugins for Editor in 0.00 ms.
Unloading 7355 Unused Serialized files (Serialized files now loaded: 0)
Unloading 188 unused Assets / (13.1 MB). Loaded Objects now: 8681.
Memory consumption went from 286.5 MB to 273.4 MB.
Total: 9.135000 ms (FindLiveObjects: 0.913700 ms CreateObjectMapping: 0.761900 ms MarkObjects: 4.631200 ms  DeleteObjects: 2.827200 ms)

Prepare: number of updated asset objects reloaded= 0
AssetImportParameters requested are different than current active one (requested -> active):
  custom:container-demuxer-ogg: 62fdf1f143b41e24485cea50d1cbac27 -> 
  custom:framework-win-MediaFoundation: 216162199b28c13a410421893ffa2e32 -> 
  custom:container-muxer-webm: aa71ff27fc2769a1b78a27578f13a17b -> 
  custom:video-decoder-webm-vp8: 9c59270c3fd7afecdb556c50c9e8de78 -> 
  custom:SearchIndexIgnoredProperties: e643bd26f0fe6173181afceb89e7c659 -> 
  custom:AudioImporter_EditorPlatform: d09bf68614088b80899f8185d706f6e7 -> 
  custom:audio-decoder-ogg-vorbis: bf7c407c2cedff20999df2af8eb42d56 -> 
  custom:audio-encoder-webm-vorbis: bf7c407c2cedff20999df2af8eb42d56 -> 
  custom:video-codec-MediaFoundation-h265: 746d11721c4dcdbdad8f713fa42b33f4 -> 
  custom:video-decoder-ogg-theora: a1e56fd34408186e4bbccfd4996cb3dc -> 
  custom:CustomObjectIndexerAttribute: a3ef5dd2817f97addfee359851a9dba5 -> 
  custom:container-demuxer-webm: 4f35f7cbe854078d1ac9338744f61a02 -> 
  custom:video-encoder-webm-vp8: eb34c28f22e8b96e1ab97ce403110664 -> 
========================================================================
Received Prepare
Begin MonoManager ReloadAssembly
Symbol file LoadedFromMemory doesn't match image C:\Users\PIMG\Documents\GitHub\Stoned-Ape-Runner\Stoned Ape Runner\Library\PackageCache\com.unity.visualscripting@1.8.0\Editor\VisualScripting.Core\Dependencies\YamlDotNet\Unity.VisualScripting.YamlDotNet.dll
Symbol file LoadedFromMemory doesn't match image C:\Users\PIMG\Documents\GitHub\Stoned-Ape-Runner\Stoned Ape Runner\Library\PackageCache\com.unity.visualscripting@1.8.0\Editor\VisualScripting.Core\Dependencies\DotNetZip\Unity.VisualScripting.IonicZip.dll
- Loaded All Assemblies, in  1.053 seconds
Refreshing native plugins compatible for Editor in 9.09 ms, found 6 plugins.
Native extension for WindowsStandalone target not found
Mono: successfully reloaded assembly
- Finished resetting the current domain, in  2.032 seconds
Domain Reload Profiling: 3079ms
	BeginReloadAssembly (193ms)
		ExecutionOrderSort (0ms)
		DisableScriptedObjects (5ms)
		BackupInstance (0ms)
		ReleaseScriptingObjects (0ms)
		CreateAndSetChildDomain (57ms)
	RebuildCommonClasses (55ms)
	RebuildNativeTypeToScriptingClass (16ms)
	initialDomainReloadingComplete (48ms)
	LoadAllAssembliesAndSetupDomain (735ms)
		LoadAssemblies (351ms)
		RebuildTransferFunctionScriptingTraits (0ms)
		AnalyzeDomain (459ms)
			TypeCache.Refresh (432ms)
				TypeCache.ScanAssembly (414ms)
			ScanForSourceGeneratedMonoScriptInfo (12ms)
			ResolveRequiredComponents (15ms)
	FinalizeReload (2032ms)
		ReleaseScriptCaches (0ms)
		RebuildScriptCaches (0ms)
		SetupLoadedEditorAssemblies (884ms)
			LogAssemblyErrors (0ms)
			InitializePlatformSupportModulesInManaged (8ms)
			SetLoadedEditorAssemblies (3ms)
			RefreshPlugins (0ms)
			BeforeProcessingInitializeOnLoad (125ms)
			ProcessInitializeOnLoadAttributes (705ms)
			ProcessInitializeOnLoadMethodAttributes (32ms)
			AfterProcessingInitializeOnLoad (9ms)
			EditorAssembliesLoaded (0ms)
		ExecutionOrderSort2 (0ms)
		AwakeInstancesAfterBackupRestoration (18ms)
Refreshing native plugins compatible for Editor in 8.53 ms, found 6 plugins.
Preloading 0 native plugins for Editor in 0.00 ms.
Unloading 7355 Unused Serialized files (Serialized files now loaded: 0)
Unloading 188 unused Assets / (13.1 MB). Loaded Objects now: 8697.
Memory consumption went from 286.6 MB to 273.4 MB.
Total: 9.181300 ms (FindLiveObjects: 0.968900 ms CreateObjectMapping: 0.821700 ms MarkObjects: 4.448200 ms  DeleteObjects: 2.941200 ms)

Prepare: number of updated asset objects reloaded= 0
AssetImportParameters requested are different than current active one (requested -> active):
  custom:container-demuxer-ogg: 62fdf1f143b41e24485cea50d1cbac27 -> 
  custom:framework-win-MediaFoundation: 216162199b28c13a410421893ffa2e32 -> 
  custom:container-muxer-webm: aa71ff27fc2769a1b78a27578f13a17b -> 
  custom:video-decoder-webm-vp8: 9c59270c3fd7afecdb556c50c9e8de78 -> 
  custom:SearchIndexIgnoredProperties: e643bd26f0fe6173181afceb89e7c659 -> 
  custom:AudioImporter_EditorPlatform: d09bf68614088b80899f8185d706f6e7 -> 
  custom:audio-decoder-ogg-vorbis: bf7c407c2cedff20999df2af8eb42d56 -> 
  custom:audio-encoder-webm-vorbis: bf7c407c2cedff20999df2af8eb42d56 -> 
  custom:video-codec-MediaFoundation-h265: 746d11721c4dcdbdad8f713fa42b33f4 -> 
  custom:video-decoder-ogg-theora: a1e56fd34408186e4bbccfd4996cb3dc -> 
  custom:CustomObjectIndexerAttribute: a3ef5dd2817f97addfee359851a9dba5 -> 
  custom:container-demuxer-webm: 4f35f7cbe854078d1ac9338744f61a02 -> 
  custom:video-encoder-webm-vp8: eb34c28f22e8b96e1ab97ce403110664 -> 
========================================================================
Received Prepare
Begin MonoManager ReloadAssembly
Symbol file LoadedFromMemory doesn't match image C:\Users\PIMG\Documents\GitHub\Stoned-Ape-Runner\Stoned Ape Runner\Library\PackageCache\com.unity.visualscripting@1.8.0\Editor\VisualScripting.Core\Dependencies\YamlDotNet\Unity.VisualScripting.YamlDotNet.dll
Symbol file LoadedFromMemory doesn't match image C:\Users\PIMG\Documents\GitHub\Stoned-Ape-Runner\Stoned Ape Runner\Library\PackageCache\com.unity.visualscripting@1.8.0\Editor\VisualScripting.Core\Dependencies\DotNetZip\Unity.VisualScripting.IonicZip.dll
- Loaded All Assemblies, in  1.000 seconds
Refreshing native plugins compatible for Editor in 7.38 ms, found 6 plugins.
Native extension for WindowsStandalone target not found
Mono: successfully reloaded assembly
- Finished resetting the current domain, in  2.128 seconds
Domain Reload Profiling: 3125ms
	BeginReloadAssembly (177ms)
		ExecutionOrderSort (0ms)
		DisableScriptedObjects (5ms)
		BackupInstance (0ms)
		ReleaseScriptingObjects (0ms)
		CreateAndSetChildDomain (50ms)
	RebuildCommonClasses (53ms)
	RebuildNativeTypeToScriptingClass (15ms)
	initialDomainReloadingComplete (37ms)
	LoadAllAssembliesAndSetupDomain (713ms)
		LoadAssemblies (322ms)
		RebuildTransferFunctionScriptingTraits (0ms)
		AnalyzeDomain (463ms)
			TypeCache.Refresh (449ms)
				TypeCache.ScanAssembly (431ms)
			ScanForSourceGeneratedMonoScriptInfo (0ms)
			ResolveRequiredComponents (14ms)
	FinalizeReload (2129ms)
		ReleaseScriptCaches (0ms)
		RebuildScriptCaches (0ms)
		SetupLoadedEditorAssemblies (915ms)
			LogAssemblyErrors (0ms)
			InitializePlatformSupportModulesInManaged (9ms)
			SetLoadedEditorAssemblies (5ms)
			RefreshPlugins (0ms)
			BeforeProcessingInitializeOnLoad (127ms)
			ProcessInitializeOnLoadAttributes (726ms)
			ProcessInitializeOnLoadMethodAttributes (36ms)
			AfterProcessingInitializeOnLoad (13ms)
			EditorAssembliesLoaded (0ms)
		ExecutionOrderSort2 (0ms)
		AwakeInstancesAfterBackupRestoration (22ms)
Refreshing native plugins compatible for Editor in 9.59 ms, found 6 plugins.
Preloading 0 native plugins for Editor in 0.00 ms.
Unloading 7355 Unused Serialized files (Serialized files now loaded: 0)
Unloading 188 unused Assets / (13.1 MB). Loaded Objects now: 8713.
Memory consumption went from 286.6 MB to 273.4 MB.
Total: 13.826100 ms (FindLiveObjects: 1.242300 ms CreateObjectMapping: 0.731900 ms MarkObjects: 8.490000 ms  DeleteObjects: 3.360400 ms)

Prepare: number of updated asset objects reloaded= 0
AssetImportParameters requested are different than current active one (requested -> active):
  custom:container-demuxer-ogg: 62fdf1f143b41e24485cea50d1cbac27 -> 
  custom:framework-win-MediaFoundation: 216162199b28c13a410421893ffa2e32 -> 
  custom:container-muxer-webm: aa71ff27fc2769a1b78a27578f13a17b -> 
  custom:video-decoder-webm-vp8: 9c59270c3fd7afecdb556c50c9e8de78 -> 
  custom:SearchIndexIgnoredProperties: e643bd26f0fe6173181afceb89e7c659 -> 
  custom:AudioImporter_EditorPlatform: d09bf68614088b80899f8185d706f6e7 -> 
  custom:audio-decoder-ogg-vorbis: bf7c407c2cedff20999df2af8eb42d56 -> 
  custom:audio-encoder-webm-vorbis: bf7c407c2cedff20999df2af8eb42d56 -> 
  custom:video-codec-MediaFoundation-h265: 746d11721c4dcdbdad8f713fa42b33f4 -> 
  custom:video-decoder-ogg-theora: a1e56fd34408186e4bbccfd4996cb3dc -> 
  custom:CustomObjectIndexerAttribute: a3ef5dd2817f97addfee359851a9dba5 -> 
  custom:container-demuxer-webm: 4f35f7cbe854078d1ac9338744f61a02 -> 
  custom:video-encoder-webm-vp8: eb34c28f22e8b96e1ab97ce403110664 -> 
========================================================================
Received Prepare
Begin MonoManager ReloadAssembly
Symbol file LoadedFromMemory doesn't match image C:\Users\PIMG\Documents\GitHub\Stoned-Ape-Runner\Stoned Ape Runner\Library\PackageCache\com.unity.visualscripting@1.8.0\Editor\VisualScripting.Core\Dependencies\YamlDotNet\Unity.VisualScripting.YamlDotNet.dll
Symbol file LoadedFromMemory doesn't match image C:\Users\PIMG\Documents\GitHub\Stoned-Ape-Runner\Stoned Ape Runner\Library\PackageCache\com.unity.visualscripting@1.8.0\Editor\VisualScripting.Core\Dependencies\DotNetZip\Unity.VisualScripting.IonicZip.dll
- Loaded All Assemblies, in  1.089 seconds
Refreshing native plugins compatible for Editor in 5.58 ms, found 6 plugins.
Native extension for WindowsStandalone target not found
Mono: successfully reloaded assembly
- Finished resetting the current domain, in  2.211 seconds
Domain Reload Profiling: 3296ms
	BeginReloadAssembly (211ms)
		ExecutionOrderSort (0ms)
		DisableScriptedObjects (7ms)
		BackupInstance (0ms)
		ReleaseScriptingObjects (0ms)
		CreateAndSetChildDomain (71ms)
	RebuildCommonClasses (44ms)
	RebuildNativeTypeToScriptingClass (13ms)
	initialDomainReloadingComplete (38ms)
	LoadAllAssembliesAndSetupDomain (777ms)
		LoadAssemblies (364ms)
		RebuildTransferFunctionScriptingTraits (0ms)
		AnalyzeDomain (487ms)
			TypeCache.Refresh (473ms)
				TypeCache.ScanAssembly (455ms)
			ScanForSourceGeneratedMonoScriptInfo (0ms)
			ResolveRequiredComponents (14ms)
	FinalizeReload (2212ms)
		ReleaseScriptCaches (0ms)
		RebuildScriptCaches (0ms)
		SetupLoadedEditorAssemblies (955ms)
			LogAssemblyErrors (0ms)
			InitializePlatformSupportModulesInManaged (11ms)
			SetLoadedEditorAssemblies (5ms)
			RefreshPlugins (0ms)
			BeforeProcessingInitializeOnLoad (132ms)
			ProcessInitializeOnLoadAttributes (757ms)
			ProcessInitializeOnLoadMethodAttributes (38ms)
			AfterProcessingInitializeOnLoad (11ms)
			EditorAssembliesLoaded (0ms)
		ExecutionOrderSort2 (0ms)
		AwakeInstancesAfterBackupRestoration (20ms)
Refreshing native plugins compatible for Editor in 9.68 ms, found 6 plugins.
Preloading 0 native plugins for Editor in 0.00 ms.
Unloading 7355 Unused Serialized files (Serialized files now loaded: 0)
Unloading 188 unused Assets / (13.1 MB). Loaded Objects now: 8729.
Memory consumption went from 286.6 MB to 273.5 MB.
Total: 9.517300 ms (FindLiveObjects: 0.802500 ms CreateObjectMapping: 0.734500 ms MarkObjects: 5.053500 ms  DeleteObjects: 2.925800 ms)

Prepare: number of updated asset objects reloaded= 0
AssetImportParameters requested are different than current active one (requested -> active):
  custom:container-demuxer-ogg: 62fdf1f143b41e24485cea50d1cbac27 -> 
  custom:framework-win-MediaFoundation: 216162199b28c13a410421893ffa2e32 -> 
  custom:container-muxer-webm: aa71ff27fc2769a1b78a27578f13a17b -> 
  custom:video-decoder-webm-vp8: 9c59270c3fd7afecdb556c50c9e8de78 -> 
  custom:SearchIndexIgnoredProperties: e643bd26f0fe6173181afceb89e7c659 -> 
  custom:AudioImporter_EditorPlatform: d09bf68614088b80899f8185d706f6e7 -> 
  custom:audio-decoder-ogg-vorbis: bf7c407c2cedff20999df2af8eb42d56 -> 
  custom:audio-encoder-webm-vorbis: bf7c407c2cedff20999df2af8eb42d56 -> 
  custom:video-codec-MediaFoundation-h265: 746d11721c4dcdbdad8f713fa42b33f4 -> 
  custom:video-decoder-ogg-theora: a1e56fd34408186e4bbccfd4996cb3dc -> 
  custom:CustomObjectIndexerAttribute: a3ef5dd2817f97addfee359851a9dba5 -> 
  custom:container-demuxer-webm: 4f35f7cbe854078d1ac9338744f61a02 -> 
  custom:video-encoder-webm-vp8: eb34c28f22e8b96e1ab97ce403110664 -> 
========================================================================
Received Prepare
Begin MonoManager ReloadAssembly
Symbol file LoadedFromMemory doesn't match image C:\Users\PIMG\Documents\GitHub\Stoned-Ape-Runner\Stoned Ape Runner\Library\PackageCache\com.unity.visualscripting@1.8.0\Editor\VisualScripting.Core\Dependencies\YamlDotNet\Unity.VisualScripting.YamlDotNet.dll
Symbol file LoadedFromMemory doesn't match image C:\Users\PIMG\Documents\GitHub\Stoned-Ape-Runner\Stoned Ape Runner\Library\PackageCache\com.unity.visualscripting@1.8.0\Editor\VisualScripting.Core\Dependencies\DotNetZip\Unity.VisualScripting.IonicZip.dll
- Loaded All Assemblies, in  1.197 seconds
Refreshing native plugins compatible for Editor in 8.56 ms, found 6 plugins.
Native extension for WindowsStandalone target not found
Mono: successfully reloaded assembly
- Finished resetting the current domain, in  2.257 seconds
Domain Reload Profiling: 3448ms
	BeginReloadAssembly (199ms)
		ExecutionOrderSort (0ms)
		DisableScriptedObjects (7ms)
		BackupInstance (0ms)
		ReleaseScriptingObjects (0ms)
		CreateAndSetChildDomain (52ms)
	RebuildCommonClasses (61ms)
	RebuildNativeTypeToScriptingClass (20ms)
	initialDomainReloadingComplete (51ms)
	LoadAllAssembliesAndSetupDomain (859ms)
		LoadAssemblies (422ms)
		RebuildTransferFunctionScriptingTraits (0ms)
		AnalyzeDomain (520ms)
			TypeCache.Refresh (502ms)
				TypeCache.ScanAssembly (482ms)
			ScanForSourceGeneratedMonoScriptInfo (0ms)
			ResolveRequiredComponents (18ms)
	FinalizeReload (2258ms)
		ReleaseScriptCaches (0ms)
		RebuildScriptCaches (0ms)
		SetupLoadedEditorAssemblies (966ms)
			LogAssemblyErrors (0ms)
			InitializePlatformSupportModulesInManaged (9ms)
			SetLoadedEditorAssemblies (4ms)
			RefreshPlugins (0ms)
			BeforeProcessingInitializeOnLoad (125ms)
			ProcessInitializeOnLoadAttributes (775ms)
			ProcessInitializeOnLoadMethodAttributes (42ms)
			AfterProcessingInitializeOnLoad (11ms)
			EditorAssembliesLoaded (0ms)
		ExecutionOrderSort2 (0ms)
		AwakeInstancesAfterBackupRestoration (23ms)
Refreshing native plugins compatible for Editor in 9.33 ms, found 6 plugins.
Preloading 0 native plugins for Editor in 0.00 ms.
Unloading 7355 Unused Serialized files (Serialized files now loaded: 0)
Unloading 188 unused Assets / (13.1 MB). Loaded Objects now: 8745.
Memory consumption went from 286.6 MB to 273.5 MB.
Total: 9.837600 ms (FindLiveObjects: 0.695500 ms CreateObjectMapping: 0.639600 ms MarkObjects: 5.742900 ms  DeleteObjects: 2.758500 ms)

Prepare: number of updated asset objects reloaded= 0
AssetImportParameters requested are different than current active one (requested -> active):
  custom:container-demuxer-ogg: 62fdf1f143b41e24485cea50d1cbac27 -> 
  custom:framework-win-MediaFoundation: 216162199b28c13a410421893ffa2e32 -> 
  custom:container-muxer-webm: aa71ff27fc2769a1b78a27578f13a17b -> 
  custom:video-decoder-webm-vp8: 9c59270c3fd7afecdb556c50c9e8de78 -> 
  custom:SearchIndexIgnoredProperties: e643bd26f0fe6173181afceb89e7c659 -> 
  custom:AudioImporter_EditorPlatform: d09bf68614088b80899f8185d706f6e7 -> 
  custom:audio-decoder-ogg-vorbis: bf7c407c2cedff20999df2af8eb42d56 -> 
  custom:audio-encoder-webm-vorbis: bf7c407c2cedff20999df2af8eb42d56 -> 
  custom:video-codec-MediaFoundation-h265: 746d11721c4dcdbdad8f713fa42b33f4 -> 
  custom:video-decoder-ogg-theora: a1e56fd34408186e4bbccfd4996cb3dc -> 
  custom:CustomObjectIndexerAttribute: a3ef5dd2817f97addfee359851a9dba5 -> 
  custom:container-demuxer-webm: 4f35f7cbe854078d1ac9338744f61a02 -> 
  custom:video-encoder-webm-vp8: eb34c28f22e8b96e1ab97ce403110664 -> 
========================================================================
Received Prepare
Begin MonoManager ReloadAssembly
Symbol file LoadedFromMemory doesn't match image C:\Users\PIMG\Documents\GitHub\Stoned-Ape-Runner\Stoned Ape Runner\Library\PackageCache\com.unity.visualscripting@1.8.0\Editor\VisualScripting.Core\Dependencies\YamlDotNet\Unity.VisualScripting.YamlDotNet.dll
Symbol file LoadedFromMemory doesn't match image C:\Users\PIMG\Documents\GitHub\Stoned-Ape-Runner\Stoned Ape Runner\Library\PackageCache\com.unity.visualscripting@1.8.0\Editor\VisualScripting.Core\Dependencies\DotNetZip\Unity.VisualScripting.IonicZip.dll
- Loaded All Assemblies, in  1.005 seconds
Refreshing native plugins compatible for Editor in 8.20 ms, found 6 plugins.
Native extension for WindowsStandalone target not found
Mono: successfully reloaded assembly
- Finished resetting the current domain, in  2.062 seconds
Domain Reload Profiling: 3064ms
	BeginReloadAssembly (204ms)
		ExecutionOrderSort (0ms)
		DisableScriptedObjects (7ms)
		BackupInstance (0ms)
		ReleaseScriptingObjects (0ms)
		CreateAndSetChildDomain (69ms)
	RebuildCommonClasses (41ms)
	RebuildNativeTypeToScriptingClass (13ms)
	initialDomainReloadingComplete (45ms)
	LoadAllAssembliesAndSetupDomain (696ms)
		LoadAssemblies (315ms)
		RebuildTransferFunctionScriptingTraits (0ms)
		AnalyzeDomain (451ms)
			TypeCache.Refresh (437ms)
				TypeCache.ScanAssembly (419ms)
			ScanForSourceGeneratedMonoScriptInfo (0ms)
			ResolveRequiredComponents (14ms)
	FinalizeReload (2063ms)
		ReleaseScriptCaches (0ms)
		RebuildScriptCaches (0ms)
		SetupLoadedEditorAssemblies (905ms)
			LogAssemblyErrors (0ms)
			InitializePlatformSupportModulesInManaged (10ms)
			SetLoadedEditorAssemblies (5ms)
			RefreshPlugins (0ms)
			BeforeProcessingInitializeOnLoad (121ms)
			ProcessInitializeOnLoadAttributes (719ms)
			ProcessInitializeOnLoadMethodAttributes (38ms)
			AfterProcessingInitializeOnLoad (11ms)
			EditorAssembliesLoaded (0ms)
		ExecutionOrderSort2 (0ms)
		AwakeInstancesAfterBackupRestoration (21ms)
Refreshing native plugins compatible for Editor in 8.64 ms, found 6 plugins.
Preloading 0 native plugins for Editor in 0.00 ms.
Unloading 7355 Unused Serialized files (Serialized files now loaded: 0)
Unloading 188 unused Assets / (13.1 MB). Loaded Objects now: 8761.
Memory consumption went from 286.6 MB to 273.5 MB.
Total: 9.332700 ms (FindLiveObjects: 0.692000 ms CreateObjectMapping: 0.431600 ms MarkObjects: 4.819700 ms  DeleteObjects: 3.387900 ms)

Prepare: number of updated asset objects reloaded= 0
AssetImportParameters requested are different than current active one (requested -> active):
  custom:container-demuxer-ogg: 62fdf1f143b41e24485cea50d1cbac27 -> 
  custom:framework-win-MediaFoundation: 216162199b28c13a410421893ffa2e32 -> 
  custom:container-muxer-webm: aa71ff27fc2769a1b78a27578f13a17b -> 
  custom:video-decoder-webm-vp8: 9c59270c3fd7afecdb556c50c9e8de78 -> 
  custom:SearchIndexIgnoredProperties: e643bd26f0fe6173181afceb89e7c659 -> 
  custom:AudioImporter_EditorPlatform: d09bf68614088b80899f8185d706f6e7 -> 
  custom:audio-decoder-ogg-vorbis: bf7c407c2cedff20999df2af8eb42d56 -> 
  custom:audio-encoder-webm-vorbis: bf7c407c2cedff20999df2af8eb42d56 -> 
  custom:video-codec-MediaFoundation-h265: 746d11721c4dcdbdad8f713fa42b33f4 -> 
  custom:video-decoder-ogg-theora: a1e56fd34408186e4bbccfd4996cb3dc -> 
  custom:CustomObjectIndexerAttribute: a3ef5dd2817f97addfee359851a9dba5 -> 
  custom:container-demuxer-webm: 4f35f7cbe854078d1ac9338744f61a02 -> 
  custom:video-encoder-webm-vp8: eb34c28f22e8b96e1ab97ce403110664 -> 
========================================================================
Received Prepare
Begin MonoManager ReloadAssembly
Symbol file LoadedFromMemory doesn't match image C:\Users\PIMG\Documents\GitHub\Stoned-Ape-Runner\Stoned Ape Runner\Library\PackageCache\com.unity.visualscripting@1.8.0\Editor\VisualScripting.Core\Dependencies\YamlDotNet\Unity.VisualScripting.YamlDotNet.dll
Symbol file LoadedFromMemory doesn't match image C:\Users\PIMG\Documents\GitHub\Stoned-Ape-Runner\Stoned Ape Runner\Library\PackageCache\com.unity.visualscripting@1.8.0\Editor\VisualScripting.Core\Dependencies\DotNetZip\Unity.VisualScripting.IonicZip.dll
- Loaded All Assemblies, in  1.034 seconds
Refreshing native plugins compatible for Editor in 7.69 ms, found 6 plugins.
Native extension for WindowsStandalone target not found
Mono: successfully reloaded assembly
- Finished resetting the current domain, in  2.473 seconds
Domain Reload Profiling: 3503ms
	BeginReloadAssembly (191ms)
		ExecutionOrderSort (0ms)
		DisableScriptedObjects (7ms)
		BackupInstance (0ms)
		ReleaseScriptingObjects (0ms)
		CreateAndSetChildDomain (63ms)
	RebuildCommonClasses (43ms)
	RebuildNativeTypeToScriptingClass (18ms)
	initialDomainReloadingComplete (38ms)
	LoadAllAssembliesAndSetupDomain (739ms)
		LoadAssemblies (339ms)
		RebuildTransferFunctionScriptingTraits (0ms)
		AnalyzeDomain (464ms)
			TypeCache.Refresh (444ms)
				TypeCache.ScanAssembly (425ms)
			ScanForSourceGeneratedMonoScriptInfo (0ms)
			ResolveRequiredComponents (20ms)
	FinalizeReload (2473ms)
		ReleaseScriptCaches (0ms)
		RebuildScriptCaches (0ms)
		SetupLoadedEditorAssemblies (1117ms)
			LogAssemblyErrors (0ms)
			InitializePlatformSupportModulesInManaged (10ms)
			SetLoadedEditorAssemblies (5ms)
			RefreshPlugins (0ms)
			BeforeProcessingInitializeOnLoad (154ms)
			ProcessInitializeOnLoadAttributes (890ms)
			ProcessInitializeOnLoadMethodAttributes (44ms)
			AfterProcessingInitializeOnLoad (13ms)
			EditorAssembliesLoaded (0ms)
		ExecutionOrderSort2 (0ms)
		AwakeInstancesAfterBackupRestoration (28ms)
Refreshing native plugins compatible for Editor in 9.79 ms, found 6 plugins.
Preloading 0 native plugins for Editor in 0.00 ms.
Unloading 7355 Unused Serialized files (Serialized files now loaded: 0)
Unloading 188 unused Assets / (13.1 MB). Loaded Objects now: 8777.
Memory consumption went from 286.6 MB to 273.5 MB.
Total: 10.253100 ms (FindLiveObjects: 1.189800 ms CreateObjectMapping: 1.156700 ms MarkObjects: 4.794800 ms  DeleteObjects: 3.110700 ms)

Prepare: number of updated asset objects reloaded= 0
AssetImportParameters requested are different than current active one (requested -> active):
  custom:container-demuxer-ogg: 62fdf1f143b41e24485cea50d1cbac27 -> 
  custom:framework-win-MediaFoundation: 216162199b28c13a410421893ffa2e32 -> 
  custom:container-muxer-webm: aa71ff27fc2769a1b78a27578f13a17b -> 
  custom:video-decoder-webm-vp8: 9c59270c3fd7afecdb556c50c9e8de78 -> 
  custom:SearchIndexIgnoredProperties: e643bd26f0fe6173181afceb89e7c659 -> 
  custom:AudioImporter_EditorPlatform: d09bf68614088b80899f8185d706f6e7 -> 
  custom:audio-decoder-ogg-vorbis: bf7c407c2cedff20999df2af8eb42d56 -> 
  custom:audio-encoder-webm-vorbis: bf7c407c2cedff20999df2af8eb42d56 -> 
  custom:video-codec-MediaFoundation-h265: 746d11721c4dcdbdad8f713fa42b33f4 -> 
  custom:video-decoder-ogg-theora: a1e56fd34408186e4bbccfd4996cb3dc -> 
  custom:CustomObjectIndexerAttribute: a3ef5dd2817f97addfee359851a9dba5 -> 
  custom:container-demuxer-webm: 4f35f7cbe854078d1ac9338744f61a02 -> 
  custom:video-encoder-webm-vp8: eb34c28f22e8b96e1ab97ce403110664 -> 
========================================================================
Received Prepare
Begin MonoManager ReloadAssembly
Symbol file LoadedFromMemory doesn't match image C:\Users\PIMG\Documents\GitHub\Stoned-Ape-Runner\Stoned Ape Runner\Library\PackageCache\com.unity.visualscripting@1.8.0\Editor\VisualScripting.Core\Dependencies\YamlDotNet\Unity.VisualScripting.YamlDotNet.dll
Symbol file LoadedFromMemory doesn't match image C:\Users\PIMG\Documents\GitHub\Stoned-Ape-Runner\Stoned Ape Runner\Library\PackageCache\com.unity.visualscripting@1.8.0\Editor\VisualScripting.Core\Dependencies\DotNetZip\Unity.VisualScripting.IonicZip.dll
- Loaded All Assemblies, in  0.986 seconds
Refreshing native plugins compatible for Editor in 5.74 ms, found 6 plugins.
Native extension for WindowsStandalone target not found
Mono: successfully reloaded assembly
- Finished resetting the current domain, in  2.132 seconds
Domain Reload Profiling: 3115ms
	BeginReloadAssembly (200ms)
		ExecutionOrderSort (0ms)
		DisableScriptedObjects (7ms)
		BackupInstance (0ms)
		ReleaseScriptingObjects (0ms)
		CreateAndSetChildDomain (64ms)
	RebuildCommonClasses (52ms)
	RebuildNativeTypeToScriptingClass (13ms)
	initialDomainReloadingComplete (40ms)
	LoadAllAssembliesAndSetupDomain (677ms)
		LoadAssemblies (326ms)
		RebuildTransferFunctionScriptingTraits (0ms)
		AnalyzeDomain (427ms)
			TypeCache.Refresh (405ms)
				TypeCache.ScanAssembly (388ms)
			ScanForSourceGeneratedMonoScriptInfo (0ms)
			ResolveRequiredComponents (22ms)
	FinalizeReload (2133ms)
		ReleaseScriptCaches (0ms)
		RebuildScriptCaches (0ms)
		SetupLoadedEditorAssemblies (883ms)
			LogAssemblyErrors (0ms)
			InitializePlatformSupportModulesInManaged (8ms)
			SetLoadedEditorAssemblies (4ms)
			RefreshPlugins (0ms)
			BeforeProcessingInitializeOnLoad (138ms)
			ProcessInitializeOnLoadAttributes (685ms)
			ProcessInitializeOnLoadMethodAttributes (34ms)
			AfterProcessingInitializeOnLoad (13ms)
			EditorAssembliesLoaded (0ms)
		ExecutionOrderSort2 (0ms)
		AwakeInstancesAfterBackupRestoration (18ms)
Refreshing native plugins compatible for Editor in 9.46 ms, found 6 plugins.
Preloading 0 native plugins for Editor in 0.00 ms.
Unloading 7355 Unused Serialized files (Serialized files now loaded: 0)
Unloading 188 unused Assets / (13.1 MB). Loaded Objects now: 8793.
Memory consumption went from 286.6 MB to 273.5 MB.
Total: 9.933200 ms (FindLiveObjects: 0.914900 ms CreateObjectMapping: 0.766400 ms MarkObjects: 5.346800 ms  DeleteObjects: 2.903600 ms)

Prepare: number of updated asset objects reloaded= 0
AssetImportParameters requested are different than current active one (requested -> active):
  custom:container-demuxer-ogg: 62fdf1f143b41e24485cea50d1cbac27 -> 
  custom:framework-win-MediaFoundation: 216162199b28c13a410421893ffa2e32 -> 
  custom:container-muxer-webm: aa71ff27fc2769a1b78a27578f13a17b -> 
  custom:video-decoder-webm-vp8: 9c59270c3fd7afecdb556c50c9e8de78 -> 
  custom:SearchIndexIgnoredProperties: e643bd26f0fe6173181afceb89e7c659 -> 
  custom:AudioImporter_EditorPlatform: d09bf68614088b80899f8185d706f6e7 -> 
  custom:audio-decoder-ogg-vorbis: bf7c407c2cedff20999df2af8eb42d56 -> 
  custom:audio-encoder-webm-vorbis: bf7c407c2cedff20999df2af8eb42d56 -> 
  custom:video-codec-MediaFoundation-h265: 746d11721c4dcdbdad8f713fa42b33f4 -> 
  custom:video-decoder-ogg-theora: a1e56fd34408186e4bbccfd4996cb3dc -> 
  custom:CustomObjectIndexerAttribute: a3ef5dd2817f97addfee359851a9dba5 -> 
  custom:container-demuxer-webm: 4f35f7cbe854078d1ac9338744f61a02 -> 
  custom:video-encoder-webm-vp8: eb34c28f22e8b96e1ab97ce403110664 -> 
========================================================================
Received Prepare
Begin MonoManager ReloadAssembly
Symbol file LoadedFromMemory doesn't match image C:\Users\PIMG\Documents\GitHub\Stoned-Ape-Runner\Stoned Ape Runner\Library\PackageCache\com.unity.visualscripting@1.8.0\Editor\VisualScripting.Core\Dependencies\YamlDotNet\Unity.VisualScripting.YamlDotNet.dll
Symbol file LoadedFromMemory doesn't match image C:\Users\PIMG\Documents\GitHub\Stoned-Ape-Runner\Stoned Ape Runner\Library\PackageCache\com.unity.visualscripting@1.8.0\Editor\VisualScripting.Core\Dependencies\DotNetZip\Unity.VisualScripting.IonicZip.dll
- Loaded All Assemblies, in  0.940 seconds
Refreshing native plugins compatible for Editor in 6.18 ms, found 6 plugins.
Native extension for WindowsStandalone target not found
Mono: successfully reloaded assembly
- Finished resetting the current domain, in  2.007 seconds
Domain Reload Profiling: 2943ms
	BeginReloadAssembly (198ms)
		ExecutionOrderSort (0ms)
		DisableScriptedObjects (7ms)
		BackupInstance (0ms)
		ReleaseScriptingObjects (0ms)
		CreateAndSetChildDomain (62ms)
	RebuildCommonClasses (38ms)
	RebuildNativeTypeToScriptingClass (13ms)
	initialDomainReloadingComplete (38ms)
	LoadAllAssembliesAndSetupDomain (649ms)
		LoadAssemblies (328ms)
		RebuildTransferFunctionScriptingTraits (0ms)
		AnalyzeDomain (397ms)
			TypeCache.Refresh (382ms)
				TypeCache.ScanAssembly (367ms)
			ScanForSourceGeneratedMonoScriptInfo (0ms)
			ResolveRequiredComponents (15ms)
	FinalizeReload (2008ms)
		ReleaseScriptCaches (0ms)
		RebuildScriptCaches (0ms)
		SetupLoadedEditorAssemblies (878ms)
			LogAssemblyErrors (0ms)
			InitializePlatformSupportModulesInManaged (7ms)
			SetLoadedEditorAssemblies (5ms)
			RefreshPlugins (0ms)
			BeforeProcessingInitializeOnLoad (123ms)
			ProcessInitializeOnLoadAttributes (693ms)
			ProcessInitializeOnLoadMethodAttributes (37ms)
			AfterProcessingInitializeOnLoad (12ms)
			EditorAssembliesLoaded (0ms)
		ExecutionOrderSort2 (0ms)
		AwakeInstancesAfterBackupRestoration (20ms)
Refreshing native plugins compatible for Editor in 8.80 ms, found 6 plugins.
Preloading 0 native plugins for Editor in 0.00 ms.
Unloading 7355 Unused Serialized files (Serialized files now loaded: 0)
Unloading 188 unused Assets / (13.1 MB). Loaded Objects now: 8809.
Memory consumption went from 286.6 MB to 273.5 MB.
Total: 9.060400 ms (FindLiveObjects: 0.930700 ms CreateObjectMapping: 0.543900 ms MarkObjects: 4.702800 ms  DeleteObjects: 2.881800 ms)

Prepare: number of updated asset objects reloaded= 0
AssetImportParameters requested are different than current active one (requested -> active):
  custom:container-demuxer-ogg: 62fdf1f143b41e24485cea50d1cbac27 -> 
  custom:framework-win-MediaFoundation: 216162199b28c13a410421893ffa2e32 -> 
  custom:container-muxer-webm: aa71ff27fc2769a1b78a27578f13a17b -> 
  custom:video-decoder-webm-vp8: 9c59270c3fd7afecdb556c50c9e8de78 -> 
  custom:SearchIndexIgnoredProperties: e643bd26f0fe6173181afceb89e7c659 -> 
  custom:AudioImporter_EditorPlatform: d09bf68614088b80899f8185d706f6e7 -> 
  custom:audio-decoder-ogg-vorbis: bf7c407c2cedff20999df2af8eb42d56 -> 
  custom:audio-encoder-webm-vorbis: bf7c407c2cedff20999df2af8eb42d56 -> 
  custom:video-codec-MediaFoundation-h265: 746d11721c4dcdbdad8f713fa42b33f4 -> 
  custom:video-decoder-ogg-theora: a1e56fd34408186e4bbccfd4996cb3dc -> 
  custom:CustomObjectIndexerAttribute: a3ef5dd2817f97addfee359851a9dba5 -> 
  custom:container-demuxer-webm: 4f35f7cbe854078d1ac9338744f61a02 -> 
  custom:video-encoder-webm-vp8: eb34c28f22e8b96e1ab97ce403110664 -> 
========================================================================
Received Prepare
Begin MonoManager ReloadAssembly
Symbol file LoadedFromMemory doesn't match image C:\Users\PIMG\Documents\GitHub\Stoned-Ape-Runner\Stoned Ape Runner\Library\PackageCache\com.unity.visualscripting@1.8.0\Editor\VisualScripting.Core\Dependencies\YamlDotNet\Unity.VisualScripting.YamlDotNet.dll
Symbol file LoadedFromMemory doesn't match image C:\Users\PIMG\Documents\GitHub\Stoned-Ape-Runner\Stoned Ape Runner\Library\PackageCache\com.unity.visualscripting@1.8.0\Editor\VisualScripting.Core\Dependencies\DotNetZip\Unity.VisualScripting.IonicZip.dll
- Loaded All Assemblies, in  0.966 seconds
Refreshing native plugins compatible for Editor in 5.66 ms, found 6 plugins.
Native extension for WindowsStandalone target not found
Mono: successfully reloaded assembly
- Finished resetting the current domain, in  2.138 seconds
Domain Reload Profiling: 3098ms
	BeginReloadAssembly (192ms)
		ExecutionOrderSort (0ms)
		DisableScriptedObjects (7ms)
		BackupInstance (0ms)
		ReleaseScriptingObjects (0ms)
		CreateAndSetChildDomain (63ms)
	RebuildCommonClasses (44ms)
	RebuildNativeTypeToScriptingClass (13ms)
	initialDomainReloadingComplete (33ms)
	LoadAllAssembliesAndSetupDomain (677ms)
		LoadAssemblies (325ms)
		RebuildTransferFunctionScriptingTraits (0ms)
		AnalyzeDomain (419ms)
			TypeCache.Refresh (405ms)
				TypeCache.ScanAssembly (391ms)
			ScanForSourceGeneratedMonoScriptInfo (0ms)
			ResolveRequiredComponents (13ms)
	FinalizeReload (2139ms)
		ReleaseScriptCaches (0ms)
		RebuildScriptCaches (0ms)
		SetupLoadedEditorAssemblies (921ms)
			LogAssemblyErrors (0ms)
			InitializePlatformSupportModulesInManaged (8ms)
			SetLoadedEditorAssemblies (5ms)
			RefreshPlugins (0ms)
			BeforeProcessingInitializeOnLoad (131ms)
			ProcessInitializeOnLoadAttributes (725ms)
			ProcessInitializeOnLoadMethodAttributes (38ms)
			AfterProcessingInitializeOnLoad (13ms)
			EditorAssembliesLoaded (0ms)
		ExecutionOrderSort2 (0ms)
		AwakeInstancesAfterBackupRestoration (21ms)
Refreshing native plugins compatible for Editor in 7.98 ms, found 6 plugins.
Preloading 0 native plugins for Editor in 0.00 ms.
Unloading 7355 Unused Serialized files (Serialized files now loaded: 0)
Unloading 188 unused Assets / (13.1 MB). Loaded Objects now: 8825.
Memory consumption went from 286.7 MB to 273.6 MB.
Total: 9.905800 ms (FindLiveObjects: 0.966800 ms CreateObjectMapping: 0.981500 ms MarkObjects: 5.109200 ms  DeleteObjects: 2.847300 ms)

Prepare: number of updated asset objects reloaded= 0
AssetImportParameters requested are different than current active one (requested -> active):
  custom:container-demuxer-ogg: 62fdf1f143b41e24485cea50d1cbac27 -> 
  custom:framework-win-MediaFoundation: 216162199b28c13a410421893ffa2e32 -> 
  custom:container-muxer-webm: aa71ff27fc2769a1b78a27578f13a17b -> 
  custom:video-decoder-webm-vp8: 9c59270c3fd7afecdb556c50c9e8de78 -> 
  custom:SearchIndexIgnoredProperties: e643bd26f0fe6173181afceb89e7c659 -> 
  custom:AudioImporter_EditorPlatform: d09bf68614088b80899f8185d706f6e7 -> 
  custom:audio-decoder-ogg-vorbis: bf7c407c2cedff20999df2af8eb42d56 -> 
  custom:audio-encoder-webm-vorbis: bf7c407c2cedff20999df2af8eb42d56 -> 
  custom:video-codec-MediaFoundation-h265: 746d11721c4dcdbdad8f713fa42b33f4 -> 
  custom:video-decoder-ogg-theora: a1e56fd34408186e4bbccfd4996cb3dc -> 
  custom:CustomObjectIndexerAttribute: a3ef5dd2817f97addfee359851a9dba5 -> 
  custom:container-demuxer-webm: 4f35f7cbe854078d1ac9338744f61a02 -> 
  custom:video-encoder-webm-vp8: eb34c28f22e8b96e1ab97ce403110664 -> 
========================================================================
Received Prepare
Begin MonoManager ReloadAssembly
Symbol file LoadedFromMemory doesn't match image C:\Users\PIMG\Documents\GitHub\Stoned-Ape-Runner\Stoned Ape Runner\Library\PackageCache\com.unity.visualscripting@1.8.0\Editor\VisualScripting.Core\Dependencies\YamlDotNet\Unity.VisualScripting.YamlDotNet.dll
Symbol file LoadedFromMemory doesn't match image C:\Users\PIMG\Documents\GitHub\Stoned-Ape-Runner\Stoned Ape Runner\Library\PackageCache\com.unity.visualscripting@1.8.0\Editor\VisualScripting.Core\Dependencies\DotNetZip\Unity.VisualScripting.IonicZip.dll
- Loaded All Assemblies, in  0.965 seconds
Refreshing native plugins compatible for Editor in 6.43 ms, found 6 plugins.
Native extension for WindowsStandalone target not found
Mono: successfully reloaded assembly
- Finished resetting the current domain, in  2.002 seconds
Domain Reload Profiling: 2963ms
	BeginReloadAssembly (195ms)
		ExecutionOrderSort (0ms)
		DisableScriptedObjects (6ms)
		BackupInstance (0ms)
		ReleaseScriptingObjects (0ms)
		CreateAndSetChildDomain (62ms)
	RebuildCommonClasses (40ms)
	RebuildNativeTypeToScriptingClass (17ms)
	initialDomainReloadingComplete (36ms)
	LoadAllAssembliesAndSetupDomain (673ms)
		LoadAssemblies (326ms)
		RebuildTransferFunctionScriptingTraits (0ms)
		AnalyzeDomain (415ms)
			TypeCache.Refresh (401ms)
				TypeCache.ScanAssembly (386ms)
			ScanForSourceGeneratedMonoScriptInfo (0ms)
			ResolveRequiredComponents (14ms)
	FinalizeReload (2002ms)
		ReleaseScriptCaches (0ms)
		RebuildScriptCaches (0ms)
		SetupLoadedEditorAssemblies (882ms)
			LogAssemblyErrors (0ms)
			InitializePlatformSupportModulesInManaged (11ms)
			SetLoadedEditorAssemblies (5ms)
			RefreshPlugins (0ms)
			BeforeProcessingInitializeOnLoad (118ms)
			ProcessInitializeOnLoadAttributes (701ms)
			ProcessInitializeOnLoadMethodAttributes (35ms)
			AfterProcessingInitializeOnLoad (11ms)
			EditorAssembliesLoaded (0ms)
		ExecutionOrderSort2 (0ms)
		AwakeInstancesAfterBackupRestoration (23ms)
Refreshing native plugins compatible for Editor in 8.98 ms, found 6 plugins.
Preloading 0 native plugins for Editor in 0.00 ms.
Unloading 7355 Unused Serialized files (Serialized files now loaded: 0)
Unloading 188 unused Assets / (13.1 MB). Loaded Objects now: 8841.
Memory consumption went from 286.7 MB to 273.6 MB.
Total: 9.639200 ms (FindLiveObjects: 0.688900 ms CreateObjectMapping: 0.566000 ms MarkObjects: 5.196200 ms  DeleteObjects: 3.186700 ms)

Prepare: number of updated asset objects reloaded= 0
AssetImportParameters requested are different than current active one (requested -> active):
  custom:container-demuxer-ogg: 62fdf1f143b41e24485cea50d1cbac27 -> 
  custom:framework-win-MediaFoundation: 216162199b28c13a410421893ffa2e32 -> 
  custom:container-muxer-webm: aa71ff27fc2769a1b78a27578f13a17b -> 
  custom:video-decoder-webm-vp8: 9c59270c3fd7afecdb556c50c9e8de78 -> 
  custom:SearchIndexIgnoredProperties: e643bd26f0fe6173181afceb89e7c659 -> 
  custom:AudioImporter_EditorPlatform: d09bf68614088b80899f8185d706f6e7 -> 
  custom:audio-decoder-ogg-vorbis: bf7c407c2cedff20999df2af8eb42d56 -> 
  custom:audio-encoder-webm-vorbis: bf7c407c2cedff20999df2af8eb42d56 -> 
  custom:video-codec-MediaFoundation-h265: 746d11721c4dcdbdad8f713fa42b33f4 -> 
  custom:video-decoder-ogg-theora: a1e56fd34408186e4bbccfd4996cb3dc -> 
  custom:CustomObjectIndexerAttribute: a3ef5dd2817f97addfee359851a9dba5 -> 
  custom:container-demuxer-webm: 4f35f7cbe854078d1ac9338744f61a02 -> 
  custom:video-encoder-webm-vp8: eb34c28f22e8b96e1ab97ce403110664 -> 
========================================================================
Received Prepare
Begin MonoManager ReloadAssembly
Symbol file LoadedFromMemory doesn't match image C:\Users\PIMG\Documents\GitHub\Stoned-Ape-Runner\Stoned Ape Runner\Library\PackageCache\com.unity.visualscripting@1.8.0\Editor\VisualScripting.Core\Dependencies\YamlDotNet\Unity.VisualScripting.YamlDotNet.dll
Symbol file LoadedFromMemory doesn't match image C:\Users\PIMG\Documents\GitHub\Stoned-Ape-Runner\Stoned Ape Runner\Library\PackageCache\com.unity.visualscripting@1.8.0\Editor\VisualScripting.Core\Dependencies\DotNetZip\Unity.VisualScripting.IonicZip.dll
- Loaded All Assemblies, in  0.988 seconds
Refreshing native plugins compatible for Editor in 5.33 ms, found 6 plugins.
Native extension for WindowsStandalone target not found
Mono: successfully reloaded assembly
- Finished resetting the current domain, in  1.954 seconds
Domain Reload Profiling: 2938ms
	BeginReloadAssembly (204ms)
		ExecutionOrderSort (0ms)
		DisableScriptedObjects (6ms)
		BackupInstance (0ms)
		ReleaseScriptingObjects (0ms)
		CreateAndSetChildDomain (66ms)
	RebuildCommonClasses (46ms)
	RebuildNativeTypeToScriptingClass (15ms)
	initialDomainReloadingComplete (40ms)
	LoadAllAssembliesAndSetupDomain (679ms)
		LoadAssemblies (319ms)
		RebuildTransferFunctionScriptingTraits (0ms)
		AnalyzeDomain (440ms)
			TypeCache.Refresh (425ms)
				TypeCache.ScanAssembly (405ms)
			ScanForSourceGeneratedMonoScriptInfo (0ms)
			ResolveRequiredComponents (15ms)
	FinalizeReload (1955ms)
		ReleaseScriptCaches (0ms)
		RebuildScriptCaches (0ms)
		SetupLoadedEditorAssemblies (853ms)
			LogAssemblyErrors (0ms)
			InitializePlatformSupportModulesInManaged (9ms)
			SetLoadedEditorAssemblies (5ms)
			RefreshPlugins (0ms)
			BeforeProcessingInitializeOnLoad (111ms)
			ProcessInitializeOnLoadAttributes (680ms)
			ProcessInitializeOnLoadMethodAttributes (36ms)
			AfterProcessingInitializeOnLoad (12ms)
			EditorAssembliesLoaded (0ms)
		ExecutionOrderSort2 (0ms)
		AwakeInstancesAfterBackupRestoration (19ms)
Refreshing native plugins compatible for Editor in 6.59 ms, found 6 plugins.
Preloading 0 native plugins for Editor in 0.00 ms.
Unloading 7355 Unused Serialized files (Serialized files now loaded: 0)
Unloading 188 unused Assets / (13.1 MB). Loaded Objects now: 8857.
Memory consumption went from 286.7 MB to 273.6 MB.
Total: 8.698200 ms (FindLiveObjects: 0.744400 ms CreateObjectMapping: 0.503000 ms MarkObjects: 4.638300 ms  DeleteObjects: 2.811300 ms)

Prepare: number of updated asset objects reloaded= 0
AssetImportParameters requested are different than current active one (requested -> active):
  custom:container-demuxer-ogg: 62fdf1f143b41e24485cea50d1cbac27 -> 
  custom:framework-win-MediaFoundation: 216162199b28c13a410421893ffa2e32 -> 
  custom:container-muxer-webm: aa71ff27fc2769a1b78a27578f13a17b -> 
  custom:video-decoder-webm-vp8: 9c59270c3fd7afecdb556c50c9e8de78 -> 
  custom:SearchIndexIgnoredProperties: e643bd26f0fe6173181afceb89e7c659 -> 
  custom:AudioImporter_EditorPlatform: d09bf68614088b80899f8185d706f6e7 -> 
  custom:audio-decoder-ogg-vorbis: bf7c407c2cedff20999df2af8eb42d56 -> 
  custom:audio-encoder-webm-vorbis: bf7c407c2cedff20999df2af8eb42d56 -> 
  custom:video-codec-MediaFoundation-h265: 746d11721c4dcdbdad8f713fa42b33f4 -> 
  custom:video-decoder-ogg-theora: a1e56fd34408186e4bbccfd4996cb3dc -> 
  custom:CustomObjectIndexerAttribute: a3ef5dd2817f97addfee359851a9dba5 -> 
  custom:container-demuxer-webm: 4f35f7cbe854078d1ac9338744f61a02 -> 
  custom:video-encoder-webm-vp8: eb34c28f22e8b96e1ab97ce403110664 -> 
========================================================================
Received Prepare
Begin MonoManager ReloadAssembly
Symbol file LoadedFromMemory doesn't match image C:\Users\PIMG\Documents\GitHub\Stoned-Ape-Runner\Stoned Ape Runner\Library\PackageCache\com.unity.visualscripting@1.8.0\Editor\VisualScripting.Core\Dependencies\YamlDotNet\Unity.VisualScripting.YamlDotNet.dll
Symbol file LoadedFromMemory doesn't match image C:\Users\PIMG\Documents\GitHub\Stoned-Ape-Runner\Stoned Ape Runner\Library\PackageCache\com.unity.visualscripting@1.8.0\Editor\VisualScripting.Core\Dependencies\DotNetZip\Unity.VisualScripting.IonicZip.dll
- Loaded All Assemblies, in  0.983 seconds
Refreshing native plugins compatible for Editor in 5.71 ms, found 6 plugins.
Native extension for WindowsStandalone target not found
Mono: successfully reloaded assembly
- Finished resetting the current domain, in  1.922 seconds
Domain Reload Profiling: 2902ms
	BeginReloadAssembly (179ms)
		ExecutionOrderSort (0ms)
		DisableScriptedObjects (6ms)
		BackupInstance (0ms)
		ReleaseScriptingObjects (0ms)
		CreateAndSetChildDomain (56ms)
	RebuildCommonClasses (42ms)
	RebuildNativeTypeToScriptingClass (18ms)
	initialDomainReloadingComplete (38ms)
	LoadAllAssembliesAndSetupDomain (702ms)
		LoadAssemblies (316ms)
		RebuildTransferFunctionScriptingTraits (0ms)
		AnalyzeDomain (450ms)
			TypeCache.Refresh (432ms)
				TypeCache.ScanAssembly (412ms)
			ScanForSourceGeneratedMonoScriptInfo (0ms)
			ResolveRequiredComponents (17ms)
	FinalizeReload (1923ms)
		ReleaseScriptCaches (0ms)
		RebuildScriptCaches (0ms)
		SetupLoadedEditorAssemblies (795ms)
			LogAssemblyErrors (0ms)
			InitializePlatformSupportModulesInManaged (8ms)
			SetLoadedEditorAssemblies (4ms)
			RefreshPlugins (0ms)
			BeforeProcessingInitializeOnLoad (109ms)
			ProcessInitializeOnLoadAttributes (631ms)
			ProcessInitializeOnLoadMethodAttributes (33ms)
			AfterProcessingInitializeOnLoad (10ms)
			EditorAssembliesLoaded (0ms)
		ExecutionOrderSort2 (0ms)
		AwakeInstancesAfterBackupRestoration (18ms)
Refreshing native plugins compatible for Editor in 7.69 ms, found 6 plugins.
Preloading 0 native plugins for Editor in 0.00 ms.
Unloading 7355 Unused Serialized files (Serialized files now loaded: 0)
Unloading 188 unused Assets / (13.1 MB). Loaded Objects now: 8873.
Memory consumption went from 286.7 MB to 273.6 MB.
Total: 10.121500 ms (FindLiveObjects: 0.733900 ms CreateObjectMapping: 0.711000 ms MarkObjects: 5.779400 ms  DeleteObjects: 2.895900 ms)

Prepare: number of updated asset objects reloaded= 0
AssetImportParameters requested are different than current active one (requested -> active):
  custom:container-demuxer-ogg: 62fdf1f143b41e24485cea50d1cbac27 -> 
  custom:framework-win-MediaFoundation: 216162199b28c13a410421893ffa2e32 -> 
  custom:container-muxer-webm: aa71ff27fc2769a1b78a27578f13a17b -> 
  custom:video-decoder-webm-vp8: 9c59270c3fd7afecdb556c50c9e8de78 -> 
  custom:SearchIndexIgnoredProperties: e643bd26f0fe6173181afceb89e7c659 -> 
  custom:AudioImporter_EditorPlatform: d09bf68614088b80899f8185d706f6e7 -> 
  custom:audio-decoder-ogg-vorbis: bf7c407c2cedff20999df2af8eb42d56 -> 
  custom:audio-encoder-webm-vorbis: bf7c407c2cedff20999df2af8eb42d56 -> 
  custom:video-codec-MediaFoundation-h265: 746d11721c4dcdbdad8f713fa42b33f4 -> 
  custom:video-decoder-ogg-theora: a1e56fd34408186e4bbccfd4996cb3dc -> 
  custom:CustomObjectIndexerAttribute: a3ef5dd2817f97addfee359851a9dba5 -> 
  custom:container-demuxer-webm: 4f35f7cbe854078d1ac9338744f61a02 -> 
  custom:video-encoder-webm-vp8: eb34c28f22e8b96e1ab97ce403110664 -> 
========================================================================
Received Prepare
Begin MonoManager ReloadAssembly
Symbol file LoadedFromMemory doesn't match image C:\Users\PIMG\Documents\GitHub\Stoned-Ape-Runner\Stoned Ape Runner\Library\PackageCache\com.unity.visualscripting@1.8.0\Editor\VisualScripting.Core\Dependencies\YamlDotNet\Unity.VisualScripting.YamlDotNet.dll
Symbol file LoadedFromMemory doesn't match image C:\Users\PIMG\Documents\GitHub\Stoned-Ape-Runner\Stoned Ape Runner\Library\PackageCache\com.unity.visualscripting@1.8.0\Editor\VisualScripting.Core\Dependencies\DotNetZip\Unity.VisualScripting.IonicZip.dll
- Loaded All Assemblies, in  0.914 seconds
Refreshing native plugins compatible for Editor in 6.27 ms, found 6 plugins.
Native extension for WindowsStandalone target not found
Mono: successfully reloaded assembly
- Finished resetting the current domain, in  1.878 seconds
Domain Reload Profiling: 2788ms
	BeginReloadAssembly (188ms)
		ExecutionOrderSort (0ms)
		DisableScriptedObjects (6ms)
		BackupInstance (0ms)
		ReleaseScriptingObjects (0ms)
		CreateAndSetChildDomain (61ms)
	RebuildCommonClasses (41ms)
	RebuildNativeTypeToScriptingClass (14ms)
	initialDomainReloadingComplete (36ms)
	LoadAllAssembliesAndSetupDomain (631ms)
		LoadAssemblies (314ms)
		RebuildTransferFunctionScriptingTraits (0ms)
		AnalyzeDomain (388ms)
			TypeCache.Refresh (372ms)
				TypeCache.ScanAssembly (358ms)
			ScanForSourceGeneratedMonoScriptInfo (0ms)
			ResolveRequiredComponents (15ms)
	FinalizeReload (1878ms)
		ReleaseScriptCaches (0ms)
		RebuildScriptCaches (0ms)
		SetupLoadedEditorAssemblies (812ms)
			LogAssemblyErrors (0ms)
			InitializePlatformSupportModulesInManaged (8ms)
			SetLoadedEditorAssemblies (4ms)
			RefreshPlugins (0ms)
			BeforeProcessingInitializeOnLoad (108ms)
			ProcessInitializeOnLoadAttributes (649ms)
			ProcessInitializeOnLoadMethodAttributes (32ms)
			AfterProcessingInitializeOnLoad (11ms)
			EditorAssembliesLoaded (0ms)
		ExecutionOrderSort2 (0ms)
		AwakeInstancesAfterBackupRestoration (18ms)
Refreshing native plugins compatible for Editor in 6.52 ms, found 6 plugins.
Preloading 0 native plugins for Editor in 0.00 ms.
Unloading 7355 Unused Serialized files (Serialized files now loaded: 0)
Unloading 188 unused Assets / (13.1 MB). Loaded Objects now: 8889.
Memory consumption went from 286.8 MB to 273.7 MB.
Total: 8.545700 ms (FindLiveObjects: 1.126200 ms CreateObjectMapping: 1.171100 ms MarkObjects: 3.701300 ms  DeleteObjects: 2.545900 ms)

Prepare: number of updated asset objects reloaded= 0
AssetImportParameters requested are different than current active one (requested -> active):
  custom:container-demuxer-ogg: 62fdf1f143b41e24485cea50d1cbac27 -> 
  custom:framework-win-MediaFoundation: 216162199b28c13a410421893ffa2e32 -> 
  custom:container-muxer-webm: aa71ff27fc2769a1b78a27578f13a17b -> 
  custom:video-decoder-webm-vp8: 9c59270c3fd7afecdb556c50c9e8de78 -> 
  custom:SearchIndexIgnoredProperties: e643bd26f0fe6173181afceb89e7c659 -> 
  custom:AudioImporter_EditorPlatform: d09bf68614088b80899f8185d706f6e7 -> 
  custom:audio-decoder-ogg-vorbis: bf7c407c2cedff20999df2af8eb42d56 -> 
  custom:audio-encoder-webm-vorbis: bf7c407c2cedff20999df2af8eb42d56 -> 
  custom:video-codec-MediaFoundation-h265: 746d11721c4dcdbdad8f713fa42b33f4 -> 
  custom:video-decoder-ogg-theora: a1e56fd34408186e4bbccfd4996cb3dc -> 
  custom:CustomObjectIndexerAttribute: a3ef5dd2817f97addfee359851a9dba5 -> 
  custom:container-demuxer-webm: 4f35f7cbe854078d1ac9338744f61a02 -> 
  custom:video-encoder-webm-vp8: eb34c28f22e8b96e1ab97ce403110664 -> 
========================================================================
Received Prepare
Begin MonoManager ReloadAssembly
Symbol file LoadedFromMemory doesn't match image C:\Users\PIMG\Documents\GitHub\Stoned-Ape-Runner\Stoned Ape Runner\Library\PackageCache\com.unity.visualscripting@1.8.0\Editor\VisualScripting.Core\Dependencies\YamlDotNet\Unity.VisualScripting.YamlDotNet.dll
Symbol file LoadedFromMemory doesn't match image C:\Users\PIMG\Documents\GitHub\Stoned-Ape-Runner\Stoned Ape Runner\Library\PackageCache\com.unity.visualscripting@1.8.0\Editor\VisualScripting.Core\Dependencies\DotNetZip\Unity.VisualScripting.IonicZip.dll
- Loaded All Assemblies, in  0.931 seconds
Refreshing native plugins compatible for Editor in 8.52 ms, found 6 plugins.
Native extension for WindowsStandalone target not found
Mono: successfully reloaded assembly
- Finished resetting the current domain, in  1.899 seconds
Domain Reload Profiling: 2826ms
	BeginReloadAssembly (185ms)
		ExecutionOrderSort (0ms)
		DisableScriptedObjects (6ms)
		BackupInstance (0ms)
		ReleaseScriptingObjects (0ms)
		CreateAndSetChildDomain (57ms)
	RebuildCommonClasses (40ms)
	RebuildNativeTypeToScriptingClass (13ms)
	initialDomainReloadingComplete (39ms)
	LoadAllAssembliesAndSetupDomain (650ms)
		LoadAssemblies (322ms)
		RebuildTransferFunctionScriptingTraits (0ms)
		AnalyzeDomain (395ms)
			TypeCache.Refresh (379ms)
				TypeCache.ScanAssembly (365ms)
			ScanForSourceGeneratedMonoScriptInfo (0ms)
			ResolveRequiredComponents (15ms)
	FinalizeReload (1900ms)
		ReleaseScriptCaches (0ms)
		RebuildScriptCaches (0ms)
		SetupLoadedEditorAssemblies (829ms)
			LogAssemblyErrors (0ms)
			InitializePlatformSupportModulesInManaged (7ms)
			SetLoadedEditorAssemblies (5ms)
			RefreshPlugins (0ms)
			BeforeProcessingInitializeOnLoad (117ms)
			ProcessInitializeOnLoadAttributes (657ms)
			ProcessInitializeOnLoadMethodAttributes (32ms)
			AfterProcessingInitializeOnLoad (10ms)
			EditorAssembliesLoaded (0ms)
		ExecutionOrderSort2 (0ms)
		AwakeInstancesAfterBackupRestoration (19ms)
Refreshing native plugins compatible for Editor in 7.84 ms, found 6 plugins.
Preloading 0 native plugins for Editor in 0.00 ms.
Unloading 7355 Unused Serialized files (Serialized files now loaded: 0)
Unloading 188 unused Assets / (13.1 MB). Loaded Objects now: 8905.
Memory consumption went from 286.8 MB to 273.7 MB.
Total: 7.488200 ms (FindLiveObjects: 0.821300 ms CreateObjectMapping: 0.393600 ms MarkObjects: 3.497600 ms  DeleteObjects: 2.774700 ms)

Prepare: number of updated asset objects reloaded= 0
AssetImportParameters requested are different than current active one (requested -> active):
  custom:container-demuxer-ogg: 62fdf1f143b41e24485cea50d1cbac27 -> 
  custom:framework-win-MediaFoundation: 216162199b28c13a410421893ffa2e32 -> 
  custom:container-muxer-webm: aa71ff27fc2769a1b78a27578f13a17b -> 
  custom:video-decoder-webm-vp8: 9c59270c3fd7afecdb556c50c9e8de78 -> 
  custom:SearchIndexIgnoredProperties: e643bd26f0fe6173181afceb89e7c659 -> 
  custom:AudioImporter_EditorPlatform: d09bf68614088b80899f8185d706f6e7 -> 
  custom:audio-decoder-ogg-vorbis: bf7c407c2cedff20999df2af8eb42d56 -> 
  custom:audio-encoder-webm-vorbis: bf7c407c2cedff20999df2af8eb42d56 -> 
  custom:video-codec-MediaFoundation-h265: 746d11721c4dcdbdad8f713fa42b33f4 -> 
  custom:video-decoder-ogg-theora: a1e56fd34408186e4bbccfd4996cb3dc -> 
  custom:CustomObjectIndexerAttribute: a3ef5dd2817f97addfee359851a9dba5 -> 
  custom:container-demuxer-webm: 4f35f7cbe854078d1ac9338744f61a02 -> 
  custom:video-encoder-webm-vp8: eb34c28f22e8b96e1ab97ce403110664 -> 
========================================================================
Received Prepare
Begin MonoManager ReloadAssembly
Symbol file LoadedFromMemory doesn't match image C:\Users\PIMG\Documents\GitHub\Stoned-Ape-Runner\Stoned Ape Runner\Library\PackageCache\com.unity.visualscripting@1.8.0\Editor\VisualScripting.Core\Dependencies\YamlDotNet\Unity.VisualScripting.YamlDotNet.dll
Symbol file LoadedFromMemory doesn't match image C:\Users\PIMG\Documents\GitHub\Stoned-Ape-Runner\Stoned Ape Runner\Library\PackageCache\com.unity.visualscripting@1.8.0\Editor\VisualScripting.Core\Dependencies\DotNetZip\Unity.VisualScripting.IonicZip.dll
- Loaded All Assemblies, in  0.924 seconds
Refreshing native plugins compatible for Editor in 7.76 ms, found 6 plugins.
Native extension for WindowsStandalone target not found
Mono: successfully reloaded assembly
- Finished resetting the current domain, in  1.971 seconds
Domain Reload Profiling: 2891ms
	BeginReloadAssembly (184ms)
		ExecutionOrderSort (0ms)
		DisableScriptedObjects (6ms)
		BackupInstance (0ms)
		ReleaseScriptingObjects (0ms)
		CreateAndSetChildDomain (54ms)
	RebuildCommonClasses (43ms)
	RebuildNativeTypeToScriptingClass (13ms)
	initialDomainReloadingComplete (36ms)
	LoadAllAssembliesAndSetupDomain (643ms)
		LoadAssemblies (306ms)
		RebuildTransferFunctionScriptingTraits (0ms)
		AnalyzeDomain (406ms)
			TypeCache.Refresh (386ms)
				TypeCache.ScanAssembly (371ms)
			ScanForSourceGeneratedMonoScriptInfo (0ms)
			ResolveRequiredComponents (19ms)
	FinalizeReload (1971ms)
		ReleaseScriptCaches (0ms)
		RebuildScriptCaches (0ms)
		SetupLoadedEditorAssemblies (832ms)
			LogAssemblyErrors (0ms)
			InitializePlatformSupportModulesInManaged (8ms)
			SetLoadedEditorAssemblies (4ms)
			RefreshPlugins (0ms)
			BeforeProcessingInitializeOnLoad (110ms)
			ProcessInitializeOnLoadAttributes (660ms)
			ProcessInitializeOnLoadMethodAttributes (41ms)
			AfterProcessingInitializeOnLoad (9ms)
			EditorAssembliesLoaded (0ms)
		ExecutionOrderSort2 (0ms)
		AwakeInstancesAfterBackupRestoration (16ms)
Refreshing native plugins compatible for Editor in 8.92 ms, found 6 plugins.
Preloading 0 native plugins for Editor in 0.00 ms.
Unloading 7355 Unused Serialized files (Serialized files now loaded: 0)
Unloading 188 unused Assets / (13.1 MB). Loaded Objects now: 8921.
Memory consumption went from 286.8 MB to 273.7 MB.
Total: 8.467600 ms (FindLiveObjects: 0.770700 ms CreateObjectMapping: 0.747600 ms MarkObjects: 4.528700 ms  DeleteObjects: 2.419500 ms)

Prepare: number of updated asset objects reloaded= 0
AssetImportParameters requested are different than current active one (requested -> active):
  custom:container-demuxer-ogg: 62fdf1f143b41e24485cea50d1cbac27 -> 
  custom:framework-win-MediaFoundation: 216162199b28c13a410421893ffa2e32 -> 
  custom:container-muxer-webm: aa71ff27fc2769a1b78a27578f13a17b -> 
  custom:video-decoder-webm-vp8: 9c59270c3fd7afecdb556c50c9e8de78 -> 
  custom:SearchIndexIgnoredProperties: e643bd26f0fe6173181afceb89e7c659 -> 
  custom:AudioImporter_EditorPlatform: d09bf68614088b80899f8185d706f6e7 -> 
  custom:audio-decoder-ogg-vorbis: bf7c407c2cedff20999df2af8eb42d56 -> 
  custom:audio-encoder-webm-vorbis: bf7c407c2cedff20999df2af8eb42d56 -> 
  custom:video-codec-MediaFoundation-h265: 746d11721c4dcdbdad8f713fa42b33f4 -> 
  custom:video-decoder-ogg-theora: a1e56fd34408186e4bbccfd4996cb3dc -> 
  custom:CustomObjectIndexerAttribute: a3ef5dd2817f97addfee359851a9dba5 -> 
  custom:container-demuxer-webm: 4f35f7cbe854078d1ac9338744f61a02 -> 
  custom:video-encoder-webm-vp8: eb34c28f22e8b96e1ab97ce403110664 -> 
========================================================================
Received Prepare
Begin MonoManager ReloadAssembly
Symbol file LoadedFromMemory doesn't match image C:\Users\PIMG\Documents\GitHub\Stoned-Ape-Runner\Stoned Ape Runner\Library\PackageCache\com.unity.visualscripting@1.8.0\Editor\VisualScripting.Core\Dependencies\YamlDotNet\Unity.VisualScripting.YamlDotNet.dll
Symbol file LoadedFromMemory doesn't match image C:\Users\PIMG\Documents\GitHub\Stoned-Ape-Runner\Stoned Ape Runner\Library\PackageCache\com.unity.visualscripting@1.8.0\Editor\VisualScripting.Core\Dependencies\DotNetZip\Unity.VisualScripting.IonicZip.dll
- Loaded All Assemblies, in  0.973 seconds
Refreshing native plugins compatible for Editor in 9.14 ms, found 6 plugins.
Native extension for WindowsStandalone target not found
Mono: successfully reloaded assembly
- Finished resetting the current domain, in  1.976 seconds
Domain Reload Profiling: 2945ms
	BeginReloadAssembly (191ms)
		ExecutionOrderSort (0ms)
		DisableScriptedObjects (6ms)
		BackupInstance (0ms)
		ReleaseScriptingObjects (0ms)
		CreateAndSetChildDomain (61ms)
	RebuildCommonClasses (46ms)
	RebuildNativeTypeToScriptingClass (15ms)
	initialDomainReloadingComplete (39ms)
	LoadAllAssembliesAndSetupDomain (678ms)
		LoadAssemblies (313ms)
		RebuildTransferFunctionScriptingTraits (0ms)
		AnalyzeDomain (435ms)
			TypeCache.Refresh (415ms)
				TypeCache.ScanAssembly (400ms)
			ScanForSourceGeneratedMonoScriptInfo (0ms)
			ResolveRequiredComponents (20ms)
	FinalizeReload (1977ms)
		ReleaseScriptCaches (0ms)
		RebuildScriptCaches (0ms)
		SetupLoadedEditorAssemblies (867ms)
			LogAssemblyErrors (0ms)
			InitializePlatformSupportModulesInManaged (9ms)
			SetLoadedEditorAssemblies (4ms)
			RefreshPlugins (0ms)
			BeforeProcessingInitializeOnLoad (123ms)
			ProcessInitializeOnLoadAttributes (683ms)
			ProcessInitializeOnLoadMethodAttributes (36ms)
			AfterProcessingInitializeOnLoad (11ms)
			EditorAssembliesLoaded (0ms)
		ExecutionOrderSort2 (0ms)
		AwakeInstancesAfterBackupRestoration (19ms)
Refreshing native plugins compatible for Editor in 12.74 ms, found 6 plugins.
Preloading 0 native plugins for Editor in 0.00 ms.
Unloading 7355 Unused Serialized files (Serialized files now loaded: 0)
Unloading 188 unused Assets / (13.1 MB). Loaded Objects now: 8937.
Memory consumption went from 286.8 MB to 273.7 MB.
Total: 9.353500 ms (FindLiveObjects: 0.852900 ms CreateObjectMapping: 0.724300 ms MarkObjects: 4.851700 ms  DeleteObjects: 2.922700 ms)

Prepare: number of updated asset objects reloaded= 0
AssetImportParameters requested are different than current active one (requested -> active):
  custom:container-demuxer-ogg: 62fdf1f143b41e24485cea50d1cbac27 -> 
  custom:framework-win-MediaFoundation: 216162199b28c13a410421893ffa2e32 -> 
  custom:container-muxer-webm: aa71ff27fc2769a1b78a27578f13a17b -> 
  custom:video-decoder-webm-vp8: 9c59270c3fd7afecdb556c50c9e8de78 -> 
  custom:SearchIndexIgnoredProperties: e643bd26f0fe6173181afceb89e7c659 -> 
  custom:AudioImporter_EditorPlatform: d09bf68614088b80899f8185d706f6e7 -> 
  custom:audio-decoder-ogg-vorbis: bf7c407c2cedff20999df2af8eb42d56 -> 
  custom:audio-encoder-webm-vorbis: bf7c407c2cedff20999df2af8eb42d56 -> 
  custom:video-codec-MediaFoundation-h265: 746d11721c4dcdbdad8f713fa42b33f4 -> 
  custom:video-decoder-ogg-theora: a1e56fd34408186e4bbccfd4996cb3dc -> 
  custom:CustomObjectIndexerAttribute: a3ef5dd2817f97addfee359851a9dba5 -> 
  custom:container-demuxer-webm: 4f35f7cbe854078d1ac9338744f61a02 -> 
  custom:video-encoder-webm-vp8: eb34c28f22e8b96e1ab97ce403110664 -> 
========================================================================
Received Prepare
Begin MonoManager ReloadAssembly
Symbol file LoadedFromMemory doesn't match image C:\Users\PIMG\Documents\GitHub\Stoned-Ape-Runner\Stoned Ape Runner\Library\PackageCache\com.unity.visualscripting@1.8.0\Editor\VisualScripting.Core\Dependencies\YamlDotNet\Unity.VisualScripting.YamlDotNet.dll
Symbol file LoadedFromMemory doesn't match image C:\Users\PIMG\Documents\GitHub\Stoned-Ape-Runner\Stoned Ape Runner\Library\PackageCache\com.unity.visualscripting@1.8.0\Editor\VisualScripting.Core\Dependencies\DotNetZip\Unity.VisualScripting.IonicZip.dll
- Loaded All Assemblies, in  0.961 seconds
Refreshing native plugins compatible for Editor in 6.76 ms, found 6 plugins.
Native extension for WindowsStandalone target not found
Mono: successfully reloaded assembly
- Finished resetting the current domain, in  1.987 seconds
Domain Reload Profiling: 2944ms
	BeginReloadAssembly (196ms)
		ExecutionOrderSort (0ms)
		DisableScriptedObjects (6ms)
		BackupInstance (0ms)
		ReleaseScriptingObjects (0ms)
		CreateAndSetChildDomain (51ms)
	RebuildCommonClasses (42ms)
	RebuildNativeTypeToScriptingClass (17ms)
	initialDomainReloadingComplete (36ms)
	LoadAllAssembliesAndSetupDomain (665ms)
		LoadAssemblies (330ms)
		RebuildTransferFunctionScriptingTraits (0ms)
		AnalyzeDomain (419ms)
			TypeCache.Refresh (402ms)
				TypeCache.ScanAssembly (382ms)
			ScanForSourceGeneratedMonoScriptInfo (0ms)
			ResolveRequiredComponents (17ms)
	FinalizeReload (1988ms)
		ReleaseScriptCaches (0ms)
		RebuildScriptCaches (0ms)
		SetupLoadedEditorAssemblies (859ms)
			LogAssemblyErrors (0ms)
			InitializePlatformSupportModulesInManaged (7ms)
			SetLoadedEditorAssemblies (4ms)
			RefreshPlugins (0ms)
			BeforeProcessingInitializeOnLoad (115ms)
			ProcessInitializeOnLoadAttributes (684ms)
			ProcessInitializeOnLoadMethodAttributes (34ms)
			AfterProcessingInitializeOnLoad (14ms)
			EditorAssembliesLoaded (0ms)
		ExecutionOrderSort2 (0ms)
		AwakeInstancesAfterBackupRestoration (18ms)
Refreshing native plugins compatible for Editor in 7.97 ms, found 6 plugins.
Preloading 0 native plugins for Editor in 0.00 ms.
Unloading 7355 Unused Serialized files (Serialized files now loaded: 0)
Unloading 188 unused Assets / (13.1 MB). Loaded Objects now: 8953.
Memory consumption went from 286.8 MB to 273.7 MB.
Total: 8.567800 ms (FindLiveObjects: 1.131000 ms CreateObjectMapping: 0.945300 ms MarkObjects: 3.565000 ms  DeleteObjects: 2.925300 ms)

Prepare: number of updated asset objects reloaded= 0
AssetImportParameters requested are different than current active one (requested -> active):
  custom:container-demuxer-ogg: 62fdf1f143b41e24485cea50d1cbac27 -> 
  custom:framework-win-MediaFoundation: 216162199b28c13a410421893ffa2e32 -> 
  custom:container-muxer-webm: aa71ff27fc2769a1b78a27578f13a17b -> 
  custom:video-decoder-webm-vp8: 9c59270c3fd7afecdb556c50c9e8de78 -> 
  custom:SearchIndexIgnoredProperties: e643bd26f0fe6173181afceb89e7c659 -> 
  custom:AudioImporter_EditorPlatform: d09bf68614088b80899f8185d706f6e7 -> 
  custom:audio-decoder-ogg-vorbis: bf7c407c2cedff20999df2af8eb42d56 -> 
  custom:audio-encoder-webm-vorbis: bf7c407c2cedff20999df2af8eb42d56 -> 
  custom:video-codec-MediaFoundation-h265: 746d11721c4dcdbdad8f713fa42b33f4 -> 
  custom:video-decoder-ogg-theora: a1e56fd34408186e4bbccfd4996cb3dc -> 
  custom:CustomObjectIndexerAttribute: a3ef5dd2817f97addfee359851a9dba5 -> 
  custom:container-demuxer-webm: 4f35f7cbe854078d1ac9338744f61a02 -> 
  custom:video-encoder-webm-vp8: eb34c28f22e8b96e1ab97ce403110664 -> 
========================================================================
Received Prepare
Begin MonoManager ReloadAssembly
Symbol file LoadedFromMemory doesn't match image C:\Users\PIMG\Documents\GitHub\Stoned-Ape-Runner\Stoned Ape Runner\Library\PackageCache\com.unity.visualscripting@1.8.0\Editor\VisualScripting.Core\Dependencies\YamlDotNet\Unity.VisualScripting.YamlDotNet.dll
Symbol file LoadedFromMemory doesn't match image C:\Users\PIMG\Documents\GitHub\Stoned-Ape-Runner\Stoned Ape Runner\Library\PackageCache\com.unity.visualscripting@1.8.0\Editor\VisualScripting.Core\Dependencies\DotNetZip\Unity.VisualScripting.IonicZip.dll
- Loaded All Assemblies, in  2.923 seconds
Refreshing native plugins compatible for Editor in 6.60 ms, found 6 plugins.
Native extension for WindowsStandalone target not found
Mono: successfully reloaded assembly
- Finished resetting the current domain, in 33.729 seconds
Domain Reload Profiling: 36646ms
	BeginReloadAssembly (191ms)
		ExecutionOrderSort (0ms)
		DisableScriptedObjects (8ms)
		BackupInstance (0ms)
		ReleaseScriptingObjects (0ms)
		CreateAndSetChildDomain (56ms)
	RebuildCommonClasses (44ms)
	RebuildNativeTypeToScriptingClass (19ms)
	initialDomainReloadingComplete (48ms)
	LoadAllAssembliesAndSetupDomain (2614ms)
		LoadAssemblies (2156ms)
		RebuildTransferFunctionScriptingTraits (0ms)
		AnalyzeDomain (527ms)
			TypeCache.Refresh (512ms)
				TypeCache.ScanAssembly (495ms)
			ScanForSourceGeneratedMonoScriptInfo (0ms)
			ResolveRequiredComponents (15ms)
	FinalizeReload (33730ms)
		ReleaseScriptCaches (0ms)
		RebuildScriptCaches (0ms)
		SetupLoadedEditorAssemblies (866ms)
			LogAssemblyErrors (0ms)
			InitializePlatformSupportModulesInManaged (9ms)
			SetLoadedEditorAssemblies (5ms)
			RefreshPlugins (0ms)
			BeforeProcessingInitializeOnLoad (115ms)
			ProcessInitializeOnLoadAttributes (691ms)
			ProcessInitializeOnLoadMethodAttributes (35ms)
			AfterProcessingInitializeOnLoad (11ms)
			EditorAssembliesLoaded (0ms)
		ExecutionOrderSort2 (0ms)
		AwakeInstancesAfterBackupRestoration (19ms)
Refreshing native plugins compatible for Editor in 6.69 ms, found 6 plugins.
Preloading 0 native plugins for Editor in 0.00 ms.
Unloading 7355 Unused Serialized files (Serialized files now loaded: 0)
Unloading 188 unused Assets / (13.1 MB). Loaded Objects now: 8969.
Memory consumption went from 286.8 MB to 273.7 MB.
Total: 8.323300 ms (FindLiveObjects: 0.865500 ms CreateObjectMapping: 0.849800 ms MarkObjects: 4.265400 ms  DeleteObjects: 2.341800 ms)

Prepare: number of updated asset objects reloaded= 0
AssetImportParameters requested are different than current active one (requested -> active):
  custom:container-demuxer-ogg: 62fdf1f143b41e24485cea50d1cbac27 -> 
  custom:framework-win-MediaFoundation: 216162199b28c13a410421893ffa2e32 -> 
  custom:container-muxer-webm: aa71ff27fc2769a1b78a27578f13a17b -> 
  custom:video-decoder-webm-vp8: 9c59270c3fd7afecdb556c50c9e8de78 -> 
  custom:SearchIndexIgnoredProperties: e643bd26f0fe6173181afceb89e7c659 -> 
  custom:AudioImporter_EditorPlatform: d09bf68614088b80899f8185d706f6e7 -> 
  custom:audio-decoder-ogg-vorbis: bf7c407c2cedff20999df2af8eb42d56 -> 
  custom:audio-encoder-webm-vorbis: bf7c407c2cedff20999df2af8eb42d56 -> 
  custom:video-codec-MediaFoundation-h265: 746d11721c4dcdbdad8f713fa42b33f4 -> 
  custom:video-decoder-ogg-theora: a1e56fd34408186e4bbccfd4996cb3dc -> 
  custom:CustomObjectIndexerAttribute: a3ef5dd2817f97addfee359851a9dba5 -> 
  custom:container-demuxer-webm: 4f35f7cbe854078d1ac9338744f61a02 -> 
  custom:video-encoder-webm-vp8: eb34c28f22e8b96e1ab97ce403110664 -> 
========================================================================
Received Prepare
Begin MonoManager ReloadAssembly
Symbol file LoadedFromMemory doesn't match image C:\Users\PIMG\Documents\GitHub\Stoned-Ape-Runner\Stoned Ape Runner\Library\PackageCache\com.unity.visualscripting@1.8.0\Editor\VisualScripting.Core\Dependencies\YamlDotNet\Unity.VisualScripting.YamlDotNet.dll
Symbol file LoadedFromMemory doesn't match image C:\Users\PIMG\Documents\GitHub\Stoned-Ape-Runner\Stoned Ape Runner\Library\PackageCache\com.unity.visualscripting@1.8.0\Editor\VisualScripting.Core\Dependencies\DotNetZip\Unity.VisualScripting.IonicZip.dll
- Loaded All Assemblies, in  0.978 seconds
Refreshing native plugins compatible for Editor in 6.52 ms, found 6 plugins.
Native extension for WindowsStandalone target not found
Mono: successfully reloaded assembly
- Finished resetting the current domain, in  2.414 seconds
Domain Reload Profiling: 3388ms
	BeginReloadAssembly (176ms)
		ExecutionOrderSort (0ms)
		DisableScriptedObjects (7ms)
		BackupInstance (0ms)
		ReleaseScriptingObjects (0ms)
		CreateAndSetChildDomain (49ms)
	RebuildCommonClasses (53ms)
	RebuildNativeTypeToScriptingClass (14ms)
	initialDomainReloadingComplete (44ms)
	LoadAllAssembliesAndSetupDomain (686ms)
		LoadAssemblies (316ms)
		RebuildTransferFunctionScriptingTraits (0ms)
		AnalyzeDomain (439ms)
			TypeCache.Refresh (425ms)
				TypeCache.ScanAssembly (407ms)
			ScanForSourceGeneratedMonoScriptInfo (0ms)
			ResolveRequiredComponents (14ms)
	FinalizeReload (2414ms)
		ReleaseScriptCaches (0ms)
		RebuildScriptCaches (0ms)
		SetupLoadedEditorAssemblies (1283ms)
			LogAssemblyErrors (0ms)
			InitializePlatformSupportModulesInManaged (12ms)
			SetLoadedEditorAssemblies (11ms)
			RefreshPlugins (0ms)
			BeforeProcessingInitializeOnLoad (192ms)
			ProcessInitializeOnLoadAttributes (1009ms)
			ProcessInitializeOnLoadMethodAttributes (44ms)
			AfterProcessingInitializeOnLoad (16ms)
			EditorAssembliesLoaded (0ms)
		ExecutionOrderSort2 (0ms)
		AwakeInstancesAfterBackupRestoration (20ms)
Refreshing native plugins compatible for Editor in 9.04 ms, found 6 plugins.
Preloading 0 native plugins for Editor in 0.00 ms.
Unloading 7355 Unused Serialized files (Serialized files now loaded: 0)
Unloading 188 unused Assets / (13.1 MB). Loaded Objects now: 8985.
Memory consumption went from 286.8 MB to 273.7 MB.
Total: 11.739200 ms (FindLiveObjects: 0.678300 ms CreateObjectMapping: 0.410000 ms MarkObjects: 7.501200 ms  DeleteObjects: 3.148600 ms)

Prepare: number of updated asset objects reloaded= 0
AssetImportParameters requested are different than current active one (requested -> active):
  custom:container-demuxer-ogg: 62fdf1f143b41e24485cea50d1cbac27 -> 
  custom:framework-win-MediaFoundation: 216162199b28c13a410421893ffa2e32 -> 
  custom:container-muxer-webm: aa71ff27fc2769a1b78a27578f13a17b -> 
  custom:video-decoder-webm-vp8: 9c59270c3fd7afecdb556c50c9e8de78 -> 
  custom:SearchIndexIgnoredProperties: e643bd26f0fe6173181afceb89e7c659 -> 
  custom:AudioImporter_EditorPlatform: d09bf68614088b80899f8185d706f6e7 -> 
  custom:audio-decoder-ogg-vorbis: bf7c407c2cedff20999df2af8eb42d56 -> 
  custom:audio-encoder-webm-vorbis: bf7c407c2cedff20999df2af8eb42d56 -> 
  custom:video-codec-MediaFoundation-h265: 746d11721c4dcdbdad8f713fa42b33f4 -> 
  custom:video-decoder-ogg-theora: a1e56fd34408186e4bbccfd4996cb3dc -> 
  custom:CustomObjectIndexerAttribute: a3ef5dd2817f97addfee359851a9dba5 -> 
  custom:container-demuxer-webm: 4f35f7cbe854078d1ac9338744f61a02 -> 
  custom:video-encoder-webm-vp8: eb34c28f22e8b96e1ab97ce403110664 -> 
========================================================================
Received Prepare
Begin MonoManager ReloadAssembly
Symbol file LoadedFromMemory doesn't match image C:\Users\PIMG\Documents\GitHub\Stoned-Ape-Runner\Stoned Ape Runner\Library\PackageCache\com.unity.visualscripting@1.8.0\Editor\VisualScripting.Core\Dependencies\YamlDotNet\Unity.VisualScripting.YamlDotNet.dll
Symbol file LoadedFromMemory doesn't match image C:\Users\PIMG\Documents\GitHub\Stoned-Ape-Runner\Stoned Ape Runner\Library\PackageCache\com.unity.visualscripting@1.8.0\Editor\VisualScripting.Core\Dependencies\DotNetZip\Unity.VisualScripting.IonicZip.dll
- Loaded All Assemblies, in  0.944 seconds
Refreshing native plugins compatible for Editor in 7.42 ms, found 6 plugins.
Native extension for WindowsStandalone target not found
Mono: successfully reloaded assembly
- Finished resetting the current domain, in  2.364 seconds
Domain Reload Profiling: 3304ms
	BeginReloadAssembly (183ms)
		ExecutionOrderSort (0ms)
		DisableScriptedObjects (5ms)
		BackupInstance (0ms)
		ReleaseScriptingObjects (0ms)
		CreateAndSetChildDomain (58ms)
	RebuildCommonClasses (39ms)
	RebuildNativeTypeToScriptingClass (17ms)
	initialDomainReloadingComplete (42ms)
	LoadAllAssembliesAndSetupDomain (658ms)
		LoadAssemblies (312ms)
		RebuildTransferFunctionScriptingTraits (0ms)
		AnalyzeDomain (409ms)
			TypeCache.Refresh (392ms)
				TypeCache.ScanAssembly (378ms)
			ScanForSourceGeneratedMonoScriptInfo (0ms)
			ResolveRequiredComponents (16ms)
	FinalizeReload (2364ms)
		ReleaseScriptCaches (0ms)
		RebuildScriptCaches (0ms)
		SetupLoadedEditorAssemblies (1194ms)
			LogAssemblyErrors (0ms)
			InitializePlatformSupportModulesInManaged (14ms)
			SetLoadedEditorAssemblies (8ms)
			RefreshPlugins (0ms)
			BeforeProcessingInitializeOnLoad (232ms)
			ProcessInitializeOnLoadAttributes (882ms)
			ProcessInitializeOnLoadMethodAttributes (44ms)
			AfterProcessingInitializeOnLoad (14ms)
			EditorAssembliesLoaded (0ms)
		ExecutionOrderSort2 (0ms)
		AwakeInstancesAfterBackupRestoration (19ms)
Refreshing native plugins compatible for Editor in 8.56 ms, found 6 plugins.
Preloading 0 native plugins for Editor in 0.00 ms.
Unloading 7355 Unused Serialized files (Serialized files now loaded: 0)
Unloading 188 unused Assets / (13.1 MB). Loaded Objects now: 9001.
Memory consumption went from 286.8 MB to 273.7 MB.
Total: 13.909000 ms (FindLiveObjects: 0.802800 ms CreateObjectMapping: 0.923100 ms MarkObjects: 8.318300 ms  DeleteObjects: 3.863100 ms)

Prepare: number of updated asset objects reloaded= 0
AssetImportParameters requested are different than current active one (requested -> active):
  custom:container-demuxer-ogg: 62fdf1f143b41e24485cea50d1cbac27 -> 
  custom:framework-win-MediaFoundation: 216162199b28c13a410421893ffa2e32 -> 
  custom:container-muxer-webm: aa71ff27fc2769a1b78a27578f13a17b -> 
  custom:video-decoder-webm-vp8: 9c59270c3fd7afecdb556c50c9e8de78 -> 
  custom:SearchIndexIgnoredProperties: e643bd26f0fe6173181afceb89e7c659 -> 
  custom:AudioImporter_EditorPlatform: d09bf68614088b80899f8185d706f6e7 -> 
  custom:audio-decoder-ogg-vorbis: bf7c407c2cedff20999df2af8eb42d56 -> 
  custom:audio-encoder-webm-vorbis: bf7c407c2cedff20999df2af8eb42d56 -> 
  custom:video-codec-MediaFoundation-h265: 746d11721c4dcdbdad8f713fa42b33f4 -> 
  custom:video-decoder-ogg-theora: a1e56fd34408186e4bbccfd4996cb3dc -> 
  custom:CustomObjectIndexerAttribute: a3ef5dd2817f97addfee359851a9dba5 -> 
  custom:container-demuxer-webm: 4f35f7cbe854078d1ac9338744f61a02 -> 
  custom:video-encoder-webm-vp8: eb34c28f22e8b96e1ab97ce403110664 -> 
========================================================================
Received Prepare
Begin MonoManager ReloadAssembly
Symbol file LoadedFromMemory doesn't match image C:\Users\PIMG\Documents\GitHub\Stoned-Ape-Runner\Stoned Ape Runner\Library\PackageCache\com.unity.visualscripting@1.8.0\Editor\VisualScripting.Core\Dependencies\YamlDotNet\Unity.VisualScripting.YamlDotNet.dll
Symbol file LoadedFromMemory doesn't match image C:\Users\PIMG\Documents\GitHub\Stoned-Ape-Runner\Stoned Ape Runner\Library\PackageCache\com.unity.visualscripting@1.8.0\Editor\VisualScripting.Core\Dependencies\DotNetZip\Unity.VisualScripting.IonicZip.dll
- Loaded All Assemblies, in  0.940 seconds
Refreshing native plugins compatible for Editor in 5.82 ms, found 6 plugins.
Native extension for WindowsStandalone target not found
Mono: successfully reloaded assembly
- Finished resetting the current domain, in  2.207 seconds
Domain Reload Profiling: 3141ms
	BeginReloadAssembly (199ms)
		ExecutionOrderSort (0ms)
		DisableScriptedObjects (9ms)
		BackupInstance (0ms)
		ReleaseScriptingObjects (0ms)
		CreateAndSetChildDomain (60ms)
	RebuildCommonClasses (42ms)
	RebuildNativeTypeToScriptingClass (12ms)
	initialDomainReloadingComplete (36ms)
	LoadAllAssembliesAndSetupDomain (644ms)
		LoadAssemblies (312ms)
		RebuildTransferFunctionScriptingTraits (0ms)
		AnalyzeDomain (403ms)
			TypeCache.Refresh (390ms)
				TypeCache.ScanAssembly (374ms)
			ScanForSourceGeneratedMonoScriptInfo (0ms)
			ResolveRequiredComponents (13ms)
	FinalizeReload (2207ms)
		ReleaseScriptCaches (0ms)
		RebuildScriptCaches (0ms)
		SetupLoadedEditorAssemblies (1115ms)
			LogAssemblyErrors (0ms)
			InitializePlatformSupportModulesInManaged (8ms)
			SetLoadedEditorAssemblies (4ms)
			RefreshPlugins (0ms)
			BeforeProcessingInitializeOnLoad (134ms)
			ProcessInitializeOnLoadAttributes (926ms)
			ProcessInitializeOnLoadMethodAttributes (35ms)
			AfterProcessingInitializeOnLoad (8ms)
			EditorAssembliesLoaded (0ms)
		ExecutionOrderSort2 (0ms)
		AwakeInstancesAfterBackupRestoration (21ms)
Refreshing native plugins compatible for Editor in 12.12 ms, found 6 plugins.
Preloading 0 native plugins for Editor in 0.00 ms.
Unloading 7355 Unused Serialized files (Serialized files now loaded: 0)
Unloading 188 unused Assets / (13.1 MB). Loaded Objects now: 9017.
Memory consumption went from 286.9 MB to 273.7 MB.
Total: 9.559200 ms (FindLiveObjects: 0.801700 ms CreateObjectMapping: 0.895700 ms MarkObjects: 5.134100 ms  DeleteObjects: 2.726300 ms)

Prepare: number of updated asset objects reloaded= 0
AssetImportParameters requested are different than current active one (requested -> active):
  custom:container-demuxer-ogg: 62fdf1f143b41e24485cea50d1cbac27 -> 
  custom:framework-win-MediaFoundation: 216162199b28c13a410421893ffa2e32 -> 
  custom:container-muxer-webm: aa71ff27fc2769a1b78a27578f13a17b -> 
  custom:video-decoder-webm-vp8: 9c59270c3fd7afecdb556c50c9e8de78 -> 
  custom:SearchIndexIgnoredProperties: e643bd26f0fe6173181afceb89e7c659 -> 
  custom:AudioImporter_EditorPlatform: d09bf68614088b80899f8185d706f6e7 -> 
  custom:audio-decoder-ogg-vorbis: bf7c407c2cedff20999df2af8eb42d56 -> 
  custom:audio-encoder-webm-vorbis: bf7c407c2cedff20999df2af8eb42d56 -> 
  custom:video-codec-MediaFoundation-h265: 746d11721c4dcdbdad8f713fa42b33f4 -> 
  custom:video-decoder-ogg-theora: a1e56fd34408186e4bbccfd4996cb3dc -> 
  custom:CustomObjectIndexerAttribute: a3ef5dd2817f97addfee359851a9dba5 -> 
  custom:container-demuxer-webm: 4f35f7cbe854078d1ac9338744f61a02 -> 
  custom:video-encoder-webm-vp8: eb34c28f22e8b96e1ab97ce403110664 -> 
========================================================================
Received Prepare
Begin MonoManager ReloadAssembly
Symbol file LoadedFromMemory doesn't match image C:\Users\PIMG\Documents\GitHub\Stoned-Ape-Runner\Stoned Ape Runner\Library\PackageCache\com.unity.visualscripting@1.8.0\Editor\VisualScripting.Core\Dependencies\YamlDotNet\Unity.VisualScripting.YamlDotNet.dll
Symbol file LoadedFromMemory doesn't match image C:\Users\PIMG\Documents\GitHub\Stoned-Ape-Runner\Stoned Ape Runner\Library\PackageCache\com.unity.visualscripting@1.8.0\Editor\VisualScripting.Core\Dependencies\DotNetZip\Unity.VisualScripting.IonicZip.dll
- Loaded All Assemblies, in  0.956 seconds
Refreshing native plugins compatible for Editor in 6.98 ms, found 6 plugins.
Native extension for WindowsStandalone target not found
Mono: successfully reloaded assembly
- Finished resetting the current domain, in  2.366 seconds
Domain Reload Profiling: 3319ms
	BeginReloadAssembly (182ms)
		ExecutionOrderSort (0ms)
		DisableScriptedObjects (8ms)
		BackupInstance (0ms)
		ReleaseScriptingObjects (0ms)
		CreateAndSetChildDomain (53ms)
	RebuildCommonClasses (41ms)
	RebuildNativeTypeToScriptingClass (15ms)
	initialDomainReloadingComplete (33ms)
	LoadAllAssembliesAndSetupDomain (682ms)
		LoadAssemblies (312ms)
		RebuildTransferFunctionScriptingTraits (0ms)
		AnalyzeDomain (437ms)
			TypeCache.Refresh (423ms)
				TypeCache.ScanAssembly (408ms)
			ScanForSourceGeneratedMonoScriptInfo (0ms)
			ResolveRequiredComponents (14ms)
	FinalizeReload (2367ms)
		ReleaseScriptCaches (0ms)
		RebuildScriptCaches (0ms)
		SetupLoadedEditorAssemblies (1197ms)
			LogAssemblyErrors (0ms)
			InitializePlatformSupportModulesInManaged (17ms)
			SetLoadedEditorAssemblies (5ms)
			RefreshPlugins (0ms)
			BeforeProcessingInitializeOnLoad (179ms)
			ProcessInitializeOnLoadAttributes (952ms)
			ProcessInitializeOnLoadMethodAttributes (34ms)
			AfterProcessingInitializeOnLoad (10ms)
			EditorAssembliesLoaded (0ms)
		ExecutionOrderSort2 (0ms)
		AwakeInstancesAfterBackupRestoration (22ms)
Refreshing native plugins compatible for Editor in 13.48 ms, found 6 plugins.
Preloading 0 native plugins for Editor in 0.00 ms.
Unloading 7355 Unused Serialized files (Serialized files now loaded: 0)
Unloading 188 unused Assets / (13.1 MB). Loaded Objects now: 9033.
Memory consumption went from 286.9 MB to 273.8 MB.
Total: 16.869800 ms (FindLiveObjects: 1.524700 ms CreateObjectMapping: 1.156400 ms MarkObjects: 8.543900 ms  DeleteObjects: 5.643400 ms)

Prepare: number of updated asset objects reloaded= 0
AssetImportParameters requested are different than current active one (requested -> active):
  custom:container-demuxer-ogg: 62fdf1f143b41e24485cea50d1cbac27 -> 
  custom:framework-win-MediaFoundation: 216162199b28c13a410421893ffa2e32 -> 
  custom:container-muxer-webm: aa71ff27fc2769a1b78a27578f13a17b -> 
  custom:video-decoder-webm-vp8: 9c59270c3fd7afecdb556c50c9e8de78 -> 
  custom:SearchIndexIgnoredProperties: e643bd26f0fe6173181afceb89e7c659 -> 
  custom:AudioImporter_EditorPlatform: d09bf68614088b80899f8185d706f6e7 -> 
  custom:audio-decoder-ogg-vorbis: bf7c407c2cedff20999df2af8eb42d56 -> 
  custom:audio-encoder-webm-vorbis: bf7c407c2cedff20999df2af8eb42d56 -> 
  custom:video-codec-MediaFoundation-h265: 746d11721c4dcdbdad8f713fa42b33f4 -> 
  custom:video-decoder-ogg-theora: a1e56fd34408186e4bbccfd4996cb3dc -> 
  custom:CustomObjectIndexerAttribute: a3ef5dd2817f97addfee359851a9dba5 -> 
  custom:container-demuxer-webm: 4f35f7cbe854078d1ac9338744f61a02 -> 
  custom:video-encoder-webm-vp8: eb34c28f22e8b96e1ab97ce403110664 -> 
