Using pre-set license
Built from '2022.3/staging' branch; Version is '2022.3.4f1 (35713cd46cd7) revision 3502396'; Using compiler version '192829333'; Build Type 'Release'
OS: 'Windows 10  (10.0.19045) 64bit Professional' Language: 'en' Physical Memory: 16235 MB
BatchMode: 1, IsHumanControllingUs: 0, StartBugReporterOnCrash: 0, Is64bit: 1, IsPro: 1

COMMAND LINE ARGUMENTS:
C:\Program Files\Unity\Hub\Editor\2022.3.4f1\Editor\Unity.exe
-adb2
-batchMode
-noUpm
-name
AssetImportWorker0
-projectPath
C:/Users/PIMG/Documents/GitHub/Stoned-Ape-Runner/Stoned Ape Runner
-logFile
Logs/AssetImportWorker0.log
-srvPort
51125
Successfully changed project path to: C:/Users/PIMG/Documents/GitHub/Stoned-Ape-Runner/Stoned Ape Runner
C:/Users/PIMG/Documents/GitHub/Stoned-Ape-Runner/Stoned Ape Runner
[UnityMemory] Configuration Parameters - Can be set up in boot.config
    "memorysetup-bucket-allocator-granularity=16"
    "memorysetup-bucket-allocator-bucket-count=8"
    "memorysetup-bucket-allocator-block-size=33554432"
    "memorysetup-bucket-allocator-block-count=8"
    "memorysetup-main-allocator-block-size=16777216"
    "memorysetup-thread-allocator-block-size=16777216"
    "memorysetup-gfx-main-allocator-block-size=16777216"
    "memorysetup-gfx-thread-allocator-block-size=16777216"
    "memorysetup-cache-allocator-block-size=4194304"
    "memorysetup-typetree-allocator-block-size=2097152"
    "memorysetup-profiler-bucket-allocator-granularity=16"
    "memorysetup-profiler-bucket-allocator-bucket-count=8"
    "memorysetup-profiler-bucket-allocator-block-size=33554432"
    "memorysetup-profiler-bucket-allocator-block-count=8"
    "memorysetup-profiler-allocator-block-size=16777216"
    "memorysetup-profiler-editor-allocator-block-size=1048576"
    "memorysetup-temp-allocator-size-main=16777216"
    "memorysetup-job-temp-allocator-block-size=2097152"
    "memorysetup-job-temp-allocator-block-size-background=1048576"
    "memorysetup-job-temp-allocator-reduction-small-platforms=262144"
    "memorysetup-allocator-temp-initial-block-size-main=262144"
    "memorysetup-allocator-temp-initial-block-size-worker=262144"
    "memorysetup-temp-allocator-size-background-worker=32768"
    "memorysetup-temp-allocator-size-job-worker=262144"
    "memorysetup-temp-allocator-size-preload-manager=33554432"
    "memorysetup-temp-allocator-size-nav-mesh-worker=65536"
    "memorysetup-temp-allocator-size-audio-worker=65536"
    "memorysetup-temp-allocator-size-cloud-worker=32768"
    "memorysetup-temp-allocator-size-gi-baking-worker=262144"
    "memorysetup-temp-allocator-size-gfx=262144"
Player connection [1108] Host "[IP] 10.1.10.57 [Port] 0 [Flags] 2 [Guid] 3279383250 [EditorId] 3279383250 [Version] 1048832 [Id] WindowsEditor(7,DESKTOP-80U466G) [Debug] 1 [PackageName] WindowsEditor [ProjectName] Editor" joined multi-casting on [225.0.0.222:54997]...

Player connection [1108] Host "[IP] 10.1.10.57 [Port] 0 [Flags] 2 [Guid] 3279383250 [EditorId] 3279383250 [Version] 1048832 [Id] WindowsEditor(7,DESKTOP-80U466G) [Debug] 1 [PackageName] WindowsEditor [ProjectName] Editor" joined alternative multi-casting on [225.0.0.222:34997]...

Refreshing native plugins compatible for Editor in 1958.41 ms, found 6 plugins.
Preloading 0 native plugins for Editor in 0.00 ms.
Initialize engine version: 2022.3.4f1 (35713cd46cd7)
[Subsystems] Discovering subsystems at path C:/Program Files/Unity/Hub/Editor/2022.3.4f1/Editor/Data/Resources/UnitySubsystems
[Subsystems] Discovering subsystems at path C:/Users/PIMG/Documents/GitHub/Stoned-Ape-Runner/Stoned Ape Runner/Assets
GfxDevice: creating device client; threaded=0; jobified=0
Direct3D:
    Version:  Direct3D 11.0 [level 11.1]
    Renderer: NVIDIA GeForce GTX 980 Ti (ID=0x17c8)
    Vendor:   NVIDIA
    VRAM:     6085 MB
    Driver:   32.0.15.6094
Initialize mono
Mono path[0] = 'C:/Program Files/Unity/Hub/Editor/2022.3.4f1/Editor/Data/Managed'
Mono path[1] = 'C:/Program Files/Unity/Hub/Editor/2022.3.4f1/Editor/Data/MonoBleedingEdge/lib/mono/unityjit-win32'
Mono config path = 'C:/Program Files/Unity/Hub/Editor/2022.3.4f1/Editor/Data/MonoBleedingEdge/etc'
Using monoOptions --debugger-agent=transport=dt_socket,embedding=1,server=y,suspend=n,address=127.0.0.1:56480
Begin MonoManager ReloadAssembly
Registering precompiled unity dll's ...
Register platform support module: C:/Program Files/Unity/Hub/Editor/2022.3.4f1/Editor/Data/PlaybackEngines/WindowsStandaloneSupport/UnityEditor.WindowsStandalone.Extensions.dll
Registered in 0.151679 seconds.
- Loaded All Assemblies, in  7.860 seconds
Native extension for WindowsStandalone target not found
Mono: successfully reloaded assembly
- Finished resetting the current domain, in  0.316 seconds
Domain Reload Profiling: 8174ms
	BeginReloadAssembly (7389ms)
		ExecutionOrderSort (0ms)
		DisableScriptedObjects (0ms)
		BackupInstance (0ms)
		ReleaseScriptingObjects (0ms)
		CreateAndSetChildDomain (1ms)
	RebuildCommonClasses (40ms)
	RebuildNativeTypeToScriptingClass (12ms)
	initialDomainReloadingComplete (213ms)
	LoadAllAssembliesAndSetupDomain (203ms)
		LoadAssemblies (7387ms)
		RebuildTransferFunctionScriptingTraits (0ms)
		AnalyzeDomain (195ms)
			TypeCache.Refresh (194ms)
				TypeCache.ScanAssembly (170ms)
			ScanForSourceGeneratedMonoScriptInfo (1ms)
			ResolveRequiredComponents (1ms)
	FinalizeReload (316ms)
		ReleaseScriptCaches (0ms)
		RebuildScriptCaches (0ms)
		SetupLoadedEditorAssemblies (244ms)
			LogAssemblyErrors (0ms)
			InitializePlatformSupportModulesInManaged (12ms)
			SetLoadedEditorAssemblies (10ms)
			RefreshPlugins (0ms)
			BeforeProcessingInitializeOnLoad (3ms)
			ProcessInitializeOnLoadAttributes (159ms)
			ProcessInitializeOnLoadMethodAttributes (61ms)
			AfterProcessingInitializeOnLoad (0ms)
			EditorAssembliesLoaded (0ms)
		ExecutionOrderSort2 (0ms)
		AwakeInstancesAfterBackupRestoration (0ms)
========================================================================
Worker process is ready to serve import requests
Begin MonoManager ReloadAssembly
Symbol file LoadedFromMemory doesn't match image C:\Users\PIMG\Documents\GitHub\Stoned-Ape-Runner\Stoned Ape Runner\Library\PackageCache\com.unity.visualscripting@1.8.0\Editor\VisualScripting.Core\Dependencies\YamlDotNet\Unity.VisualScripting.YamlDotNet.dll
Symbol file LoadedFromMemory doesn't match image C:\Users\PIMG\Documents\GitHub\Stoned-Ape-Runner\Stoned Ape Runner\Library\PackageCache\com.unity.visualscripting@1.8.0\Editor\VisualScripting.Core\Dependencies\DotNetZip\Unity.VisualScripting.IonicZip.dll
- Loaded All Assemblies, in 13.617 seconds
Refreshing native plugins compatible for Editor in 8.47 ms, found 6 plugins.
Native extension for WindowsStandalone target not found
Mono: successfully reloaded assembly
- Finished resetting the current domain, in  1.365 seconds
Domain Reload Profiling: 14978ms
	BeginReloadAssembly (171ms)
		ExecutionOrderSort (0ms)
		DisableScriptedObjects (8ms)
		BackupInstance (0ms)
		ReleaseScriptingObjects (0ms)
		CreateAndSetChildDomain (26ms)
	RebuildCommonClasses (45ms)
	RebuildNativeTypeToScriptingClass (14ms)
	initialDomainReloadingComplete (54ms)
	LoadAllAssembliesAndSetupDomain (13329ms)
		LoadAssemblies (12801ms)
		RebuildTransferFunctionScriptingTraits (0ms)
		AnalyzeDomain (605ms)
			TypeCache.Refresh (540ms)
				TypeCache.ScanAssembly (521ms)
			ScanForSourceGeneratedMonoScriptInfo (49ms)
			ResolveRequiredComponents (16ms)
	FinalizeReload (1365ms)
		ReleaseScriptCaches (0ms)
		RebuildScriptCaches (0ms)
		SetupLoadedEditorAssemblies (1059ms)
			LogAssemblyErrors (0ms)
			InitializePlatformSupportModulesInManaged (7ms)
			SetLoadedEditorAssemblies (4ms)
			RefreshPlugins (0ms)
			BeforeProcessingInitializeOnLoad (126ms)
			ProcessInitializeOnLoadAttributes (811ms)
			ProcessInitializeOnLoadMethodAttributes (100ms)
			AfterProcessingInitializeOnLoad (10ms)
			EditorAssembliesLoaded (0ms)
		ExecutionOrderSort2 (0ms)
		AwakeInstancesAfterBackupRestoration (9ms)
Launched and connected shader compiler UnityShaderCompiler.exe after 0.06 seconds
Refreshing native plugins compatible for Editor in 8.19 ms, found 6 plugins.
Preloading 0 native plugins for Editor in 0.00 ms.
Unloading 7658 Unused Serialized files (Serialized files now loaded: 0)
Unloading 243 unused Assets / (13.1 MB). Loaded Objects now: 7997.
Memory consumption went from 342.5 MB to 329.3 MB.
Total: 8.930800 ms (FindLiveObjects: 0.604400 ms CreateObjectMapping: 0.504000 ms MarkObjects: 4.724700 ms  DeleteObjects: 3.096600 ms)

AssetImportParameters requested are different than current active one (requested -> active):
  custom:container-demuxer-ogg: 62fdf1f143b41e24485cea50d1cbac27 -> 
  custom:framework-win-MediaFoundation: 216162199b28c13a410421893ffa2e32 -> 
  custom:container-muxer-webm: aa71ff27fc2769a1b78a27578f13a17b -> 
  custom:video-decoder-webm-vp8: 9c59270c3fd7afecdb556c50c9e8de78 -> 
  custom:AudioImporter_EditorPlatform: d09bf68614088b80899f8185d706f6e7 -> 
  custom:audio-decoder-ogg-vorbis: bf7c407c2cedff20999df2af8eb42d56 -> 
  custom:audio-encoder-webm-vorbis: bf7c407c2cedff20999df2af8eb42d56 -> 
  custom:video-codec-MediaFoundation-h265: 746d11721c4dcdbdad8f713fa42b33f4 -> 
  custom:video-decoder-ogg-theora: a1e56fd34408186e4bbccfd4996cb3dc -> 
  custom:CustomObjectIndexerAttribute: a3ef5dd2817f97addfee359851a9dba5 -> 
  custom:container-demuxer-webm: 4f35f7cbe854078d1ac9338744f61a02 -> 
  custom:video-encoder-webm-vp8: eb34c28f22e8b96e1ab97ce403110664 -> 
========================================================================
Received Import Request.
  Time since last request: 116292.467685 seconds.
  path: Assets/Scenes/StonedApe_Level1.unity
  artifactKey: Guid(acb0d6c15456bff4fa365b3ce64e4e20) Importer(815301076,1909f56bfc062723c751e8b465ee728b)
Start importing Assets/Scenes/StonedApe_Level1.unity using Guid(acb0d6c15456bff4fa365b3ce64e4e20) Importer(815301076,1909f56bfc062723c751e8b465ee728b)  -> (artifact id: 'ea8f091680faa294bbbc3c26727ac236') in 0.002815 seconds
Number of updated asset objects reloaded before import = 0
Number of asset objects unloaded after import = 0
========================================================================
Received Prepare
Begin MonoManager ReloadAssembly
Symbol file LoadedFromMemory doesn't match image C:\Users\PIMG\Documents\GitHub\Stoned-Ape-Runner\Stoned Ape Runner\Library\PackageCache\com.unity.visualscripting@1.8.0\Editor\VisualScripting.Core\Dependencies\YamlDotNet\Unity.VisualScripting.YamlDotNet.dll
Symbol file LoadedFromMemory doesn't match image C:\Users\PIMG\Documents\GitHub\Stoned-Ape-Runner\Stoned Ape Runner\Library\PackageCache\com.unity.visualscripting@1.8.0\Editor\VisualScripting.Core\Dependencies\DotNetZip\Unity.VisualScripting.IonicZip.dll
- Loaded All Assemblies, in  0.991 seconds
Refreshing native plugins compatible for Editor in 7.44 ms, found 6 plugins.
Native extension for WindowsStandalone target not found
Mono: successfully reloaded assembly
- Finished resetting the current domain, in  1.892 seconds
Domain Reload Profiling: 2879ms
	BeginReloadAssembly (192ms)
		ExecutionOrderSort (0ms)
		DisableScriptedObjects (5ms)
		BackupInstance (0ms)
		ReleaseScriptingObjects (0ms)
		CreateAndSetChildDomain (65ms)
	RebuildCommonClasses (45ms)
	RebuildNativeTypeToScriptingClass (14ms)
	initialDomainReloadingComplete (41ms)
	LoadAllAssembliesAndSetupDomain (695ms)
		LoadAssemblies (331ms)
		RebuildTransferFunctionScriptingTraits (0ms)
		AnalyzeDomain (434ms)
			TypeCache.Refresh (418ms)
				TypeCache.ScanAssembly (404ms)
			ScanForSourceGeneratedMonoScriptInfo (0ms)
			ResolveRequiredComponents (16ms)
	FinalizeReload (1892ms)
		ReleaseScriptCaches (0ms)
		RebuildScriptCaches (0ms)
		SetupLoadedEditorAssemblies (841ms)
			LogAssemblyErrors (0ms)
			InitializePlatformSupportModulesInManaged (10ms)
			SetLoadedEditorAssemblies (4ms)
			RefreshPlugins (0ms)
			BeforeProcessingInitializeOnLoad (123ms)
			ProcessInitializeOnLoadAttributes (659ms)
			ProcessInitializeOnLoadMethodAttributes (34ms)
			AfterProcessingInitializeOnLoad (10ms)
			EditorAssembliesLoaded (0ms)
		ExecutionOrderSort2 (0ms)
		AwakeInstancesAfterBackupRestoration (20ms)
Refreshing native plugins compatible for Editor in 8.21 ms, found 6 plugins.
Preloading 0 native plugins for Editor in 0.00 ms.
Unloading 7351 Unused Serialized files (Serialized files now loaded: 0)
Unloading 188 unused Assets / (13.1 MB). Loaded Objects now: 8013.
Memory consumption went from 279.2 MB to 266.1 MB.
Total: 8.634700 ms (FindLiveObjects: 0.900200 ms CreateObjectMapping: 0.606200 ms MarkObjects: 4.675700 ms  DeleteObjects: 2.451500 ms)

Prepare: number of updated asset objects reloaded= 0
AssetImportParameters requested are different than current active one (requested -> active):
  custom:container-demuxer-ogg: 62fdf1f143b41e24485cea50d1cbac27 -> 
  custom:framework-win-MediaFoundation: 216162199b28c13a410421893ffa2e32 -> 
  custom:container-muxer-webm: aa71ff27fc2769a1b78a27578f13a17b -> 
  custom:video-decoder-webm-vp8: 9c59270c3fd7afecdb556c50c9e8de78 -> 
  custom:AudioImporter_EditorPlatform: d09bf68614088b80899f8185d706f6e7 -> 
  custom:audio-decoder-ogg-vorbis: bf7c407c2cedff20999df2af8eb42d56 -> 
  custom:audio-encoder-webm-vorbis: bf7c407c2cedff20999df2af8eb42d56 -> 
  custom:video-codec-MediaFoundation-h265: 746d11721c4dcdbdad8f713fa42b33f4 -> 
  custom:video-decoder-ogg-theora: a1e56fd34408186e4bbccfd4996cb3dc -> 
  custom:CustomObjectIndexerAttribute: a3ef5dd2817f97addfee359851a9dba5 -> 
  custom:container-demuxer-webm: 4f35f7cbe854078d1ac9338744f61a02 -> 
  custom:video-encoder-webm-vp8: eb34c28f22e8b96e1ab97ce403110664 -> 
========================================================================
Received Prepare
Begin MonoManager ReloadAssembly
Symbol file LoadedFromMemory doesn't match image C:\Users\PIMG\Documents\GitHub\Stoned-Ape-Runner\Stoned Ape Runner\Library\PackageCache\com.unity.visualscripting@1.8.0\Editor\VisualScripting.Core\Dependencies\YamlDotNet\Unity.VisualScripting.YamlDotNet.dll
Symbol file LoadedFromMemory doesn't match image C:\Users\PIMG\Documents\GitHub\Stoned-Ape-Runner\Stoned Ape Runner\Library\PackageCache\com.unity.visualscripting@1.8.0\Editor\VisualScripting.Core\Dependencies\DotNetZip\Unity.VisualScripting.IonicZip.dll
- Loaded All Assemblies, in  0.979 seconds
Refreshing native plugins compatible for Editor in 8.17 ms, found 6 plugins.
Native extension for WindowsStandalone target not found
Mono: successfully reloaded assembly
- Finished resetting the current domain, in  1.789 seconds
Domain Reload Profiling: 2765ms
	BeginReloadAssembly (192ms)
		ExecutionOrderSort (0ms)
		DisableScriptedObjects (6ms)
		BackupInstance (0ms)
		ReleaseScriptingObjects (0ms)
		CreateAndSetChildDomain (56ms)
	RebuildCommonClasses (45ms)
	RebuildNativeTypeToScriptingClass (17ms)
	initialDomainReloadingComplete (35ms)
	LoadAllAssembliesAndSetupDomain (687ms)
		LoadAssemblies (349ms)
		RebuildTransferFunctionScriptingTraits (0ms)
		AnalyzeDomain (412ms)
			TypeCache.Refresh (397ms)
				TypeCache.ScanAssembly (380ms)
			ScanForSourceGeneratedMonoScriptInfo (0ms)
			ResolveRequiredComponents (15ms)
	FinalizeReload (1790ms)
		ReleaseScriptCaches (0ms)
		RebuildScriptCaches (0ms)
		SetupLoadedEditorAssemblies (785ms)
			LogAssemblyErrors (0ms)
			InitializePlatformSupportModulesInManaged (7ms)
			SetLoadedEditorAssemblies (3ms)
			RefreshPlugins (0ms)
			BeforeProcessingInitializeOnLoad (96ms)
			ProcessInitializeOnLoadAttributes (636ms)
			ProcessInitializeOnLoadMethodAttributes (33ms)
			AfterProcessingInitializeOnLoad (9ms)
			EditorAssembliesLoaded (0ms)
		ExecutionOrderSort2 (0ms)
		AwakeInstancesAfterBackupRestoration (18ms)
Refreshing native plugins compatible for Editor in 5.77 ms, found 6 plugins.
Preloading 0 native plugins for Editor in 0.00 ms.
Unloading 7351 Unused Serialized files (Serialized files now loaded: 0)
Unloading 188 unused Assets / (13.1 MB). Loaded Objects now: 8029.
Memory consumption went from 279.2 MB to 266.1 MB.
Total: 7.876100 ms (FindLiveObjects: 0.860100 ms CreateObjectMapping: 0.972100 ms MarkObjects: 3.686100 ms  DeleteObjects: 2.357000 ms)

Prepare: number of updated asset objects reloaded= 0
AssetImportParameters requested are different than current active one (requested -> active):
  custom:container-demuxer-ogg: 62fdf1f143b41e24485cea50d1cbac27 -> 
  custom:framework-win-MediaFoundation: 216162199b28c13a410421893ffa2e32 -> 
  custom:container-muxer-webm: aa71ff27fc2769a1b78a27578f13a17b -> 
  custom:video-decoder-webm-vp8: 9c59270c3fd7afecdb556c50c9e8de78 -> 
  custom:AudioImporter_EditorPlatform: d09bf68614088b80899f8185d706f6e7 -> 
  custom:audio-decoder-ogg-vorbis: bf7c407c2cedff20999df2af8eb42d56 -> 
  custom:audio-encoder-webm-vorbis: bf7c407c2cedff20999df2af8eb42d56 -> 
  custom:video-codec-MediaFoundation-h265: 746d11721c4dcdbdad8f713fa42b33f4 -> 
  custom:video-decoder-ogg-theora: a1e56fd34408186e4bbccfd4996cb3dc -> 
  custom:CustomObjectIndexerAttribute: a3ef5dd2817f97addfee359851a9dba5 -> 
  custom:container-demuxer-webm: 4f35f7cbe854078d1ac9338744f61a02 -> 
  custom:video-encoder-webm-vp8: eb34c28f22e8b96e1ab97ce403110664 -> 
========================================================================
Received Prepare
Begin MonoManager ReloadAssembly
Symbol file LoadedFromMemory doesn't match image C:\Users\PIMG\Documents\GitHub\Stoned-Ape-Runner\Stoned Ape Runner\Library\PackageCache\com.unity.visualscripting@1.8.0\Editor\VisualScripting.Core\Dependencies\YamlDotNet\Unity.VisualScripting.YamlDotNet.dll
Symbol file LoadedFromMemory doesn't match image C:\Users\PIMG\Documents\GitHub\Stoned-Ape-Runner\Stoned Ape Runner\Library\PackageCache\com.unity.visualscripting@1.8.0\Editor\VisualScripting.Core\Dependencies\DotNetZip\Unity.VisualScripting.IonicZip.dll
- Loaded All Assemblies, in  0.970 seconds
Refreshing native plugins compatible for Editor in 7.06 ms, found 6 plugins.
Native extension for WindowsStandalone target not found
Mono: successfully reloaded assembly
- Finished resetting the current domain, in  1.788 seconds
Domain Reload Profiling: 2754ms
	BeginReloadAssembly (186ms)
		ExecutionOrderSort (0ms)
		DisableScriptedObjects (7ms)
		BackupInstance (0ms)
		ReleaseScriptingObjects (0ms)
		CreateAndSetChildDomain (53ms)
	RebuildCommonClasses (50ms)
	RebuildNativeTypeToScriptingClass (13ms)
	initialDomainReloadingComplete (39ms)
	LoadAllAssembliesAndSetupDomain (678ms)
		LoadAssemblies (322ms)
		RebuildTransferFunctionScriptingTraits (0ms)
		AnalyzeDomain (430ms)
			TypeCache.Refresh (415ms)
				TypeCache.ScanAssembly (400ms)
			ScanForSourceGeneratedMonoScriptInfo (0ms)
			ResolveRequiredComponents (15ms)
	FinalizeReload (1789ms)
		ReleaseScriptCaches (0ms)
		RebuildScriptCaches (0ms)
		SetupLoadedEditorAssemblies (788ms)
			LogAssemblyErrors (0ms)
			InitializePlatformSupportModulesInManaged (7ms)
			SetLoadedEditorAssemblies (5ms)
			RefreshPlugins (0ms)
			BeforeProcessingInitializeOnLoad (101ms)
			ProcessInitializeOnLoadAttributes (634ms)
			ProcessInitializeOnLoadMethodAttributes (33ms)
			AfterProcessingInitializeOnLoad (8ms)
			EditorAssembliesLoaded (0ms)
		ExecutionOrderSort2 (0ms)
		AwakeInstancesAfterBackupRestoration (19ms)
Refreshing native plugins compatible for Editor in 6.14 ms, found 6 plugins.
Preloading 0 native plugins for Editor in 0.00 ms.
Unloading 7351 Unused Serialized files (Serialized files now loaded: 0)
Unloading 188 unused Assets / (13.1 MB). Loaded Objects now: 8045.
Memory consumption went from 279.2 MB to 266.1 MB.
Total: 7.593800 ms (FindLiveObjects: 0.603900 ms CreateObjectMapping: 0.568700 ms MarkObjects: 3.769700 ms  DeleteObjects: 2.650500 ms)

Prepare: number of updated asset objects reloaded= 0
AssetImportParameters requested are different than current active one (requested -> active):
  custom:container-demuxer-ogg: 62fdf1f143b41e24485cea50d1cbac27 -> 
  custom:framework-win-MediaFoundation: 216162199b28c13a410421893ffa2e32 -> 
  custom:container-muxer-webm: aa71ff27fc2769a1b78a27578f13a17b -> 
  custom:video-decoder-webm-vp8: 9c59270c3fd7afecdb556c50c9e8de78 -> 
  custom:AudioImporter_EditorPlatform: d09bf68614088b80899f8185d706f6e7 -> 
  custom:audio-decoder-ogg-vorbis: bf7c407c2cedff20999df2af8eb42d56 -> 
  custom:audio-encoder-webm-vorbis: bf7c407c2cedff20999df2af8eb42d56 -> 
  custom:video-codec-MediaFoundation-h265: 746d11721c4dcdbdad8f713fa42b33f4 -> 
  custom:video-decoder-ogg-theora: a1e56fd34408186e4bbccfd4996cb3dc -> 
  custom:CustomObjectIndexerAttribute: a3ef5dd2817f97addfee359851a9dba5 -> 
  custom:container-demuxer-webm: 4f35f7cbe854078d1ac9338744f61a02 -> 
  custom:video-encoder-webm-vp8: eb34c28f22e8b96e1ab97ce403110664 -> 
========================================================================
Received Prepare
Begin MonoManager ReloadAssembly
Symbol file LoadedFromMemory doesn't match image C:\Users\PIMG\Documents\GitHub\Stoned-Ape-Runner\Stoned Ape Runner\Library\PackageCache\com.unity.visualscripting@1.8.0\Editor\VisualScripting.Core\Dependencies\YamlDotNet\Unity.VisualScripting.YamlDotNet.dll
Symbol file LoadedFromMemory doesn't match image C:\Users\PIMG\Documents\GitHub\Stoned-Ape-Runner\Stoned Ape Runner\Library\PackageCache\com.unity.visualscripting@1.8.0\Editor\VisualScripting.Core\Dependencies\DotNetZip\Unity.VisualScripting.IonicZip.dll
- Loaded All Assemblies, in  0.949 seconds
Refreshing native plugins compatible for Editor in 5.37 ms, found 6 plugins.
Native extension for WindowsStandalone target not found
Mono: successfully reloaded assembly
- Finished resetting the current domain, in  1.861 seconds
Domain Reload Profiling: 2805ms
	BeginReloadAssembly (195ms)
		ExecutionOrderSort (0ms)
		DisableScriptedObjects (8ms)
		BackupInstance (0ms)
		ReleaseScriptingObjects (0ms)
		CreateAndSetChildDomain (57ms)
	RebuildCommonClasses (43ms)
	RebuildNativeTypeToScriptingClass (13ms)
	initialDomainReloadingComplete (33ms)
	LoadAllAssembliesAndSetupDomain (659ms)
		LoadAssemblies (337ms)
		RebuildTransferFunctionScriptingTraits (0ms)
		AnalyzeDomain (398ms)
			TypeCache.Refresh (386ms)
				TypeCache.ScanAssembly (367ms)
			ScanForSourceGeneratedMonoScriptInfo (0ms)
			ResolveRequiredComponents (13ms)
	FinalizeReload (1862ms)
		ReleaseScriptCaches (0ms)
		RebuildScriptCaches (0ms)
		SetupLoadedEditorAssemblies (796ms)
			LogAssemblyErrors (0ms)
			InitializePlatformSupportModulesInManaged (7ms)
			SetLoadedEditorAssemblies (4ms)
			RefreshPlugins (0ms)
			BeforeProcessingInitializeOnLoad (109ms)
			ProcessInitializeOnLoadAttributes (633ms)
			ProcessInitializeOnLoadMethodAttributes (33ms)
			AfterProcessingInitializeOnLoad (9ms)
			EditorAssembliesLoaded (0ms)
		ExecutionOrderSort2 (0ms)
		AwakeInstancesAfterBackupRestoration (18ms)
Refreshing native plugins compatible for Editor in 6.25 ms, found 6 plugins.
Preloading 0 native plugins for Editor in 0.00 ms.
Unloading 7351 Unused Serialized files (Serialized files now loaded: 0)
Unloading 188 unused Assets / (13.1 MB). Loaded Objects now: 8061.
Memory consumption went from 279.2 MB to 266.1 MB.
Total: 7.464500 ms (FindLiveObjects: 0.712400 ms CreateObjectMapping: 0.625900 ms MarkObjects: 3.470400 ms  DeleteObjects: 2.654800 ms)

Prepare: number of updated asset objects reloaded= 0
AssetImportParameters requested are different than current active one (requested -> active):
  custom:container-demuxer-ogg: 62fdf1f143b41e24485cea50d1cbac27 -> 
  custom:framework-win-MediaFoundation: 216162199b28c13a410421893ffa2e32 -> 
  custom:container-muxer-webm: aa71ff27fc2769a1b78a27578f13a17b -> 
  custom:video-decoder-webm-vp8: 9c59270c3fd7afecdb556c50c9e8de78 -> 
  custom:AudioImporter_EditorPlatform: d09bf68614088b80899f8185d706f6e7 -> 
  custom:audio-decoder-ogg-vorbis: bf7c407c2cedff20999df2af8eb42d56 -> 
  custom:audio-encoder-webm-vorbis: bf7c407c2cedff20999df2af8eb42d56 -> 
  custom:video-codec-MediaFoundation-h265: 746d11721c4dcdbdad8f713fa42b33f4 -> 
  custom:video-decoder-ogg-theora: a1e56fd34408186e4bbccfd4996cb3dc -> 
  custom:CustomObjectIndexerAttribute: a3ef5dd2817f97addfee359851a9dba5 -> 
  custom:container-demuxer-webm: 4f35f7cbe854078d1ac9338744f61a02 -> 
  custom:video-encoder-webm-vp8: eb34c28f22e8b96e1ab97ce403110664 -> 
========================================================================
Received Prepare
Begin MonoManager ReloadAssembly
Symbol file LoadedFromMemory doesn't match image C:\Users\PIMG\Documents\GitHub\Stoned-Ape-Runner\Stoned Ape Runner\Library\PackageCache\com.unity.visualscripting@1.8.0\Editor\VisualScripting.Core\Dependencies\YamlDotNet\Unity.VisualScripting.YamlDotNet.dll
Symbol file LoadedFromMemory doesn't match image C:\Users\PIMG\Documents\GitHub\Stoned-Ape-Runner\Stoned Ape Runner\Library\PackageCache\com.unity.visualscripting@1.8.0\Editor\VisualScripting.Core\Dependencies\DotNetZip\Unity.VisualScripting.IonicZip.dll
- Loaded All Assemblies, in  0.905 seconds
Refreshing native plugins compatible for Editor in 7.76 ms, found 6 plugins.
Native extension for WindowsStandalone target not found
Mono: successfully reloaded assembly
- Finished resetting the current domain, in  1.831 seconds
Domain Reload Profiling: 2733ms
	BeginReloadAssembly (168ms)
		ExecutionOrderSort (0ms)
		DisableScriptedObjects (5ms)
		BackupInstance (0ms)
		ReleaseScriptingObjects (0ms)
		CreateAndSetChildDomain (54ms)
	RebuildCommonClasses (34ms)
	RebuildNativeTypeToScriptingClass (15ms)
	initialDomainReloadingComplete (36ms)
	LoadAllAssembliesAndSetupDomain (648ms)
		LoadAssemblies (305ms)
		RebuildTransferFunctionScriptingTraits (0ms)
		AnalyzeDomain (399ms)
			TypeCache.Refresh (381ms)
				TypeCache.ScanAssembly (367ms)
			ScanForSourceGeneratedMonoScriptInfo (0ms)
			ResolveRequiredComponents (18ms)
	FinalizeReload (1832ms)
		ReleaseScriptCaches (0ms)
		RebuildScriptCaches (0ms)
		SetupLoadedEditorAssemblies (825ms)
			LogAssemblyErrors (0ms)
			InitializePlatformSupportModulesInManaged (7ms)
			SetLoadedEditorAssemblies (3ms)
			RefreshPlugins (0ms)
			BeforeProcessingInitializeOnLoad (114ms)
			ProcessInitializeOnLoadAttributes (660ms)
			ProcessInitializeOnLoadMethodAttributes (32ms)
			AfterProcessingInitializeOnLoad (9ms)
			EditorAssembliesLoaded (0ms)
		ExecutionOrderSort2 (0ms)
		AwakeInstancesAfterBackupRestoration (16ms)
Refreshing native plugins compatible for Editor in 7.04 ms, found 6 plugins.
Preloading 0 native plugins for Editor in 0.00 ms.
Unloading 7351 Unused Serialized files (Serialized files now loaded: 0)
Unloading 188 unused Assets / (13.1 MB). Loaded Objects now: 8077.
Memory consumption went from 279.2 MB to 266.1 MB.
Total: 8.813600 ms (FindLiveObjects: 1.000400 ms CreateObjectMapping: 0.766700 ms MarkObjects: 4.214100 ms  DeleteObjects: 2.831200 ms)

Prepare: number of updated asset objects reloaded= 0
AssetImportParameters requested are different than current active one (requested -> active):
  custom:container-demuxer-ogg: 62fdf1f143b41e24485cea50d1cbac27 -> 
  custom:framework-win-MediaFoundation: 216162199b28c13a410421893ffa2e32 -> 
  custom:container-muxer-webm: aa71ff27fc2769a1b78a27578f13a17b -> 
  custom:video-decoder-webm-vp8: 9c59270c3fd7afecdb556c50c9e8de78 -> 
  custom:AudioImporter_EditorPlatform: d09bf68614088b80899f8185d706f6e7 -> 
  custom:audio-decoder-ogg-vorbis: bf7c407c2cedff20999df2af8eb42d56 -> 
  custom:audio-encoder-webm-vorbis: bf7c407c2cedff20999df2af8eb42d56 -> 
  custom:video-codec-MediaFoundation-h265: 746d11721c4dcdbdad8f713fa42b33f4 -> 
  custom:video-decoder-ogg-theora: a1e56fd34408186e4bbccfd4996cb3dc -> 
  custom:CustomObjectIndexerAttribute: a3ef5dd2817f97addfee359851a9dba5 -> 
  custom:container-demuxer-webm: 4f35f7cbe854078d1ac9338744f61a02 -> 
  custom:video-encoder-webm-vp8: eb34c28f22e8b96e1ab97ce403110664 -> 
========================================================================
Received Import Request.
  Time since last request: 1813.742814 seconds.
  path: Assets/Prefabs/Mushroom Prefabs
  artifactKey: Guid(d499442a337b0c44f8c13fcc9ea3d760) Importer(815301076,1909f56bfc062723c751e8b465ee728b)
Start importing Assets/Prefabs/Mushroom Prefabs using Guid(d499442a337b0c44f8c13fcc9ea3d760) Importer(815301076,1909f56bfc062723c751e8b465ee728b)  -> (artifact id: '60e567d3589d8f00d1f283baf07d26f5') in 0.002015 seconds
Number of updated asset objects reloaded before import = 0
Number of asset objects unloaded after import = 0
========================================================================
Received Import Request.
  Time since last request: 26.686027 seconds.
  path: Assets/Prefabs/Mushroom Prefabs/Mushroom (tall) (pink).prefab
  artifactKey: Guid(923a7bf9a17e5bd4e82e0e25f3bf1692) Importer(815301076,1909f56bfc062723c751e8b465ee728b)
Start importing Assets/Prefabs/Mushroom Prefabs/Mushroom (tall) (pink).prefab using Guid(923a7bf9a17e5bd4e82e0e25f3bf1692) Importer(815301076,1909f56bfc062723c751e8b465ee728b)  -> (artifact id: 'a5dea708ef76e24413562777f8b7aa02') in 0.003214 seconds
Number of updated asset objects reloaded before import = 0
Number of asset objects unloaded after import = 14
========================================================================
Received Import Request.
  Time since last request: 340.645828 seconds.
  path: Assets/Prefabs/Mushroom Prefabs/Mushroom (Yellow).prefab
  artifactKey: Guid(44597beb849b14949a1f160b257874ef) Importer(815301076,1909f56bfc062723c751e8b465ee728b)
Start importing Assets/Prefabs/Mushroom Prefabs/Mushroom (Yellow).prefab using Guid(44597beb849b14949a1f160b257874ef) Importer(815301076,1909f56bfc062723c751e8b465ee728b)  -> (artifact id: '92c864cd4bc3a55a23a124f4deb78838') in 0.004298 seconds
Number of updated asset objects reloaded before import = 0
Number of asset objects unloaded after import = 24
========================================================================
Received Import Request.
  Time since last request: 54.049301 seconds.
  path: Assets/Animations/Global Volume.controller
  artifactKey: Guid(b58ace725d65b4749a011d76de253e50) Importer(2089858483,0ecaa5967403d082aa24f35e1b516d23)
Start importing Assets/Animations/Global Volume.controller using Guid(b58ace725d65b4749a011d76de253e50) Importer(2089858483,0ecaa5967403d082aa24f35e1b516d23) Generated GUIDs only implemented for interfaces!
 -> (artifact id: 'a3bae9f21d1b36e5c9c070eebd43f88e') in 0.207259 seconds
Number of updated asset objects reloaded before import = 0
Number of asset objects unloaded after import = 4
========================================================================
Received Import Request.
  Time since last request: 0.000024 seconds.
  path: Assets/Prefabs/Checkpoint.prefab
  artifactKey: Guid(31936f5080a2aa94584d83e844beb3dc) Importer(2089858483,0ecaa5967403d082aa24f35e1b516d23)
Start importing Assets/Prefabs/Checkpoint.prefab using Guid(31936f5080a2aa94584d83e844beb3dc) Importer(2089858483,0ecaa5967403d082aa24f35e1b516d23) Generated GUIDs only implemented for interfaces!
 -> (artifact id: '6c3d66fd348418f554d43008c8b94238') in 0.126105 seconds
Number of updated asset objects reloaded before import = 0
Number of asset objects unloaded after import = 20
========================================================================
Received Import Request.
  Time since last request: 0.000030 seconds.
  path: Assets/Animations/Camera Animations/Camera Spin.anim
  artifactKey: Guid(be10a7d46eb5a234c93869106b6a7b00) Importer(2089858483,0ecaa5967403d082aa24f35e1b516d23)
Start importing Assets/Animations/Camera Animations/Camera Spin.anim using Guid(be10a7d46eb5a234c93869106b6a7b00) Importer(2089858483,0ecaa5967403d082aa24f35e1b516d23) Generated GUIDs only implemented for interfaces!
 -> (artifact id: '74807671089e2384b71a6470eb112c47') in 0.022727 seconds
Number of updated asset objects reloaded before import = 0
Number of asset objects unloaded after import = 1
========================================================================
Received Import Request.
  Time since last request: 0.000017 seconds.
  path: Assets/Shaders/Shader Graphs_Fresnel Blue Glow.mat
  artifactKey: Guid(04c8bc84673beee4ca7f344374096007) Importer(2089858483,0ecaa5967403d082aa24f35e1b516d23)
Start importing Assets/Shaders/Shader Graphs_Fresnel Blue Glow.mat using Guid(04c8bc84673beee4ca7f344374096007) Importer(2089858483,0ecaa5967403d082aa24f35e1b516d23) Generated GUIDs only implemented for interfaces!
 -> (artifact id: '6e1ff5c416255a918e9af337158063e2') in 0.026566 seconds
Number of updated asset objects reloaded before import = 0
Number of asset objects unloaded after import = 2
========================================================================
Received Import Request.
  Time since last request: 0.000015 seconds.
  path: Assets/Settings/URP-Balanced.asset
  artifactKey: Guid(e1260c1148f6143b28bae5ace5e9c5d1) Importer(2089858483,0ecaa5967403d082aa24f35e1b516d23)
Start importing Assets/Settings/URP-Balanced.asset using Guid(e1260c1148f6143b28bae5ace5e9c5d1) Importer(2089858483,0ecaa5967403d082aa24f35e1b516d23) Generated GUIDs only implemented for interfaces!
 -> (artifact id: '529885f30286e90e5d0c71921b8ad00b') in 0.041583 seconds
Number of updated asset objects reloaded before import = 0
Number of asset objects unloaded after import = 3
========================================================================
Received Import Request.
  Time since last request: 0.000014 seconds.
  path: Assets/Materials/Monolith.mat
  artifactKey: Guid(f6ce577e4d7ee9442a99e95866c6f67d) Importer(2089858483,0ecaa5967403d082aa24f35e1b516d23)
Start importing Assets/Materials/Monolith.mat using Guid(f6ce577e4d7ee9442a99e95866c6f67d) Importer(2089858483,0ecaa5967403d082aa24f35e1b516d23) Generated GUIDs only implemented for interfaces!
 -> (artifact id: '08610eb371613b9bfe4c03050ce4ee6e') in 0.047861 seconds
Number of updated asset objects reloaded before import = 0
Number of asset objects unloaded after import = 2
========================================================================
Received Import Request.
  Time since last request: 0.000021 seconds.
  path: Assets/Audio/Monkey Sounds/monkey-croak.wav
  artifactKey: Guid(3d33b8e44c467224e90af7ac92c91f84) Importer(2089858483,0ecaa5967403d082aa24f35e1b516d23)
Start importing Assets/Audio/Monkey Sounds/monkey-croak.wav using Guid(3d33b8e44c467224e90af7ac92c91f84) Importer(2089858483,0ecaa5967403d082aa24f35e1b516d23) Generated GUIDs only implemented for interfaces!
 -> (artifact id: '5811eba202ff8ef28d0a763b0f5b16ff') in 0.097937 seconds
Number of updated asset objects reloaded before import = 0
Number of asset objects unloaded after import = 1
========================================================================
Received Import Request.
  Time since last request: 0.000029 seconds.
  path: Assets/Fonts/bananaslipplus SDF.asset
  artifactKey: Guid(62dea6c3a2f8f6f4990402c5794d4184) Importer(2089858483,0ecaa5967403d082aa24f35e1b516d23)
Start importing Assets/Fonts/bananaslipplus SDF.asset using Guid(62dea6c3a2f8f6f4990402c5794d4184) Importer(2089858483,0ecaa5967403d082aa24f35e1b516d23) Generated GUIDs only implemented for interfaces!
 -> (artifact id: 'cbad20c3a07b916caab57bde9a4471f4') in 0.070147 seconds
Number of updated asset objects reloaded before import = 0
Number of asset objects unloaded after import = 5
========================================================================
Received Import Request.
  Time since last request: 0.000015 seconds.
  path: Assets/Prefabs/Portal.prefab
  artifactKey: Guid(a33b6c0c3610b1f48a988fbcad630fe4) Importer(2089858483,0ecaa5967403d082aa24f35e1b516d23)
Start importing Assets/Prefabs/Portal.prefab using Guid(a33b6c0c3610b1f48a988fbcad630fe4) Importer(2089858483,0ecaa5967403d082aa24f35e1b516d23) Generated GUIDs only implemented for interfaces!
 -> (artifact id: 'c58e592dc5db37d4883808ddd6b7507e') in 0.079362 seconds
Number of updated asset objects reloaded before import = 0
Number of asset objects unloaded after import = 18
========================================================================
Received Import Request.
  Time since last request: 0.000015 seconds.
  path: Assets/Prefabs/Global Volume.prefab
  artifactKey: Guid(317bd93014e6627479bf4e8e0e1d6bfa) Importer(2089858483,0ecaa5967403d082aa24f35e1b516d23)
Start importing Assets/Prefabs/Global Volume.prefab using Guid(317bd93014e6627479bf4e8e0e1d6bfa) Importer(2089858483,0ecaa5967403d082aa24f35e1b516d23) Generated GUIDs only implemented for interfaces!
 -> (artifact id: 'a3a900764f51d14bff2a365cfba3e92f') in 0.023098 seconds
Number of updated asset objects reloaded before import = 0
Number of asset objects unloaded after import = 15
========================================================================
Received Import Request.
  Time since last request: 0.000022 seconds.
  path: Assets/Fonts/zerovelo.ttf
  artifactKey: Guid(ea0e4b106b0714748909d2d281d0690e) Importer(2089858483,0ecaa5967403d082aa24f35e1b516d23)
Start importing Assets/Fonts/zerovelo.ttf using Guid(ea0e4b106b0714748909d2d281d0690e) Importer(2089858483,0ecaa5967403d082aa24f35e1b516d23) Generated GUIDs only implemented for interfaces!
 -> (artifact id: 'c612019c6a218d5fcf8a89940c430a7a') in 0.023269 seconds
Number of updated asset objects reloaded before import = 0
Number of asset objects unloaded after import = 3
========================================================================
Received Import Request.
  Time since last request: 0.000021 seconds.
  path: Assets/Animations/Camera Animations/Pivot (Camera).controller
  artifactKey: Guid(3b3c201c818ff414bb8f77014a5ac618) Importer(2089858483,0ecaa5967403d082aa24f35e1b516d23)
Start importing Assets/Animations/Camera Animations/Pivot (Camera).controller using Guid(3b3c201c818ff414bb8f77014a5ac618) Importer(2089858483,0ecaa5967403d082aa24f35e1b516d23) Generated GUIDs only implemented for interfaces!
 -> (artifact id: '7a8316efcc5159c3d47dbc17caf47819') in 0.028093 seconds
Number of updated asset objects reloaded before import = 0
Number of asset objects unloaded after import = 4
========================================================================
Received Import Request.
  Time since last request: 0.000014 seconds.
  path: Assets/Audio/Monkey Sounds/monkey-chirp5.wav
  artifactKey: Guid(77ceb75700824764ca8ecccf100af8d4) Importer(2089858483,0ecaa5967403d082aa24f35e1b516d23)
Start importing Assets/Audio/Monkey Sounds/monkey-chirp5.wav using Guid(77ceb75700824764ca8ecccf100af8d4) Importer(2089858483,0ecaa5967403d082aa24f35e1b516d23) Generated GUIDs only implemented for interfaces!
 -> (artifact id: '88d26e0b112a98ddd5fd7e784a60038c') in 0.064099 seconds
Number of updated asset objects reloaded before import = 0
Number of asset objects unloaded after import = 1
========================================================================
Received Import Request.
  Time since last request: 0.000014 seconds.
  path: Assets/Prefabs/Fall Zone.prefab
  artifactKey: Guid(f7fa1c751c5bca24ea25266f8afcc073) Importer(2089858483,0ecaa5967403d082aa24f35e1b516d23)
Start importing Assets/Prefabs/Fall Zone.prefab using Guid(f7fa1c751c5bca24ea25266f8afcc073) Importer(2089858483,0ecaa5967403d082aa24f35e1b516d23) Generated GUIDs only implemented for interfaces!
 -> (artifact id: 'cb46571aa4536cb5ebade9a5d46f560e') in 0.016393 seconds
Number of updated asset objects reloaded before import = 0
Number of asset objects unloaded after import = 7
========================================================================
Received Import Request.
  Time since last request: 0.000036 seconds.
  path: Assets/Materials/Forcefield.mat
  artifactKey: Guid(5db6e0ac0c9bb3445ba05c3f0cfee795) Importer(2089858483,0ecaa5967403d082aa24f35e1b516d23)
Start importing Assets/Materials/Forcefield.mat using Guid(5db6e0ac0c9bb3445ba05c3f0cfee795) Importer(2089858483,0ecaa5967403d082aa24f35e1b516d23) Generated GUIDs only implemented for interfaces!
 -> (artifact id: 'e5430fe8413e22146892850b91b9ed7c') in 0.015625 seconds
Number of updated asset objects reloaded before import = 0
Number of asset objects unloaded after import = 1
========================================================================
Received Import Request.
  Time since last request: 0.000018 seconds.
  path: Assets/StarterAssets/Readme.asset
  artifactKey: Guid(4181bfe715a83e843b7538d750dc57cc) Importer(2089858483,0ecaa5967403d082aa24f35e1b516d23)
Start importing Assets/StarterAssets/Readme.asset using Guid(4181bfe715a83e843b7538d750dc57cc) Importer(2089858483,0ecaa5967403d082aa24f35e1b516d23) Generated GUIDs only implemented for interfaces!
 -> (artifact id: '65cd0bee9cdcfd6cc2b02c317b2e99e2') in 0.013239 seconds
Number of updated asset objects reloaded before import = 0
Number of asset objects unloaded after import = 1
========================================================================
Received Import Request.
  Time since last request: 0.000023 seconds.
  path: Assets/Terrains/Sand Texture (Shore).terrainlayer
  artifactKey: Guid(eb072c9c824449c4da70e86eb2cde092) Importer(2089858483,0ecaa5967403d082aa24f35e1b516d23)
Start importing Assets/Terrains/Sand Texture (Shore).terrainlayer using Guid(eb072c9c824449c4da70e86eb2cde092) Importer(2089858483,0ecaa5967403d082aa24f35e1b516d23) Generated GUIDs only implemented for interfaces!
 -> (artifact id: '5dcfbd9c29275cfadd540b60d1a93daa') in 0.053732 seconds
Number of updated asset objects reloaded before import = 0
Number of asset objects unloaded after import = 3
========================================================================
Received Import Request.
  Time since last request: 0.000015 seconds.
  path: Assets/Terrains/Sand Texture (Main).terrainlayer
  artifactKey: Guid(8a5a37415b4a5c943a41ebc3ec330b59) Importer(2089858483,0ecaa5967403d082aa24f35e1b516d23)
Start importing Assets/Terrains/Sand Texture (Main).terrainlayer using Guid(8a5a37415b4a5c943a41ebc3ec330b59) Importer(2089858483,0ecaa5967403d082aa24f35e1b516d23) Generated GUIDs only implemented for interfaces!
 -> (artifact id: 'e4f9fe8f0e145a79ba80109781f3b70f') in 0.045032 seconds
Number of updated asset objects reloaded before import = 0
Number of asset objects unloaded after import = 3
========================================================================
Received Import Request.
  Time since last request: 0.000015 seconds.
  path: Assets/Prefabs/Mushroom Prefabs/M_11718.mat
  artifactKey: Guid(e8aa85f972e13684da4afc21e9431970) Importer(2089858483,0ecaa5967403d082aa24f35e1b516d23)
Start importing Assets/Prefabs/Mushroom Prefabs/M_11718.mat using Guid(e8aa85f972e13684da4afc21e9431970) Importer(2089858483,0ecaa5967403d082aa24f35e1b516d23) Generated GUIDs only implemented for interfaces!
 -> (artifact id: 'ec1f7f43aa38e853a98cce3ba33fdbac') in 0.013540 seconds
Number of updated asset objects reloaded before import = 0
Number of asset objects unloaded after import = 1
========================================================================
Received Import Request.
  Time since last request: 0.000021 seconds.
  path: Assets/Prefabs/Mushroom Prefabs/Mushroom (Red).prefab
  artifactKey: Guid(2c7e904275666d3448867999989d5471) Importer(2089858483,0ecaa5967403d082aa24f35e1b516d23)
Start importing Assets/Prefabs/Mushroom Prefabs/Mushroom (Red).prefab using Guid(2c7e904275666d3448867999989d5471) Importer(2089858483,0ecaa5967403d082aa24f35e1b516d23) Generated GUIDs only implemented for interfaces!
 -> (artifact id: 'a41355334f050cc744d1fe35840ca0c3') in 0.015664 seconds
Number of updated asset objects reloaded before import = 0
Number of asset objects unloaded after import = 25
========================================================================
Received Import Request.
  Time since last request: 0.000017 seconds.
  path: Assets/Prefabs/Mushroom Prefabs/Mushroom (tall) (purple).prefab
  artifactKey: Guid(c79aa0140c52a8343bb96699d1cb51d7) Importer(2089858483,0ecaa5967403d082aa24f35e1b516d23)
Start importing Assets/Prefabs/Mushroom Prefabs/Mushroom (tall) (purple).prefab using Guid(c79aa0140c52a8343bb96699d1cb51d7) Importer(2089858483,0ecaa5967403d082aa24f35e1b516d23) Generated GUIDs only implemented for interfaces!
 -> (artifact id: '64fcd602ba2e63f8b659b343db4e521b') in 0.015050 seconds
Number of updated asset objects reloaded before import = 0
Number of asset objects unloaded after import = 15
========================================================================
Received Import Request.
  Time since last request: 0.000027 seconds.
  path: Assets/Prefabs/Mushroom Prefabs/mushrooms.fbx
  artifactKey: Guid(91f85c1fda9f50a4781f3e05e7a5ab06) Importer(2089858483,0ecaa5967403d082aa24f35e1b516d23)
Start importing Assets/Prefabs/Mushroom Prefabs/mushrooms.fbx using Guid(91f85c1fda9f50a4781f3e05e7a5ab06) Importer(2089858483,0ecaa5967403d082aa24f35e1b516d23) Generated GUIDs only implemented for interfaces!
 -> (artifact id: '67a4c5f3d191f6c9370ec065303d7140') in 0.106473 seconds
Number of updated asset objects reloaded before import = 0
Number of asset objects unloaded after import = 574
========================================================================
Received Import Request.
  Time since last request: 0.000015 seconds.
  path: Assets/Models/Hairless Monkey/defaultMat 1.mat
  artifactKey: Guid(9c671d03774e1224fb46fe7dc0f3b639) Importer(2089858483,0ecaa5967403d082aa24f35e1b516d23)
Start importing Assets/Models/Hairless Monkey/defaultMat 1.mat using Guid(9c671d03774e1224fb46fe7dc0f3b639) Importer(2089858483,0ecaa5967403d082aa24f35e1b516d23) Generated GUIDs only implemented for interfaces!
 -> (artifact id: '7e6b6ba9dc5320bb3e24164acc520583') in 0.057680 seconds
Number of updated asset objects reloaded before import = 0
Number of asset objects unloaded after import = 2
========================================================================
Received Import Request.
  Time since last request: 0.000019 seconds.
  path: Assets/Audio/Monkey Sounds/monkey-cry.wav
  artifactKey: Guid(66a2edc93994725439aa44683250d485) Importer(2089858483,0ecaa5967403d082aa24f35e1b516d23)
Start importing Assets/Audio/Monkey Sounds/monkey-cry.wav using Guid(66a2edc93994725439aa44683250d485) Importer(2089858483,0ecaa5967403d082aa24f35e1b516d23) Generated GUIDs only implemented for interfaces!
 -> (artifact id: 'f4edc7f180ccafcc9ae8ac3298f5851f') in 0.074800 seconds
Number of updated asset objects reloaded before import = 0
Number of asset objects unloaded after import = 1
========================================================================
Received Import Request.
  Time since last request: 0.000033 seconds.
  path: Assets/Prefabs/Mushroom Prefabs/saucermushroom3.mat
  artifactKey: Guid(e373ecad45f88644e8d4026f37ffc1e6) Importer(2089858483,0ecaa5967403d082aa24f35e1b516d23)
Start importing Assets/Prefabs/Mushroom Prefabs/saucermushroom3.mat using Guid(e373ecad45f88644e8d4026f37ffc1e6) Importer(2089858483,0ecaa5967403d082aa24f35e1b516d23) Generated GUIDs only implemented for interfaces!
 -> (artifact id: '9ab60abebe33839b4415c03f45ebcf7e') in 0.014506 seconds
Number of updated asset objects reloaded before import = 0
Number of asset objects unloaded after import = 1
========================================================================
Received Import Request.
  Time since last request: 0.000019 seconds.
  path: Assets/Prefabs/Mushroom Prefabs/Mushroom Yellow.mat
  artifactKey: Guid(398392541d0a6cd48bdd7d613449b92e) Importer(2089858483,0ecaa5967403d082aa24f35e1b516d23)
Start importing Assets/Prefabs/Mushroom Prefabs/Mushroom Yellow.mat using Guid(398392541d0a6cd48bdd7d613449b92e) Importer(2089858483,0ecaa5967403d082aa24f35e1b516d23) Generated GUIDs only implemented for interfaces!
 -> (artifact id: '6923ee2b785a29e51f3c3a07efab94c4') in 0.060255 seconds
Number of updated asset objects reloaded before import = 0
Number of asset objects unloaded after import = 2
========================================================================
Received Import Request.
  Time since last request: 0.000015 seconds.
  path: Assets/Animations/Camera Animations/CAMERA2.anim
  artifactKey: Guid(d52c0d8f967b9ec41aeaa4f3d1e48cfb) Importer(2089858483,0ecaa5967403d082aa24f35e1b516d23)
Start importing Assets/Animations/Camera Animations/CAMERA2.anim using Guid(d52c0d8f967b9ec41aeaa4f3d1e48cfb) Importer(2089858483,0ecaa5967403d082aa24f35e1b516d23) Generated GUIDs only implemented for interfaces!
 -> (artifact id: 'b05a1d6013123c9a42e14fb69003a860') in 0.021618 seconds
Number of updated asset objects reloaded before import = 0
Number of asset objects unloaded after import = 1
========================================================================
Received Import Request.
  Time since last request: 0.000020 seconds.
  path: Assets/Audio/Monkey Sounds/monkey-sound.wav
  artifactKey: Guid(f53d19ca89c1a9e4dbf5d438af275f2a) Importer(2089858483,0ecaa5967403d082aa24f35e1b516d23)
Start importing Assets/Audio/Monkey Sounds/monkey-sound.wav using Guid(f53d19ca89c1a9e4dbf5d438af275f2a) Importer(2089858483,0ecaa5967403d082aa24f35e1b516d23) Generated GUIDs only implemented for interfaces!
 -> (artifact id: '124754fc55179d4e66c5343b3db64597') in 0.077572 seconds
Number of updated asset objects reloaded before import = 0
Number of asset objects unloaded after import = 1
========================================================================
Received Import Request.
  Time since last request: 0.000017 seconds.
  path: Assets/Prefabs/Ape Man.prefab
  artifactKey: Guid(c302d1a2fff7a0d4d9c4ce0d4f4d0797) Importer(2089858483,0ecaa5967403d082aa24f35e1b516d23)
Start importing Assets/Prefabs/Ape Man.prefab using Guid(c302d1a2fff7a0d4d9c4ce0d4f4d0797) Importer(2089858483,0ecaa5967403d082aa24f35e1b516d23) Generated GUIDs only implemented for interfaces!
 -> (artifact id: '70bf6ebe76ced4ef667a7cd6bdfbfca1') in 0.065386 seconds
Number of updated asset objects reloaded before import = 0
Number of asset objects unloaded after import = 274
========================================================================
Received Import Request.
  Time since last request: 0.000023 seconds.
  path: Assets/Fonts/Eurostile SDF.asset
  artifactKey: Guid(8b097c5a194ba3c41afd008fd16c5016) Importer(2089858483,0ecaa5967403d082aa24f35e1b516d23)
Start importing Assets/Fonts/Eurostile SDF.asset using Guid(8b097c5a194ba3c41afd008fd16c5016) Importer(2089858483,0ecaa5967403d082aa24f35e1b516d23) Generated GUIDs only implemented for interfaces!
 -> (artifact id: 'ed3a18d123975131f729fe9dfab0c771') in 0.042129 seconds
Number of updated asset objects reloaded before import = 0
Number of asset objects unloaded after import = 5
========================================================================
Received Import Request.
  Time since last request: 0.000019 seconds.
  path: Assets/Fonts/PLANK___.TTF
  artifactKey: Guid(4f5dfdb1a43df0447b2e7759fd833ea1) Importer(2089858483,0ecaa5967403d082aa24f35e1b516d23)
Start importing Assets/Fonts/PLANK___.TTF using Guid(4f5dfdb1a43df0447b2e7759fd833ea1) Importer(2089858483,0ecaa5967403d082aa24f35e1b516d23) Generated GUIDs only implemented for interfaces!
 -> (artifact id: '42ca10d47b6f16d0ea83cc9f1572eb23') in 0.018863 seconds
Number of updated asset objects reloaded before import = 0
Number of asset objects unloaded after import = 3
========================================================================
Received Import Request.
  Time since last request: 0.000019 seconds.
  path: Assets/Models/HQ Rocks/Demo.unity
  artifactKey: Guid(6f9841e9777a60441ace381e858627ac) Importer(2089858483,0ecaa5967403d082aa24f35e1b516d23)
Start importing Assets/Models/HQ Rocks/Demo.unity using Guid(6f9841e9777a60441ace381e858627ac) Importer(2089858483,0ecaa5967403d082aa24f35e1b516d23) Generated GUIDs only implemented for interfaces!
 -> (artifact id: '4eb41901121bd7e154e99c50ca988b88') in 0.025836 seconds
Number of updated asset objects reloaded before import = 0
Number of asset objects unloaded after import = 1
========================================================================
Received Import Request.
  Time since last request: 0.000017 seconds.
  path: Assets/Scripts/CameraSwitcherMiri.cs
  artifactKey: Guid(af1c4f571712b9c4eb1608fd0723e44b) Importer(2089858483,0ecaa5967403d082aa24f35e1b516d23)
Start importing Assets/Scripts/CameraSwitcherMiri.cs using Guid(af1c4f571712b9c4eb1608fd0723e44b) Importer(2089858483,0ecaa5967403d082aa24f35e1b516d23) Generated GUIDs only implemented for interfaces!
 -> (artifact id: 'fd37a1ca5fc079c4b8698917108b5c4d') in 0.014451 seconds
Number of updated asset objects reloaded before import = 0
Number of asset objects unloaded after import = 1
========================================================================
Received Import Request.
  Time since last request: 0.000018 seconds.
  path: Assets/StarterAssets/license.txt
  artifactKey: Guid(b846ecad8a98bd34dba8a5daf996d86e) Importer(2089858483,0ecaa5967403d082aa24f35e1b516d23)
Start importing Assets/StarterAssets/license.txt using Guid(b846ecad8a98bd34dba8a5daf996d86e) Importer(2089858483,0ecaa5967403d082aa24f35e1b516d23) Generated GUIDs only implemented for interfaces!
 -> (artifact id: '1ae32b735ec2f739da7d81767dd07497') in 0.010925 seconds
Number of updated asset objects reloaded before import = 0
Number of asset objects unloaded after import = 1
========================================================================
Received Import Request.
  Time since last request: 0.000017 seconds.
  path: Assets/Audio/Monkey Sounds/monkey-chirp6.wav
  artifactKey: Guid(e4e2f1f20d6736841a8fdab0ed45100b) Importer(2089858483,0ecaa5967403d082aa24f35e1b516d23)
Start importing Assets/Audio/Monkey Sounds/monkey-chirp6.wav using Guid(e4e2f1f20d6736841a8fdab0ed45100b) Importer(2089858483,0ecaa5967403d082aa24f35e1b516d23) Generated GUIDs only implemented for interfaces!
 -> (artifact id: '48b1e368b4e336c47d308ab451c4c259') in 0.065921 seconds
Number of updated asset objects reloaded before import = 0
Number of asset objects unloaded after import = 1
========================================================================
Received Import Request.
  Time since last request: 0.000041 seconds.
  path: Assets/Animations/Camera Animations/Main Camera.controller
  artifactKey: Guid(9053250a89efdb6448ef107c8df64db4) Importer(2089858483,0ecaa5967403d082aa24f35e1b516d23)
Start importing Assets/Animations/Camera Animations/Main Camera.controller using Guid(9053250a89efdb6448ef107c8df64db4) Importer(2089858483,0ecaa5967403d082aa24f35e1b516d23) Generated GUIDs only implemented for interfaces!
 -> (artifact id: '90309b188323cd1a7df7d1f3cfe2b70d') in 0.070052 seconds
Number of updated asset objects reloaded before import = 0
Number of asset objects unloaded after import = 4
========================================================================
Received Import Request.
  Time since last request: 0.000018 seconds.
  path: Assets/Audio/Monkey Sounds/monkey-chirp4.wav
  artifactKey: Guid(699b27e140bfef54aa6d3f30c7b7a58a) Importer(2089858483,0ecaa5967403d082aa24f35e1b516d23)
Start importing Assets/Audio/Monkey Sounds/monkey-chirp4.wav using Guid(699b27e140bfef54aa6d3f30c7b7a58a) Importer(2089858483,0ecaa5967403d082aa24f35e1b516d23) Generated GUIDs only implemented for interfaces!
 -> (artifact id: '0e5e10fc6bfce6a38f824e9772387eab') in 0.086055 seconds
Number of updated asset objects reloaded before import = 0
Number of asset objects unloaded after import = 1
========================================================================
Received Import Request.
  Time since last request: 0.000023 seconds.
  path: Assets/TextMesh Pro/Shaders/TMPro_Mobile.cginc
  artifactKey: Guid(c334973cef89a9840b0b0c507e0377ab) Importer(2089858483,0ecaa5967403d082aa24f35e1b516d23)
Start importing Assets/TextMesh Pro/Shaders/TMPro_Mobile.cginc using Guid(c334973cef89a9840b0b0c507e0377ab) Importer(2089858483,0ecaa5967403d082aa24f35e1b516d23) Generated GUIDs only implemented for interfaces!
 -> (artifact id: '6df088ab89887bf87ad975e9733b1f37') in 0.022879 seconds
Number of updated asset objects reloaded before import = 0
Number of asset objects unloaded after import = 1
========================================================================
Received Import Request.
  Time since last request: 0.000021 seconds.
  path: Assets/TextMesh Pro/Shaders/TMP_SDF-Mobile Overlay.shader
  artifactKey: Guid(a02a7d8c237544f1962732b55a9aebf1) Importer(2089858483,0ecaa5967403d082aa24f35e1b516d23)
Start importing Assets/TextMesh Pro/Shaders/TMP_SDF-Mobile Overlay.shader using Guid(a02a7d8c237544f1962732b55a9aebf1) Importer(2089858483,0ecaa5967403d082aa24f35e1b516d23) Generated GUIDs only implemented for interfaces!
 -> (artifact id: '8ee287b69a0ee69a58f865513215a7fc') in 0.021122 seconds
Number of updated asset objects reloaded before import = 0
Number of asset objects unloaded after import = 1
========================================================================
Received Import Request.
  Time since last request: 0.000017 seconds.
  path: Assets/Terrains/_TerrainAutoUpgrade/layer_3d3aba195e4d26ee.terrainlayer
  artifactKey: Guid(f69a8e1a48e40014d8a898c2e3d3a4fd) Importer(2089858483,0ecaa5967403d082aa24f35e1b516d23)
Start importing Assets/Terrains/_TerrainAutoUpgrade/layer_3d3aba195e4d26ee.terrainlayer using Guid(f69a8e1a48e40014d8a898c2e3d3a4fd) Importer(2089858483,0ecaa5967403d082aa24f35e1b516d23) Generated GUIDs only implemented for interfaces!
 -> (artifact id: '25ccd8dd1c7d9099b99a1af0195a13c8') in 0.035953 seconds
Number of updated asset objects reloaded before import = 0
Number of asset objects unloaded after import = 3
========================================================================
Received Import Request.
  Time since last request: 0.000017 seconds.
  path: Assets/StarterAssets/InputSystem/StarterAssetsInputs.cs
  artifactKey: Guid(e087ecce43ebbff45a1b360637807d93) Importer(2089858483,0ecaa5967403d082aa24f35e1b516d23)
Start importing Assets/StarterAssets/InputSystem/StarterAssetsInputs.cs using Guid(e087ecce43ebbff45a1b360637807d93) Importer(2089858483,0ecaa5967403d082aa24f35e1b516d23) Generated GUIDs only implemented for interfaces!
 -> (artifact id: 'cf64952e4ae9ef79d3f532e6003c7545') in 0.015871 seconds
Number of updated asset objects reloaded before import = 0
Number of asset objects unloaded after import = 1
========================================================================
Received Import Request.
  Time since last request: 0.000022 seconds.
  path: Assets/Scripts/StonedApeRunner/LevelManager.cs
  artifactKey: Guid(27d3a7330bc815b45ac3ee0c7dca6537) Importer(2089858483,0ecaa5967403d082aa24f35e1b516d23)
Start importing Assets/Scripts/StonedApeRunner/LevelManager.cs using Guid(27d3a7330bc815b45ac3ee0c7dca6537) Importer(2089858483,0ecaa5967403d082aa24f35e1b516d23) Generated GUIDs only implemented for interfaces!
 -> (artifact id: '434bdba15e9d969b07b7cde0c0d96753') in 0.016314 seconds
Number of updated asset objects reloaded before import = 0
Number of asset objects unloaded after import = 1
========================================================================
Received Import Request.
  Time since last request: 0.000019 seconds.
  path: Assets/Skyboxes/Wispy Sky/ReadMe.txt
  artifactKey: Guid(4c57f5e724cfee84886644d1b6991e9e) Importer(2089858483,0ecaa5967403d082aa24f35e1b516d23)
Start importing Assets/Skyboxes/Wispy Sky/ReadMe.txt using Guid(4c57f5e724cfee84886644d1b6991e9e) Importer(2089858483,0ecaa5967403d082aa24f35e1b516d23) Generated GUIDs only implemented for interfaces!
 -> (artifact id: '1fb0534fb74a431d2c960ad3013925d7') in 0.014105 seconds
Number of updated asset objects reloaded before import = 0
Number of asset objects unloaded after import = 1
========================================================================
Received Import Request.
  Time since last request: 0.000020 seconds.
  path: Assets/TextMesh Pro/Shaders/TMPro_Surface.cginc
  artifactKey: Guid(d930090c0cd643c7b55f19a38538c162) Importer(2089858483,0ecaa5967403d082aa24f35e1b516d23)
Start importing Assets/TextMesh Pro/Shaders/TMPro_Surface.cginc using Guid(d930090c0cd643c7b55f19a38538c162) Importer(2089858483,0ecaa5967403d082aa24f35e1b516d23) Generated GUIDs only implemented for interfaces!
 -> (artifact id: 'ce6197c9d34ef069d4e70f3476d81cd0') in 0.023053 seconds
Number of updated asset objects reloaded before import = 0
Number of asset objects unloaded after import = 1
========================================================================
Received Import Request.
  Time since last request: 0.000046 seconds.
  path: Assets/TextMesh Pro/Shaders/TMP_Bitmap.shader
  artifactKey: Guid(128e987d567d4e2c824d754223b3f3b0) Importer(2089858483,0ecaa5967403d082aa24f35e1b516d23)
Start importing Assets/TextMesh Pro/Shaders/TMP_Bitmap.shader using Guid(128e987d567d4e2c824d754223b3f3b0) Importer(2089858483,0ecaa5967403d082aa24f35e1b516d23) Generated GUIDs only implemented for interfaces!
 -> (artifact id: '7b1396c00518f966dd5b70473dee5a75') in 0.016646 seconds
Number of updated asset objects reloaded before import = 0
Number of asset objects unloaded after import = 1
========================================================================
Received Import Request.
  Time since last request: 0.000021 seconds.
  path: Assets/Scripts/ChanController.cs
  artifactKey: Guid(6ce496e072aadad4a9800957c4dc1170) Importer(2089858483,0ecaa5967403d082aa24f35e1b516d23)
Start importing Assets/Scripts/ChanController.cs using Guid(6ce496e072aadad4a9800957c4dc1170) Importer(2089858483,0ecaa5967403d082aa24f35e1b516d23) Generated GUIDs only implemented for interfaces!
 -> (artifact id: '3a542c308fddb1826ea205795f6864b5') in 0.017946 seconds
Number of updated asset objects reloaded before import = 0
Number of asset objects unloaded after import = 1
========================================================================
Received Import Request.
  Time since last request: 0.000017 seconds.
  path: Assets/Prefabs/Mushroom Prefabs/Color_M09.mat
  artifactKey: Guid(ba5d01032b4d68742982780470edc274) Importer(2089858483,0ecaa5967403d082aa24f35e1b516d23)
Start importing Assets/Prefabs/Mushroom Prefabs/Color_M09.mat using Guid(ba5d01032b4d68742982780470edc274) Importer(2089858483,0ecaa5967403d082aa24f35e1b516d23) Generated GUIDs only implemented for interfaces!
 -> (artifact id: '3951aa78381085543ddc7103009b828f') in 0.017121 seconds
Number of updated asset objects reloaded before import = 0
Number of asset objects unloaded after import = 1
========================================================================
Received Import Request.
  Time since last request: 0.000014 seconds.
  path: Assets/Audio/Sounds (One Shot)/splat-2.wav
  artifactKey: Guid(e012543ccc4729240b5d070164dd72dc) Importer(2089858483,0ecaa5967403d082aa24f35e1b516d23)
Start importing Assets/Audio/Sounds (One Shot)/splat-2.wav using Guid(e012543ccc4729240b5d070164dd72dc) Importer(2089858483,0ecaa5967403d082aa24f35e1b516d23) Generated GUIDs only implemented for interfaces!
 -> (artifact id: 'ba213838621e0c3abae9089110787a8d') in 0.069934 seconds
Number of updated asset objects reloaded before import = 0
Number of asset objects unloaded after import = 1
========================================================================
Received Import Request.
  Time since last request: 0.000020 seconds.
  path: Assets/Fonts/Retro Pixel.otf
  artifactKey: Guid(6f98e36b6bf8bd145b1b6ad07eb86dd9) Importer(2089858483,0ecaa5967403d082aa24f35e1b516d23)
Start importing Assets/Fonts/Retro Pixel.otf using Guid(6f98e36b6bf8bd145b1b6ad07eb86dd9) Importer(2089858483,0ecaa5967403d082aa24f35e1b516d23) Generated GUIDs only implemented for interfaces!
 -> (artifact id: 'f5b756f8acf1722d24f338ef9f7ac92c') in 0.018107 seconds
Number of updated asset objects reloaded before import = 0
Number of asset objects unloaded after import = 3
========================================================================
Received Import Request.
  Time since last request: 0.000021 seconds.
  path: Assets/Fonts/zerovelo SDF.asset
  artifactKey: Guid(542190473af7fd24b86b818b2c7ea0b0) Importer(2089858483,0ecaa5967403d082aa24f35e1b516d23)
Start importing Assets/Fonts/zerovelo SDF.asset using Guid(542190473af7fd24b86b818b2c7ea0b0) Importer(2089858483,0ecaa5967403d082aa24f35e1b516d23) Generated GUIDs only implemented for interfaces!
 -> (artifact id: '63c34d00cf2c9872087f5c93eea6ed31') in 0.049218 seconds
Number of updated asset objects reloaded before import = 0
Number of asset objects unloaded after import = 5
========================================================================
Received Import Request.
  Time since last request: 0.000015 seconds.
  path: Assets/TextMesh Pro/Resources/TMP Settings.asset
  artifactKey: Guid(3f5b5dff67a942289a9defa416b206f3) Importer(2089858483,0ecaa5967403d082aa24f35e1b516d23)
Start importing Assets/TextMesh Pro/Resources/TMP Settings.asset using Guid(3f5b5dff67a942289a9defa416b206f3) Importer(2089858483,0ecaa5967403d082aa24f35e1b516d23) Generated GUIDs only implemented for interfaces!
 -> (artifact id: '7f29126329e3928dc4a5c739af0678ff') in 0.046927 seconds
Number of updated asset objects reloaded before import = 0
Number of asset objects unloaded after import = 15
========================================================================
Received Import Request.
  Time since last request: 0.000021 seconds.
  path: Assets/Prefabs/Mushroom Prefabs/agaricus_dulcidulus_mushroom_17_10_06_3.mat
  artifactKey: Guid(4fcdb27a643286e42b5604e1f5baffca) Importer(2089858483,0ecaa5967403d082aa24f35e1b516d23)
Start importing Assets/Prefabs/Mushroom Prefabs/agaricus_dulcidulus_mushroom_17_10_06_3.mat using Guid(4fcdb27a643286e42b5604e1f5baffca) Importer(2089858483,0ecaa5967403d082aa24f35e1b516d23) Generated GUIDs only implemented for interfaces!
 -> (artifact id: '33440f48766423c18a1c8e7be7c34c0f') in 0.018201 seconds
Number of updated asset objects reloaded before import = 0
Number of asset objects unloaded after import = 1
========================================================================
Received Import Request.
  Time since last request: 0.000018 seconds.
  path: Assets/TextMesh Pro/Resources/LineBreaking Following Characters.txt
  artifactKey: Guid(fade42e8bc714b018fac513c043d323b) Importer(2089858483,0ecaa5967403d082aa24f35e1b516d23)
Start importing Assets/TextMesh Pro/Resources/LineBreaking Following Characters.txt using Guid(fade42e8bc714b018fac513c043d323b) Importer(2089858483,0ecaa5967403d082aa24f35e1b516d23) Generated GUIDs only implemented for interfaces!
 -> (artifact id: 'd57b4d60835b87eee06aa16ffdc697fb') in 0.015453 seconds
Number of updated asset objects reloaded before import = 0
Number of asset objects unloaded after import = 1
========================================================================
Received Import Request.
  Time since last request: 0.000019 seconds.
  path: Assets/Fonts/Eurostile.ttf
  artifactKey: Guid(372469c6e470a214b82f93051d76a5b6) Importer(2089858483,0ecaa5967403d082aa24f35e1b516d23)
Start importing Assets/Fonts/Eurostile.ttf using Guid(372469c6e470a214b82f93051d76a5b6) Importer(2089858483,0ecaa5967403d082aa24f35e1b516d23) Generated GUIDs only implemented for interfaces!
 -> (artifact id: '475846b68f77595ac5564661a3aee7a7') in 0.016680 seconds
Number of updated asset objects reloaded before import = 0
Number of asset objects unloaded after import = 3
========================================================================
Received Import Request.
  Time since last request: 0.000029 seconds.
  path: Assets/Settings/URP-Balanced-Renderer.asset
  artifactKey: Guid(e634585d5c4544dd297acaee93dc2beb) Importer(2089858483,0ecaa5967403d082aa24f35e1b516d23)
Start importing Assets/Settings/URP-Balanced-Renderer.asset using Guid(e634585d5c4544dd297acaee93dc2beb) Importer(2089858483,0ecaa5967403d082aa24f35e1b516d23) Generated GUIDs only implemented for interfaces!
 -> (artifact id: '29b13d7630b03518139c993ef0b9d6bc') in 0.028266 seconds
Number of updated asset objects reloaded before import = 0
Number of asset objects unloaded after import = 2
========================================================================
Received Import Request.
  Time since last request: 0.000017 seconds.
  path: Assets/Prefabs/Mushroom Prefabs/Mushroom (Yellow).prefab
  artifactKey: Guid(44597beb849b14949a1f160b257874ef) Importer(2089858483,0ecaa5967403d082aa24f35e1b516d23)
Start importing Assets/Prefabs/Mushroom Prefabs/Mushroom (Yellow).prefab using Guid(44597beb849b14949a1f160b257874ef) Importer(2089858483,0ecaa5967403d082aa24f35e1b516d23) Generated GUIDs only implemented for interfaces!
 -> (artifact id: 'f27265e4725373aa582caf85e581d218') in 0.017705 seconds
Number of updated asset objects reloaded before import = 0
Number of asset objects unloaded after import = 25
========================================================================
Received Import Request.
  Time since last request: 0.000020 seconds.
  path: Assets/TextMesh Pro/Shaders/TMP_SDF-Mobile SSD.shader
  artifactKey: Guid(c8d12adcee749c344b8117cf7c7eb912) Importer(2089858483,0ecaa5967403d082aa24f35e1b516d23)
Start importing Assets/TextMesh Pro/Shaders/TMP_SDF-Mobile SSD.shader using Guid(c8d12adcee749c344b8117cf7c7eb912) Importer(2089858483,0ecaa5967403d082aa24f35e1b516d23) Generated GUIDs only implemented for interfaces!
 -> (artifact id: 'aba1fb6c895120b796a6e9de58ee8bfc') in 0.017747 seconds
Number of updated asset objects reloaded before import = 0
Number of asset objects unloaded after import = 1
========================================================================
Received Import Request.
  Time since last request: 0.000018 seconds.
  path: Assets/Prefabs/Mushroom Prefabs/Mushroom Red.mat
  artifactKey: Guid(25ef8c4f63da15b4d9d0130f47396207) Importer(2089858483,0ecaa5967403d082aa24f35e1b516d23)
Start importing Assets/Prefabs/Mushroom Prefabs/Mushroom Red.mat using Guid(25ef8c4f63da15b4d9d0130f47396207) Importer(2089858483,0ecaa5967403d082aa24f35e1b516d23) Generated GUIDs only implemented for interfaces!
 -> (artifact id: 'e456ac2a5f426eab3eaaa8e4a293efcf') in 0.030050 seconds
Number of updated asset objects reloaded before import = 0
Number of asset objects unloaded after import = 2
========================================================================
Received Import Request.
  Time since last request: 0.000020 seconds.
  path: Assets/TextMesh Pro/Shaders/TMP_SDF Overlay.shader
  artifactKey: Guid(dd89cf5b9246416f84610a006f916af7) Importer(2089858483,0ecaa5967403d082aa24f35e1b516d23)
Start importing Assets/TextMesh Pro/Shaders/TMP_SDF Overlay.shader using Guid(dd89cf5b9246416f84610a006f916af7) Importer(2089858483,0ecaa5967403d082aa24f35e1b516d23) Generated GUIDs only implemented for interfaces!
 -> (artifact id: '248fc216393e02f5039e6e3e9fa83102') in 0.015764 seconds
Number of updated asset objects reloaded before import = 0
Number of asset objects unloaded after import = 1
========================================================================
Received Import Request.
  Time since last request: 0.000029 seconds.
  path: Assets/Textures/handprint_3K.png
  artifactKey: Guid(050974453881eeb418dd27dbda036d12) Importer(2089858483,0ecaa5967403d082aa24f35e1b516d23)
Start importing Assets/Textures/handprint_3K.png using Guid(050974453881eeb418dd27dbda036d12) Importer(2089858483,0ecaa5967403d082aa24f35e1b516d23) Generated GUIDs only implemented for interfaces!
 -> (artifact id: '9aaea6edb0d139bd0ecd9625649fa93c') in 0.115005 seconds
Number of updated asset objects reloaded before import = 0
Number of asset objects unloaded after import = 1
========================================================================
Received Import Request.
  Time since last request: 0.000018 seconds.
  path: Assets/Models/HQ Rocks/Demo/ReflectionProbe-0.exr
  artifactKey: Guid(553bf92c96e90504f8abc93af5899af8) Importer(2089858483,0ecaa5967403d082aa24f35e1b516d23)
Start importing Assets/Models/HQ Rocks/Demo/ReflectionProbe-0.exr using Guid(553bf92c96e90504f8abc93af5899af8) Importer(2089858483,0ecaa5967403d082aa24f35e1b516d23) Generated GUIDs only implemented for interfaces!
 -> (artifact id: '5160a645a625dc2576a84a8da982be44') in 0.110255 seconds
Number of updated asset objects reloaded before import = 0
Number of asset objects unloaded after import = 1
========================================================================
Received Import Request.
  Time since last request: 0.000024 seconds.
  path: Assets/Models/HQ Rocks/Materials/Rock_2_v2.mat
  artifactKey: Guid(692e8e70c9145cb44834c4ea265048c8) Importer(2089858483,0ecaa5967403d082aa24f35e1b516d23)
Start importing Assets/Models/HQ Rocks/Materials/Rock_2_v2.mat using Guid(692e8e70c9145cb44834c4ea265048c8) Importer(2089858483,0ecaa5967403d082aa24f35e1b516d23) Generated GUIDs only implemented for interfaces!
 -> (artifact id: '4d3c1d07d919ae7588582d782e307cfb') in 0.312637 seconds
Number of updated asset objects reloaded before import = 0
Number of asset objects unloaded after import = 5
========================================================================
Received Import Request.
  Time since last request: 0.000030 seconds.
  path: Assets/Models/HQ Rocks/Materials/Rock_1_v1.mat
  artifactKey: Guid(11b7c555aef6f7e4686605bfe0fa2231) Importer(2089858483,0ecaa5967403d082aa24f35e1b516d23)
Start importing Assets/Models/HQ Rocks/Materials/Rock_1_v1.mat using Guid(11b7c555aef6f7e4686605bfe0fa2231) Importer(2089858483,0ecaa5967403d082aa24f35e1b516d23) Generated GUIDs only implemented for interfaces!
 -> (artifact id: 'f910689547e7765d9a8fc9192c922355') in 0.118358 seconds
Number of updated asset objects reloaded before import = 0
Number of asset objects unloaded after import = 5
========================================================================
Received Import Request.
  Time since last request: 0.000021 seconds.
  path: Assets/Textures/Mushroom Textures/lumenocity.jpg
  artifactKey: Guid(91d21fa3116b16a4ea68b74c4994b295) Importer(2089858483,0ecaa5967403d082aa24f35e1b516d23)
Start importing Assets/Textures/Mushroom Textures/lumenocity.jpg using Guid(91d21fa3116b16a4ea68b74c4994b295) Importer(2089858483,0ecaa5967403d082aa24f35e1b516d23) Generated GUIDs only implemented for interfaces!
 -> (artifact id: 'b09e1e427da982f5bf410b9338940990') in 0.100098 seconds
Number of updated asset objects reloaded before import = 0
Number of asset objects unloaded after import = 1
========================================================================
Received Import Request.
  Time since last request: 0.000018 seconds.
  path: Assets/Textures/Mushroom Textures/yellow.jpg
  artifactKey: Guid(29a8e7e1c2bde6c45a249366c6510ed3) Importer(2089858483,0ecaa5967403d082aa24f35e1b516d23)
Start importing Assets/Textures/Mushroom Textures/yellow.jpg using Guid(29a8e7e1c2bde6c45a249366c6510ed3) Importer(2089858483,0ecaa5967403d082aa24f35e1b516d23) Generated GUIDs only implemented for interfaces!
 -> (artifact id: '23c67603b4b7d9fd6021b668d705e6e1') in 0.067739 seconds
Number of updated asset objects reloaded before import = 0
Number of asset objects unloaded after import = 1
========================================================================
Received Import Request.
  Time since last request: 0.000024 seconds.
  path: Assets/Textures/UI Textures/green-sprite.png
  artifactKey: Guid(2eb1a3f4d23ad4647ada85d4bd6d8445) Importer(2089858483,0ecaa5967403d082aa24f35e1b516d23)
Start importing Assets/Textures/UI Textures/green-sprite.png using Guid(2eb1a3f4d23ad4647ada85d4bd6d8445) Importer(2089858483,0ecaa5967403d082aa24f35e1b516d23) Generated GUIDs only implemented for interfaces!
 -> (artifact id: 'b1cc187eb738014cba668aa8d638f7c9') in 0.027321 seconds
Number of updated asset objects reloaded before import = 0
Number of asset objects unloaded after import = 1
========================================================================
Received Import Request.
  Time since last request: 0.000015 seconds.
  path: Assets/Models/HQ Rocks/Materials/Rock_4_v1.mat
  artifactKey: Guid(ed6aca2075466c0419d48e0cd48ab1fa) Importer(2089858483,0ecaa5967403d082aa24f35e1b516d23)
Start importing Assets/Models/HQ Rocks/Materials/Rock_4_v1.mat using Guid(ed6aca2075466c0419d48e0cd48ab1fa) Importer(2089858483,0ecaa5967403d082aa24f35e1b516d23) Generated GUIDs only implemented for interfaces!
 -> (artifact id: '68593fd0d8c00f52254faca3b2bf7a38') in 0.125029 seconds
Number of updated asset objects reloaded before import = 0
Number of asset objects unloaded after import = 5
========================================================================
Received Import Request.
  Time since last request: 0.000027 seconds.
  path: Assets/VFX/Portal/shock-wave.png
  artifactKey: Guid(184b08c7291cb8e4597af3cb4d4297e9) Importer(2089858483,0ecaa5967403d082aa24f35e1b516d23)
Start importing Assets/VFX/Portal/shock-wave.png using Guid(184b08c7291cb8e4597af3cb4d4297e9) Importer(2089858483,0ecaa5967403d082aa24f35e1b516d23) Generated GUIDs only implemented for interfaces!
 -> (artifact id: '0ebd6be59006eb24cc1ec9e2b3129b40') in 0.039042 seconds
Number of updated asset objects reloaded before import = 0
Number of asset objects unloaded after import = 1
========================================================================
Received Import Request.
  Time since last request: 0.000028 seconds.
  path: Assets/Models/HQ Rocks/Materials/Rock_8_v2.mat
  artifactKey: Guid(6a49991cc8fe4e84fbffd31c3e68624a) Importer(2089858483,0ecaa5967403d082aa24f35e1b516d23)
Start importing Assets/Models/HQ Rocks/Materials/Rock_8_v2.mat using Guid(6a49991cc8fe4e84fbffd31c3e68624a) Importer(2089858483,0ecaa5967403d082aa24f35e1b516d23) Generated GUIDs only implemented for interfaces!
 -> (artifact id: '90c7e053ab411130da8b338bb38bec7a') in 0.126512 seconds
Number of updated asset objects reloaded before import = 0
Number of asset objects unloaded after import = 5
========================================================================
Received Import Request.
  Time since last request: 0.000047 seconds.
  path: Assets/Models/HQ Rocks/Meshes/rock_2.FBX
  artifactKey: Guid(0dbadadc30f9b7e40a97777e423e6689) Importer(2089858483,0ecaa5967403d082aa24f35e1b516d23)
Start importing Assets/Models/HQ Rocks/Meshes/rock_2.FBX using Guid(0dbadadc30f9b7e40a97777e423e6689) Importer(2089858483,0ecaa5967403d082aa24f35e1b516d23) Generated GUIDs only implemented for interfaces!
 -> (artifact id: '5a3fa4c2b15fbffab4e6b922f56c53a5') in 0.035463 seconds
Number of updated asset objects reloaded before import = 0
Number of asset objects unloaded after import = 7
========================================================================
Received Import Request.
  Time since last request: 0.000022 seconds.
  path: Assets/Models/HQ Rocks/Meshes/Rock_1.fbx
  artifactKey: Guid(e70d76961f2b02347b3be8ddaeb2ec94) Importer(2089858483,0ecaa5967403d082aa24f35e1b516d23)
Start importing Assets/Models/HQ Rocks/Meshes/Rock_1.fbx using Guid(e70d76961f2b02347b3be8ddaeb2ec94) Importer(2089858483,0ecaa5967403d082aa24f35e1b516d23) Generated GUIDs only implemented for interfaces!
 -> (artifact id: 'ba0b6868fcc0b321b81c791ed033647c') in 0.023780 seconds
Number of updated asset objects reloaded before import = 0
Number of asset objects unloaded after import = 7
========================================================================
Received Import Request.
  Time since last request: 0.000027 seconds.
  path: Assets/Textures/UI Textures/ape-brain.png
  artifactKey: Guid(c7d4bcedcd694ae4cba171a8a3324c9d) Importer(2089858483,0ecaa5967403d082aa24f35e1b516d23)
Start importing Assets/Textures/UI Textures/ape-brain.png using Guid(c7d4bcedcd694ae4cba171a8a3324c9d) Importer(2089858483,0ecaa5967403d082aa24f35e1b516d23) Generated GUIDs only implemented for interfaces!
 -> (artifact id: '886751b059a7b5414090ae92c2f178a8') in 0.028992 seconds
Number of updated asset objects reloaded before import = 0
Number of asset objects unloaded after import = 3
========================================================================
Received Import Request.
  Time since last request: 0.000019 seconds.
  path: Assets/Models/HQ Rocks/Materials/Rock_5_v2.mat
  artifactKey: Guid(0f30ad5c9322b5f499e78c9ab3f3ba64) Importer(2089858483,0ecaa5967403d082aa24f35e1b516d23)
Start importing Assets/Models/HQ Rocks/Materials/Rock_5_v2.mat using Guid(0f30ad5c9322b5f499e78c9ab3f3ba64) Importer(2089858483,0ecaa5967403d082aa24f35e1b516d23) Generated GUIDs only implemented for interfaces!
 -> (artifact id: '8fad5143873a017ade413a46ea04bdfc') in 0.083951 seconds
Number of updated asset objects reloaded before import = 0
Number of asset objects unloaded after import = 5
========================================================================
Received Import Request.
  Time since last request: 0.000022 seconds.
  path: Assets/Textures/Mushroom Textures/red.jpg
  artifactKey: Guid(23c7302e757010f4099e456fe3112bc6) Importer(2089858483,0ecaa5967403d082aa24f35e1b516d23)
Start importing Assets/Textures/Mushroom Textures/red.jpg using Guid(23c7302e757010f4099e456fe3112bc6) Importer(2089858483,0ecaa5967403d082aa24f35e1b516d23) Generated GUIDs only implemented for interfaces!
 -> (artifact id: '327c63bbf12f654d04a16b467a5505bc') in 0.044267 seconds
Number of updated asset objects reloaded before import = 0
Number of asset objects unloaded after import = 1
========================================================================
Received Import Request.
  Time since last request: 0.000026 seconds.
  path: Assets/Models/HQ Rocks/Materials/Rock_7_v3.mat
  artifactKey: Guid(2a81c058a3769d740936c60aff1cd890) Importer(2089858483,0ecaa5967403d082aa24f35e1b516d23)
Start importing Assets/Models/HQ Rocks/Materials/Rock_7_v3.mat using Guid(2a81c058a3769d740936c60aff1cd890) Importer(2089858483,0ecaa5967403d082aa24f35e1b516d23) Generated GUIDs only implemented for interfaces!
 -> (artifact id: '923b55b74ad16bca740092ee6e355838') in 0.124364 seconds
Number of updated asset objects reloaded before import = 0
Number of asset objects unloaded after import = 5
========================================================================
Received Import Request.
  Time since last request: 0.000029 seconds.
  path: Assets/Textures/UI Textures/mushroom purple.png
  artifactKey: Guid(63e2d4878f173ab4dac02fa303dfdc94) Importer(2089858483,0ecaa5967403d082aa24f35e1b516d23)
Start importing Assets/Textures/UI Textures/mushroom purple.png using Guid(63e2d4878f173ab4dac02fa303dfdc94) Importer(2089858483,0ecaa5967403d082aa24f35e1b516d23) Generated GUIDs only implemented for interfaces!
 -> (artifact id: '6a633e0ece6513fe19d8bf51ac3e3e66') in 0.038072 seconds
Number of updated asset objects reloaded before import = 0
Number of asset objects unloaded after import = 1
========================================================================
Received Import Request.
  Time since last request: 0.000017 seconds.
  path: Assets/TextMesh Pro/Sprites/EmojiOne Attribution.txt
  artifactKey: Guid(381dcb09d5029d14897e55f98031fca5) Importer(2089858483,0ecaa5967403d082aa24f35e1b516d23)
Start importing Assets/TextMesh Pro/Sprites/EmojiOne Attribution.txt using Guid(381dcb09d5029d14897e55f98031fca5) Importer(2089858483,0ecaa5967403d082aa24f35e1b516d23) Generated GUIDs only implemented for interfaces!
 -> (artifact id: 'be7d3b9dd6490314a19b122f719abf26') in 0.011681 seconds
Number of updated asset objects reloaded before import = 0
Number of asset objects unloaded after import = 1
========================================================================
Received Import Request.
  Time since last request: 0.000017 seconds.
  path: Assets/Models/HQ Rocks/Meshes/Rock_6.fbx
  artifactKey: Guid(e97528df4fe58c34f9e5f67e794b409d) Importer(2089858483,0ecaa5967403d082aa24f35e1b516d23)
Start importing Assets/Models/HQ Rocks/Meshes/Rock_6.fbx using Guid(e97528df4fe58c34f9e5f67e794b409d) Importer(2089858483,0ecaa5967403d082aa24f35e1b516d23) Generated GUIDs only implemented for interfaces!
 -> (artifact id: '8b9783910f9f11a525d89d4ca997431d') in 0.029545 seconds
Number of updated asset objects reloaded before import = 0
Number of asset objects unloaded after import = 7
========================================================================
Received Import Request.
  Time since last request: 0.000018 seconds.
  path: Assets/Models/HQ Rocks/Materials/Rock_2_v1.mat
  artifactKey: Guid(9f1cb40a9384ec14aa86a5a331c316e7) Importer(2089858483,0ecaa5967403d082aa24f35e1b516d23)
Start importing Assets/Models/HQ Rocks/Materials/Rock_2_v1.mat using Guid(9f1cb40a9384ec14aa86a5a331c316e7) Importer(2089858483,0ecaa5967403d082aa24f35e1b516d23) Generated GUIDs only implemented for interfaces!
 -> (artifact id: '5e8ad7b24c03f886ec6a580bdab006dc') in 0.077808 seconds
Number of updated asset objects reloaded before import = 0
Number of asset objects unloaded after import = 5
========================================================================
Received Import Request.
  Time since last request: 0.000021 seconds.
  path: Assets/Models/HQ Rocks/Materials/Rock_6_v3.mat
  artifactKey: Guid(396e9633f2b320e47a7cef33f7baaaaf) Importer(2089858483,0ecaa5967403d082aa24f35e1b516d23)
Start importing Assets/Models/HQ Rocks/Materials/Rock_6_v3.mat using Guid(396e9633f2b320e47a7cef33f7baaaaf) Importer(2089858483,0ecaa5967403d082aa24f35e1b516d23) Generated GUIDs only implemented for interfaces!
 -> (artifact id: '7f2b3d77ab79ec434f5d990a7c11ec06') in 0.128701 seconds
Number of updated asset objects reloaded before import = 0
Number of asset objects unloaded after import = 5
========================================================================
Received Import Request.
  Time since last request: 0.000027 seconds.
  path: Assets/Fonts/Zanzabar Demo.otf
  artifactKey: Guid(b4f91ac221098454ab8ea9edaa42391a) Importer(2089858483,0ecaa5967403d082aa24f35e1b516d23)
Start importing Assets/Fonts/Zanzabar Demo.otf using Guid(b4f91ac221098454ab8ea9edaa42391a) Importer(2089858483,0ecaa5967403d082aa24f35e1b516d23) Generated GUIDs only implemented for interfaces!
 -> (artifact id: 'd10febe55b050f692fafc55361f9b0d7') in 0.019899 seconds
Number of updated asset objects reloaded before import = 0
Number of asset objects unloaded after import = 3
========================================================================
Received Import Request.
  Time since last request: 0.000014 seconds.
  path: Assets/Models/Hairless Monkey/defaultMat.mat
  artifactKey: Guid(4ecab9a3dd3795449a4d58a1d875cf79) Importer(2089858483,0ecaa5967403d082aa24f35e1b516d23)
Start importing Assets/Models/Hairless Monkey/defaultMat.mat using Guid(4ecab9a3dd3795449a4d58a1d875cf79) Importer(2089858483,0ecaa5967403d082aa24f35e1b516d23) Generated GUIDs only implemented for interfaces!
 -> (artifact id: 'c053afddae22b68aab9fec4ccca66c09') in 0.018979 seconds
Number of updated asset objects reloaded before import = 0
Number of asset objects unloaded after import = 1
========================================================================
Received Import Request.
  Time since last request: 0.000015 seconds.
  path: Assets/Models/HQ Rocks/Prefabs/Rock_6_v3.prefab
  artifactKey: Guid(f19658f215550b6499a085fa969998c2) Importer(2089858483,0ecaa5967403d082aa24f35e1b516d23)
Start importing Assets/Models/HQ Rocks/Prefabs/Rock_6_v3.prefab using Guid(f19658f215550b6499a085fa969998c2) Importer(2089858483,0ecaa5967403d082aa24f35e1b516d23) Generated GUIDs only implemented for interfaces!
 -> (artifact id: '17b8e9c0f96c12b3b85d55562c74a33a') in 0.016535 seconds
Number of updated asset objects reloaded before import = 0
Number of asset objects unloaded after import = 7
========================================================================
Received Import Request.
  Time since last request: 0.000016 seconds.
  path: Assets/Models/HQ Rocks/Prefabs/Rock_7_v3.prefab
  artifactKey: Guid(31c08822f331f2042ae63b475e2c807a) Importer(2089858483,0ecaa5967403d082aa24f35e1b516d23)
Start importing Assets/Models/HQ Rocks/Prefabs/Rock_7_v3.prefab using Guid(31c08822f331f2042ae63b475e2c807a) Importer(2089858483,0ecaa5967403d082aa24f35e1b516d23) Generated GUIDs only implemented for interfaces!
 -> (artifact id: 'ae8c836418cd462a13f44735f1e8ac18') in 0.017056 seconds
Number of updated asset objects reloaded before import = 0
Number of asset objects unloaded after import = 7
========================================================================
Received Import Request.
  Time since last request: 0.000015 seconds.
  path: Assets/Models/HQ Rocks/Prefabs/Rock_4_v3.prefab
  artifactKey: Guid(6016dfcbc2766ee489b4e167fefaa52e) Importer(2089858483,0ecaa5967403d082aa24f35e1b516d23)
Start importing Assets/Models/HQ Rocks/Prefabs/Rock_4_v3.prefab using Guid(6016dfcbc2766ee489b4e167fefaa52e) Importer(2089858483,0ecaa5967403d082aa24f35e1b516d23) Generated GUIDs only implemented for interfaces!
 -> (artifact id: 'c847a3fe438d4ced2f2c6b07f042ef7e') in 0.030415 seconds
Number of updated asset objects reloaded before import = 0
Number of asset objects unloaded after import = 7
========================================================================
Received Import Request.
  Time since last request: 0.000019 seconds.
  path: Assets/Models/HQ Rocks/Textures/Ground_N.png
  artifactKey: Guid(ee501dbca0eb86944b45707b2cafea0d) Importer(2089858483,0ecaa5967403d082aa24f35e1b516d23)
Start importing Assets/Models/HQ Rocks/Textures/Ground_N.png using Guid(ee501dbca0eb86944b45707b2cafea0d) Importer(2089858483,0ecaa5967403d082aa24f35e1b516d23) Generated GUIDs only implemented for interfaces!
 -> (artifact id: 'bb0e8147226b1ab57cf718e36fad9c8b') in 0.028165 seconds
Number of updated asset objects reloaded before import = 0
Number of asset objects unloaded after import = 1
========================================================================
Received Import Request.
  Time since last request: 0.000029 seconds.
  path: Assets/Models/HQ Rocks/Prefabs/Rock_4_v1.prefab
  artifactKey: Guid(2d8a662c7d04e15478181f97844f155a) Importer(2089858483,0ecaa5967403d082aa24f35e1b516d23)
Start importing Assets/Models/HQ Rocks/Prefabs/Rock_4_v1.prefab using Guid(2d8a662c7d04e15478181f97844f155a) Importer(2089858483,0ecaa5967403d082aa24f35e1b516d23) Generated GUIDs only implemented for interfaces!
 -> (artifact id: '4225d38d146fed2d7b5b5597ee2f9a10') in 0.018125 seconds
Number of updated asset objects reloaded before import = 0
Number of asset objects unloaded after import = 7
========================================================================
Received Import Request.
  Time since last request: 0.000017 seconds.
  path: Assets/Models/HQ Rocks/Prefabs/Rock_1_v3.prefab
  artifactKey: Guid(10002675cafa69647a631734c4c318f5) Importer(2089858483,0ecaa5967403d082aa24f35e1b516d23)
Start importing Assets/Models/HQ Rocks/Prefabs/Rock_1_v3.prefab using Guid(10002675cafa69647a631734c4c318f5) Importer(2089858483,0ecaa5967403d082aa24f35e1b516d23) Generated GUIDs only implemented for interfaces!
 -> (artifact id: 'c1ed9d619981ee2f153f9f1522126edd') in 0.017579 seconds
Number of updated asset objects reloaded before import = 0
Number of asset objects unloaded after import = 7
========================================================================
Received Import Request.
  Time since last request: 0.000017 seconds.
  path: Assets/Models/HQ Rocks/Prefabs/Rock_8_v3.prefab
  artifactKey: Guid(a9c5cce8e6511a140ab24e9cdf6b0cee) Importer(2089858483,0ecaa5967403d082aa24f35e1b516d23)
Start importing Assets/Models/HQ Rocks/Prefabs/Rock_8_v3.prefab using Guid(a9c5cce8e6511a140ab24e9cdf6b0cee) Importer(2089858483,0ecaa5967403d082aa24f35e1b516d23) Generated GUIDs only implemented for interfaces!
 -> (artifact id: 'af2182f8c41d242d8b64ea7a87b59a0b') in 0.019473 seconds
Number of updated asset objects reloaded before import = 0
Number of asset objects unloaded after import = 7
========================================================================
Received Import Request.
  Time since last request: 0.000016 seconds.
  path: Assets/Models/HQ Rocks/Prefabs/Rock_6_v1.prefab
  artifactKey: Guid(c4e08389932df3947bcca85153074d8f) Importer(2089858483,0ecaa5967403d082aa24f35e1b516d23)
Start importing Assets/Models/HQ Rocks/Prefabs/Rock_6_v1.prefab using Guid(c4e08389932df3947bcca85153074d8f) Importer(2089858483,0ecaa5967403d082aa24f35e1b516d23) Generated GUIDs only implemented for interfaces!
 -> (artifact id: '929a558dd0b60beb9ce494cd739c48be') in 0.018089 seconds
Number of updated asset objects reloaded before import = 0
Number of asset objects unloaded after import = 7
========================================================================
Received Import Request.
  Time since last request: 0.000014 seconds.
  path: Assets/Models/HQ Rocks/Prefabs/Rock_3_v2.prefab
  artifactKey: Guid(975279b149c625d4bad9e7222b812858) Importer(2089858483,0ecaa5967403d082aa24f35e1b516d23)
Start importing Assets/Models/HQ Rocks/Prefabs/Rock_3_v2.prefab using Guid(975279b149c625d4bad9e7222b812858) Importer(2089858483,0ecaa5967403d082aa24f35e1b516d23) Generated GUIDs only implemented for interfaces!
 -> (artifact id: '1b46ad06c3dc2fb487620dfa40aa074d') in 0.013964 seconds
Number of updated asset objects reloaded before import = 0
Number of asset objects unloaded after import = 7
========================================================================
Received Import Request.
  Time since last request: 0.000017 seconds.
  path: Assets/Models/HQ Rocks/Prefabs/Rock_3_v1.prefab
  artifactKey: Guid(f16233010ebf24c4d84125d39b62e7cf) Importer(2089858483,0ecaa5967403d082aa24f35e1b516d23)
Start importing Assets/Models/HQ Rocks/Prefabs/Rock_3_v1.prefab using Guid(f16233010ebf24c4d84125d39b62e7cf) Importer(2089858483,0ecaa5967403d082aa24f35e1b516d23) Generated GUIDs only implemented for interfaces!
 -> (artifact id: 'dd64eec90613c3d470d3cf98c9e4b52e') in 0.018380 seconds
Number of updated asset objects reloaded before import = 0
Number of asset objects unloaded after import = 7
========================================================================
Received Import Request.
  Time since last request: 0.000023 seconds.
  path: Assets/Models/HQ Rocks/Meshes/Rock_8.fbx
  artifactKey: Guid(676244e56adbb7948bdadf9f9c1a32dd) Importer(2089858483,0ecaa5967403d082aa24f35e1b516d23)
Start importing Assets/Models/HQ Rocks/Meshes/Rock_8.fbx using Guid(676244e56adbb7948bdadf9f9c1a32dd) Importer(2089858483,0ecaa5967403d082aa24f35e1b516d23) Generated GUIDs only implemented for interfaces!
 -> (artifact id: '4f616462d4301e5a5bd4d0ee2d5b9233') in 0.037636 seconds
Number of updated asset objects reloaded before import = 0
Number of asset objects unloaded after import = 7
========================================================================
Received Import Request.
  Time since last request: 0.000015 seconds.
  path: Assets/Models/HQ Rocks/Prefabs/Rock_1_v2.prefab
  artifactKey: Guid(197516cbd53895c4a884a452291fd503) Importer(2089858483,0ecaa5967403d082aa24f35e1b516d23)
Start importing Assets/Models/HQ Rocks/Prefabs/Rock_1_v2.prefab using Guid(197516cbd53895c4a884a452291fd503) Importer(2089858483,0ecaa5967403d082aa24f35e1b516d23) Generated GUIDs only implemented for interfaces!
 -> (artifact id: 'bb08c993d5461a300937edd0cdb3a45f') in 0.018564 seconds
Number of updated asset objects reloaded before import = 0
Number of asset objects unloaded after import = 7
========================================================================
Received Import Request.
  Time since last request: 0.000018 seconds.
  path: Assets/Models/HQ Rocks/Prefabs/Rock_5_v1.prefab
  artifactKey: Guid(a588cde2753267a4abc15bc1d99c34a0) Importer(2089858483,0ecaa5967403d082aa24f35e1b516d23)
Start importing Assets/Models/HQ Rocks/Prefabs/Rock_5_v1.prefab using Guid(a588cde2753267a4abc15bc1d99c34a0) Importer(2089858483,0ecaa5967403d082aa24f35e1b516d23) Generated GUIDs only implemented for interfaces!
 -> (artifact id: 'c205eab96c83d395d02c655dfc32b90b') in 0.018414 seconds
Number of updated asset objects reloaded before import = 0
Number of asset objects unloaded after import = 7
========================================================================
Received Import Request.
  Time since last request: 0.000018 seconds.
  path: Assets/Audio/Monkey Sounds/monkey-chirp2.wav
  artifactKey: Guid(2add6b387911f184aa8a4b115b8fbe63) Importer(2089858483,0ecaa5967403d082aa24f35e1b516d23)
Start importing Assets/Audio/Monkey Sounds/monkey-chirp2.wav using Guid(2add6b387911f184aa8a4b115b8fbe63) Importer(2089858483,0ecaa5967403d082aa24f35e1b516d23) Generated GUIDs only implemented for interfaces!
 -> (artifact id: 'c6f838ffdbded4dc0d8ea9529f14b351') in 0.068334 seconds
Number of updated asset objects reloaded before import = 0
Number of asset objects unloaded after import = 1
========================================================================
Received Import Request.
  Time since last request: 0.000029 seconds.
  path: Assets/Models/HQ Rocks/Meshes/Rock_7.fbx
  artifactKey: Guid(44c3a5061f1ce164e8dff64065899db0) Importer(2089858483,0ecaa5967403d082aa24f35e1b516d23)
Start importing Assets/Models/HQ Rocks/Meshes/Rock_7.fbx using Guid(44c3a5061f1ce164e8dff64065899db0) Importer(2089858483,0ecaa5967403d082aa24f35e1b516d23) Generated GUIDs only implemented for interfaces!
 -> (artifact id: 'a95578898fba0681ad3ae52d4c90d92e') in 0.022234 seconds
Number of updated asset objects reloaded before import = 0
Number of asset objects unloaded after import = 7
========================================================================
Received Import Request.
  Time since last request: 0.000031 seconds.
  path: Assets/Settings/URP-HighFidelity-Renderer.asset
  artifactKey: Guid(c40be3174f62c4acf8c1216858c64956) Importer(2089858483,0ecaa5967403d082aa24f35e1b516d23)
Start importing Assets/Settings/URP-HighFidelity-Renderer.asset using Guid(c40be3174f62c4acf8c1216858c64956) Importer(2089858483,0ecaa5967403d082aa24f35e1b516d23) Generated GUIDs only implemented for interfaces!
 -> (artifact id: '1d4cdab8614bf23c3a66f73b050202a3') in 0.034210 seconds
Number of updated asset objects reloaded before import = 0
Number of asset objects unloaded after import = 1
========================================================================
Received Import Request.
  Time since last request: 0.000017 seconds.
  path: Assets/StarterAssets/InputSystem/StarterAssets.inputactions
  artifactKey: Guid(4419d82f33d36e848b3ed5af4c8da37e) Importer(2089858483,0ecaa5967403d082aa24f35e1b516d23)
Start importing Assets/StarterAssets/InputSystem/StarterAssets.inputactions using Guid(4419d82f33d36e848b3ed5af4c8da37e) Importer(2089858483,0ecaa5967403d082aa24f35e1b516d23) Generated GUIDs only implemented for interfaces!
 -> (artifact id: 'c8c9695a8eb8736a8dacaeb035e5fba3') in 0.019527 seconds
Number of updated asset objects reloaded before import = 0
Number of asset objects unloaded after import = 6
========================================================================
Received Import Request.
  Time since last request: 0.000016 seconds.
  path: Assets/Terrains/TerrainSampleAssets/ThirdPartyNotices.txt
  artifactKey: Guid(408677bd09874114a90a745e08fd2112) Importer(2089858483,0ecaa5967403d082aa24f35e1b516d23)
Start importing Assets/Terrains/TerrainSampleAssets/ThirdPartyNotices.txt using Guid(408677bd09874114a90a745e08fd2112) Importer(2089858483,0ecaa5967403d082aa24f35e1b516d23) Generated GUIDs only implemented for interfaces!
 -> (artifact id: '536e57326321e61798c4f3ee2195f7b5') in 0.013897 seconds
Number of updated asset objects reloaded before import = 0
Number of asset objects unloaded after import = 1
========================================================================
Received Import Request.
  Time since last request: 0.000015 seconds.
  path: Assets/Animations/Screen Fade Animations/Vignette.anim
  artifactKey: Guid(8651a3d4a7dde5e4faa99851cbcceb9b) Importer(2089858483,0ecaa5967403d082aa24f35e1b516d23)
Start importing Assets/Animations/Screen Fade Animations/Vignette.anim using Guid(8651a3d4a7dde5e4faa99851cbcceb9b) Importer(2089858483,0ecaa5967403d082aa24f35e1b516d23) Generated GUIDs only implemented for interfaces!
 -> (artifact id: '2224c1656d80b692e6521c8c73b479ed') in 0.017627 seconds
Number of updated asset objects reloaded before import = 0
Number of asset objects unloaded after import = 1
========================================================================
Received Import Request.
  Time since last request: 0.000023 seconds.
  path: Assets/StarterAssets/InputSystem/StarterAssets.inputsettings.asset
  artifactKey: Guid(9e7be553448fa2546aea5752021cbcf7) Importer(2089858483,0ecaa5967403d082aa24f35e1b516d23)
Start importing Assets/StarterAssets/InputSystem/StarterAssets.inputsettings.asset using Guid(9e7be553448fa2546aea5752021cbcf7) Importer(2089858483,0ecaa5967403d082aa24f35e1b516d23) Generated GUIDs only implemented for interfaces!
 -> (artifact id: 'aaeb80658a058824b36c13503b21b95c') in 0.017660 seconds
Number of updated asset objects reloaded before import = 0
Number of asset objects unloaded after import = 1
========================================================================
Received Import Request.
  Time since last request: 0.000022 seconds.
  path: Assets/Prefabs/Panel (Screen Fade).prefab
  artifactKey: Guid(5410f4704d65da04ea809e0e7d2f2d0d) Importer(2089858483,0ecaa5967403d082aa24f35e1b516d23)
Start importing Assets/Prefabs/Panel (Screen Fade).prefab using Guid(5410f4704d65da04ea809e0e7d2f2d0d) Importer(2089858483,0ecaa5967403d082aa24f35e1b516d23) Generated GUIDs only implemented for interfaces!
 -> (artifact id: 'd4f6b711225a703c048e52f22e05bbea') in 0.022065 seconds
Number of updated asset objects reloaded before import = 0
Number of asset objects unloaded after import = 11
========================================================================
Received Import Request.
  Time since last request: 0.000022 seconds.
  path: Assets/Animations/Camera Animations/Camera Dolly.anim
  artifactKey: Guid(d00068e5f2a607347bcdf0cc6d8ed4da) Importer(2089858483,0ecaa5967403d082aa24f35e1b516d23)
Start importing Assets/Animations/Camera Animations/Camera Dolly.anim using Guid(d00068e5f2a607347bcdf0cc6d8ed4da) Importer(2089858483,0ecaa5967403d082aa24f35e1b516d23) Generated GUIDs only implemented for interfaces!
 -> (artifact id: '13c3734766d2eb72ac2c304af22aa158') in 0.018218 seconds
Number of updated asset objects reloaded before import = 0
Number of asset objects unloaded after import = 1
========================================================================
Received Import Request.
  Time since last request: 0.000015 seconds.
  path: Assets/Models/HQ Rocks/Materials/Rock_8_v1.mat
  artifactKey: Guid(093b3ae101b2ce64385a61e697112edc) Importer(2089858483,0ecaa5967403d082aa24f35e1b516d23)
Start importing Assets/Models/HQ Rocks/Materials/Rock_8_v1.mat using Guid(093b3ae101b2ce64385a61e697112edc) Importer(2089858483,0ecaa5967403d082aa24f35e1b516d23) Generated GUIDs only implemented for interfaces!
 -> (artifact id: '841beef3aa270005a22bdbcf112758ba') in 0.079225 seconds
Number of updated asset objects reloaded before import = 0
Number of asset objects unloaded after import = 5
========================================================================
Received Import Request.
  Time since last request: 0.000018 seconds.
  path: Assets/TextMesh Pro/Shaders/TMP_Bitmap-Mobile.shader
  artifactKey: Guid(1e3b057af24249748ff873be7fafee47) Importer(2089858483,0ecaa5967403d082aa24f35e1b516d23)
Start importing Assets/TextMesh Pro/Shaders/TMP_Bitmap-Mobile.shader using Guid(1e3b057af24249748ff873be7fafee47) Importer(2089858483,0ecaa5967403d082aa24f35e1b516d23) Generated GUIDs only implemented for interfaces!
 -> (artifact id: 'b17954e753d19e22695b65d6b741f4df') in 0.021895 seconds
Number of updated asset objects reloaded before import = 0
Number of asset objects unloaded after import = 1
========================================================================
Received Import Request.
  Time since last request: 0.000026 seconds.
  path: Assets/Models/RealFruit_Apple/Textures/Apple_1.png
  artifactKey: Guid(38ded119ad4615748b8d7a1ec9cdab28) Importer(2089858483,0ecaa5967403d082aa24f35e1b516d23)
Start importing Assets/Models/RealFruit_Apple/Textures/Apple_1.png using Guid(38ded119ad4615748b8d7a1ec9cdab28) Importer(2089858483,0ecaa5967403d082aa24f35e1b516d23) Generated GUIDs only implemented for interfaces!
 -> (artifact id: '3888ba96b46ffbcba84e5b41dc4beed8') in 0.092044 seconds
Number of updated asset objects reloaded before import = 0
Number of asset objects unloaded after import = 1
========================================================================
Received Import Request.
  Time since last request: 0.000025 seconds.
  path: Assets/Models/HQ Rocks/Textures/Rock_a_v3.png
  artifactKey: Guid(3c9a2d2664aeeb748b20e2e23bdb4ba0) Importer(2089858483,0ecaa5967403d082aa24f35e1b516d23)
Start importing Assets/Models/HQ Rocks/Textures/Rock_a_v3.png using Guid(3c9a2d2664aeeb748b20e2e23bdb4ba0) Importer(2089858483,0ecaa5967403d082aa24f35e1b516d23) Generated GUIDs only implemented for interfaces!
 -> (artifact id: '58a5f68acfc35c93bcc80939a3dbe29a') in 0.040187 seconds
Number of updated asset objects reloaded before import = 0
Number of asset objects unloaded after import = 1
========================================================================
Received Import Request.
  Time since last request: 0.000018 seconds.
  path: Assets/Models/RealFruit_Apple/Materials/Apple_half 1.mat
  artifactKey: Guid(0ee6130fdeffe2b4985c797e51a146ac) Importer(2089858483,0ecaa5967403d082aa24f35e1b516d23)
Start importing Assets/Models/RealFruit_Apple/Materials/Apple_half 1.mat using Guid(0ee6130fdeffe2b4985c797e51a146ac) Importer(2089858483,0ecaa5967403d082aa24f35e1b516d23) Generated GUIDs only implemented for interfaces!
 -> (artifact id: '8961217f09e9c87ec5854e805d99f1c4') in 0.017031 seconds
Number of updated asset objects reloaded before import = 0
Number of asset objects unloaded after import = 1
========================================================================
Received Import Request.
  Time since last request: 0.000016 seconds.
  path: Assets/Models/HQ Rocks/Textures/Rock_a_v2.png
  artifactKey: Guid(c21acb5fb6448c44496d0aff0cf0fc9e) Importer(2089858483,0ecaa5967403d082aa24f35e1b516d23)
Start importing Assets/Models/HQ Rocks/Textures/Rock_a_v2.png using Guid(c21acb5fb6448c44496d0aff0cf0fc9e) Importer(2089858483,0ecaa5967403d082aa24f35e1b516d23) Generated GUIDs only implemented for interfaces!
 -> (artifact id: '1c773cef1ecfcc8dc4e1a0f8dc3c98c6') in 0.046410 seconds
Number of updated asset objects reloaded before import = 0
Number of asset objects unloaded after import = 1
========================================================================
Received Import Request.
  Time since last request: 0.000020 seconds.
  path: Assets/Models/RealFruit_Apple/Prefabs/Apple_half_003.prefab
  artifactKey: Guid(8a34c3adfa8d6b24f8162f321eed70ad) Importer(2089858483,0ecaa5967403d082aa24f35e1b516d23)
Start importing Assets/Models/RealFruit_Apple/Prefabs/Apple_half_003.prefab using Guid(8a34c3adfa8d6b24f8162f321eed70ad) Importer(2089858483,0ecaa5967403d082aa24f35e1b516d23) Generated GUIDs only implemented for interfaces!
 -> (artifact id: '31214df4ad5ed6a6643df4105ed57dc2') in 0.016180 seconds
Number of updated asset objects reloaded before import = 0
Number of asset objects unloaded after import = 12
========================================================================
Received Import Request.
  Time since last request: 0.000017 seconds.
  path: Assets/Models/RealFruit_Apple/Textures/Apple_half_2.png
  artifactKey: Guid(81f6c26b0f861f6469adab5cafa69feb) Importer(2089858483,0ecaa5967403d082aa24f35e1b516d23)
Start importing Assets/Models/RealFruit_Apple/Textures/Apple_half_2.png using Guid(81f6c26b0f861f6469adab5cafa69feb) Importer(2089858483,0ecaa5967403d082aa24f35e1b516d23) Generated GUIDs only implemented for interfaces!
 -> (artifact id: '02c64c8dbc5fc399c15b3962f25a3753') in 0.081175 seconds
Number of updated asset objects reloaded before import = 0
Number of asset objects unloaded after import = 1
========================================================================
Received Import Request.
  Time since last request: 0.000024 seconds.
  path: Assets/Models/RealFruit_Apple/Prefabs/Apple_half_001.prefab
  artifactKey: Guid(ad4a54e0d4cc4104bab8bec889933667) Importer(2089858483,0ecaa5967403d082aa24f35e1b516d23)
Start importing Assets/Models/RealFruit_Apple/Prefabs/Apple_half_001.prefab using Guid(ad4a54e0d4cc4104bab8bec889933667) Importer(2089858483,0ecaa5967403d082aa24f35e1b516d23) Generated GUIDs only implemented for interfaces!
 -> (artifact id: '1bc674dd54aae493d48af0e04b9b696d') in 0.014700 seconds
Number of updated asset objects reloaded before import = 0
Number of asset objects unloaded after import = 12
========================================================================
Received Import Request.
  Time since last request: 0.000118 seconds.
  path: Assets/Models/HQ Rocks/Textures/Rock_3_N.png
  artifactKey: Guid(62252b4dce9a51e459bf7099a5acf084) Importer(2089858483,0ecaa5967403d082aa24f35e1b516d23)
Start importing Assets/Models/HQ Rocks/Textures/Rock_3_N.png using Guid(62252b4dce9a51e459bf7099a5acf084) Importer(2089858483,0ecaa5967403d082aa24f35e1b516d23) Generated GUIDs only implemented for interfaces!
 -> (artifact id: 'f64862e7aa698cb3c84fe4f594ddfe91') in 0.057985 seconds
Number of updated asset objects reloaded before import = 0
Number of asset objects unloaded after import = 1
========================================================================
Received Import Request.
  Time since last request: 0.000016 seconds.
  path: Assets/Models/RealFruit_Apple/Textures/Apple_half_1.png
  artifactKey: Guid(abb85dfc07730c448ae45fe260cf90f4) Importer(2089858483,0ecaa5967403d082aa24f35e1b516d23)
Start importing Assets/Models/RealFruit_Apple/Textures/Apple_half_1.png using Guid(abb85dfc07730c448ae45fe260cf90f4) Importer(2089858483,0ecaa5967403d082aa24f35e1b516d23) Generated GUIDs only implemented for interfaces!
 -> (artifact id: '592755df5666b366169c65a4fec7fd61') in 0.095577 seconds
Number of updated asset objects reloaded before import = 0
Number of asset objects unloaded after import = 1
========================================================================
Received Import Request.
  Time since last request: 0.000029 seconds.
  path: Assets/Models/RealFruit_Apple/Prefabs/Apple_001.prefab
  artifactKey: Guid(c56e9f43d014427418a5c04efb400077) Importer(2089858483,0ecaa5967403d082aa24f35e1b516d23)
Start importing Assets/Models/RealFruit_Apple/Prefabs/Apple_001.prefab using Guid(c56e9f43d014427418a5c04efb400077) Importer(2089858483,0ecaa5967403d082aa24f35e1b516d23) Generated GUIDs only implemented for interfaces!
 -> (artifact id: 'b3f775646247b66fd512fdb80f6debdc') in 0.019401 seconds
Number of updated asset objects reloaded before import = 0
Number of asset objects unloaded after import = 12
========================================================================
Received Import Request.
  Time since last request: 0.000038 seconds.
  path: Assets/Models/RealFruit_Apple/Materials/Apple_3.mat
  artifactKey: Guid(eaf95b7227dae57448f882a795130e37) Importer(2089858483,0ecaa5967403d082aa24f35e1b516d23)
Start importing Assets/Models/RealFruit_Apple/Materials/Apple_3.mat using Guid(eaf95b7227dae57448f882a795130e37) Importer(2089858483,0ecaa5967403d082aa24f35e1b516d23) Generated GUIDs only implemented for interfaces!
 -> (artifact id: '160aadd5684a8f5e9f8dd1bc56305509') in 0.031904 seconds
Number of updated asset objects reloaded before import = 0
Number of asset objects unloaded after import = 1
========================================================================
Received Import Request.
  Time since last request: 0.000022 seconds.
  path: Assets/Skyboxes/Wispy Sky/Materials/WispyCubemap.cubemap
  artifactKey: Guid(a8d1a22388d18b4418bcb4884006dd99) Importer(2089858483,0ecaa5967403d082aa24f35e1b516d23)
Start importing Assets/Skyboxes/Wispy Sky/Materials/WispyCubemap.cubemap using Guid(a8d1a22388d18b4418bcb4884006dd99) Importer(2089858483,0ecaa5967403d082aa24f35e1b516d23) Generated GUIDs only implemented for interfaces!
 -> (artifact id: '322c57c28d1214819200c4ce404fdd3e') in 0.015457 seconds
Number of updated asset objects reloaded before import = 0
Number of asset objects unloaded after import = 1
========================================================================
Received Import Request.
  Time since last request: 0.000030 seconds.
  path: Assets/Models/HQ Rocks/Textures/Rock_6_N.png
  artifactKey: Guid(506e88a94259ba34d84de269970224b8) Importer(2089858483,0ecaa5967403d082aa24f35e1b516d23)
Start importing Assets/Models/HQ Rocks/Textures/Rock_6_N.png using Guid(506e88a94259ba34d84de269970224b8) Importer(2089858483,0ecaa5967403d082aa24f35e1b516d23) Generated GUIDs only implemented for interfaces!
 -> (artifact id: '2c325cbe033a392745ea70f9cacf3b58') in 0.047653 seconds
Number of updated asset objects reloaded before import = 0
Number of asset objects unloaded after import = 1
========================================================================
Received Import Request.
  Time since last request: 0.000023 seconds.
  path: Assets/Models/HQ Rocks/Textures/Rock_2_N.png
  artifactKey: Guid(98a1b4309c66b39489436c4f19efc30f) Importer(2089858483,0ecaa5967403d082aa24f35e1b516d23)
Start importing Assets/Models/HQ Rocks/Textures/Rock_2_N.png using Guid(98a1b4309c66b39489436c4f19efc30f) Importer(2089858483,0ecaa5967403d082aa24f35e1b516d23) Generated GUIDs only implemented for interfaces!
 -> (artifact id: 'c35a94c4f4a931a17ee9fc5600750152') in 0.040001 seconds
Number of updated asset objects reloaded before import = 0
Number of asset objects unloaded after import = 1
========================================================================
Received Import Request.
  Time since last request: 0.000018 seconds.
  path: Assets/Models/HQ Rocks/Textures/Rock_8_N.png
  artifactKey: Guid(bc26519684e19f449a555c3ca9bf07b4) Importer(2089858483,0ecaa5967403d082aa24f35e1b516d23)
Start importing Assets/Models/HQ Rocks/Textures/Rock_8_N.png using Guid(bc26519684e19f449a555c3ca9bf07b4) Importer(2089858483,0ecaa5967403d082aa24f35e1b516d23) Generated GUIDs only implemented for interfaces!
 -> (artifact id: '79a4b00a4584c4032384711ff5c8b247') in 0.056191 seconds
Number of updated asset objects reloaded before import = 0
Number of asset objects unloaded after import = 1
========================================================================
Received Import Request.
  Time since last request: 0.000032 seconds.
  path: Assets/Skyboxes/Wispy Sky/Materials/WispySkyboxMat2.mat
  artifactKey: Guid(ae3fda7fbb1be644faac11f311dd8b9d) Importer(2089858483,0ecaa5967403d082aa24f35e1b516d23)
Start importing Assets/Skyboxes/Wispy Sky/Materials/WispySkyboxMat2.mat using Guid(ae3fda7fbb1be644faac11f311dd8b9d) Importer(2089858483,0ecaa5967403d082aa24f35e1b516d23) Generated GUIDs only implemented for interfaces!
 -> (artifact id: '4505cb86bd8734518f372712da096e5d') in 0.016984 seconds
Number of updated asset objects reloaded before import = 0
Number of asset objects unloaded after import = 1
========================================================================
Received Import Request.
  Time since last request: 0.000014 seconds.
  path: Assets/Skyboxes/Wispy Sky/Textures/SkyBox02b0004.tif
  artifactKey: Guid(749c73d6cb285944486c08379753ccff) Importer(2089858483,0ecaa5967403d082aa24f35e1b516d23)
Start importing Assets/Skyboxes/Wispy Sky/Textures/SkyBox02b0004.tif using Guid(749c73d6cb285944486c08379753ccff) Importer(2089858483,0ecaa5967403d082aa24f35e1b516d23) Generated GUIDs only implemented for interfaces!
 -> (artifact id: '310a842fc1b6931ddaa6d06a6b023c86') in 0.073061 seconds
Number of updated asset objects reloaded before import = 0
Number of asset objects unloaded after import = 1
========================================================================
Received Import Request.
  Time since last request: 0.000015 seconds.
  path: Assets/StarterAssets/Environment/Prefabs/Box_350x250x300_Prefab.prefab
  artifactKey: Guid(687dbafc2b84b2846b9a4a7a7dae2a7e) Importer(2089858483,0ecaa5967403d082aa24f35e1b516d23)
Start importing Assets/StarterAssets/Environment/Prefabs/Box_350x250x300_Prefab.prefab using Guid(687dbafc2b84b2846b9a4a7a7dae2a7e) Importer(2089858483,0ecaa5967403d082aa24f35e1b516d23) Generated GUIDs only implemented for interfaces!
 -> (artifact id: '08483421958d65762c4d6430aedd5764') in 0.018165 seconds
Number of updated asset objects reloaded before import = 0
Number of asset objects unloaded after import = 8
========================================================================
Received Import Request.
  Time since last request: 0.000019 seconds.
  path: Assets/StarterAssets/Environment/Prefabs/Environment_Prefab.prefab
  artifactKey: Guid(09aade0ecefd01e4b8f7661acf64f5c2) Importer(2089858483,0ecaa5967403d082aa24f35e1b516d23)
Start importing Assets/StarterAssets/Environment/Prefabs/Environment_Prefab.prefab using Guid(09aade0ecefd01e4b8f7661acf64f5c2) Importer(2089858483,0ecaa5967403d082aa24f35e1b516d23) Generated GUIDs only implemented for interfaces!
 -> (artifact id: '240b6d03fba60f2a8aeb25be7ed8207e') in 0.021896 seconds
Number of updated asset objects reloaded before import = 0
Number of asset objects unloaded after import = 303
========================================================================
Received Import Request.
  Time since last request: 0.000020 seconds.
  path: Assets/Skyboxes/Wispy Sky/Textures/SkyBox02b0005.tif
  artifactKey: Guid(6253964eb4055314392c609047a88bff) Importer(2089858483,0ecaa5967403d082aa24f35e1b516d23)
Start importing Assets/Skyboxes/Wispy Sky/Textures/SkyBox02b0005.tif using Guid(6253964eb4055314392c609047a88bff) Importer(2089858483,0ecaa5967403d082aa24f35e1b516d23) Generated GUIDs only implemented for interfaces!
 -> (artifact id: '54e8dd4e7f7df7c65cad962b0779b6a3') in 0.070826 seconds
Number of updated asset objects reloaded before import = 0
Number of asset objects unloaded after import = 1
========================================================================
Received Import Request.
  Time since last request: 0.000023 seconds.
  path: Assets/StarterAssets/Environment/Prefabs/Stairs_200x100x200_Prefab.prefab
  artifactKey: Guid(466621a4836aa504c87c15d88722d465) Importer(2089858483,0ecaa5967403d082aa24f35e1b516d23)
Start importing Assets/StarterAssets/Environment/Prefabs/Stairs_200x100x200_Prefab.prefab using Guid(466621a4836aa504c87c15d88722d465) Importer(2089858483,0ecaa5967403d082aa24f35e1b516d23) Generated GUIDs only implemented for interfaces!
 -> (artifact id: '0d1ff85b716c0df3fb7f09021218d65b') in 0.039738 seconds
Number of updated asset objects reloaded before import = 0
Number of asset objects unloaded after import = 9
========================================================================
Received Import Request.
  Time since last request: 0.000017 seconds.
  path: Assets/Skyboxes/Wispy Sky/Textures/SkyBox020005.tif
  artifactKey: Guid(f1762243720297b4cbb16944c2afc555) Importer(2089858483,0ecaa5967403d082aa24f35e1b516d23)
Start importing Assets/Skyboxes/Wispy Sky/Textures/SkyBox020005.tif using Guid(f1762243720297b4cbb16944c2afc555) Importer(2089858483,0ecaa5967403d082aa24f35e1b516d23) Generated GUIDs only implemented for interfaces!
 -> (artifact id: 'e40ef63f55e2ecfd0bb23acbf54df079') in 0.089698 seconds
Number of updated asset objects reloaded before import = 0
Number of asset objects unloaded after import = 1
========================================================================
Received Import Request.
  Time since last request: 0.000022 seconds.
  path: Assets/StarterAssets/Environment/Prefabs/Structure_Prefab.prefab
  artifactKey: Guid(79e624e6a8770a946afb866fd94b394b) Importer(2089858483,0ecaa5967403d082aa24f35e1b516d23)
Start importing Assets/StarterAssets/Environment/Prefabs/Structure_Prefab.prefab using Guid(79e624e6a8770a946afb866fd94b394b) Importer(2089858483,0ecaa5967403d082aa24f35e1b516d23) Generated GUIDs only implemented for interfaces!
 -> (artifact id: 'd3d9736a8dfa54b6e1708a510d54110a') in 0.023990 seconds
Number of updated asset objects reloaded before import = 0
Number of asset objects unloaded after import = 115
========================================================================
Received Import Request.
  Time since last request: 0.000023 seconds.
  path: Assets/StarterAssets/Environment/Prefabs/Box_350x250x200_Prefab.prefab
  artifactKey: Guid(7b846d8f536f007498c941069487ce81) Importer(2089858483,0ecaa5967403d082aa24f35e1b516d23)
Start importing Assets/StarterAssets/Environment/Prefabs/Box_350x250x200_Prefab.prefab using Guid(7b846d8f536f007498c941069487ce81) Importer(2089858483,0ecaa5967403d082aa24f35e1b516d23) Generated GUIDs only implemented for interfaces!
 -> (artifact id: '875a100b43130b975fe49328c26fd06d') in 0.017116 seconds
Number of updated asset objects reloaded before import = 0
Number of asset objects unloaded after import = 8
========================================================================
Received Import Request.
  Time since last request: 0.000028 seconds.
  path: Assets/Skyboxes/Wispy Sky/Materials/WispySkyboxCubeMat2.mat
  artifactKey: Guid(606dc4d897c701948a0de5f5af9171c9) Importer(2089858483,0ecaa5967403d082aa24f35e1b516d23)
Start importing Assets/Skyboxes/Wispy Sky/Materials/WispySkyboxCubeMat2.mat using Guid(606dc4d897c701948a0de5f5af9171c9) Importer(2089858483,0ecaa5967403d082aa24f35e1b516d23) Generated GUIDs only implemented for interfaces!
 -> (artifact id: 'ce26aa7ec631f59ef749885537208f05') in 0.012889 seconds
Number of updated asset objects reloaded before import = 0
Number of asset objects unloaded after import = 1
========================================================================
Received Import Request.
  Time since last request: 0.000017 seconds.
  path: Assets/Skyboxes/Wispy Sky/Materials/WispySkyboxMat.mat
  artifactKey: Guid(3d312ce7a9ad1504f8c2083676270467) Importer(2089858483,0ecaa5967403d082aa24f35e1b516d23)
Start importing Assets/Skyboxes/Wispy Sky/Materials/WispySkyboxMat.mat using Guid(3d312ce7a9ad1504f8c2083676270467) Importer(2089858483,0ecaa5967403d082aa24f35e1b516d23) Generated GUIDs only implemented for interfaces!
 -> (artifact id: 'a100c68b4596baa5dfafcd8e569d9ac4') in 0.014441 seconds
Number of updated asset objects reloaded before import = 0
Number of asset objects unloaded after import = 1
========================================================================
Received Import Request.
  Time since last request: 0.000017 seconds.
  path: Assets/Skyboxes/Wispy Sky/Materials/WispySkyboxMobileMat2.mat
  artifactKey: Guid(b70668decd93dc44fb9aab167903cdd3) Importer(2089858483,0ecaa5967403d082aa24f35e1b516d23)
Start importing Assets/Skyboxes/Wispy Sky/Materials/WispySkyboxMobileMat2.mat using Guid(b70668decd93dc44fb9aab167903cdd3) Importer(2089858483,0ecaa5967403d082aa24f35e1b516d23) Generated GUIDs only implemented for interfaces!
 -> (artifact id: 'b4348e7b96d49718cecb6325e7a5e875') in 0.018496 seconds
Number of updated asset objects reloaded before import = 0
Number of asset objects unloaded after import = 1
========================================================================
Received Import Request.
  Time since last request: 0.000019 seconds.
  path: Assets/Skyboxes/Wispy Sky/Textures/SkyBox02b0006.tif
  artifactKey: Guid(01c8b872431513642b94068c0283dce9) Importer(2089858483,0ecaa5967403d082aa24f35e1b516d23)
Start importing Assets/Skyboxes/Wispy Sky/Textures/SkyBox02b0006.tif using Guid(01c8b872431513642b94068c0283dce9) Importer(2089858483,0ecaa5967403d082aa24f35e1b516d23) Generated GUIDs only implemented for interfaces!
 -> (artifact id: 'fa34a4a0c9835ac628e4a87c47681e23') in 0.073711 seconds
Number of updated asset objects reloaded before import = 0
Number of asset objects unloaded after import = 1
========================================================================
Received Import Request.
  Time since last request: 0.000018 seconds.
  path: Assets/Models/RealFruit_Apple/Textures/Apple_half_1_Normal.png
  artifactKey: Guid(453f0da8e550dd44c8d4746545181775) Importer(2089858483,0ecaa5967403d082aa24f35e1b516d23)
Start importing Assets/Models/RealFruit_Apple/Textures/Apple_half_1_Normal.png using Guid(453f0da8e550dd44c8d4746545181775) Importer(2089858483,0ecaa5967403d082aa24f35e1b516d23) Generated GUIDs only implemented for interfaces!
 -> (artifact id: 'daf8436a2fd1f51849260f6e494e8f75') in 0.073656 seconds
Number of updated asset objects reloaded before import = 0
Number of asset objects unloaded after import = 1
========================================================================
Received Import Request.
  Time since last request: 0.000030 seconds.
  path: Assets/Skyboxes/Wispy Sky/Textures/SkyBox020002.tif
  artifactKey: Guid(e2d0a5272d01382478e08cf34036ff13) Importer(2089858483,0ecaa5967403d082aa24f35e1b516d23)
Start importing Assets/Skyboxes/Wispy Sky/Textures/SkyBox020002.tif using Guid(e2d0a5272d01382478e08cf34036ff13) Importer(2089858483,0ecaa5967403d082aa24f35e1b516d23) Generated GUIDs only implemented for interfaces!
 -> (artifact id: 'a124ee2fa10e31e5b2a5345f47b689d1') in 0.118735 seconds
Number of updated asset objects reloaded before import = 0
Number of asset objects unloaded after import = 1
========================================================================
Received Import Request.
  Time since last request: 0.000017 seconds.
  path: Assets/Terrains/TerrainSampleAssets/Materials/BushDry.asset
  artifactKey: Guid(238ad6ea99d845f498c3a2334f75358a) Importer(2089858483,0ecaa5967403d082aa24f35e1b516d23)
Start importing Assets/Terrains/TerrainSampleAssets/Materials/BushDry.asset using Guid(238ad6ea99d845f498c3a2334f75358a) Importer(2089858483,0ecaa5967403d082aa24f35e1b516d23) Generated GUIDs only implemented for interfaces!
 -> (artifact id: 'f941a1e60ec8c754b8d800d54bef27e8') in 0.459909 seconds
Number of updated asset objects reloaded before import = 0
Number of asset objects unloaded after import = 6
========================================================================
Received Import Request.
  Time since last request: 0.000017 seconds.
  path: Assets/StarterAssets/TutorialInfo/Icons/ReadMeImg.PNG
  artifactKey: Guid(44a17a5b205fcd349a24700e6f5615bd) Importer(2089858483,0ecaa5967403d082aa24f35e1b516d23)
Start importing Assets/StarterAssets/TutorialInfo/Icons/ReadMeImg.PNG using Guid(44a17a5b205fcd349a24700e6f5615bd) Importer(2089858483,0ecaa5967403d082aa24f35e1b516d23) Generated GUIDs only implemented for interfaces!
 -> (artifact id: 'b8e0faba8a21f23a93d42736b750a278') in 0.030863 seconds
Number of updated asset objects reloaded before import = 0
Number of asset objects unloaded after import = 1
========================================================================
Received Import Request.
  Time since last request: 0.000031 seconds.
  path: Assets/StarterAssets/ThirdPersonController/Prefabs/PlayerCapsule.prefab
  artifactKey: Guid(2553cec8fdb3eb643bbe9f2ec880c472) Importer(2089858483,0ecaa5967403d082aa24f35e1b516d23)
Start importing Assets/StarterAssets/ThirdPersonController/Prefabs/PlayerCapsule.prefab using Guid(2553cec8fdb3eb643bbe9f2ec880c472) Importer(2089858483,0ecaa5967403d082aa24f35e1b516d23) Generated GUIDs only implemented for interfaces!
 -> (artifact id: '71f40945707c336609780eff95666fb8') in 0.021470 seconds
Number of updated asset objects reloaded before import = 0
Number of asset objects unloaded after import = 17
========================================================================
Received Import Request.
  Time since last request: 0.000017 seconds.
  path: Assets/StarterAssets/ThirdPersonController/Scenes/PlaygroundSettings.lighting
  artifactKey: Guid(3b3f7400d3526e9429c39d03afb714b3) Importer(2089858483,0ecaa5967403d082aa24f35e1b516d23)
Start importing Assets/StarterAssets/ThirdPersonController/Scenes/PlaygroundSettings.lighting using Guid(3b3f7400d3526e9429c39d03afb714b3) Importer(2089858483,0ecaa5967403d082aa24f35e1b516d23) Generated GUIDs only implemented for interfaces!
 -> (artifact id: 'f3e6864b3c3cc3592f86eaa12f4b2ab3') in 0.030560 seconds
Number of updated asset objects reloaded before import = 0
Number of asset objects unloaded after import = 1
========================================================================
Received Import Request.
  Time since last request: 0.000014 seconds.
  path: Assets/StarterAssets/ThirdPersonController/Scripts/ThirdPersonController.cs
  artifactKey: Guid(26e54e5a728a9234ab24fcf1460ed8a2) Importer(2089858483,0ecaa5967403d082aa24f35e1b516d23)
Start importing Assets/StarterAssets/ThirdPersonController/Scripts/ThirdPersonController.cs using Guid(26e54e5a728a9234ab24fcf1460ed8a2) Importer(2089858483,0ecaa5967403d082aa24f35e1b516d23) Generated GUIDs only implemented for interfaces!
 -> (artifact id: '4f2a44f6f7da6a1012489543c1f8dd8c') in 0.028807 seconds
Number of updated asset objects reloaded before import = 0
Number of asset objects unloaded after import = 1
========================================================================
Received Import Request.
  Time since last request: 0.000021 seconds.
  path: Assets/Terrains/TerrainSampleAssets/Materials/Bush.asset
  artifactKey: Guid(a48ad8aadb27f004390383c89862e6f3) Importer(2089858483,0ecaa5967403d082aa24f35e1b516d23)
Start importing Assets/Terrains/TerrainSampleAssets/Materials/Bush.asset using Guid(a48ad8aadb27f004390383c89862e6f3) Importer(2089858483,0ecaa5967403d082aa24f35e1b516d23) Generated GUIDs only implemented for interfaces!
 -> (artifact id: '7dcee58b53e3e3ee9796f4b49c443425') in 0.069554 seconds
Number of updated asset objects reloaded before import = 0
Number of asset objects unloaded after import = 5
========================================================================
Received Import Request.
  Time since last request: 0.000023 seconds.
  path: Assets/StarterAssets/ThirdPersonController/Prefabs/PlayerArmature.prefab
  artifactKey: Guid(64dce48905ffd9b4293e595fa6941544) Importer(2089858483,0ecaa5967403d082aa24f35e1b516d23)
Start importing Assets/StarterAssets/ThirdPersonController/Prefabs/PlayerArmature.prefab using Guid(64dce48905ffd9b4293e595fa6941544) Importer(2089858483,0ecaa5967403d082aa24f35e1b516d23) Generated GUIDs only implemented for interfaces!
 -> (artifact id: 'f8104ab6a3873e084b271bbd4ae0fb37') in 0.052808 seconds
Number of updated asset objects reloaded before import = 0
Number of asset objects unloaded after import = 202
========================================================================
Received Import Request.
  Time since last request: 0.000038 seconds.
  path: Assets/StarterAssets/ThirdPersonController/Scenes/Playground.unity
  artifactKey: Guid(e9017d5f96b9f09489b4b37e1d6eb914) Importer(2089858483,0ecaa5967403d082aa24f35e1b516d23)
Start importing Assets/StarterAssets/ThirdPersonController/Scenes/Playground.unity using Guid(e9017d5f96b9f09489b4b37e1d6eb914) Importer(2089858483,0ecaa5967403d082aa24f35e1b516d23) Generated GUIDs only implemented for interfaces!
 -> (artifact id: 'bed54ef204b88e11540fa64103bbba52') in 0.012596 seconds
Number of updated asset objects reloaded before import = 0
Number of asset objects unloaded after import = 1
========================================================================
Received Import Request.
  Time since last request: 0.000015 seconds.
  path: Assets/StarterAssets/Mobile/UI/UI_Icon_Jump.png
  artifactKey: Guid(751aa1b6637101946b2fdbb7aa27d6ad) Importer(2089858483,0ecaa5967403d082aa24f35e1b516d23)
Start importing Assets/StarterAssets/Mobile/UI/UI_Icon_Jump.png using Guid(751aa1b6637101946b2fdbb7aa27d6ad) Importer(2089858483,0ecaa5967403d082aa24f35e1b516d23) Generated GUIDs only implemented for interfaces!
 -> (artifact id: 'fc6f40b1b532f456545ae28bd3bda9a9') in 0.043663 seconds
Number of updated asset objects reloaded before import = 0
Number of asset objects unloaded after import = 3
========================================================================
Received Import Request.
  Time since last request: 0.000017 seconds.
  path: Assets/StarterAssets/Environment/Prefabs/Wall_Prefab.prefab
  artifactKey: Guid(9eb847ab97b24024588682c8601254cf) Importer(2089858483,0ecaa5967403d082aa24f35e1b516d23)
Start importing Assets/StarterAssets/Environment/Prefabs/Wall_Prefab.prefab using Guid(9eb847ab97b24024588682c8601254cf) Importer(2089858483,0ecaa5967403d082aa24f35e1b516d23) Generated GUIDs only implemented for interfaces!
 -> (artifact id: '65ea064f053a9c6d5c1a6bfdfbb3eb3a') in 0.016277 seconds
Number of updated asset objects reloaded before import = 0
Number of asset objects unloaded after import = 9
========================================================================
Received Import Request.
  Time since last request: 0.000016 seconds.
  path: Assets/Terrains/TerrainSampleAssets/Models/BushDry_B.asset
  artifactKey: Guid(8d68c191594d5a24baee81cc22acf55b) Importer(2089858483,0ecaa5967403d082aa24f35e1b516d23)
Start importing Assets/Terrains/TerrainSampleAssets/Models/BushDry_B.asset using Guid(8d68c191594d5a24baee81cc22acf55b) Importer(2089858483,0ecaa5967403d082aa24f35e1b516d23) Generated GUIDs only implemented for interfaces!
 -> (artifact id: '425ea5404dfee57c9e647254f88b0f5a') in 0.022899 seconds
Number of updated asset objects reloaded before import = 0
Number of asset objects unloaded after import = 1
========================================================================
Received Import Request.
  Time since last request: 0.000017 seconds.
  path: Assets/Terrains/TerrainSampleAssets/Models/Fern_C.asset
  artifactKey: Guid(19f3cdde7d5104c4da897ac17045ddfd) Importer(2089858483,0ecaa5967403d082aa24f35e1b516d23)
Start importing Assets/Terrains/TerrainSampleAssets/Models/Fern_C.asset using Guid(19f3cdde7d5104c4da897ac17045ddfd) Importer(2089858483,0ecaa5967403d082aa24f35e1b516d23) Generated GUIDs only implemented for interfaces!
 -> (artifact id: '04abc8134f1f2103b6adb76d175fbb1a') in 0.014466 seconds
Number of updated asset objects reloaded before import = 0
Number of asset objects unloaded after import = 1
========================================================================
Received Import Request.
  Time since last request: 0.000028 seconds.
  path: Assets/Terrains/TerrainSampleAssets/Models/Heather_A.asset
  artifactKey: Guid(211a44eba6f5ca34ea3d3ac34bbc3469) Importer(2089858483,0ecaa5967403d082aa24f35e1b516d23)
Start importing Assets/Terrains/TerrainSampleAssets/Models/Heather_A.asset using Guid(211a44eba6f5ca34ea3d3ac34bbc3469) Importer(2089858483,0ecaa5967403d082aa24f35e1b516d23) Generated GUIDs only implemented for interfaces!
 -> (artifact id: 'd5f7b548af4287e25a7f2b66a9878809') in 0.014216 seconds
Number of updated asset objects reloaded before import = 0
Number of asset objects unloaded after import = 1
========================================================================
Received Import Request.
  Time since last request: 0.000025 seconds.
  path: Assets/Terrains/TerrainSampleAssets/Models/Heather_B.asset
  artifactKey: Guid(fa4ffd32709146c448c403bfd045f3fb) Importer(2089858483,0ecaa5967403d082aa24f35e1b516d23)
Start importing Assets/Terrains/TerrainSampleAssets/Models/Heather_B.asset using Guid(fa4ffd32709146c448c403bfd045f3fb) Importer(2089858483,0ecaa5967403d082aa24f35e1b516d23) Generated GUIDs only implemented for interfaces!
 -> (artifact id: 'a10eb6178bb13c7c658551ad49c8ca1d') in 0.018643 seconds
Number of updated asset objects reloaded before import = 0
Number of asset objects unloaded after import = 1
========================================================================
Received Import Request.
  Time since last request: 0.000021 seconds.
  path: Assets/Terrains/TerrainSampleAssets/Models/Bush_A.asset
  artifactKey: Guid(0c4301a6ce8e5964c8df62a78aca15d1) Importer(2089858483,0ecaa5967403d082aa24f35e1b516d23)
Start importing Assets/Terrains/TerrainSampleAssets/Models/Bush_A.asset using Guid(0c4301a6ce8e5964c8df62a78aca15d1) Importer(2089858483,0ecaa5967403d082aa24f35e1b516d23) Generated GUIDs only implemented for interfaces!
 -> (artifact id: '6a3ab346033e3b62cf21867b5db974d8') in 0.022974 seconds
Number of updated asset objects reloaded before import = 0
Number of asset objects unloaded after import = 1
========================================================================
Received Import Request.
  Time since last request: 0.000015 seconds.
  path: Assets/Terrains/TerrainSampleAssets/Models/GrassDry_A.asset
  artifactKey: Guid(95c06121a3f5d524c8cad4ff4e302950) Importer(2089858483,0ecaa5967403d082aa24f35e1b516d23)
Start importing Assets/Terrains/TerrainSampleAssets/Models/GrassDry_A.asset using Guid(95c06121a3f5d524c8cad4ff4e302950) Importer(2089858483,0ecaa5967403d082aa24f35e1b516d23) Generated GUIDs only implemented for interfaces!
 -> (artifact id: '2c0cee559be1e3cc85822964200bd124') in 0.014543 seconds
Number of updated asset objects reloaded before import = 0
Number of asset objects unloaded after import = 1
========================================================================
Received Import Request.
  Time since last request: 0.000015 seconds.
  path: Assets/Terrains/TerrainSampleAssets/Models/Grass_B.asset
  artifactKey: Guid(255522b0d4257624f93e110d4a6135ed) Importer(2089858483,0ecaa5967403d082aa24f35e1b516d23)
Start importing Assets/Terrains/TerrainSampleAssets/Models/Grass_B.asset using Guid(255522b0d4257624f93e110d4a6135ed) Importer(2089858483,0ecaa5967403d082aa24f35e1b516d23) Generated GUIDs only implemented for interfaces!
 -> (artifact id: '791fb9c5fa35d5e5b18fa2db859a9908') in 0.016122 seconds
Number of updated asset objects reloaded before import = 0
Number of asset objects unloaded after import = 1
========================================================================
Received Import Request.
  Time since last request: 0.000019 seconds.
  path: Assets/Terrains/TerrainSampleAssets/Models/GrassDry_B.asset
  artifactKey: Guid(34620cf8cdb76ba4b9af2acb627f7846) Importer(2089858483,0ecaa5967403d082aa24f35e1b516d23)
Start importing Assets/Terrains/TerrainSampleAssets/Models/GrassDry_B.asset using Guid(34620cf8cdb76ba4b9af2acb627f7846) Importer(2089858483,0ecaa5967403d082aa24f35e1b516d23) Generated GUIDs only implemented for interfaces!
 -> (artifact id: '1db1a66402c93970b88a6d85b179ec04') in 0.014357 seconds
Number of updated asset objects reloaded before import = 0
Number of asset objects unloaded after import = 1
========================================================================
Received Import Request.
  Time since last request: 0.000022 seconds.
  path: Assets/Terrains/TerrainSampleAssets/Models/Bush_B.asset
  artifactKey: Guid(1ea33222cad50ad49aa4978bc84846e4) Importer(2089858483,0ecaa5967403d082aa24f35e1b516d23)
Start importing Assets/Terrains/TerrainSampleAssets/Models/Bush_B.asset using Guid(1ea33222cad50ad49aa4978bc84846e4) Importer(2089858483,0ecaa5967403d082aa24f35e1b516d23) Generated GUIDs only implemented for interfaces!
 -> (artifact id: '680af0fbb16a038f142c66ae82166eb6') in 0.019971 seconds
Number of updated asset objects reloaded before import = 0
Number of asset objects unloaded after import = 1
========================================================================
Received Import Request.
  Time since last request: 0.000026 seconds.
  path: Assets/Terrains/TerrainSampleAssets/Materials/Grass_C.asset
  artifactKey: Guid(d3f698d8d13edc2478d19e143b436434) Importer(2089858483,0ecaa5967403d082aa24f35e1b516d23)
Start importing Assets/Terrains/TerrainSampleAssets/Materials/Grass_C.asset using Guid(d3f698d8d13edc2478d19e143b436434) Importer(2089858483,0ecaa5967403d082aa24f35e1b516d23) Generated GUIDs only implemented for interfaces!
 -> (artifact id: '91a0fb3f66a9fd886287d924eaa6475c') in 0.085220 seconds
Number of updated asset objects reloaded before import = 0
Number of asset objects unloaded after import = 6
========================================================================
Received Import Request.
  Time since last request: 0.000015 seconds.
  path: Assets/Models/RealFruit_Apple/Materials/Apple_half 2.mat
  artifactKey: Guid(64581b99ed1037945b338311b847ec2f) Importer(2089858483,0ecaa5967403d082aa24f35e1b516d23)
Start importing Assets/Models/RealFruit_Apple/Materials/Apple_half 2.mat using Guid(64581b99ed1037945b338311b847ec2f) Importer(2089858483,0ecaa5967403d082aa24f35e1b516d23) Generated GUIDs only implemented for interfaces!
 -> (artifact id: '0ea8049293cd0e954ff58b7461551947') in 0.024971 seconds
Number of updated asset objects reloaded before import = 0
Number of asset objects unloaded after import = 1
========================================================================
Received Import Request.
  Time since last request: 0.000015 seconds.
  path: Assets/Models/HQ Rocks/Textures/Rock_detailed_n_v3.png
  artifactKey: Guid(571ced8f88fa015429836f7d7d7f204c) Importer(2089858483,0ecaa5967403d082aa24f35e1b516d23)
Start importing Assets/Models/HQ Rocks/Textures/Rock_detailed_n_v3.png using Guid(571ced8f88fa015429836f7d7d7f204c) Importer(2089858483,0ecaa5967403d082aa24f35e1b516d23) Generated GUIDs only implemented for interfaces!
 -> (artifact id: 'ba4586b28ec34d533e9a4cee262c8abc') in 0.049587 seconds
Number of updated asset objects reloaded before import = 0
Number of asset objects unloaded after import = 1
========================================================================
Received Import Request.
  Time since last request: 0.000017 seconds.
  path: Assets/Terrains/TerrainSampleAssets/Materials/Heather.asset
  artifactKey: Guid(9ef29f7651a5050409fa9822d6d4f941) Importer(2089858483,0ecaa5967403d082aa24f35e1b516d23)
Start importing Assets/Terrains/TerrainSampleAssets/Materials/Heather.asset using Guid(9ef29f7651a5050409fa9822d6d4f941) Importer(2089858483,0ecaa5967403d082aa24f35e1b516d23) Generated GUIDs only implemented for interfaces!
 -> (artifact id: 'f51ac4be4d55502c518c22c0048610aa') in 0.081259 seconds
Number of updated asset objects reloaded before import = 0
Number of asset objects unloaded after import = 6
========================================================================
Received Import Request.
  Time since last request: 0.000030 seconds.
  path: Assets/Models/RealFruit_Apple/Materials/Apple_half.mat
  artifactKey: Guid(f1e874da2078e784abf720de89ac83cd) Importer(2089858483,0ecaa5967403d082aa24f35e1b516d23)
Start importing Assets/Models/RealFruit_Apple/Materials/Apple_half.mat using Guid(f1e874da2078e784abf720de89ac83cd) Importer(2089858483,0ecaa5967403d082aa24f35e1b516d23) Generated GUIDs only implemented for interfaces!
 -> (artifact id: 'd777057ae9ad13f3df7916382bb5934b') in 0.019471 seconds
Number of updated asset objects reloaded before import = 0
Number of asset objects unloaded after import = 1
========================================================================
Received Import Request.
  Time since last request: 0.000021 seconds.
  path: Assets/Terrains/TerrainSampleAssets/Models/Plant_A.asset
  artifactKey: Guid(d427b65f0342fe84fa77dabe420757ee) Importer(2089858483,0ecaa5967403d082aa24f35e1b516d23)
Start importing Assets/Terrains/TerrainSampleAssets/Models/Plant_A.asset using Guid(d427b65f0342fe84fa77dabe420757ee) Importer(2089858483,0ecaa5967403d082aa24f35e1b516d23) Generated GUIDs only implemented for interfaces!
 -> (artifact id: '8241a4a21f4a3d3916f696c89b746741') in 0.017379 seconds
Number of updated asset objects reloaded before import = 0
Number of asset objects unloaded after import = 1
========================================================================
Received Import Request.
  Time since last request: 0.000013 seconds.
  path: Assets/StarterAssets/Environment/Prefabs/Tunnel_Prefab.prefab
  artifactKey: Guid(e5d7b87d422ee0f478ee09eb32e24f4e) Importer(2089858483,0ecaa5967403d082aa24f35e1b516d23)
Start importing Assets/StarterAssets/Environment/Prefabs/Tunnel_Prefab.prefab using Guid(e5d7b87d422ee0f478ee09eb32e24f4e) Importer(2089858483,0ecaa5967403d082aa24f35e1b516d23) Generated GUIDs only implemented for interfaces!
 -> (artifact id: 'f9e425f0162aedb42a2b9a056b8f4088') in 0.018611 seconds
Number of updated asset objects reloaded before import = 0
Number of asset objects unloaded after import = 10
========================================================================
Received Import Request.
  Time since last request: 0.000018 seconds.
  path: Assets/Skyboxes/Wispy Sky/Demo/Demo.unity
  artifactKey: Guid(c0a6d638ed3654b4dba4801b696ca3f5) Importer(2089858483,0ecaa5967403d082aa24f35e1b516d23)
Start importing Assets/Skyboxes/Wispy Sky/Demo/Demo.unity using Guid(c0a6d638ed3654b4dba4801b696ca3f5) Importer(2089858483,0ecaa5967403d082aa24f35e1b516d23) Generated GUIDs only implemented for interfaces!
 -> (artifact id: '5ebf0680aade9b36c3876cbf26615798') in 0.015177 seconds
Number of updated asset objects reloaded before import = 0
Number of asset objects unloaded after import = 1
========================================================================
Received Import Request.
  Time since last request: 0.000026 seconds.
  path: Assets/Models/HQ Rocks/Textures/Rock_m_v1.tga
  artifactKey: Guid(e605d027a37e9f347b55805dd387b8b0) Importer(2089858483,0ecaa5967403d082aa24f35e1b516d23)
Start importing Assets/Models/HQ Rocks/Textures/Rock_m_v1.tga using Guid(e605d027a37e9f347b55805dd387b8b0) Importer(2089858483,0ecaa5967403d082aa24f35e1b516d23) Generated GUIDs only implemented for interfaces!
 -> (artifact id: '902cc264cbd6eeb62e186f1c9cd9a547') in 0.045247 seconds
Number of updated asset objects reloaded before import = 0
Number of asset objects unloaded after import = 1
========================================================================
Received Import Request.
  Time since last request: 0.000022 seconds.
  path: Assets/Terrains/TerrainSampleAssets/Models/Grass_A.asset
  artifactKey: Guid(c8542799e804ef04eb35ba93777008a8) Importer(2089858483,0ecaa5967403d082aa24f35e1b516d23)
Start importing Assets/Terrains/TerrainSampleAssets/Models/Grass_A.asset using Guid(c8542799e804ef04eb35ba93777008a8) Importer(2089858483,0ecaa5967403d082aa24f35e1b516d23) Generated GUIDs only implemented for interfaces!
 -> (artifact id: '5ba550d24276cb0fbbaac22534ce8f18') in 0.015300 seconds
Number of updated asset objects reloaded before import = 0
Number of asset objects unloaded after import = 1
========================================================================
Received Import Request.
  Time since last request: 0.000022 seconds.
  path: Assets/Skyboxes/Wispy Sky/Extras/SphericalRenderEXR.exr
  artifactKey: Guid(205622cd1d63ed349b5ff37887269e47) Importer(2089858483,0ecaa5967403d082aa24f35e1b516d23)
Start importing Assets/Skyboxes/Wispy Sky/Extras/SphericalRenderEXR.exr using Guid(205622cd1d63ed349b5ff37887269e47) Importer(2089858483,0ecaa5967403d082aa24f35e1b516d23) Generated GUIDs only implemented for interfaces!
 -> (artifact id: 'bb32a8b35b7f5b4a7a0cdf4498d48b25') in 0.084527 seconds
Number of updated asset objects reloaded before import = 0
Number of asset objects unloaded after import = 1
========================================================================
Received Import Request.
  Time since last request: 0.000014 seconds.
  path: Assets/Terrains/TerrainSampleAssets/Prefabs/Fern_B.prefab
  artifactKey: Guid(5e7ace55a7bfd0d4f9ba3c05024e9d79) Importer(2089858483,0ecaa5967403d082aa24f35e1b516d23)
Start importing Assets/Terrains/TerrainSampleAssets/Prefabs/Fern_B.prefab using Guid(5e7ace55a7bfd0d4f9ba3c05024e9d79) Importer(2089858483,0ecaa5967403d082aa24f35e1b516d23) Generated GUIDs only implemented for interfaces!
 -> (artifact id: '2fbd99bc150f02ab8d7cd5bd8d1cf15d') in 0.017492 seconds
Number of updated asset objects reloaded before import = 0
Number of asset objects unloaded after import = 7
========================================================================
Received Import Request.
  Time since last request: 0.000017 seconds.
  path: Assets/Terrains/TerrainSampleAssets/Prefabs/Heather_A.prefab
  artifactKey: Guid(cce04f533c148314abf74aff71206ec7) Importer(2089858483,0ecaa5967403d082aa24f35e1b516d23)
Start importing Assets/Terrains/TerrainSampleAssets/Prefabs/Heather_A.prefab using Guid(cce04f533c148314abf74aff71206ec7) Importer(2089858483,0ecaa5967403d082aa24f35e1b516d23) Generated GUIDs only implemented for interfaces!
 -> (artifact id: '5ddc0299e38e167b06eb74ec0b85c71e') in 0.029512 seconds
Number of updated asset objects reloaded before import = 0
Number of asset objects unloaded after import = 7
========================================================================
Received Import Request.
  Time since last request: 0.000022 seconds.
  path: Assets/Terrains/TerrainSampleAssets/TerrainBrushes/Soft_Round_Brush.brush
  artifactKey: Guid(a757b66aa1cbcbe4595dd37a3729ba24) Importer(2089858483,0ecaa5967403d082aa24f35e1b516d23)
Start importing Assets/Terrains/TerrainSampleAssets/TerrainBrushes/Soft_Round_Brush.brush using Guid(a757b66aa1cbcbe4595dd37a3729ba24) Importer(2089858483,0ecaa5967403d082aa24f35e1b516d23) Generated GUIDs only implemented for interfaces!
 -> (artifact id: 'c76434ebc96ee93e92cd0d362ca355f7') in 0.015338 seconds
Number of updated asset objects reloaded before import = 0
Number of asset objects unloaded after import = 2
========================================================================
Received Import Request.
  Time since last request: 0.000029 seconds.
  path: Assets/Terrains/TerrainSampleAssets/TerrainBrushes/Terrainstamp_Crackedground02_Brush.brush
  artifactKey: Guid(61e8c4f14d0453448b7e510f7f96990c) Importer(2089858483,0ecaa5967403d082aa24f35e1b516d23)
Start importing Assets/Terrains/TerrainSampleAssets/TerrainBrushes/Terrainstamp_Crackedground02_Brush.brush using Guid(61e8c4f14d0453448b7e510f7f96990c) Importer(2089858483,0ecaa5967403d082aa24f35e1b516d23) Generated GUIDs only implemented for interfaces!
 -> (artifact id: '186561297b05ddf1b9527370e96c5ab9') in 0.019049 seconds
Number of updated asset objects reloaded before import = 0
Number of asset objects unloaded after import = 2
========================================================================
Received Import Request.
  Time since last request: 0.000014 seconds.
  path: Assets/Terrains/TerrainSampleAssets/Prefabs/Grass_D.prefab
  artifactKey: Guid(4dfd50a1f648e984f8188be70774f281) Importer(2089858483,0ecaa5967403d082aa24f35e1b516d23)
Start importing Assets/Terrains/TerrainSampleAssets/Prefabs/Grass_D.prefab using Guid(4dfd50a1f648e984f8188be70774f281) Importer(2089858483,0ecaa5967403d082aa24f35e1b516d23) Generated GUIDs only implemented for interfaces!
 -> (artifact id: '658b6b78ec4d0dfcad9eb327670ca4ce') in 0.017998 seconds
Number of updated asset objects reloaded before import = 0
Number of asset objects unloaded after import = 7
========================================================================
Received Import Request.
  Time since last request: 0.000015 seconds.
  path: Assets/Terrains/TerrainSampleAssets/TerrainBrushes/Terrainstamp_Canyon03_Brush.brush
  artifactKey: Guid(d4e29f095247ea040aabee8a6cb3b010) Importer(2089858483,0ecaa5967403d082aa24f35e1b516d23)
Start importing Assets/Terrains/TerrainSampleAssets/TerrainBrushes/Terrainstamp_Canyon03_Brush.brush using Guid(d4e29f095247ea040aabee8a6cb3b010) Importer(2089858483,0ecaa5967403d082aa24f35e1b516d23) Generated GUIDs only implemented for interfaces!
 -> (artifact id: '5b222e05e0cf695b0c9568fd1a8dc254') in 0.021642 seconds
Number of updated asset objects reloaded before import = 0
Number of asset objects unloaded after import = 2
========================================================================
Received Import Request.
  Time since last request: 0.000016 seconds.
  path: Assets/Terrains/TerrainSampleAssets/Prefabs/Plant_D.prefab
  artifactKey: Guid(8569bec78272c564ab74ca5b8a4762f1) Importer(2089858483,0ecaa5967403d082aa24f35e1b516d23)
Start importing Assets/Terrains/TerrainSampleAssets/Prefabs/Plant_D.prefab using Guid(8569bec78272c564ab74ca5b8a4762f1) Importer(2089858483,0ecaa5967403d082aa24f35e1b516d23) Generated GUIDs only implemented for interfaces!
 -> (artifact id: 'd9a57429dc68746cb90d2124b79d05a6') in 0.016881 seconds
Number of updated asset objects reloaded before import = 0
Number of asset objects unloaded after import = 7
========================================================================
Received Import Request.
  Time since last request: 0.000019 seconds.
  path: Assets/Terrains/TerrainSampleAssets/TerrainBrushes/Terrainstamp_Canyon01_Brush.brush
  artifactKey: Guid(9b1536174e1306f4eb016fe953e5a678) Importer(2089858483,0ecaa5967403d082aa24f35e1b516d23)
Start importing Assets/Terrains/TerrainSampleAssets/TerrainBrushes/Terrainstamp_Canyon01_Brush.brush using Guid(9b1536174e1306f4eb016fe953e5a678) Importer(2089858483,0ecaa5967403d082aa24f35e1b516d23) Generated GUIDs only implemented for interfaces!
 -> (artifact id: '1332998386651d483804e94384a3997c') in 0.017822 seconds
Number of updated asset objects reloaded before import = 0
Number of asset objects unloaded after import = 2
========================================================================
Received Import Request.
  Time since last request: 0.000017 seconds.
  path: Assets/Terrains/TerrainSampleAssets/ShaderGraphs/TerrainGrass.shadergraph
  artifactKey: Guid(dfa3b96612ed4df4a97b7fd06217ba23) Importer(2089858483,0ecaa5967403d082aa24f35e1b516d23)
Start importing Assets/Terrains/TerrainSampleAssets/ShaderGraphs/TerrainGrass.shadergraph using Guid(dfa3b96612ed4df4a97b7fd06217ba23) Importer(2089858483,0ecaa5967403d082aa24f35e1b516d23) Generated GUIDs only implemented for interfaces!
 -> (artifact id: '752478c45614f6b4a01e7b48cf7d8b8e') in 0.156058 seconds
Number of updated asset objects reloaded before import = 0
Number of asset objects unloaded after import = 3
========================================================================
Received Import Request.
  Time since last request: 0.000023 seconds.
  path: Assets/Terrains/TerrainSampleAssets/Prefabs/BushDry_B.prefab
  artifactKey: Guid(054bf5cf244ff2e4083cbf8eca205cf0) Importer(2089858483,0ecaa5967403d082aa24f35e1b516d23)
Start importing Assets/Terrains/TerrainSampleAssets/Prefabs/BushDry_B.prefab using Guid(054bf5cf244ff2e4083cbf8eca205cf0) Importer(2089858483,0ecaa5967403d082aa24f35e1b516d23) Generated GUIDs only implemented for interfaces!
 -> (artifact id: 'e852ecdbffa9aefcfa15e6746e28d33f') in 0.019210 seconds
Number of updated asset objects reloaded before import = 0
Number of asset objects unloaded after import = 7
========================================================================
Received Import Request.
  Time since last request: 0.000014 seconds.
  path: Assets/Terrains/TerrainSampleAssets/Prefabs/Bush_B.prefab
  artifactKey: Guid(b273de0d6e5818a4cb3195ce4f376ccb) Importer(2089858483,0ecaa5967403d082aa24f35e1b516d23)
Start importing Assets/Terrains/TerrainSampleAssets/Prefabs/Bush_B.prefab using Guid(b273de0d6e5818a4cb3195ce4f376ccb) Importer(2089858483,0ecaa5967403d082aa24f35e1b516d23) Generated GUIDs only implemented for interfaces!
 -> (artifact id: '0c9de62a9eed4efebc9ffb5dd40c9b70') in 0.015467 seconds
Number of updated asset objects reloaded before import = 0
Number of asset objects unloaded after import = 7
========================================================================
Received Import Request.
  Time since last request: 0.000015 seconds.
  path: Assets/Terrains/TerrainSampleAssets/TerrainBrushes/Terrainstamp_Crackedground01_Brush.brush
  artifactKey: Guid(a27a2665c8aec334ba8bbba24ee0c827) Importer(2089858483,0ecaa5967403d082aa24f35e1b516d23)
Start importing Assets/Terrains/TerrainSampleAssets/TerrainBrushes/Terrainstamp_Crackedground01_Brush.brush using Guid(a27a2665c8aec334ba8bbba24ee0c827) Importer(2089858483,0ecaa5967403d082aa24f35e1b516d23) Generated GUIDs only implemented for interfaces!
 -> (artifact id: '35c900b374220ae56cc63e238805caa1') in 0.019927 seconds
Number of updated asset objects reloaded before import = 0
Number of asset objects unloaded after import = 2
========================================================================
Received Import Request.
  Time since last request: 0.000019 seconds.
  path: Assets/Terrains/TerrainSampleAssets/Prefabs/Fern_A.prefab
  artifactKey: Guid(6629880e46886724fa0107d3035304e6) Importer(2089858483,0ecaa5967403d082aa24f35e1b516d23)
Start importing Assets/Terrains/TerrainSampleAssets/Prefabs/Fern_A.prefab using Guid(6629880e46886724fa0107d3035304e6) Importer(2089858483,0ecaa5967403d082aa24f35e1b516d23) Generated GUIDs only implemented for interfaces!
 -> (artifact id: 'b55d0e710490e0b29b0dc24d47768725') in 0.015814 seconds
Number of updated asset objects reloaded before import = 0
Number of asset objects unloaded after import = 7
========================================================================
Received Import Request.
  Time since last request: 0.000025 seconds.
  path: Assets/Terrains/TerrainSampleAssets/Settings/FoliageDiffusionProfile.asset
  artifactKey: Guid(a4f9b0b21cfa10140b76854ccb395dcf) Importer(2089858483,0ecaa5967403d082aa24f35e1b516d23)
Start importing Assets/Terrains/TerrainSampleAssets/Settings/FoliageDiffusionProfile.asset using Guid(a4f9b0b21cfa10140b76854ccb395dcf) Importer(2089858483,0ecaa5967403d082aa24f35e1b516d23) Generated GUIDs only implemented for interfaces!
 -> (artifact id: '4d33f965065b56232148b8d5535f4fe2') in 0.025627 seconds
Number of updated asset objects reloaded before import = 0
Number of asset objects unloaded after import = 1
========================================================================
Received Import Request.
  Time since last request: 0.000023 seconds.
  path: Assets/Terrains/TerrainSampleAssets/Prefabs/BushDry_A.prefab
  artifactKey: Guid(176a42107ce66c44aa74a67424591597) Importer(2089858483,0ecaa5967403d082aa24f35e1b516d23)
Start importing Assets/Terrains/TerrainSampleAssets/Prefabs/BushDry_A.prefab using Guid(176a42107ce66c44aa74a67424591597) Importer(2089858483,0ecaa5967403d082aa24f35e1b516d23) Generated GUIDs only implemented for interfaces!
 -> (artifact id: '25b9907261e25399be1863d9180022b6') in 0.017064 seconds
Number of updated asset objects reloaded before import = 0
Number of asset objects unloaded after import = 7
========================================================================
Received Import Request.
  Time since last request: 0.000029 seconds.
  path: Assets/StarterAssets/Environment/Prefabs/Box_100x100x100_Prefab.prefab
  artifactKey: Guid(e5f4daf24146ee040b5a2d7a73b30aa0) Importer(2089858483,0ecaa5967403d082aa24f35e1b516d23)
Start importing Assets/StarterAssets/Environment/Prefabs/Box_100x100x100_Prefab.prefab using Guid(e5f4daf24146ee040b5a2d7a73b30aa0) Importer(2089858483,0ecaa5967403d082aa24f35e1b516d23) Generated GUIDs only implemented for interfaces!
 -> (artifact id: '9ff3104e8742164ad6fb5d298b0025ce') in 0.032155 seconds
Number of updated asset objects reloaded before import = 0
Number of asset objects unloaded after import = 7
========================================================================
Received Import Request.
  Time since last request: 0.000015 seconds.
  path: Assets/Models/HQ Rocks/Materials/Rock_7_v2.mat
  artifactKey: Guid(81e03b5a43e2be8429b14acf989293d8) Importer(2089858483,0ecaa5967403d082aa24f35e1b516d23)
Start importing Assets/Models/HQ Rocks/Materials/Rock_7_v2.mat using Guid(81e03b5a43e2be8429b14acf989293d8) Importer(2089858483,0ecaa5967403d082aa24f35e1b516d23) Generated GUIDs only implemented for interfaces!
 -> (artifact id: '281954da832321f2e7fc963bf21af091') in 0.108643 seconds
Number of updated asset objects reloaded before import = 0
Number of asset objects unloaded after import = 5
========================================================================
Received Import Request.
  Time since last request: 0.000024 seconds.
  path: Assets/Terrains/TerrainSampleAssets/TerrainBrushes/Terrainstamp_Volcano01_Brush.brush
  artifactKey: Guid(e5a2f11e9d7a4da4caf17b3e59800215) Importer(2089858483,0ecaa5967403d082aa24f35e1b516d23)
Start importing Assets/Terrains/TerrainSampleAssets/TerrainBrushes/Terrainstamp_Volcano01_Brush.brush using Guid(e5a2f11e9d7a4da4caf17b3e59800215) Importer(2089858483,0ecaa5967403d082aa24f35e1b516d23) Generated GUIDs only implemented for interfaces!
 -> (artifact id: '17ee5a0170866f8b4c80291ba917da84') in 0.038473 seconds
Number of updated asset objects reloaded before import = 0
Number of asset objects unloaded after import = 2
========================================================================
Received Import Request.
  Time since last request: 0.000018 seconds.
  path: Assets/Terrains/TerrainSampleAssets/TerrainBrushes/Terrainstamp_Hills02_Brush.brush
  artifactKey: Guid(f31e3331ec5f6954e8c6ac51cc3d8c79) Importer(2089858483,0ecaa5967403d082aa24f35e1b516d23)
Start importing Assets/Terrains/TerrainSampleAssets/TerrainBrushes/Terrainstamp_Hills02_Brush.brush using Guid(f31e3331ec5f6954e8c6ac51cc3d8c79) Importer(2089858483,0ecaa5967403d082aa24f35e1b516d23) Generated GUIDs only implemented for interfaces!
 -> (artifact id: 'd221dd966164872989c9dc8759ef6656') in 0.050572 seconds
Number of updated asset objects reloaded before import = 0
Number of asset objects unloaded after import = 2
========================================================================
Received Import Request.
  Time since last request: 0.000028 seconds.
  path: Assets/Terrains/TerrainSampleAssets/TerrainBrushes/Terrainstamp_Plateau02_Brush.brush
  artifactKey: Guid(11e6706e84aaff345ac7f2478d9d88a3) Importer(2089858483,0ecaa5967403d082aa24f35e1b516d23)
Start importing Assets/Terrains/TerrainSampleAssets/TerrainBrushes/Terrainstamp_Plateau02_Brush.brush using Guid(11e6706e84aaff345ac7f2478d9d88a3) Importer(2089858483,0ecaa5967403d082aa24f35e1b516d23) Generated GUIDs only implemented for interfaces!
 -> (artifact id: '098c0f1fb4d5cf7dec9bba9e62ea19ce') in 0.022000 seconds
Number of updated asset objects reloaded before import = 0
Number of asset objects unloaded after import = 2
========================================================================
Received Import Request.
  Time since last request: 0.000017 seconds.
  path: Assets/Terrains/TerrainSampleAssets/TerrainBrushes/Terrainstamp_Slope04_Brush.brush
  artifactKey: Guid(da7c572fc46d2a345963c4775ee9dc60) Importer(2089858483,0ecaa5967403d082aa24f35e1b516d23)
Start importing Assets/Terrains/TerrainSampleAssets/TerrainBrushes/Terrainstamp_Slope04_Brush.brush using Guid(da7c572fc46d2a345963c4775ee9dc60) Importer(2089858483,0ecaa5967403d082aa24f35e1b516d23) Generated GUIDs only implemented for interfaces!
 -> (artifact id: '0f2b2bb57c4196302257fb9b56be6af3') in 0.036029 seconds
Number of updated asset objects reloaded before import = 0
Number of asset objects unloaded after import = 2
========================================================================
Received Import Request.
  Time since last request: 0.000020 seconds.
  path: Assets/Terrains/TerrainSampleAssets/TerrainBrushes/Terrainstamp_Flatmountain01_Brush.brush
  artifactKey: Guid(5ca44fb774755d14f93870431e58a1e2) Importer(2089858483,0ecaa5967403d082aa24f35e1b516d23)
Start importing Assets/Terrains/TerrainSampleAssets/TerrainBrushes/Terrainstamp_Flatmountain01_Brush.brush using Guid(5ca44fb774755d14f93870431e58a1e2) Importer(2089858483,0ecaa5967403d082aa24f35e1b516d23) Generated GUIDs only implemented for interfaces!
 -> (artifact id: 'aef3d3aad7857ac30743e24aa9c09ec0') in 0.046279 seconds
Number of updated asset objects reloaded before import = 0
Number of asset objects unloaded after import = 2
========================================================================
Received Import Request.
  Time since last request: 0.000015 seconds.
  path: Assets/Terrains/TerrainSampleAssets/TerrainBrushes/Terrainstamp_Ridgeedge01_Brush.brush
  artifactKey: Guid(b47c02079aebe594a94e62b833a0616b) Importer(2089858483,0ecaa5967403d082aa24f35e1b516d23)
Start importing Assets/Terrains/TerrainSampleAssets/TerrainBrushes/Terrainstamp_Ridgeedge01_Brush.brush using Guid(b47c02079aebe594a94e62b833a0616b) Importer(2089858483,0ecaa5967403d082aa24f35e1b516d23) Generated GUIDs only implemented for interfaces!
 -> (artifact id: 'be6f4ba9edadae175636567e49f23efd') in 0.033712 seconds
Number of updated asset objects reloaded before import = 0
Number of asset objects unloaded after import = 2
========================================================================
Received Import Request.
  Time since last request: 0.000017 seconds.
  path: Assets/Terrains/TerrainSampleAssets/TerrainBrushes/Terrainstamp_Mountain06_Brush.brush
  artifactKey: Guid(1f59549ee2c7eab4d833e1b9cd1bb76b) Importer(2089858483,0ecaa5967403d082aa24f35e1b516d23)
Start importing Assets/Terrains/TerrainSampleAssets/TerrainBrushes/Terrainstamp_Mountain06_Brush.brush using Guid(1f59549ee2c7eab4d833e1b9cd1bb76b) Importer(2089858483,0ecaa5967403d082aa24f35e1b516d23) Generated GUIDs only implemented for interfaces!
 -> (artifact id: '439e1623af94c8b50b5142cb2fa91757') in 0.023273 seconds
Number of updated asset objects reloaded before import = 0
Number of asset objects unloaded after import = 2
========================================================================
Received Import Request.
  Time since last request: 0.000022 seconds.
  path: Assets/Terrains/TerrainSampleAssets/TerrainBrushes/Terrainstamp_Slope01_Brush.brush
  artifactKey: Guid(d09f2ace661e1be4a8b5e60d52ab9e37) Importer(2089858483,0ecaa5967403d082aa24f35e1b516d23)
Start importing Assets/Terrains/TerrainSampleAssets/TerrainBrushes/Terrainstamp_Slope01_Brush.brush using Guid(d09f2ace661e1be4a8b5e60d52ab9e37) Importer(2089858483,0ecaa5967403d082aa24f35e1b516d23) Generated GUIDs only implemented for interfaces!
 -> (artifact id: '231242c63f1c5d6e9cc128c68fbc6d99') in 0.047305 seconds
Number of updated asset objects reloaded before import = 0
Number of asset objects unloaded after import = 2
========================================================================
Received Import Request.
  Time since last request: 0.000015 seconds.
  path: Assets/Terrains/TerrainSampleAssets/TerrainBrushes/Terrainstamp_Ridge05_Brush.brush
  artifactKey: Guid(014d61beb3975e849b26bc42fbf17b42) Importer(2089858483,0ecaa5967403d082aa24f35e1b516d23)
Start importing Assets/Terrains/TerrainSampleAssets/TerrainBrushes/Terrainstamp_Ridge05_Brush.brush using Guid(014d61beb3975e849b26bc42fbf17b42) Importer(2089858483,0ecaa5967403d082aa24f35e1b516d23) Generated GUIDs only implemented for interfaces!
 -> (artifact id: '589e0030de6d7e5bdfc1b182c0b62ec7') in 0.034386 seconds
Number of updated asset objects reloaded before import = 0
Number of asset objects unloaded after import = 2
========================================================================
Received Import Request.
  Time since last request: 0.000014 seconds.
  path: Assets/Terrains/TerrainSampleAssets/TerrainBrushes/Terrainstamp_Mountain11_Brush.brush
  artifactKey: Guid(3a23908d07382b448b4dbd8adef2c4a0) Importer(2089858483,0ecaa5967403d082aa24f35e1b516d23)
Start importing Assets/Terrains/TerrainSampleAssets/TerrainBrushes/Terrainstamp_Mountain11_Brush.brush using Guid(3a23908d07382b448b4dbd8adef2c4a0) Importer(2089858483,0ecaa5967403d082aa24f35e1b516d23) Generated GUIDs only implemented for interfaces!
 -> (artifact id: '5637d83dbd044b47acf8d4a4d2b3c9af') in 0.036185 seconds
Number of updated asset objects reloaded before import = 0
Number of asset objects unloaded after import = 2
========================================================================
Received Import Request.
  Time since last request: 0.000021 seconds.
  path: Assets/Terrains/TerrainSampleAssets/TerrainBrushes/Terrainstamp_Hills01_Brush.brush
  artifactKey: Guid(df5900f192ad71b4c9f0d3b57daadc1e) Importer(2089858483,0ecaa5967403d082aa24f35e1b516d23)
Start importing Assets/Terrains/TerrainSampleAssets/TerrainBrushes/Terrainstamp_Hills01_Brush.brush using Guid(df5900f192ad71b4c9f0d3b57daadc1e) Importer(2089858483,0ecaa5967403d082aa24f35e1b516d23) Generated GUIDs only implemented for interfaces!
 -> (artifact id: '9fff83e9f3d429a93fda2aefe0838e22') in 0.034250 seconds
Number of updated asset objects reloaded before import = 0
Number of asset objects unloaded after import = 2
========================================================================
Received Import Request.
  Time since last request: 0.000017 seconds.
  path: Assets/Terrains/TerrainSampleAssets/TerrainBrushes/Terrainstamp_Mountain02_Brush.brush
  artifactKey: Guid(8569f88df55a4b64b997e64b2aa69432) Importer(2089858483,0ecaa5967403d082aa24f35e1b516d23)
Start importing Assets/Terrains/TerrainSampleAssets/TerrainBrushes/Terrainstamp_Mountain02_Brush.brush using Guid(8569f88df55a4b64b997e64b2aa69432) Importer(2089858483,0ecaa5967403d082aa24f35e1b516d23) Generated GUIDs only implemented for interfaces!
 -> (artifact id: 'aeb7c14a76f127c50c6c1dcd1f7bbce4') in 0.019883 seconds
Number of updated asset objects reloaded before import = 0
Number of asset objects unloaded after import = 2
========================================================================
Received Import Request.
  Time since last request: 0.000029 seconds.
  path: Assets/Terrains/TerrainSampleAssets/TerrainBrushes/Terrainstamp_Slope02_Brush.brush
  artifactKey: Guid(6e325b7abaea45841a5bcb6c09fde762) Importer(2089858483,0ecaa5967403d082aa24f35e1b516d23)
Start importing Assets/Terrains/TerrainSampleAssets/TerrainBrushes/Terrainstamp_Slope02_Brush.brush using Guid(6e325b7abaea45841a5bcb6c09fde762) Importer(2089858483,0ecaa5967403d082aa24f35e1b516d23) Generated GUIDs only implemented for interfaces!
 -> (artifact id: '47e4774304de5272ade25612475dd314') in 0.036535 seconds
Number of updated asset objects reloaded before import = 0
Number of asset objects unloaded after import = 2
========================================================================
Received Import Request.
  Time since last request: 0.000016 seconds.
  path: Assets/Terrains/TerrainSampleAssets/TerrainBrushes/Terrainstamp_Mountain08_Brush.brush
  artifactKey: Guid(f3ac69de155752e498f0f9864e41e7a1) Importer(2089858483,0ecaa5967403d082aa24f35e1b516d23)
Start importing Assets/Terrains/TerrainSampleAssets/TerrainBrushes/Terrainstamp_Mountain08_Brush.brush using Guid(f3ac69de155752e498f0f9864e41e7a1) Importer(2089858483,0ecaa5967403d082aa24f35e1b516d23) Generated GUIDs only implemented for interfaces!
 -> (artifact id: '300edc3a0896f361e85a759452bf9305') in 0.049868 seconds
Number of updated asset objects reloaded before import = 0
Number of asset objects unloaded after import = 2
========================================================================
Received Import Request.
  Time since last request: 0.000019 seconds.
  path: Assets/Textures/Sand textures pack/Sand 01/diffuse.tga
  artifactKey: Guid(822fc2dd0b7f9e442873abf0ab7796eb) Importer(2089858483,0ecaa5967403d082aa24f35e1b516d23)
Start importing Assets/Textures/Sand textures pack/Sand 01/diffuse.tga using Guid(822fc2dd0b7f9e442873abf0ab7796eb) Importer(2089858483,0ecaa5967403d082aa24f35e1b516d23) Generated GUIDs only implemented for interfaces!
 -> (artifact id: 'c07d5bf27f39a7a5d3e9360ec92cca94') in 0.036552 seconds
Number of updated asset objects reloaded before import = 0
Number of asset objects unloaded after import = 1
========================================================================
Received Import Request.
  Time since last request: 0.000018 seconds.
  path: Assets/Terrains/TerrainSampleAssets/TerrainLayers/Grass_Soil_TerrainLayer.terrainlayer
  artifactKey: Guid(62f82665abc6fbf4e8f7fa058cbd8d6c) Importer(2089858483,0ecaa5967403d082aa24f35e1b516d23)
Start importing Assets/Terrains/TerrainSampleAssets/TerrainLayers/Grass_Soil_TerrainLayer.terrainlayer using Guid(62f82665abc6fbf4e8f7fa058cbd8d6c) Importer(2089858483,0ecaa5967403d082aa24f35e1b516d23) Generated GUIDs only implemented for interfaces!
 -> (artifact id: '182c0a50d27b93ab1a7e4e135e8b6231') in 0.015597 seconds
Number of updated asset objects reloaded before import = 0
Number of asset objects unloaded after import = 1
========================================================================
Received Import Request.
  Time since last request: 0.000024 seconds.
  path: Assets/Terrains/TerrainSampleAssets/TerrainLayers/Muddy_TerrainLayer.terrainlayer
  artifactKey: Guid(091511b8c4f042c4082a4d5af73e92c7) Importer(2089858483,0ecaa5967403d082aa24f35e1b516d23)
Start importing Assets/Terrains/TerrainSampleAssets/TerrainLayers/Muddy_TerrainLayer.terrainlayer using Guid(091511b8c4f042c4082a4d5af73e92c7) Importer(2089858483,0ecaa5967403d082aa24f35e1b516d23) Generated GUIDs only implemented for interfaces!
 -> (artifact id: '25fcbba93c2351cad3ba315ccb879d6c') in 0.014730 seconds
Number of updated asset objects reloaded before import = 0
Number of asset objects unloaded after import = 1
========================================================================
Received Import Request.
  Time since last request: 0.000018 seconds.
  path: Assets/TextMesh Pro/Resources/Fonts & Materials/LiberationSans SDF - Outline.mat
  artifactKey: Guid(79459efec17a4d00a321bdcc27bbc385) Importer(2089858483,0ecaa5967403d082aa24f35e1b516d23)
Start importing Assets/TextMesh Pro/Resources/Fonts & Materials/LiberationSans SDF - Outline.mat using Guid(79459efec17a4d00a321bdcc27bbc385) Importer(2089858483,0ecaa5967403d082aa24f35e1b516d23) Generated GUIDs only implemented for interfaces!
 -> (artifact id: '3668937f20240a2c27463d310fba8027') in 0.031019 seconds
Number of updated asset objects reloaded before import = 0
Number of asset objects unloaded after import = 2
========================================================================
Received Import Request.
  Time since last request: 0.000014 seconds.
  path: Assets/Terrains/TerrainSampleAssets/TerrainLayers/Pebbles_C_TerrainLayer.terrainlayer
  artifactKey: Guid(a579e897aa6ba004ab0e04fa3053263a) Importer(2089858483,0ecaa5967403d082aa24f35e1b516d23)
Start importing Assets/Terrains/TerrainSampleAssets/TerrainLayers/Pebbles_C_TerrainLayer.terrainlayer using Guid(a579e897aa6ba004ab0e04fa3053263a) Importer(2089858483,0ecaa5967403d082aa24f35e1b516d23) Generated GUIDs only implemented for interfaces!
 -> (artifact id: '9f1945215a20899db4b2867cb6ab5ce3') in 0.029343 seconds
Number of updated asset objects reloaded before import = 0
Number of asset objects unloaded after import = 1
========================================================================
Received Import Request.
  Time since last request: 0.000015 seconds.
  path: Assets/Textures/Mushroom Textures/Materials/blue.mat
  artifactKey: Guid(aa1b24b692cc39341bcebbeb9fa1de79) Importer(2089858483,0ecaa5967403d082aa24f35e1b516d23)
Start importing Assets/Textures/Mushroom Textures/Materials/blue.mat using Guid(aa1b24b692cc39341bcebbeb9fa1de79) Importer(2089858483,0ecaa5967403d082aa24f35e1b516d23) Generated GUIDs only implemented for interfaces!
 -> (artifact id: 'b6a7cd4f9253257540a2f659d90169f0') in 0.044279 seconds
Number of updated asset objects reloaded before import = 0
Number of asset objects unloaded after import = 2
========================================================================
Received Import Request.
  Time since last request: 0.000021 seconds.
  path: Assets/Terrains/TerrainSampleAssets/TerrainBrushes/Terrainstamp_Rollinghills01_Brush.brush
  artifactKey: Guid(9bcbad10823d47140bc0c90bfc339f4e) Importer(2089858483,0ecaa5967403d082aa24f35e1b516d23)
Start importing Assets/Terrains/TerrainSampleAssets/TerrainBrushes/Terrainstamp_Rollinghills01_Brush.brush using Guid(9bcbad10823d47140bc0c90bfc339f4e) Importer(2089858483,0ecaa5967403d082aa24f35e1b516d23) Generated GUIDs only implemented for interfaces!
 -> (artifact id: '5406ded4254d30d5305c20cf9f55813e') in 0.035034 seconds
Number of updated asset objects reloaded before import = 0
Number of asset objects unloaded after import = 2
========================================================================
Received Import Request.
  Time since last request: 0.000027 seconds.
  path: Assets/Terrains/TerrainSampleAssets/TerrainBrushes/Terrainstamp_Slope03_Brush.brush
  artifactKey: Guid(4bbbe659961263d4390b9322f0328fe0) Importer(2089858483,0ecaa5967403d082aa24f35e1b516d23)
Start importing Assets/Terrains/TerrainSampleAssets/TerrainBrushes/Terrainstamp_Slope03_Brush.brush using Guid(4bbbe659961263d4390b9322f0328fe0) Importer(2089858483,0ecaa5967403d082aa24f35e1b516d23) Generated GUIDs only implemented for interfaces!
 -> (artifact id: '066672e1082c1a94544234e29c51ee53') in 0.051976 seconds
Number of updated asset objects reloaded before import = 0
Number of asset objects unloaded after import = 2
========================================================================
Received Import Request.
  Time since last request: 0.000022 seconds.
  path: Assets/Models/RealFruit_Apple/Materials/Apple_half 3.mat
  artifactKey: Guid(d7ffa23dbe557724290e285a389896fc) Importer(2089858483,0ecaa5967403d082aa24f35e1b516d23)
Start importing Assets/Models/RealFruit_Apple/Materials/Apple_half 3.mat using Guid(d7ffa23dbe557724290e285a389896fc) Importer(2089858483,0ecaa5967403d082aa24f35e1b516d23) Generated GUIDs only implemented for interfaces!
 -> (artifact id: 'a3855623afa9fb12ee9fa56104a2c932') in 0.017368 seconds
Number of updated asset objects reloaded before import = 0
Number of asset objects unloaded after import = 1
========================================================================
Received Import Request.
  Time since last request: 0.000021 seconds.
  path: Assets/Models/HQ Rocks/Textures/Rock_4_N.png
  artifactKey: Guid(7efaefab4ffd42c44930fd9fcb1624ca) Importer(2089858483,0ecaa5967403d082aa24f35e1b516d23)
Start importing Assets/Models/HQ Rocks/Textures/Rock_4_N.png using Guid(7efaefab4ffd42c44930fd9fcb1624ca) Importer(2089858483,0ecaa5967403d082aa24f35e1b516d23) Generated GUIDs only implemented for interfaces!
 -> (artifact id: '0e75687bc1c4484d92a5277cff66626e') in 0.042738 seconds
Number of updated asset objects reloaded before import = 0
Number of asset objects unloaded after import = 1
========================================================================
Received Import Request.
  Time since last request: 0.000019 seconds.
  path: Assets/Models/HQ Rocks/Prefabs/Rock_4_v2.prefab
  artifactKey: Guid(de892961699368d45aa49a628bd44ab3) Importer(2089858483,0ecaa5967403d082aa24f35e1b516d23)
Start importing Assets/Models/HQ Rocks/Prefabs/Rock_4_v2.prefab using Guid(de892961699368d45aa49a628bd44ab3) Importer(2089858483,0ecaa5967403d082aa24f35e1b516d23) Generated GUIDs only implemented for interfaces!
 -> (artifact id: '069dc95622be99c094c1a40d2c624890') in 0.015506 seconds
Number of updated asset objects reloaded before import = 0
Number of asset objects unloaded after import = 7
========================================================================
Received Import Request.
  Time since last request: 0.000021 seconds.
  path: Assets/Models/HQ Rocks/Textures/Rock_5_N.png
  artifactKey: Guid(4d9836bdbd1d8f4479bc54ee5aba92ea) Importer(2089858483,0ecaa5967403d082aa24f35e1b516d23)
Start importing Assets/Models/HQ Rocks/Textures/Rock_5_N.png using Guid(4d9836bdbd1d8f4479bc54ee5aba92ea) Importer(2089858483,0ecaa5967403d082aa24f35e1b516d23) Generated GUIDs only implemented for interfaces!
 -> (artifact id: 'eadaa0824f3d0c8260e24da12327f124') in 0.039663 seconds
Number of updated asset objects reloaded before import = 0
Number of asset objects unloaded after import = 1
========================================================================
Received Import Request.
  Time since last request: 0.000024 seconds.
  path: Assets/Textures/Sand textures pack/Sand 02/NewLayer.terrainlayer
  artifactKey: Guid(073004895a268d940b39c4cdfe309eb0) Importer(2089858483,0ecaa5967403d082aa24f35e1b516d23)
Start importing Assets/Textures/Sand textures pack/Sand 02/NewLayer.terrainlayer using Guid(073004895a268d940b39c4cdfe309eb0) Importer(2089858483,0ecaa5967403d082aa24f35e1b516d23) Generated GUIDs only implemented for interfaces!
 -> (artifact id: '0c7c81800a3bbcaf5c3bab1ecd754e02') in 0.014341 seconds
Number of updated asset objects reloaded before import = 0
Number of asset objects unloaded after import = 1
========================================================================
Received Import Request.
  Time since last request: 0.000015 seconds.
  path: Assets/Prefabs/Mushroom Prefabs/Mushroom Red.prefab
  artifactKey: Guid(f653ccefb9a10c140b2b9e957641fdc5) Importer(2089858483,0ecaa5967403d082aa24f35e1b516d23)
Start importing Assets/Prefabs/Mushroom Prefabs/Mushroom Red.prefab using Guid(f653ccefb9a10c140b2b9e957641fdc5) Importer(2089858483,0ecaa5967403d082aa24f35e1b516d23) Generated GUIDs only implemented for interfaces!
 -> (artifact id: '6e38bc354e4cdc8645e0375cda4f02d3') in 0.018819 seconds
Number of updated asset objects reloaded before import = 0
Number of asset objects unloaded after import = 22
========================================================================
Received Import Request.
  Time since last request: 0.000016 seconds.
  path: Assets/Models/HQ Rocks/Materials/Rock_7_v1.mat
  artifactKey: Guid(3a32edd1876cd234aa41742ab4c938d2) Importer(2089858483,0ecaa5967403d082aa24f35e1b516d23)
Start importing Assets/Models/HQ Rocks/Materials/Rock_7_v1.mat using Guid(3a32edd1876cd234aa41742ab4c938d2) Importer(2089858483,0ecaa5967403d082aa24f35e1b516d23) Generated GUIDs only implemented for interfaces!
 -> (artifact id: '7529889c2a1f59ec0de3cc8fb01928cc') in 0.104749 seconds
Number of updated asset objects reloaded before import = 0
Number of asset objects unloaded after import = 5
========================================================================
Received Import Request.
  Time since last request: 0.000021 seconds.
  path: Assets/Textures/Sand textures pack/Sand 07/preview.jpg
  artifactKey: Guid(bee3affbcb45b8b4caf4c7dedec2ccaf) Importer(2089858483,0ecaa5967403d082aa24f35e1b516d23)
Start importing Assets/Textures/Sand textures pack/Sand 07/preview.jpg using Guid(bee3affbcb45b8b4caf4c7dedec2ccaf) Importer(2089858483,0ecaa5967403d082aa24f35e1b516d23) Generated GUIDs only implemented for interfaces!
 -> (artifact id: '1bb3c9d9a3657b92317e5f227fc0802c') in 0.051795 seconds
Number of updated asset objects reloaded before import = 0
Number of asset objects unloaded after import = 1
========================================================================
Received Import Request.
  Time since last request: 0.000024 seconds.
  path: Assets/Textures/Sand textures pack/Sand 06/normal.tga
  artifactKey: Guid(b90a9631c9517834f9434776104cfa01) Importer(2089858483,0ecaa5967403d082aa24f35e1b516d23)
Start importing Assets/Textures/Sand textures pack/Sand 06/normal.tga using Guid(b90a9631c9517834f9434776104cfa01) Importer(2089858483,0ecaa5967403d082aa24f35e1b516d23) Generated GUIDs only implemented for interfaces!
 -> (artifact id: 'bddfb22e3c67338f7193171b730f5c0e') in 0.031091 seconds
Number of updated asset objects reloaded before import = 0
Number of asset objects unloaded after import = 1
========================================================================
Received Import Request.
  Time since last request: 0.000015 seconds.
  path: Assets/Textures/Sand textures pack/Sand 03/normal.tga
  artifactKey: Guid(e8225f2b5ec693944bc0c38f8cf27bb2) Importer(2089858483,0ecaa5967403d082aa24f35e1b516d23)
Start importing Assets/Textures/Sand textures pack/Sand 03/normal.tga using Guid(e8225f2b5ec693944bc0c38f8cf27bb2) Importer(2089858483,0ecaa5967403d082aa24f35e1b516d23) Generated GUIDs only implemented for interfaces!
 -> (artifact id: '86c4fce580e56f57813134b8b80d05c5') in 0.042328 seconds
Number of updated asset objects reloaded before import = 0
Number of asset objects unloaded after import = 1
========================================================================
Received Import Request.
  Time since last request: 0.000019 seconds.
  path: Assets/Textures/Sand textures pack/Sand 04/diffuse.tga
  artifactKey: Guid(8fbb1261869a6854dad991fac1fd1296) Importer(2089858483,0ecaa5967403d082aa24f35e1b516d23)
Start importing Assets/Textures/Sand textures pack/Sand 04/diffuse.tga using Guid(8fbb1261869a6854dad991fac1fd1296) Importer(2089858483,0ecaa5967403d082aa24f35e1b516d23) Generated GUIDs only implemented for interfaces!
 -> (artifact id: 'd833cba389b4f63f41cfbcae442e217e') in 0.042757 seconds
Number of updated asset objects reloaded before import = 0
Number of asset objects unloaded after import = 1
========================================================================
Received Import Request.
  Time since last request: 0.000019 seconds.
  path: Assets/Textures/Sand textures pack/Sand 07/diffuse.tga
  artifactKey: Guid(31844b13efc7daa479e01a6cbb07bcd7) Importer(2089858483,0ecaa5967403d082aa24f35e1b516d23)
Start importing Assets/Textures/Sand textures pack/Sand 07/diffuse.tga using Guid(31844b13efc7daa479e01a6cbb07bcd7) Importer(2089858483,0ecaa5967403d082aa24f35e1b516d23) Generated GUIDs only implemented for interfaces!
 -> (artifact id: 'f4c3bb3cb9c79c525664df2aef483d40') in 0.041068 seconds
Number of updated asset objects reloaded before import = 0
Number of asset objects unloaded after import = 1
========================================================================
Received Import Request.
  Time since last request: 0.000020 seconds.
  path: Assets/Textures/Sand textures pack/Sand 08/diffuse.tga
  artifactKey: Guid(d7bfc6b6aecb5944c807cd2473fa46b0) Importer(2089858483,0ecaa5967403d082aa24f35e1b516d23)
Start importing Assets/Textures/Sand textures pack/Sand 08/diffuse.tga using Guid(d7bfc6b6aecb5944c807cd2473fa46b0) Importer(2089858483,0ecaa5967403d082aa24f35e1b516d23) Generated GUIDs only implemented for interfaces!
 -> (artifact id: 'fa3d0fb167a6f25f2f7b2b9dd5218e6f') in 0.061041 seconds
Number of updated asset objects reloaded before import = 0
Number of asset objects unloaded after import = 1
========================================================================
Received Import Request.
  Time since last request: 0.000022 seconds.
  path: Assets/Textures/Sand textures pack/Sand 05/diffuse.tga
  artifactKey: Guid(705c0f417d993ac42ab937bffec62653) Importer(2089858483,0ecaa5967403d082aa24f35e1b516d23)
Start importing Assets/Textures/Sand textures pack/Sand 05/diffuse.tga using Guid(705c0f417d993ac42ab937bffec62653) Importer(2089858483,0ecaa5967403d082aa24f35e1b516d23) Generated GUIDs only implemented for interfaces!
 -> (artifact id: '37edeab4b32fdb169153927da831a8e0') in 0.026884 seconds
Number of updated asset objects reloaded before import = 0
Number of asset objects unloaded after import = 1
========================================================================
Received Import Request.
  Time since last request: 0.000016 seconds.
  path: Assets/Textures/Sand textures pack/Sand 05/normal.tga
  artifactKey: Guid(d3f5db808bdcfb144b12531d73cdcb9f) Importer(2089858483,0ecaa5967403d082aa24f35e1b516d23)
Start importing Assets/Textures/Sand textures pack/Sand 05/normal.tga using Guid(d3f5db808bdcfb144b12531d73cdcb9f) Importer(2089858483,0ecaa5967403d082aa24f35e1b516d23) Generated GUIDs only implemented for interfaces!
 -> (artifact id: 'fabe9daa3374bfb96eb71c10805e675f') in 0.027976 seconds
Number of updated asset objects reloaded before import = 0
Number of asset objects unloaded after import = 1
========================================================================
Received Import Request.
  Time since last request: 0.000018 seconds.
  path: Assets/Animations/Lights Animations/Sun Cycle.anim
  artifactKey: Guid(aa3bd97459c4ec34589b528348b65430) Importer(2089858483,0ecaa5967403d082aa24f35e1b516d23)
Start importing Assets/Animations/Lights Animations/Sun Cycle.anim using Guid(aa3bd97459c4ec34589b528348b65430) Importer(2089858483,0ecaa5967403d082aa24f35e1b516d23) Generated GUIDs only implemented for interfaces!
 -> (artifact id: 'f53b32d1c4f86ba48dc0169e1faee5e7') in 0.013888 seconds
Number of updated asset objects reloaded before import = 0
Number of asset objects unloaded after import = 1
========================================================================
Received Import Request.
  Time since last request: 0.000014 seconds.
  path: Assets/TextMesh Pro/Shaders/TMP_SDF-Surface.shader
  artifactKey: Guid(f7ada0af4f174f0694ca6a487b8f543d) Importer(2089858483,0ecaa5967403d082aa24f35e1b516d23)
Start importing Assets/TextMesh Pro/Shaders/TMP_SDF-Surface.shader using Guid(f7ada0af4f174f0694ca6a487b8f543d) Importer(2089858483,0ecaa5967403d082aa24f35e1b516d23) Generated GUIDs only implemented for interfaces!
 -> (artifact id: '69badbd16feb8b93b8d7e8eddfec4601') in 0.016956 seconds
Number of updated asset objects reloaded before import = 0
Number of asset objects unloaded after import = 1
========================================================================
Received Import Request.
  Time since last request: 0.000016 seconds.
  path: Assets/Animations/Screen Fade Animations/Screen Fade.anim
  artifactKey: Guid(317ed182894bded4e98975c4343498b8) Importer(2089858483,0ecaa5967403d082aa24f35e1b516d23)
Start importing Assets/Animations/Screen Fade Animations/Screen Fade.anim using Guid(317ed182894bded4e98975c4343498b8) Importer(2089858483,0ecaa5967403d082aa24f35e1b516d23) Generated GUIDs only implemented for interfaces!
 -> (artifact id: 'ef00e5ace7e41ee10258e7f4fcbd3050') in 0.015044 seconds
Number of updated asset objects reloaded before import = 0
Number of asset objects unloaded after import = 1
========================================================================
Received Import Request.
  Time since last request: 0.000017 seconds.
  path: Assets/TextMesh Pro/Shaders/TMPro_Properties.cginc
  artifactKey: Guid(3997e2241185407d80309a82f9148466) Importer(2089858483,0ecaa5967403d082aa24f35e1b516d23)
Start importing Assets/TextMesh Pro/Shaders/TMPro_Properties.cginc using Guid(3997e2241185407d80309a82f9148466) Importer(2089858483,0ecaa5967403d082aa24f35e1b516d23) Generated GUIDs only implemented for interfaces!
 -> (artifact id: '9d46644258870f50ad2d2ca54b624bad') in 0.019279 seconds
Number of updated asset objects reloaded before import = 0
Number of asset objects unloaded after import = 1
========================================================================
Received Import Request.
  Time since last request: 0.000023 seconds.
  path: Assets/Textures/Mushroom Textures/green.jpg
  artifactKey: Guid(90e04e43a4171f446bcb12638918d908) Importer(2089858483,0ecaa5967403d082aa24f35e1b516d23)
Start importing Assets/Textures/Mushroom Textures/green.jpg using Guid(90e04e43a4171f446bcb12638918d908) Importer(2089858483,0ecaa5967403d082aa24f35e1b516d23) Generated GUIDs only implemented for interfaces!
 -> (artifact id: '56e36759c2d3ee54cab72599ea09cc58') in 0.035607 seconds
Number of updated asset objects reloaded before import = 0
Number of asset objects unloaded after import = 1
========================================================================
Received Import Request.
  Time since last request: 0.000015 seconds.
  path: Assets/TextMesh Pro/Shaders/TMP_SDF.shader
  artifactKey: Guid(68e6db2ebdc24f95958faec2be5558d6) Importer(2089858483,0ecaa5967403d082aa24f35e1b516d23)
Start importing Assets/TextMesh Pro/Shaders/TMP_SDF.shader using Guid(68e6db2ebdc24f95958faec2be5558d6) Importer(2089858483,0ecaa5967403d082aa24f35e1b516d23) Generated GUIDs only implemented for interfaces!
 -> (artifact id: 'd39ee3bd38f1915ebdc1146db8dbb96c') in 0.036439 seconds
Number of updated asset objects reloaded before import = 0
Number of asset objects unloaded after import = 1
========================================================================
Received Import Request.
  Time since last request: 0.000015 seconds.
  path: Assets/Animations/Mushroom Animations/grow.anim
  artifactKey: Guid(95c926afa5c81eb41b169b1a7c092e28) Importer(2089858483,0ecaa5967403d082aa24f35e1b516d23)
Start importing Assets/Animations/Mushroom Animations/grow.anim using Guid(95c926afa5c81eb41b169b1a7c092e28) Importer(2089858483,0ecaa5967403d082aa24f35e1b516d23) Generated GUIDs only implemented for interfaces!
 -> (artifact id: 'e928ccae955267b80b4a6f6a154a8bd5') in 0.017851 seconds
Number of updated asset objects reloaded before import = 0
Number of asset objects unloaded after import = 1
========================================================================
Received Import Request.
  Time since last request: 0.000016 seconds.
  path: Assets/Models/Hairless Monkey/hairless monkey.fbx
  artifactKey: Guid(da918bb83d45aea4e848952a5083ea58) Importer(2089858483,0ecaa5967403d082aa24f35e1b516d23)
Start importing Assets/Models/Hairless Monkey/hairless monkey.fbx using Guid(da918bb83d45aea4e848952a5083ea58) Importer(2089858483,0ecaa5967403d082aa24f35e1b516d23) Generated GUIDs only implemented for interfaces!
 -> (artifact id: '99851c74b045c471db1d08ebcaebe33b') in 0.040373 seconds
Number of updated asset objects reloaded before import = 0
Number of asset objects unloaded after import = 77
========================================================================
Received Import Request.
  Time since last request: 0.000019 seconds.
  path: Assets/Animations/unity-chan!/Unity-chan! Model/SplashScreen/SplashScreen_Dark.unity
  artifactKey: Guid(c340d6b0ee7f347b98ecab4430cc5df6) Importer(2089858483,0ecaa5967403d082aa24f35e1b516d23)
Start importing Assets/Animations/unity-chan!/Unity-chan! Model/SplashScreen/SplashScreen_Dark.unity using Guid(c340d6b0ee7f347b98ecab4430cc5df6) Importer(2089858483,0ecaa5967403d082aa24f35e1b516d23) Generated GUIDs only implemented for interfaces!
 -> (artifact id: '88362bab06b05fd116732cd96faffa0d') in 0.013090 seconds
Number of updated asset objects reloaded before import = 0
Number of asset objects unloaded after import = 1
========================================================================
Received Import Request.
  Time since last request: 0.000021 seconds.
  path: Assets/Animations/unity-chan!/Unity-chan! Model/Documentation/unitychan_shader.pdf
  artifactKey: Guid(137e63c1f5c81469e99e2220647911ff) Importer(2089858483,0ecaa5967403d082aa24f35e1b516d23)
Start importing Assets/Animations/unity-chan!/Unity-chan! Model/Documentation/unitychan_shader.pdf using Guid(137e63c1f5c81469e99e2220647911ff) Importer(2089858483,0ecaa5967403d082aa24f35e1b516d23) Generated GUIDs only implemented for interfaces!
 -> (artifact id: '6ec5caf6cdddc9709024fc436caed9bb') in 0.015523 seconds
Number of updated asset objects reloaded before import = 0
Number of asset objects unloaded after import = 1
========================================================================
Received Import Request.
  Time since last request: 0.000014 seconds.
  path: Assets/Animations/unity-chan!/Unity-chan! Model/Scripts/IdleChanger.cs
  artifactKey: Guid(058a2736f2afd564eae55007a87eed87) Importer(2089858483,0ecaa5967403d082aa24f35e1b516d23)
Start importing Assets/Animations/unity-chan!/Unity-chan! Model/Scripts/IdleChanger.cs using Guid(058a2736f2afd564eae55007a87eed87) Importer(2089858483,0ecaa5967403d082aa24f35e1b516d23) Generated GUIDs only implemented for interfaces!
 -> (artifact id: '08076cc36c963af95aacfb768ff29207') in 0.014862 seconds
Number of updated asset objects reloaded before import = 0
Number of asset objects unloaded after import = 1
========================================================================
Received Import Request.
  Time since last request: 0.000020 seconds.
  path: Assets/Animations/unity-chan!/Unity-chan! Model/Scripts/RandomWind.cs
  artifactKey: Guid(a38e39ada51aaba4db6d352ce218849e) Importer(2089858483,0ecaa5967403d082aa24f35e1b516d23)
Start importing Assets/Animations/unity-chan!/Unity-chan! Model/Scripts/RandomWind.cs using Guid(a38e39ada51aaba4db6d352ce218849e) Importer(2089858483,0ecaa5967403d082aa24f35e1b516d23) Generated GUIDs only implemented for interfaces!
 -> (artifact id: '9bf18fbd9ae20de5b1fa9ba7c55a1242') in 0.014049 seconds
Number of updated asset objects reloaded before import = 0
Number of asset objects unloaded after import = 1
========================================================================
Received Import Request.
  Time since last request: 0.000019 seconds.
  path: Assets/Animations/unity-chan!/Unity-chan! Model/Prefabs/unitychan_dynamic.prefab
  artifactKey: Guid(49f2055d53eeb4e5a92af590a44bddee) Importer(2089858483,0ecaa5967403d082aa24f35e1b516d23)
Start importing Assets/Animations/unity-chan!/Unity-chan! Model/Prefabs/unitychan_dynamic.prefab using Guid(49f2055d53eeb4e5a92af590a44bddee) Importer(2089858483,0ecaa5967403d082aa24f35e1b516d23) Generated GUIDs only implemented for interfaces!
 -> (artifact id: '12e489afecfd721ba009109c9c487609') in 0.082403 seconds
Number of updated asset objects reloaded before import = 0
Number of asset objects unloaded after import = 615
========================================================================
Received Import Request.
  Time since last request: 0.000022 seconds.
  path: Assets/Animations/unity-chan!/Unity-chan! Model/Documentation/unitychan_dynamic.pdf
  artifactKey: Guid(63e0f32bd11fb46728b21e4d3925aa34) Importer(2089858483,0ecaa5967403d082aa24f35e1b516d23)
Start importing Assets/Animations/unity-chan!/Unity-chan! Model/Documentation/unitychan_dynamic.pdf using Guid(63e0f32bd11fb46728b21e4d3925aa34) Importer(2089858483,0ecaa5967403d082aa24f35e1b516d23) Generated GUIDs only implemented for interfaces!
 -> (artifact id: '98e3a2480976cecaf46622f571b22dcc') in 0.013126 seconds
Number of updated asset objects reloaded before import = 0
Number of asset objects unloaded after import = 1
========================================================================
Received Import Request.
  Time since last request: 0.000028 seconds.
  path: Assets/Animations/unity-chan!/Unity-chan! Model/Prefabs/Directional light for UnityChan.prefab
  artifactKey: Guid(b76c71a1e3f6c4fdab657f4fbf5466de) Importer(2089858483,0ecaa5967403d082aa24f35e1b516d23)
Start importing Assets/Animations/unity-chan!/Unity-chan! Model/Prefabs/Directional light for UnityChan.prefab using Guid(b76c71a1e3f6c4fdab657f4fbf5466de) Importer(2089858483,0ecaa5967403d082aa24f35e1b516d23) Generated GUIDs only implemented for interfaces!
 -> (artifact id: '3b82f6376a75cfedef221ec1fd4b0118') in 0.022883 seconds
Number of updated asset objects reloaded before import = 0
Number of asset objects unloaded after import = 5
========================================================================
Received Import Request.
  Time since last request: 0.000018 seconds.
  path: Assets/Animations/unity-chan!/Unity-chan! Model/Scripts/UnityChanControlScriptWithRgidBody.cs
  artifactKey: Guid(9001bcbd91e76437cb0f52f12764f2f0) Importer(2089858483,0ecaa5967403d082aa24f35e1b516d23)
Start importing Assets/Animations/unity-chan!/Unity-chan! Model/Scripts/UnityChanControlScriptWithRgidBody.cs using Guid(9001bcbd91e76437cb0f52f12764f2f0) Importer(2089858483,0ecaa5967403d082aa24f35e1b516d23) Generated GUIDs only implemented for interfaces!
 -> (artifact id: 'd04c63138caa123ad32cbf4f3e3a0869') in 0.015449 seconds
Number of updated asset objects reloaded before import = 0
Number of asset objects unloaded after import = 1
========================================================================
Received Import Request.
  Time since last request: 0.000015 seconds.
  path: Assets/Models/HQ Rocks/Materials/Rock_5_v1.mat
  artifactKey: Guid(a7f2a774e4d9c1b4780dffebf9190a1a) Importer(2089858483,0ecaa5967403d082aa24f35e1b516d23)
Start importing Assets/Models/HQ Rocks/Materials/Rock_5_v1.mat using Guid(a7f2a774e4d9c1b4780dffebf9190a1a) Importer(2089858483,0ecaa5967403d082aa24f35e1b516d23) Generated GUIDs only implemented for interfaces!
 -> (artifact id: '0c13c9e31caf10fcc9f27d69fee4aaef') in 0.072483 seconds
Number of updated asset objects reloaded before import = 0
Number of asset objects unloaded after import = 5
========================================================================
Received Import Request.
  Time since last request: 0.000022 seconds.
  path: Assets/Shaders/Shader Graphs_Fresnel Glow (Checkpoint).mat
  artifactKey: Guid(278e18be44620b54aa0c50baec9fe6ca) Importer(2089858483,0ecaa5967403d082aa24f35e1b516d23)
Start importing Assets/Shaders/Shader Graphs_Fresnel Glow (Checkpoint).mat using Guid(278e18be44620b54aa0c50baec9fe6ca) Importer(2089858483,0ecaa5967403d082aa24f35e1b516d23) Generated GUIDs only implemented for interfaces!
 -> (artifact id: '8aae9c88a37a94c9db406f0f7c2d4229') in 0.027159 seconds
Number of updated asset objects reloaded before import = 0
Number of asset objects unloaded after import = 2
========================================================================
Received Import Request.
  Time since last request: 0.000016 seconds.
  path: Assets/Textures/Sand textures pack/Sand 09/diffuse.tga
  artifactKey: Guid(8f4c1051be31b5045abffb02203481c3) Importer(2089858483,0ecaa5967403d082aa24f35e1b516d23)
Start importing Assets/Textures/Sand textures pack/Sand 09/diffuse.tga using Guid(8f4c1051be31b5045abffb02203481c3) Importer(2089858483,0ecaa5967403d082aa24f35e1b516d23) Generated GUIDs only implemented for interfaces!
 -> (artifact id: '661d9c404b9e94d41fdc9adeeef590da') in 0.040665 seconds
Number of updated asset objects reloaded before import = 0
Number of asset objects unloaded after import = 1
========================================================================
Received Import Request.
  Time since last request: 0.000023 seconds.
  path: Assets/Textures/Sand textures pack/Sand 07/normal.tga
  artifactKey: Guid(f3a156422662e1b4d9d5e423ca0c6aa0) Importer(2089858483,0ecaa5967403d082aa24f35e1b516d23)
Start importing Assets/Textures/Sand textures pack/Sand 07/normal.tga using Guid(f3a156422662e1b4d9d5e423ca0c6aa0) Importer(2089858483,0ecaa5967403d082aa24f35e1b516d23) Generated GUIDs only implemented for interfaces!
 -> (artifact id: 'd3f5479b6701ef8f6eca9353b435c722') in 0.037853 seconds
Number of updated asset objects reloaded before import = 0
Number of asset objects unloaded after import = 1
========================================================================
Received Import Request.
  Time since last request: 0.000019 seconds.
  path: Assets/Terrains/TerrainSampleAssets/TerrainLayers/Snow_TerrainLayer.terrainlayer
  artifactKey: Guid(59b98ca43f27d8c4a89d4058d2a962e5) Importer(2089858483,0ecaa5967403d082aa24f35e1b516d23)
Start importing Assets/Terrains/TerrainSampleAssets/TerrainLayers/Snow_TerrainLayer.terrainlayer using Guid(59b98ca43f27d8c4a89d4058d2a962e5) Importer(2089858483,0ecaa5967403d082aa24f35e1b516d23) Generated GUIDs only implemented for interfaces!
 -> (artifact id: 'd789179ebdb4f935533119b8c231a980') in 0.015586 seconds
Number of updated asset objects reloaded before import = 0
Number of asset objects unloaded after import = 1
========================================================================
Received Import Request.
  Time since last request: 0.000018 seconds.
  path: Assets/Terrains/TerrainSampleAssets/TerrainLayers/Pebbles_A_TerrainLayer.terrainlayer
  artifactKey: Guid(a4f389caed25e6241b38ba88a286c911) Importer(2089858483,0ecaa5967403d082aa24f35e1b516d23)
Start importing Assets/Terrains/TerrainSampleAssets/TerrainLayers/Pebbles_A_TerrainLayer.terrainlayer using Guid(a4f389caed25e6241b38ba88a286c911) Importer(2089858483,0ecaa5967403d082aa24f35e1b516d23) Generated GUIDs only implemented for interfaces!
 -> (artifact id: 'a6d5c2c0d8ab8d549bd52105ca713f75') in 0.014006 seconds
Number of updated asset objects reloaded before import = 0
Number of asset objects unloaded after import = 1
========================================================================
Received Import Request.
  Time since last request: 0.000018 seconds.
  path: Assets/Animations/unity-chan!/Unity-chan! Model/Scenes/Locomotion.unity
  artifactKey: Guid(957eefe92df624143ad9333b8bc01eb8) Importer(2089858483,0ecaa5967403d082aa24f35e1b516d23)
Start importing Assets/Animations/unity-chan!/Unity-chan! Model/Scenes/Locomotion.unity using Guid(957eefe92df624143ad9333b8bc01eb8) Importer(2089858483,0ecaa5967403d082aa24f35e1b516d23) Generated GUIDs only implemented for interfaces!
 -> (artifact id: '88a309f8791c99ecd4a07a86c12a4618') in 0.012657 seconds
Number of updated asset objects reloaded before import = 0
Number of asset objects unloaded after import = 1
========================================================================
Received Import Request.
  Time since last request: 0.000016 seconds.
  path: Assets/Textures/Sand textures pack/Sand 02/diffuse.tga
  artifactKey: Guid(9d5abfb5ffa401c4b8b9ce3b97aac40d) Importer(2089858483,0ecaa5967403d082aa24f35e1b516d23)
Start importing Assets/Textures/Sand textures pack/Sand 02/diffuse.tga using Guid(9d5abfb5ffa401c4b8b9ce3b97aac40d) Importer(2089858483,0ecaa5967403d082aa24f35e1b516d23) Generated GUIDs only implemented for interfaces!
 -> (artifact id: '24d97015770c88167c5e6fd422d7b693') in 0.041147 seconds
Number of updated asset objects reloaded before import = 0
Number of asset objects unloaded after import = 1
========================================================================
Received Import Request.
  Time since last request: 0.000021 seconds.
  path: Assets/StarterAssets/Environment/Art/Textures/Grid_02_BaseMap.png
  artifactKey: Guid(d9c0dd5cdac07b145be73329e489869a) Importer(2089858483,0ecaa5967403d082aa24f35e1b516d23)
Start importing Assets/StarterAssets/Environment/Art/Textures/Grid_02_BaseMap.png using Guid(d9c0dd5cdac07b145be73329e489869a) Importer(2089858483,0ecaa5967403d082aa24f35e1b516d23) Generated GUIDs only implemented for interfaces!
 -> (artifact id: '1769e510f0699c180cdb0eb66ec4a38c') in 0.039291 seconds
Number of updated asset objects reloaded before import = 0
Number of asset objects unloaded after import = 1
========================================================================
Received Import Request.
  Time since last request: 0.000022 seconds.
  path: Assets/StarterAssets/Environment/Art/Materials/GridOrange_01_Mat.mat
  artifactKey: Guid(7ab977a21c92388468ee65ad1c0e5a78) Importer(2089858483,0ecaa5967403d082aa24f35e1b516d23)
Start importing Assets/StarterAssets/Environment/Art/Materials/GridOrange_01_Mat.mat using Guid(7ab977a21c92388468ee65ad1c0e5a78) Importer(2089858483,0ecaa5967403d082aa24f35e1b516d23) Generated GUIDs only implemented for interfaces!
 -> (artifact id: '2b7e00aaf522cc9131a46a717d4b6157') in 0.048651 seconds
Number of updated asset objects reloaded before import = 0
Number of asset objects unloaded after import = 4
========================================================================
Received Import Request.
  Time since last request: 0.000015 seconds.
  path: Assets/StarterAssets/Environment/Art/Textures/Grid_01_Emissive.png
  artifactKey: Guid(d4d6919451fe3e24388816386a6d15a4) Importer(2089858483,0ecaa5967403d082aa24f35e1b516d23)
Start importing Assets/StarterAssets/Environment/Art/Textures/Grid_01_Emissive.png using Guid(d4d6919451fe3e24388816386a6d15a4) Importer(2089858483,0ecaa5967403d082aa24f35e1b516d23) Generated GUIDs only implemented for interfaces!
 -> (artifact id: 'd8acd03d2e96320d0ff6c9a2d41d8fee') in 0.040741 seconds
Number of updated asset objects reloaded before import = 0
Number of asset objects unloaded after import = 1
========================================================================
Received Import Request.
  Time since last request: 0.000015 seconds.
  path: Assets/StarterAssets/Environment/Art/Models/Stairs_200x100x200_Mesh.fbx
  artifactKey: Guid(fce3bf5a5b603db45ab0048fb6ab44df) Importer(2089858483,0ecaa5967403d082aa24f35e1b516d23)
Start importing Assets/StarterAssets/Environment/Art/Models/Stairs_200x100x200_Mesh.fbx using Guid(fce3bf5a5b603db45ab0048fb6ab44df) Importer(2089858483,0ecaa5967403d082aa24f35e1b516d23) Generated GUIDs only implemented for interfaces!
 -> (artifact id: 'd0408fb3ed544305e8937cae665b7cb4') in 0.028207 seconds
Number of updated asset objects reloaded before import = 0
Number of asset objects unloaded after import = 15
========================================================================
Received Import Request.
  Time since last request: 0.000023 seconds.
  path: Assets/Models/HQ Rocks/Meshes/Materials/Rock_6.mat
  artifactKey: Guid(b3c5893af167f43499cb2fa752a0e6d8) Importer(2089858483,0ecaa5967403d082aa24f35e1b516d23)
Start importing Assets/Models/HQ Rocks/Meshes/Materials/Rock_6.mat using Guid(b3c5893af167f43499cb2fa752a0e6d8) Importer(2089858483,0ecaa5967403d082aa24f35e1b516d23) Generated GUIDs only implemented for interfaces!
 -> (artifact id: '119d8527c2f13b3df200166c9af90cba') in 0.019241 seconds
Number of updated asset objects reloaded before import = 0
Number of asset objects unloaded after import = 1
========================================================================
Received Import Request.
  Time since last request: 0.000017 seconds.
  path: Assets/StarterAssets/Environment/Art/Textures/Grid_01_BaseMap.png
  artifactKey: Guid(d1118dda59970a2449ee890fa247c4c5) Importer(2089858483,0ecaa5967403d082aa24f35e1b516d23)
Start importing Assets/StarterAssets/Environment/Art/Textures/Grid_01_BaseMap.png using Guid(d1118dda59970a2449ee890fa247c4c5) Importer(2089858483,0ecaa5967403d082aa24f35e1b516d23) Generated GUIDs only implemented for interfaces!
 -> (artifact id: 'b40776384835adcac6a6a6ff73997fc4') in 0.029072 seconds
Number of updated asset objects reloaded before import = 0
Number of asset objects unloaded after import = 1
========================================================================
Received Import Request.
  Time since last request: 0.000022 seconds.
  path: Assets/Skyboxes/Wispy Sky/Materials/Materials/WispyCubemap3.mat
  artifactKey: Guid(ae48a56a90aa0404092d72cd7df86da3) Importer(2089858483,0ecaa5967403d082aa24f35e1b516d23)
Start importing Assets/Skyboxes/Wispy Sky/Materials/Materials/WispyCubemap3.mat using Guid(ae48a56a90aa0404092d72cd7df86da3) Importer(2089858483,0ecaa5967403d082aa24f35e1b516d23) Generated GUIDs only implemented for interfaces!
 -> (artifact id: 'f3ddb7ad384fd5e9bb47d4742ba3da47') in 0.016244 seconds
Number of updated asset objects reloaded before import = 0
Number of asset objects unloaded after import = 2
========================================================================
Received Import Request.
  Time since last request: 0.000021 seconds.
  path: Assets/Models/HQ Rocks/Meshes/Materials/Rock_8.mat
  artifactKey: Guid(c9565336fc546f141a901dea133d2762) Importer(2089858483,0ecaa5967403d082aa24f35e1b516d23)
Start importing Assets/Models/HQ Rocks/Meshes/Materials/Rock_8.mat using Guid(c9565336fc546f141a901dea133d2762) Importer(2089858483,0ecaa5967403d082aa24f35e1b516d23) Generated GUIDs only implemented for interfaces!
 -> (artifact id: 'e5462ffffb22a68afa446f29660b5205') in 0.019583 seconds
Number of updated asset objects reloaded before import = 0
Number of asset objects unloaded after import = 1
========================================================================
Received Import Request.
  Time since last request: 0.000017 seconds.
  path: Assets/Models/HQ Rocks/Meshes/Materials/Rock_4.mat
  artifactKey: Guid(3d3a0e0d3737daf4eba3c3bede36db06) Importer(2089858483,0ecaa5967403d082aa24f35e1b516d23)
Start importing Assets/Models/HQ Rocks/Meshes/Materials/Rock_4.mat using Guid(3d3a0e0d3737daf4eba3c3bede36db06) Importer(2089858483,0ecaa5967403d082aa24f35e1b516d23) Generated GUIDs only implemented for interfaces!
 -> (artifact id: '5cb4202749283096c19a409947160661') in 0.016259 seconds
Number of updated asset objects reloaded before import = 0
Number of asset objects unloaded after import = 1
========================================================================
Received Import Request.
  Time since last request: 0.000015 seconds.
  path: Assets/Models/HQ Rocks/Meshes/Materials/Rock_5.mat
  artifactKey: Guid(63c5c5fefaa48cd459d98963fca38f39) Importer(2089858483,0ecaa5967403d082aa24f35e1b516d23)
Start importing Assets/Models/HQ Rocks/Meshes/Materials/Rock_5.mat using Guid(63c5c5fefaa48cd459d98963fca38f39) Importer(2089858483,0ecaa5967403d082aa24f35e1b516d23) Generated GUIDs only implemented for interfaces!
 -> (artifact id: 'a66adb6c37ced6d392c2ce9b9dc72dcf') in 0.016802 seconds
Number of updated asset objects reloaded before import = 0
Number of asset objects unloaded after import = 1
========================================================================
Received Import Request.
  Time since last request: 0.000019 seconds.
  path: Assets/StarterAssets/Environment/Art/Materials/GridWhite_01_Mat.mat
  artifactKey: Guid(dbf898c9f9c4a2d46aa6336e23caeb61) Importer(2089858483,0ecaa5967403d082aa24f35e1b516d23)
Start importing Assets/StarterAssets/Environment/Art/Materials/GridWhite_01_Mat.mat using Guid(dbf898c9f9c4a2d46aa6336e23caeb61) Importer(2089858483,0ecaa5967403d082aa24f35e1b516d23) Generated GUIDs only implemented for interfaces!
 -> (artifact id: '49895974511e8b8f2cfa142900996694') in 0.022376 seconds
Number of updated asset objects reloaded before import = 0
Number of asset objects unloaded after import = 4
========================================================================
Received Import Request.
  Time since last request: 0.000020 seconds.
  path: Assets/Textures/Sand textures pack/Sand 08/Sand pattern 08.mat
  artifactKey: Guid(5049bbe81f0de374991f7867e6d9ccca) Importer(2089858483,0ecaa5967403d082aa24f35e1b516d23)
Start importing Assets/Textures/Sand textures pack/Sand 08/Sand pattern 08.mat using Guid(5049bbe81f0de374991f7867e6d9ccca) Importer(2089858483,0ecaa5967403d082aa24f35e1b516d23) Generated GUIDs only implemented for interfaces!
 -> (artifact id: '9883b2773e058cfdd13946fecdb7270f') in 0.030725 seconds
Number of updated asset objects reloaded before import = 0
Number of asset objects unloaded after import = 1
========================================================================
Received Import Request.
  Time since last request: 0.000028 seconds.
  path: Assets/StarterAssets/Environment/Art/Models/Ramp_100x100x200_Mesh.fbx
  artifactKey: Guid(bfff06aaff363a847ad37bf592364e6b) Importer(2089858483,0ecaa5967403d082aa24f35e1b516d23)
Start importing Assets/StarterAssets/Environment/Art/Models/Ramp_100x100x200_Mesh.fbx using Guid(bfff06aaff363a847ad37bf592364e6b) Importer(2089858483,0ecaa5967403d082aa24f35e1b516d23) Generated GUIDs only implemented for interfaces!
 -> (artifact id: 'b1dc89e9412d44d2e30ab984e4e1eb5c') in 0.024100 seconds
Number of updated asset objects reloaded before import = 0
Number of asset objects unloaded after import = 8
========================================================================
Received Import Request.
  Time since last request: 0.000014 seconds.
  path: Assets/Textures/Sand textures pack/Sand 02/Sand pattern 02.mat
  artifactKey: Guid(284bed18d328be04bb402acb5de465f2) Importer(2089858483,0ecaa5967403d082aa24f35e1b516d23)
Start importing Assets/Textures/Sand textures pack/Sand 02/Sand pattern 02.mat using Guid(284bed18d328be04bb402acb5de465f2) Importer(2089858483,0ecaa5967403d082aa24f35e1b516d23) Generated GUIDs only implemented for interfaces!
 -> (artifact id: 'f0845a427c95ae1b93019f95a24b4c94') in 0.018003 seconds
Number of updated asset objects reloaded before import = 0
Number of asset objects unloaded after import = 1
========================================================================
Received Import Request.
  Time since last request: 0.000023 seconds.
  path: Assets/Models/HQ Rocks/Meshes/Materials/Rock_3.mat
  artifactKey: Guid(7152687ad062c6540ba8d4527856bac0) Importer(2089858483,0ecaa5967403d082aa24f35e1b516d23)
Start importing Assets/Models/HQ Rocks/Meshes/Materials/Rock_3.mat using Guid(7152687ad062c6540ba8d4527856bac0) Importer(2089858483,0ecaa5967403d082aa24f35e1b516d23) Generated GUIDs only implemented for interfaces!
 -> (artifact id: '0738b21cd3712cf9f5a68dd25531498a') in 0.016153 seconds
Number of updated asset objects reloaded before import = 0
Number of asset objects unloaded after import = 1
========================================================================
Received Import Request.
  Time since last request: 0.000018 seconds.
  path: Assets/Animations/unity-chan!/Unity-chan! Model/Scenes/ARPoseTest.unity
  artifactKey: Guid(dc19d125674d55e4395fbb75f6d6f855) Importer(2089858483,0ecaa5967403d082aa24f35e1b516d23)
Start importing Assets/Animations/unity-chan!/Unity-chan! Model/Scenes/ARPoseTest.unity using Guid(dc19d125674d55e4395fbb75f6d6f855) Importer(2089858483,0ecaa5967403d082aa24f35e1b516d23) Generated GUIDs only implemented for interfaces!
 -> (artifact id: '9ddc0b7a6c6d274313d141755dfb073c') in 0.014431 seconds
Number of updated asset objects reloaded before import = 0
Number of asset objects unloaded after import = 1
========================================================================
Received Import Request.
  Time since last request: 0.000016 seconds.
  path: Assets/StarterAssets/Mobile/Prefabs/VirtualInputs/UI_Virtual_Button.prefab
  artifactKey: Guid(9e55d9b4642484f41be20c69a9b48063) Importer(2089858483,0ecaa5967403d082aa24f35e1b516d23)
Start importing Assets/StarterAssets/Mobile/Prefabs/VirtualInputs/UI_Virtual_Button.prefab using Guid(9e55d9b4642484f41be20c69a9b48063) Importer(2089858483,0ecaa5967403d082aa24f35e1b516d23) Generated GUIDs only implemented for interfaces!
 -> (artifact id: 'c4c3dafae9c168b29db3e84a36e3fe03') in 0.026968 seconds
Number of updated asset objects reloaded before import = 0
Number of asset objects unloaded after import = 13
========================================================================
Received Import Request.
  Time since last request: 0.000018 seconds.
  path: Assets/StarterAssets/ThirdPersonController/Character/Animations/Jump--InAir.anim.fbx
  artifactKey: Guid(063aa479676c4084ebf187660ca0a7b8) Importer(2089858483,0ecaa5967403d082aa24f35e1b516d23)
Start importing Assets/StarterAssets/ThirdPersonController/Character/Animations/Jump--InAir.anim.fbx using Guid(063aa479676c4084ebf187660ca0a7b8) Importer(2089858483,0ecaa5967403d082aa24f35e1b516d23) Generated GUIDs only implemented for interfaces!
 -> (artifact id: 'ac9e96e685c88ad0949e7efc2209a4b6') in 0.034377 seconds
Number of updated asset objects reloaded before import = 0
Number of asset objects unloaded after import = 144
========================================================================
Received Import Request.
  Time since last request: 0.000026 seconds.
  path: Assets/StarterAssets/ThirdPersonController/Character/Materials/M_Armature_Legs.mat
  artifactKey: Guid(8b25e99361ac31d4e9ae83c46aee69ea) Importer(2089858483,0ecaa5967403d082aa24f35e1b516d23)
Start importing Assets/StarterAssets/ThirdPersonController/Character/Materials/M_Armature_Legs.mat using Guid(8b25e99361ac31d4e9ae83c46aee69ea) Importer(2089858483,0ecaa5967403d082aa24f35e1b516d23) Generated GUIDs only implemented for interfaces!
 -> (artifact id: '16d6c558b82bf6517077f38b6ab0c585') in 0.186610 seconds
Number of updated asset objects reloaded before import = 0
Number of asset objects unloaded after import = 4
========================================================================
Received Import Request.
  Time since last request: 0.000022 seconds.
  path: Assets/StarterAssets/ThirdPersonController/Character/Sfx/Player_Footstep_03.wav
  artifactKey: Guid(186de84b3207156479abe98f4958fed0) Importer(2089858483,0ecaa5967403d082aa24f35e1b516d23)
Start importing Assets/StarterAssets/ThirdPersonController/Character/Sfx/Player_Footstep_03.wav using Guid(186de84b3207156479abe98f4958fed0) Importer(2089858483,0ecaa5967403d082aa24f35e1b516d23) Generated GUIDs only implemented for interfaces!
 -> (artifact id: 'f124a0f338d28e371c0c23566f4104e2') in 0.058058 seconds
Number of updated asset objects reloaded before import = 0
Number of asset objects unloaded after import = 1
========================================================================
Received Import Request.
  Time since last request: 0.000022 seconds.
  path: Assets/StarterAssets/ThirdPersonController/Character/Sfx/Player_Footstep_02.wav
  artifactKey: Guid(85016e0f2b01da248b9663dd49a161b0) Importer(2089858483,0ecaa5967403d082aa24f35e1b516d23)
Start importing Assets/StarterAssets/ThirdPersonController/Character/Sfx/Player_Footstep_02.wav using Guid(85016e0f2b01da248b9663dd49a161b0) Importer(2089858483,0ecaa5967403d082aa24f35e1b516d23) Generated GUIDs only implemented for interfaces!
 -> (artifact id: 'ee67e4cb6dfce9ba04ffd26f5d53fcfe') in 0.037637 seconds
Number of updated asset objects reloaded before import = 0
Number of asset objects unloaded after import = 1
========================================================================
Received Import Request.
  Time since last request: 0.000017 seconds.
  path: Assets/StarterAssets/Mobile/Prefabs/CanvasInputs/UI_Canvas_StarterAssetsInputs_TouchZones.prefab
  artifactKey: Guid(7484ce6f8ca3d81408c606b5ae8b9ff3) Importer(2089858483,0ecaa5967403d082aa24f35e1b516d23)
Start importing Assets/StarterAssets/Mobile/Prefabs/CanvasInputs/UI_Canvas_StarterAssetsInputs_TouchZones.prefab using Guid(7484ce6f8ca3d81408c606b5ae8b9ff3) Importer(2089858483,0ecaa5967403d082aa24f35e1b516d23) Generated GUIDs only implemented for interfaces!
 -> (artifact id: '6f7042c8ffbbaf0aa274b469560fef87') in 0.047262 seconds
Number of updated asset objects reloaded before import = 0
Number of asset objects unloaded after import = 60
========================================================================
Received Import Request.
  Time since last request: 0.000016 seconds.
  path: Assets/StarterAssets/ThirdPersonController/Character/Sfx/Player_Footstep_04.wav
  artifactKey: Guid(1a91fcd19acf1e54bba0945d9f390849) Importer(2089858483,0ecaa5967403d082aa24f35e1b516d23)
Start importing Assets/StarterAssets/ThirdPersonController/Character/Sfx/Player_Footstep_04.wav using Guid(1a91fcd19acf1e54bba0945d9f390849) Importer(2089858483,0ecaa5967403d082aa24f35e1b516d23) Generated GUIDs only implemented for interfaces!
 -> (artifact id: 'e2f0afe66eabc2cfc3c2f5857e620f01') in 0.036821 seconds
Number of updated asset objects reloaded before import = 0
Number of asset objects unloaded after import = 1
========================================================================
Received Import Request.
  Time since last request: 0.000021 seconds.
  path: Assets/StarterAssets/Mobile/Scripts/Utilities/MobileDisableAutoSwitchControls.cs
  artifactKey: Guid(901182334643ba1438a25accc6bd0c79) Importer(2089858483,0ecaa5967403d082aa24f35e1b516d23)
Start importing Assets/StarterAssets/Mobile/Scripts/Utilities/MobileDisableAutoSwitchControls.cs using Guid(901182334643ba1438a25accc6bd0c79) Importer(2089858483,0ecaa5967403d082aa24f35e1b516d23) Generated GUIDs only implemented for interfaces!
 -> (artifact id: 'df34e6a2a8e7a44f25dcf083489bde93') in 0.013771 seconds
Number of updated asset objects reloaded before import = 0
Number of asset objects unloaded after import = 1
========================================================================
Received Import Request.
  Time since last request: 0.000025 seconds.
  path: Assets/StarterAssets/ThirdPersonController/Character/Models/Armature.fbx
  artifactKey: Guid(36078ab0369161e49a29d349ae3e0739) Importer(2089858483,0ecaa5967403d082aa24f35e1b516d23)
Start importing Assets/StarterAssets/ThirdPersonController/Character/Models/Armature.fbx using Guid(36078ab0369161e49a29d349ae3e0739) Importer(2089858483,0ecaa5967403d082aa24f35e1b516d23) Generated GUIDs only implemented for interfaces!
 -> (artifact id: '590aed07731bcdee83c5bc46e2f51540') in 0.042365 seconds
Number of updated asset objects reloaded before import = 0
Number of asset objects unloaded after import = 150
========================================================================
Received Import Request.
  Time since last request: 0.000027 seconds.
  path: Assets/StarterAssets/ThirdPersonController/Character/Sfx/Player_Footstep_06.wav
  artifactKey: Guid(29841e7d5bbfb5b419c9ad16ca8bc4c1) Importer(2089858483,0ecaa5967403d082aa24f35e1b516d23)
Start importing Assets/StarterAssets/ThirdPersonController/Character/Sfx/Player_Footstep_06.wav using Guid(29841e7d5bbfb5b419c9ad16ca8bc4c1) Importer(2089858483,0ecaa5967403d082aa24f35e1b516d23) Generated GUIDs only implemented for interfaces!
 -> (artifact id: 'a43cc724894e9905f3ca25d589c0daaf') in 0.043447 seconds
Number of updated asset objects reloaded before import = 0
Number of asset objects unloaded after import = 1
========================================================================
Received Import Request.
  Time since last request: 0.000016 seconds.
  path: Assets/StarterAssets/ThirdPersonController/Character/Materials/M_Armature_Arms.mat
  artifactKey: Guid(766fd3ff04aab4745a764d33daac86fa) Importer(2089858483,0ecaa5967403d082aa24f35e1b516d23)
Start importing Assets/StarterAssets/ThirdPersonController/Character/Materials/M_Armature_Arms.mat using Guid(766fd3ff04aab4745a764d33daac86fa) Importer(2089858483,0ecaa5967403d082aa24f35e1b516d23) Generated GUIDs only implemented for interfaces!
 -> (artifact id: '3de3d292c0d1bb5c7a3efddcc75f9cbb') in 0.195532 seconds
Number of updated asset objects reloaded before import = 0
Number of asset objects unloaded after import = 4
========================================================================
Received Import Request.
  Time since last request: 0.000036 seconds.
  path: Assets/StarterAssets/ThirdPersonController/Character/Textures/Armature_Arms_MetallicSmoothness.tif
  artifactKey: Guid(b41d630ccc344454bb1f27587f9acd70) Importer(2089858483,0ecaa5967403d082aa24f35e1b516d23)
Start importing Assets/StarterAssets/ThirdPersonController/Character/Textures/Armature_Arms_MetallicSmoothness.tif using Guid(b41d630ccc344454bb1f27587f9acd70) Importer(2089858483,0ecaa5967403d082aa24f35e1b516d23) Generated GUIDs only implemented for interfaces!
 -> (artifact id: '7a0188569a682999fe04a3d37f89d58c') in 0.043446 seconds
Number of updated asset objects reloaded before import = 0
Number of asset objects unloaded after import = 1
========================================================================
Received Import Request.
  Time since last request: 0.000033 seconds.
  path: Assets/StarterAssets/ThirdPersonController/Character/Textures/Armature_Legs_Normal.tif
  artifactKey: Guid(b2c5d9c39850da946ae135dcb57faaea) Importer(2089858483,0ecaa5967403d082aa24f35e1b516d23)
Start importing Assets/StarterAssets/ThirdPersonController/Character/Textures/Armature_Legs_Normal.tif using Guid(b2c5d9c39850da946ae135dcb57faaea) Importer(2089858483,0ecaa5967403d082aa24f35e1b516d23) Generated GUIDs only implemented for interfaces!
 -> (artifact id: '0ce562e4a0713a30e53977008797dfc2') in 0.039129 seconds
Number of updated asset objects reloaded before import = 0
Number of asset objects unloaded after import = 1
========================================================================
Received Import Request.
  Time since last request: 0.000017 seconds.
  path: Assets/StarterAssets/ThirdPersonController/Character/Textures/Armature_Arms_Normal.tif
  artifactKey: Guid(104a45460231b8d4783e0bb2223be28c) Importer(2089858483,0ecaa5967403d082aa24f35e1b516d23)
Start importing Assets/StarterAssets/ThirdPersonController/Character/Textures/Armature_Arms_Normal.tif using Guid(104a45460231b8d4783e0bb2223be28c) Importer(2089858483,0ecaa5967403d082aa24f35e1b516d23) Generated GUIDs only implemented for interfaces!
 -> (artifact id: '879665eeaa63e312808e7c18feef1415') in 0.058559 seconds
Number of updated asset objects reloaded before import = 0
Number of asset objects unloaded after import = 1
========================================================================
Received Import Request.
  Time since last request: 0.000019 seconds.
  path: Assets/StarterAssets/Mobile/Prefabs/VirtualInputs/UI_Virtual_TouchZone.prefab
  artifactKey: Guid(c82978c3789dad44da354dc354c782b2) Importer(2089858483,0ecaa5967403d082aa24f35e1b516d23)
Start importing Assets/StarterAssets/Mobile/Prefabs/VirtualInputs/UI_Virtual_TouchZone.prefab using Guid(c82978c3789dad44da354dc354c782b2) Importer(2089858483,0ecaa5967403d082aa24f35e1b516d23) Generated GUIDs only implemented for interfaces!
 -> (artifact id: '158ff3b0de2a32b7103c9a33ab697200') in 0.062882 seconds
Number of updated asset objects reloaded before import = 0
Number of asset objects unloaded after import = 17
========================================================================
Received Import Request.
  Time since last request: 0.000020 seconds.
  path: Assets/Terrains/TerrainSampleAssets/ShaderGraphs/CustomFunctions/CustomLighting.hlsl
  artifactKey: Guid(5f245f896176c8142bea5666a89372dc) Importer(2089858483,0ecaa5967403d082aa24f35e1b516d23)
Start importing Assets/Terrains/TerrainSampleAssets/ShaderGraphs/CustomFunctions/CustomLighting.hlsl using Guid(5f245f896176c8142bea5666a89372dc) Importer(2089858483,0ecaa5967403d082aa24f35e1b516d23) Generated GUIDs only implemented for interfaces!
 -> (artifact id: '285c9e2932096ec9074e3416450ff1de') in 0.021518 seconds
Number of updated asset objects reloaded before import = 0
Number of asset objects unloaded after import = 1
========================================================================
Received Import Request.
  Time since last request: 0.000037 seconds.
  path: Assets/StarterAssets/ThirdPersonController/Character/Animations/Locomotion--Run_N_Land.anim.fbx
  artifactKey: Guid(3c033631149b9c541bcf155cd94cccba) Importer(2089858483,0ecaa5967403d082aa24f35e1b516d23)
Start importing Assets/StarterAssets/ThirdPersonController/Character/Animations/Locomotion--Run_N_Land.anim.fbx using Guid(3c033631149b9c541bcf155cd94cccba) Importer(2089858483,0ecaa5967403d082aa24f35e1b516d23) Generated GUIDs only implemented for interfaces!
 -> (artifact id: '43e4eba19a7bf09aa7db0d13cd88aa5e') in 0.034772 seconds
Number of updated asset objects reloaded before import = 0
Number of asset objects unloaded after import = 144
========================================================================
Received Import Request.
  Time since last request: 0.000015 seconds.
  path: Assets/Textures/Sand textures pack/Sand 04/normal.tga
  artifactKey: Guid(1f96e7b700067c149a9809b418321c39) Importer(2089858483,0ecaa5967403d082aa24f35e1b516d23)
Start importing Assets/Textures/Sand textures pack/Sand 04/normal.tga using Guid(1f96e7b700067c149a9809b418321c39) Importer(2089858483,0ecaa5967403d082aa24f35e1b516d23) Generated GUIDs only implemented for interfaces!
 -> (artifact id: '0261969e4abe41caa50fc229d2b2e652') in 0.038180 seconds
Number of updated asset objects reloaded before import = 0
Number of asset objects unloaded after import = 1
========================================================================
Received Import Request.
  Time since last request: 0.000023 seconds.
  path: Assets/Animations/unity-chan!/Unity-chan! Model/Prefabs/unitychan.prefab
  artifactKey: Guid(412b92d4feeb9c548bfa98f62c4d1022) Importer(2089858483,0ecaa5967403d082aa24f35e1b516d23)
Start importing Assets/Animations/unity-chan!/Unity-chan! Model/Prefabs/unitychan.prefab using Guid(412b92d4feeb9c548bfa98f62c4d1022) Importer(2089858483,0ecaa5967403d082aa24f35e1b516d23) Generated GUIDs only implemented for interfaces!
 -> (artifact id: 'f2d8fb070e1cc4f3854e8048f1e5e74e') in 0.064141 seconds
Number of updated asset objects reloaded before import = 0
Number of asset objects unloaded after import = 553
========================================================================
Received Import Request.
  Time since last request: 0.000040 seconds.
  path: Assets/Terrains/TerrainSampleAssets/Textures/Details/Bush_A_BaseColor.tif
  artifactKey: Guid(eb04da16cbc16c9488332336fb11b965) Importer(2089858483,0ecaa5967403d082aa24f35e1b516d23)
Start importing Assets/Terrains/TerrainSampleAssets/Textures/Details/Bush_A_BaseColor.tif using Guid(eb04da16cbc16c9488332336fb11b965) Importer(2089858483,0ecaa5967403d082aa24f35e1b516d23) Generated GUIDs only implemented for interfaces!
 -> (artifact id: '0d7c3aae8262772ad6cf80b482b1fcec') in 0.044224 seconds
Number of updated asset objects reloaded before import = 0
Number of asset objects unloaded after import = 1
========================================================================
Received Import Request.
  Time since last request: 0.000029 seconds.
  path: Assets/Terrains/TerrainSampleAssets/Textures/Details/Fern_Normal.tif
  artifactKey: Guid(8cb2914aba3e5d545bb189195869f9f4) Importer(2089858483,0ecaa5967403d082aa24f35e1b516d23)
Start importing Assets/Terrains/TerrainSampleAssets/Textures/Details/Fern_Normal.tif using Guid(8cb2914aba3e5d545bb189195869f9f4) Importer(2089858483,0ecaa5967403d082aa24f35e1b516d23) Generated GUIDs only implemented for interfaces!
 -> (artifact id: '8c01623bc250c6f838e725129159c30a') in 0.026992 seconds
Number of updated asset objects reloaded before import = 0
Number of asset objects unloaded after import = 1
========================================================================
Received Import Request.
  Time since last request: 0.000016 seconds.
  path: Assets/Terrains/TerrainSampleAssets/Textures/Details/Bush_A_MaskMap.tif
  artifactKey: Guid(0e1771a5cd057014db71494d5a458d40) Importer(2089858483,0ecaa5967403d082aa24f35e1b516d23)
Start importing Assets/Terrains/TerrainSampleAssets/Textures/Details/Bush_A_MaskMap.tif using Guid(0e1771a5cd057014db71494d5a458d40) Importer(2089858483,0ecaa5967403d082aa24f35e1b516d23) Generated GUIDs only implemented for interfaces!
 -> (artifact id: 'fee2dc95eb87e1ec99d0b19a0a42f044') in 0.029570 seconds
Number of updated asset objects reloaded before import = 0
Number of asset objects unloaded after import = 1
========================================================================
Received Import Request.
  Time since last request: 0.000017 seconds.
  path: Assets/Terrains/TerrainSampleAssets/ShaderGraphs/Subgraphs/RandomFromPosition.shadersubgraph
  artifactKey: Guid(1d3c53100af6f1c4b8e84deb9f652a6f) Importer(2089858483,0ecaa5967403d082aa24f35e1b516d23)
Start importing Assets/Terrains/TerrainSampleAssets/ShaderGraphs/Subgraphs/RandomFromPosition.shadersubgraph using Guid(1d3c53100af6f1c4b8e84deb9f652a6f) Importer(2089858483,0ecaa5967403d082aa24f35e1b516d23) Generated GUIDs only implemented for interfaces!
 -> (artifact id: '2a8df7487170eff61b843468b0c601b3') in 0.024123 seconds
Number of updated asset objects reloaded before import = 0
Number of asset objects unloaded after import = 1
========================================================================
Received Import Request.
  Time since last request: 0.000022 seconds.
  path: Assets/Terrains/TerrainSampleAssets/Textures/Details/GrassDry_Normal.tif
  artifactKey: Guid(17cc5677d5a413843b9003e53261c859) Importer(2089858483,0ecaa5967403d082aa24f35e1b516d23)
Start importing Assets/Terrains/TerrainSampleAssets/Textures/Details/GrassDry_Normal.tif using Guid(17cc5677d5a413843b9003e53261c859) Importer(2089858483,0ecaa5967403d082aa24f35e1b516d23) Generated GUIDs only implemented for interfaces!
 -> (artifact id: '300ea7fec07a540d0dc4fcddc8a173cc') in 0.027856 seconds
Number of updated asset objects reloaded before import = 0
Number of asset objects unloaded after import = 1
========================================================================
Received Import Request.
  Time since last request: 0.000023 seconds.
  path: Assets/Terrains/TerrainSampleAssets/Textures/Details/Fern_MaskMap.tif
  artifactKey: Guid(d5a7b708862dd0a449b4bccbefdd2335) Importer(2089858483,0ecaa5967403d082aa24f35e1b516d23)
Start importing Assets/Terrains/TerrainSampleAssets/Textures/Details/Fern_MaskMap.tif using Guid(d5a7b708862dd0a449b4bccbefdd2335) Importer(2089858483,0ecaa5967403d082aa24f35e1b516d23) Generated GUIDs only implemented for interfaces!
 -> (artifact id: '8ef37f82df9809729ba5457bfe383489') in 0.045621 seconds
Number of updated asset objects reloaded before import = 0
Number of asset objects unloaded after import = 1
========================================================================
Received Import Request.
  Time since last request: 0.000029 seconds.
  path: Assets/Textures/Sand textures pack/Sand 06/Sand pattern 06.mat
  artifactKey: Guid(aa00779a5e5aee5419893bbab2b77669) Importer(2089858483,0ecaa5967403d082aa24f35e1b516d23)
Start importing Assets/Textures/Sand textures pack/Sand 06/Sand pattern 06.mat using Guid(aa00779a5e5aee5419893bbab2b77669) Importer(2089858483,0ecaa5967403d082aa24f35e1b516d23) Generated GUIDs only implemented for interfaces!
 -> (artifact id: '674ee90f9293d735262d0f94456afd2e') in 0.016158 seconds
Number of updated asset objects reloaded before import = 0
Number of asset objects unloaded after import = 1
========================================================================
Received Import Request.
  Time since last request: 0.000016 seconds.
  path: Assets/Animations/unity-chan!/Unity-chan! Model/Scripts/SpringBone.cs
  artifactKey: Guid(37b7c58dc2d739b4c90fe59f6875debf) Importer(2089858483,0ecaa5967403d082aa24f35e1b516d23)
Start importing Assets/Animations/unity-chan!/Unity-chan! Model/Scripts/SpringBone.cs using Guid(37b7c58dc2d739b4c90fe59f6875debf) Importer(2089858483,0ecaa5967403d082aa24f35e1b516d23) Generated GUIDs only implemented for interfaces!
 -> (artifact id: '116a08c1200cf6970f92326546fe20c4') in 0.013652 seconds
Number of updated asset objects reloaded before import = 0
Number of asset objects unloaded after import = 1
========================================================================
Received Import Request.
  Time since last request: 0.000019 seconds.
  path: Assets/Textures/Sand textures pack/Sand 01/Sand pattern 01.mat
  artifactKey: Guid(708b60658f715c947bd566adc3625319) Importer(2089858483,0ecaa5967403d082aa24f35e1b516d23)
Start importing Assets/Textures/Sand textures pack/Sand 01/Sand pattern 01.mat using Guid(708b60658f715c947bd566adc3625319) Importer(2089858483,0ecaa5967403d082aa24f35e1b516d23) Generated GUIDs only implemented for interfaces!
 -> (artifact id: '0b590e96cee9700273ca5bc7c44cbe0c') in 0.018225 seconds
Number of updated asset objects reloaded before import = 0
Number of asset objects unloaded after import = 1
========================================================================
Received Import Request.
  Time since last request: 0.000021 seconds.
  path: Assets/Models/HQ Rocks/Meshes/Materials/Rock_7.mat
  artifactKey: Guid(d0aac076e0e9dfd47a61ae87836b22cb) Importer(2089858483,0ecaa5967403d082aa24f35e1b516d23)
Start importing Assets/Models/HQ Rocks/Meshes/Materials/Rock_7.mat using Guid(d0aac076e0e9dfd47a61ae87836b22cb) Importer(2089858483,0ecaa5967403d082aa24f35e1b516d23) Generated GUIDs only implemented for interfaces!
 -> (artifact id: 'ad91ae7f0cd7273e29417081b48a3e79') in 0.017357 seconds
Number of updated asset objects reloaded before import = 0
Number of asset objects unloaded after import = 1
========================================================================
Received Import Request.
  Time since last request: 0.000029 seconds.
  path: Assets/Textures/Mushroom Textures/Materials/green.mat
  artifactKey: Guid(ff727050fdd27554f91e58bd2d759e3c) Importer(2089858483,0ecaa5967403d082aa24f35e1b516d23)
Start importing Assets/Textures/Mushroom Textures/Materials/green.mat using Guid(ff727050fdd27554f91e58bd2d759e3c) Importer(2089858483,0ecaa5967403d082aa24f35e1b516d23) Generated GUIDs only implemented for interfaces!
 -> (artifact id: 'cbc8a74e274383d36531b30d0f6f41f8') in 0.035796 seconds
Number of updated asset objects reloaded before import = 0
Number of asset objects unloaded after import = 2
========================================================================
Received Import Request.
  Time since last request: 0.000028 seconds.
  path: Assets/StarterAssets/ThirdPersonController/Character/Animations/StarterAssetsThirdPerson.controller
  artifactKey: Guid(40db3173a05ae3242b1c182a09b0a183) Importer(2089858483,0ecaa5967403d082aa24f35e1b516d23)
Start importing Assets/StarterAssets/ThirdPersonController/Character/Animations/StarterAssetsThirdPerson.controller using Guid(40db3173a05ae3242b1c182a09b0a183) Importer(2089858483,0ecaa5967403d082aa24f35e1b516d23) Generated GUIDs only implemented for interfaces!
 -> (artifact id: '3a4edfaeb4ea8430e3f12f0bdd761470') in 0.040120 seconds
Number of updated asset objects reloaded before import = 0
Number of asset objects unloaded after import = 33
========================================================================
Received Import Request.
  Time since last request: 0.000026 seconds.
  path: Assets/StarterAssets/ThirdPersonController/Character/Textures/Armature_Body_Normal.tif
  artifactKey: Guid(2a3daea46c599324e873f935ab08000a) Importer(2089858483,0ecaa5967403d082aa24f35e1b516d23)
Start importing Assets/StarterAssets/ThirdPersonController/Character/Textures/Armature_Body_Normal.tif using Guid(2a3daea46c599324e873f935ab08000a) Importer(2089858483,0ecaa5967403d082aa24f35e1b516d23) Generated GUIDs only implemented for interfaces!
 -> (artifact id: '7bd48ac6b87b59424021fc84fe178e4d') in 0.041970 seconds
Number of updated asset objects reloaded before import = 0
Number of asset objects unloaded after import = 1
========================================================================
Received Import Request.
  Time since last request: 0.000015 seconds.
  path: Assets/Textures/Sand textures pack/Sand 01/Sand Pattern 01.terrainlayer
  artifactKey: Guid(dbf66ac2c7b8f804c9583f1297efec5c) Importer(2089858483,0ecaa5967403d082aa24f35e1b516d23)
Start importing Assets/Textures/Sand textures pack/Sand 01/Sand Pattern 01.terrainlayer using Guid(dbf66ac2c7b8f804c9583f1297efec5c) Importer(2089858483,0ecaa5967403d082aa24f35e1b516d23) Generated GUIDs only implemented for interfaces!
 -> (artifact id: '71f8235000e163b4b6f6ce1b87241f3c') in 0.019388 seconds
Number of updated asset objects reloaded before import = 0
Number of asset objects unloaded after import = 1
========================================================================
Received Import Request.
  Time since last request: 0.000019 seconds.
  path: Assets/Terrains/TerrainSampleAssets/Textures/Details/Grass_A_Normal.tif
  artifactKey: Guid(9a1568052101f2f48ba76e7342adc3f3) Importer(2089858483,0ecaa5967403d082aa24f35e1b516d23)
Start importing Assets/Terrains/TerrainSampleAssets/Textures/Details/Grass_A_Normal.tif using Guid(9a1568052101f2f48ba76e7342adc3f3) Importer(2089858483,0ecaa5967403d082aa24f35e1b516d23) Generated GUIDs only implemented for interfaces!
 -> (artifact id: 'cde6fe8f4bbbb40ab1ee1fc4cec6a16e') in 0.028098 seconds
Number of updated asset objects reloaded before import = 0
Number of asset objects unloaded after import = 1
========================================================================
Received Import Request.
  Time since last request: 0.000017 seconds.
  path: Assets/Terrains/TerrainSampleAssets/Textures/Details/Heather_A_Thickness.tif
  artifactKey: Guid(0942f310de78e664aaaca6d7d276cb61) Importer(2089858483,0ecaa5967403d082aa24f35e1b516d23)
Start importing Assets/Terrains/TerrainSampleAssets/Textures/Details/Heather_A_Thickness.tif using Guid(0942f310de78e664aaaca6d7d276cb61) Importer(2089858483,0ecaa5967403d082aa24f35e1b516d23) Generated GUIDs only implemented for interfaces!
 -> (artifact id: '55f535cdaffa31b5cc52ac5f05840161') in 0.028521 seconds
Number of updated asset objects reloaded before import = 0
Number of asset objects unloaded after import = 1
========================================================================
Received Import Request.
  Time since last request: 0.000021 seconds.
  path: Assets/Terrains/TerrainSampleAssets/Textures/Details/Grass_C_MaskMap.tif
  artifactKey: Guid(20e5036a7508c01479cdb7338b1c86cc) Importer(2089858483,0ecaa5967403d082aa24f35e1b516d23)
Start importing Assets/Terrains/TerrainSampleAssets/Textures/Details/Grass_C_MaskMap.tif using Guid(20e5036a7508c01479cdb7338b1c86cc) Importer(2089858483,0ecaa5967403d082aa24f35e1b516d23) Generated GUIDs only implemented for interfaces!
 -> (artifact id: '502d8b51803cfd0a850eec2dfe78bcdd') in 0.043636 seconds
Number of updated asset objects reloaded before import = 0
Number of asset objects unloaded after import = 1
========================================================================
Received Import Request.
  Time since last request: 0.000023 seconds.
  path: Assets/Terrains/TerrainSampleAssets/Textures/Details/Plant_Normal.tif
  artifactKey: Guid(bcd36bed575f11d42bc048f705b8b6a5) Importer(2089858483,0ecaa5967403d082aa24f35e1b516d23)
Start importing Assets/Terrains/TerrainSampleAssets/Textures/Details/Plant_Normal.tif using Guid(bcd36bed575f11d42bc048f705b8b6a5) Importer(2089858483,0ecaa5967403d082aa24f35e1b516d23) Generated GUIDs only implemented for interfaces!
 -> (artifact id: 'bc74b88db201f8f6a0f5bba4839279a5') in 0.029931 seconds
Number of updated asset objects reloaded before import = 0
Number of asset objects unloaded after import = 1
========================================================================
Received Import Request.
  Time since last request: 0.000015 seconds.
  path: Assets/Terrains/TerrainSampleAssets/Textures/Heightmaps/Cracked_Earth01_Heightmap.tif
  artifactKey: Guid(fc6089e3bffbdc9489980dbed57a64f6) Importer(2089858483,0ecaa5967403d082aa24f35e1b516d23)
Start importing Assets/Terrains/TerrainSampleAssets/Textures/Heightmaps/Cracked_Earth01_Heightmap.tif using Guid(fc6089e3bffbdc9489980dbed57a64f6) Importer(2089858483,0ecaa5967403d082aa24f35e1b516d23) Generated GUIDs only implemented for interfaces!
 -> (artifact id: '8864b05af17b51d12f5f42178d0e7835') in 0.026774 seconds
Number of updated asset objects reloaded before import = 0
Number of asset objects unloaded after import = 1
========================================================================
Received Import Request.
  Time since last request: 0.000014 seconds.
  path: Assets/Terrains/TerrainSampleAssets/Textures/Details/Heather_A_BaseColor.tif
  artifactKey: Guid(deb3a5099f3fc81408def7e176a5f5de) Importer(2089858483,0ecaa5967403d082aa24f35e1b516d23)
Start importing Assets/Terrains/TerrainSampleAssets/Textures/Details/Heather_A_BaseColor.tif using Guid(deb3a5099f3fc81408def7e176a5f5de) Importer(2089858483,0ecaa5967403d082aa24f35e1b516d23) Generated GUIDs only implemented for interfaces!
 -> (artifact id: '5cb51598a95bae649bf3f4c7136bde02') in 0.026860 seconds
Number of updated asset objects reloaded before import = 0
Number of asset objects unloaded after import = 1
========================================================================
Received Import Request.
  Time since last request: 0.000016 seconds.
  path: Assets/Terrains/TerrainSampleAssets/Textures/Heightmaps/Canyon05_Heightmap.tif
  artifactKey: Guid(3771b24b1afb4bd4d86e3ba795b65a32) Importer(2089858483,0ecaa5967403d082aa24f35e1b516d23)
Start importing Assets/Terrains/TerrainSampleAssets/Textures/Heightmaps/Canyon05_Heightmap.tif using Guid(3771b24b1afb4bd4d86e3ba795b65a32) Importer(2089858483,0ecaa5967403d082aa24f35e1b516d23) Generated GUIDs only implemented for interfaces!
 -> (artifact id: '8648e570aea21ebf0e39c4793ccaa500') in 0.026894 seconds
Number of updated asset objects reloaded before import = 0
Number of asset objects unloaded after import = 1
========================================================================
Received Import Request.
  Time since last request: 0.000018 seconds.
  path: Assets/Terrains/TerrainSampleAssets/Textures/Heightmaps/Canyon03_Heightmap.tif
  artifactKey: Guid(00e07f21ff32c094ea64f6753fb3b542) Importer(2089858483,0ecaa5967403d082aa24f35e1b516d23)
Start importing Assets/Terrains/TerrainSampleAssets/Textures/Heightmaps/Canyon03_Heightmap.tif using Guid(00e07f21ff32c094ea64f6753fb3b542) Importer(2089858483,0ecaa5967403d082aa24f35e1b516d23) Generated GUIDs only implemented for interfaces!
 -> (artifact id: '22f9426494703c756b24b8702809440b') in 0.038760 seconds
Number of updated asset objects reloaded before import = 0
Number of asset objects unloaded after import = 1
========================================================================
Received Import Request.
  Time since last request: 0.000024 seconds.
  path: Assets/Terrains/TerrainSampleAssets/Textures/Heightmaps/Cracked_Earth02_Heightmap.tif
  artifactKey: Guid(ce389a44803b703498159190bc7d48af) Importer(2089858483,0ecaa5967403d082aa24f35e1b516d23)
Start importing Assets/Terrains/TerrainSampleAssets/Textures/Heightmaps/Cracked_Earth02_Heightmap.tif using Guid(ce389a44803b703498159190bc7d48af) Importer(2089858483,0ecaa5967403d082aa24f35e1b516d23) Generated GUIDs only implemented for interfaces!
 -> (artifact id: '8849bd1a511a6fcd6730434ffda9e793') in 0.024204 seconds
Number of updated asset objects reloaded before import = 0
Number of asset objects unloaded after import = 1
========================================================================
Received Import Request.
  Time since last request: 0.000034 seconds.
  path: Assets/Terrains/TerrainSampleAssets/Textures/Heightmaps/Canyon02_Heightmap.tif
  artifactKey: Guid(4fe4d3241d435594b82a72af96e4052d) Importer(2089858483,0ecaa5967403d082aa24f35e1b516d23)
Start importing Assets/Terrains/TerrainSampleAssets/Textures/Heightmaps/Canyon02_Heightmap.tif using Guid(4fe4d3241d435594b82a72af96e4052d) Importer(2089858483,0ecaa5967403d082aa24f35e1b516d23) Generated GUIDs only implemented for interfaces!
 -> (artifact id: 'b33146cfc00c059562e49aa0e187f54c') in 0.025233 seconds
Number of updated asset objects reloaded before import = 0
Number of asset objects unloaded after import = 1
========================================================================
Received Import Request.
  Time since last request: 0.000016 seconds.
  path: Assets/Terrains/TerrainSampleAssets/Textures/Details/Grass_C_Normal.tif
  artifactKey: Guid(ec6838d3bd80287449a69dc40380ebc8) Importer(2089858483,0ecaa5967403d082aa24f35e1b516d23)
Start importing Assets/Terrains/TerrainSampleAssets/Textures/Details/Grass_C_Normal.tif using Guid(ec6838d3bd80287449a69dc40380ebc8) Importer(2089858483,0ecaa5967403d082aa24f35e1b516d23) Generated GUIDs only implemented for interfaces!
 -> (artifact id: '56e148e70c2f346271e812ef9904443b') in 0.029045 seconds
Number of updated asset objects reloaded before import = 0
Number of asset objects unloaded after import = 1
========================================================================
Received Import Request.
  Time since last request: 0.000016 seconds.
  path: Assets/Terrains/TerrainSampleAssets/Textures/Details/Grass_A_Thickness.tif
  artifactKey: Guid(5bdbe53dce2414e458937234dce49479) Importer(2089858483,0ecaa5967403d082aa24f35e1b516d23)
Start importing Assets/Terrains/TerrainSampleAssets/Textures/Details/Grass_A_Thickness.tif using Guid(5bdbe53dce2414e458937234dce49479) Importer(2089858483,0ecaa5967403d082aa24f35e1b516d23) Generated GUIDs only implemented for interfaces!
 -> (artifact id: '18a9bd0f775cc1780973a71c77f79912') in 0.028352 seconds
Number of updated asset objects reloaded before import = 0
Number of asset objects unloaded after import = 1
========================================================================
Received Import Request.
  Time since last request: 0.000018 seconds.
  path: Assets/Terrains/TerrainSampleAssets/Textures/Heightmaps/Flat_Mountain01_Heightmap.tif
  artifactKey: Guid(d2a704d1b2d8ad948aab36a028a684b5) Importer(2089858483,0ecaa5967403d082aa24f35e1b516d23)
Start importing Assets/Terrains/TerrainSampleAssets/Textures/Heightmaps/Flat_Mountain01_Heightmap.tif using Guid(d2a704d1b2d8ad948aab36a028a684b5) Importer(2089858483,0ecaa5967403d082aa24f35e1b516d23) Generated GUIDs only implemented for interfaces!
 -> (artifact id: 'b4cd88aa1e27e2c75bfbe5776f91bc16') in 0.045310 seconds
Number of updated asset objects reloaded before import = 0
Number of asset objects unloaded after import = 1
========================================================================
Received Import Request.
  Time since last request: 0.000028 seconds.
  path: Assets/Terrains/TerrainSampleAssets/Textures/Heightmaps/Hills02_Heightmap.tiff
  artifactKey: Guid(0ae4396d11e334e4daf11922ac1f175f) Importer(2089858483,0ecaa5967403d082aa24f35e1b516d23)
Start importing Assets/Terrains/TerrainSampleAssets/Textures/Heightmaps/Hills02_Heightmap.tiff using Guid(0ae4396d11e334e4daf11922ac1f175f) Importer(2089858483,0ecaa5967403d082aa24f35e1b516d23) Generated GUIDs only implemented for interfaces!
 -> (artifact id: 'ea05212a628bf1fafeaec882cafa99c9') in 0.026955 seconds
Number of updated asset objects reloaded before import = 0
Number of asset objects unloaded after import = 1
========================================================================
Received Import Request.
  Time since last request: 0.000020 seconds.
  path: Assets/Terrains/TerrainSampleAssets/Textures/Heightmaps/Ridge04_Heightmap.tif
  artifactKey: Guid(440810c88740a8045949d48b489e443b) Importer(2089858483,0ecaa5967403d082aa24f35e1b516d23)
Start importing Assets/Terrains/TerrainSampleAssets/Textures/Heightmaps/Ridge04_Heightmap.tif using Guid(440810c88740a8045949d48b489e443b) Importer(2089858483,0ecaa5967403d082aa24f35e1b516d23) Generated GUIDs only implemented for interfaces!
 -> (artifact id: '3f1cbc93f496efe57f9d3dca1930be8e') in 0.025675 seconds
Number of updated asset objects reloaded before import = 0
Number of asset objects unloaded after import = 1
========================================================================
Received Import Request.
  Time since last request: 0.000021 seconds.
  path: Assets/Terrains/TerrainSampleAssets/Textures/Heightmaps/Mountain04_Heightmap.tif
  artifactKey: Guid(a1f4f845b9208d64a95cc6177a9b2abc) Importer(2089858483,0ecaa5967403d082aa24f35e1b516d23)
Start importing Assets/Terrains/TerrainSampleAssets/Textures/Heightmaps/Mountain04_Heightmap.tif using Guid(a1f4f845b9208d64a95cc6177a9b2abc) Importer(2089858483,0ecaa5967403d082aa24f35e1b516d23) Generated GUIDs only implemented for interfaces!
 -> (artifact id: '09272b6a3fb6ea93bb6c1a4da716acbe') in 0.027800 seconds
Number of updated asset objects reloaded before import = 0
Number of asset objects unloaded after import = 1
========================================================================
Received Import Request.
  Time since last request: 0.000018 seconds.
  path: Assets/Terrains/TerrainSampleAssets/Textures/Heightmaps/Slope02_Heightmap.tiff
  artifactKey: Guid(da02531a879811e48a7f7766744588c8) Importer(2089858483,0ecaa5967403d082aa24f35e1b516d23)
Start importing Assets/Terrains/TerrainSampleAssets/Textures/Heightmaps/Slope02_Heightmap.tiff using Guid(da02531a879811e48a7f7766744588c8) Importer(2089858483,0ecaa5967403d082aa24f35e1b516d23) Generated GUIDs only implemented for interfaces!
 -> (artifact id: 'f38a93d1be54d6780f7a2657cfda1c07') in 0.029712 seconds
Number of updated asset objects reloaded before import = 0
Number of asset objects unloaded after import = 1
========================================================================
Received Import Request.
  Time since last request: 0.000020 seconds.
  path: Assets/Terrains/TerrainSampleAssets/Textures/Heightmaps/Mountain02_Heightmap.tif
  artifactKey: Guid(5b7433cfa322cdb4ba853ecd73127975) Importer(2089858483,0ecaa5967403d082aa24f35e1b516d23)
Start importing Assets/Terrains/TerrainSampleAssets/Textures/Heightmaps/Mountain02_Heightmap.tif using Guid(5b7433cfa322cdb4ba853ecd73127975) Importer(2089858483,0ecaa5967403d082aa24f35e1b516d23) Generated GUIDs only implemented for interfaces!
 -> (artifact id: '175ec869c34f8b560ec224e3a1fe7a0d') in 0.036390 seconds
Number of updated asset objects reloaded before import = 0
Number of asset objects unloaded after import = 1
========================================================================
Received Import Request.
  Time since last request: 0.000029 seconds.
  path: Assets/Terrains/TerrainSampleAssets/Textures/Heightmaps/Plateau02_Heightmap.tif
  artifactKey: Guid(7fce2600db05ae54ea39d9e5681232cc) Importer(2089858483,0ecaa5967403d082aa24f35e1b516d23)
Start importing Assets/Terrains/TerrainSampleAssets/Textures/Heightmaps/Plateau02_Heightmap.tif using Guid(7fce2600db05ae54ea39d9e5681232cc) Importer(2089858483,0ecaa5967403d082aa24f35e1b516d23) Generated GUIDs only implemented for interfaces!
 -> (artifact id: '9db89594f78ffe68a37c2c967e040811') in 0.025349 seconds
Number of updated asset objects reloaded before import = 0
Number of asset objects unloaded after import = 1
========================================================================
Received Import Request.
  Time since last request: 0.000016 seconds.
  path: Assets/Terrains/TerrainSampleAssets/Textures/Heightmaps/Rolling_Hills01_Heightmap.tif
  artifactKey: Guid(ef3a42474254efb44a572b52d3ac06cd) Importer(2089858483,0ecaa5967403d082aa24f35e1b516d23)
Start importing Assets/Terrains/TerrainSampleAssets/Textures/Heightmaps/Rolling_Hills01_Heightmap.tif using Guid(ef3a42474254efb44a572b52d3ac06cd) Importer(2089858483,0ecaa5967403d082aa24f35e1b516d23) Generated GUIDs only implemented for interfaces!
 -> (artifact id: 'cc6a2704c716ed950fd0c1c73d9a6370') in 0.025805 seconds
Number of updated asset objects reloaded before import = 0
Number of asset objects unloaded after import = 1
========================================================================
Received Import Request.
  Time since last request: 0.000016 seconds.
  path: Assets/Terrains/TerrainSampleAssets/Textures/Heightmaps/Mountain09_Heightmap.tiff
  artifactKey: Guid(c1873143642071347b9e3544696e5d6f) Importer(2089858483,0ecaa5967403d082aa24f35e1b516d23)
Start importing Assets/Terrains/TerrainSampleAssets/Textures/Heightmaps/Mountain09_Heightmap.tiff using Guid(c1873143642071347b9e3544696e5d6f) Importer(2089858483,0ecaa5967403d082aa24f35e1b516d23) Generated GUIDs only implemented for interfaces!
 -> (artifact id: 'abdc8bad40c4df02a01edf03ecd785cc') in 0.028075 seconds
Number of updated asset objects reloaded before import = 0
Number of asset objects unloaded after import = 1
========================================================================
Received Import Request.
  Time since last request: 0.000015 seconds.
  path: Assets/Terrains/TerrainSampleAssets/Textures/Heightmaps/Ridge03_Heightmap.tif
  artifactKey: Guid(b1dadb884e92879469e470aba88f0096) Importer(2089858483,0ecaa5967403d082aa24f35e1b516d23)
Start importing Assets/Terrains/TerrainSampleAssets/Textures/Heightmaps/Ridge03_Heightmap.tif using Guid(b1dadb884e92879469e470aba88f0096) Importer(2089858483,0ecaa5967403d082aa24f35e1b516d23) Generated GUIDs only implemented for interfaces!
 -> (artifact id: '578422b66c8286cb45ad2376399eaa41') in 0.026870 seconds
Number of updated asset objects reloaded before import = 0
Number of asset objects unloaded after import = 1
========================================================================
Received Import Request.
  Time since last request: 0.000024 seconds.
  path: Assets/Terrains/TerrainSampleAssets/Textures/Heightmaps/Mountain08_Heightmap.tif
  artifactKey: Guid(d5428cdc2df49fc4a9aa5bbbcfcfe0e0) Importer(2089858483,0ecaa5967403d082aa24f35e1b516d23)
Start importing Assets/Terrains/TerrainSampleAssets/Textures/Heightmaps/Mountain08_Heightmap.tif using Guid(d5428cdc2df49fc4a9aa5bbbcfcfe0e0) Importer(2089858483,0ecaa5967403d082aa24f35e1b516d23) Generated GUIDs only implemented for interfaces!
 -> (artifact id: 'b771712b6327cd193985829be7cc3ff5') in 0.028540 seconds
Number of updated asset objects reloaded before import = 0
Number of asset objects unloaded after import = 1
========================================================================
Received Import Request.
  Time since last request: 0.000022 seconds.
  path: Assets/Terrains/TerrainSampleAssets/Textures/Heightmaps/Slope01_Heightmap.tiff
  artifactKey: Guid(ef9c4dc3cb0fed644b548b70ef4f61a8) Importer(2089858483,0ecaa5967403d082aa24f35e1b516d23)
Start importing Assets/Terrains/TerrainSampleAssets/Textures/Heightmaps/Slope01_Heightmap.tiff using Guid(ef9c4dc3cb0fed644b548b70ef4f61a8) Importer(2089858483,0ecaa5967403d082aa24f35e1b516d23) Generated GUIDs only implemented for interfaces!
 -> (artifact id: 'b49fbd06b124b2b3907ef02dabadc2b1') in 0.040655 seconds
Number of updated asset objects reloaded before import = 0
Number of asset objects unloaded after import = 1
========================================================================
Received Import Request.
  Time since last request: 0.000018 seconds.
  path: Assets/StarterAssets/ThirdPersonController/Character/Sfx/Player_Footstep_01.wav
  artifactKey: Guid(72f526a6a9890f643a88e85a61c86c8a) Importer(2089858483,0ecaa5967403d082aa24f35e1b516d23)
Start importing Assets/StarterAssets/ThirdPersonController/Character/Sfx/Player_Footstep_01.wav using Guid(72f526a6a9890f643a88e85a61c86c8a) Importer(2089858483,0ecaa5967403d082aa24f35e1b516d23) Generated GUIDs only implemented for interfaces!
 -> (artifact id: 'e86a3729af7bbccbf75d61824c3fc7eb') in 0.042204 seconds
Number of updated asset objects reloaded before import = 0
Number of asset objects unloaded after import = 1
========================================================================
Received Import Request.
  Time since last request: 0.000019 seconds.
  path: Assets/Terrains/TerrainSampleAssets/Textures/Terrain/Grass_Soil_Normal.tif
  artifactKey: Guid(bac35a6695e0d2a4aa7ead9e5c59ff3a) Importer(2089858483,0ecaa5967403d082aa24f35e1b516d23)
Start importing Assets/Terrains/TerrainSampleAssets/Textures/Terrain/Grass_Soil_Normal.tif using Guid(bac35a6695e0d2a4aa7ead9e5c59ff3a) Importer(2089858483,0ecaa5967403d082aa24f35e1b516d23) Generated GUIDs only implemented for interfaces!
 -> (artifact id: '48bfc95876fb178ea85b36b7d5bcaf3b') in 0.086171 seconds
Number of updated asset objects reloaded before import = 0
Number of asset objects unloaded after import = 1
========================================================================
Received Import Request.
  Time since last request: 0.000017 seconds.
  path: Assets/Terrains/TerrainSampleAssets/Textures/Terrain/Grass_Soil_BaseColor.tif
  artifactKey: Guid(c132f673f72ba634a940fa1a19640c9d) Importer(2089858483,0ecaa5967403d082aa24f35e1b516d23)
Start importing Assets/Terrains/TerrainSampleAssets/Textures/Terrain/Grass_Soil_BaseColor.tif using Guid(c132f673f72ba634a940fa1a19640c9d) Importer(2089858483,0ecaa5967403d082aa24f35e1b516d23) Generated GUIDs only implemented for interfaces!
 -> (artifact id: '68eb99475cf1e562a029fbb84887d70d') in 0.083081 seconds
Number of updated asset objects reloaded before import = 0
Number of asset objects unloaded after import = 1
========================================================================
Received Import Request.
  Time since last request: 0.000023 seconds.
  path: Assets/Terrains/TerrainSampleAssets/Textures/Heightmaps/Volcano01_Heightmap.tif
  artifactKey: Guid(363319f155d126f42babcdde1483c92d) Importer(2089858483,0ecaa5967403d082aa24f35e1b516d23)
Start importing Assets/Terrains/TerrainSampleAssets/Textures/Heightmaps/Volcano01_Heightmap.tif using Guid(363319f155d126f42babcdde1483c92d) Importer(2089858483,0ecaa5967403d082aa24f35e1b516d23) Generated GUIDs only implemented for interfaces!
 -> (artifact id: '9e23c7bd84d4bbc94b66bf6210fdd20f') in 0.029237 seconds
Number of updated asset objects reloaded before import = 0
Number of asset objects unloaded after import = 1
========================================================================
Received Import Request.
  Time since last request: 0.000016 seconds.
  path: Assets/Terrains/TerrainSampleAssets/Textures/Terrain/Black_Sand_Normal.tif
  artifactKey: Guid(5a0268d6c7cb840419ea3061dd6e001a) Importer(2089858483,0ecaa5967403d082aa24f35e1b516d23)
Start importing Assets/Terrains/TerrainSampleAssets/Textures/Terrain/Black_Sand_Normal.tif using Guid(5a0268d6c7cb840419ea3061dd6e001a) Importer(2089858483,0ecaa5967403d082aa24f35e1b516d23) Generated GUIDs only implemented for interfaces!
 -> (artifact id: 'ce987641e08a7fa6c7057f6e0a0d509b') in 0.096209 seconds
Number of updated asset objects reloaded before import = 0
Number of asset objects unloaded after import = 1
========================================================================
Received Import Request.
  Time since last request: 0.000015 seconds.
  path: Assets/Terrains/TerrainSampleAssets/Textures/Terrain/Grass_A_BaseColor.tif
  artifactKey: Guid(9e599defc4b068440845af74ccbe97c3) Importer(2089858483,0ecaa5967403d082aa24f35e1b516d23)
Start importing Assets/Terrains/TerrainSampleAssets/Textures/Terrain/Grass_A_BaseColor.tif using Guid(9e599defc4b068440845af74ccbe97c3) Importer(2089858483,0ecaa5967403d082aa24f35e1b516d23) Generated GUIDs only implemented for interfaces!
 -> (artifact id: 'dfbde481526c87454c08f95c6f122dfc') in 0.084435 seconds
Number of updated asset objects reloaded before import = 0
Number of asset objects unloaded after import = 1
========================================================================
Received Import Request.
  Time since last request: 0.000017 seconds.
  path: Assets/Terrains/TerrainSampleAssets/Textures/Terrain/Grass_Moss_BaseColor.tif
  artifactKey: Guid(48e187843f8395a418f7c0952dfc1c22) Importer(2089858483,0ecaa5967403d082aa24f35e1b516d23)
Start importing Assets/Terrains/TerrainSampleAssets/Textures/Terrain/Grass_Moss_BaseColor.tif using Guid(48e187843f8395a418f7c0952dfc1c22) Importer(2089858483,0ecaa5967403d082aa24f35e1b516d23) Generated GUIDs only implemented for interfaces!
 -> (artifact id: 'a92c0b2ef0c431109fea006650b6b5f9') in 0.112975 seconds
Number of updated asset objects reloaded before import = 0
Number of asset objects unloaded after import = 1
========================================================================
Received Import Request.
  Time since last request: 0.000022 seconds.
  path: Assets/Terrains/TerrainSampleAssets/Textures/Terrain/Grass_B_BaseColor.tif
  artifactKey: Guid(7976fdcb6a8172347b5017c189c4aadd) Importer(2089858483,0ecaa5967403d082aa24f35e1b516d23)
Start importing Assets/Terrains/TerrainSampleAssets/Textures/Terrain/Grass_B_BaseColor.tif using Guid(7976fdcb6a8172347b5017c189c4aadd) Importer(2089858483,0ecaa5967403d082aa24f35e1b516d23) Generated GUIDs only implemented for interfaces!
 -> (artifact id: '6bca9bfafdab10093c13a0e2d6517844') in 0.132515 seconds
Number of updated asset objects reloaded before import = 0
Number of asset objects unloaded after import = 1
========================================================================
Received Import Request.
  Time since last request: 0.000039 seconds.
  path: Assets/Terrains/TerrainSampleAssets/Textures/Terrain/Pebbles_B_MaskMap.tif
  artifactKey: Guid(8f08c6561d576c948bda2850f9a7f2d8) Importer(2089858483,0ecaa5967403d082aa24f35e1b516d23)
Start importing Assets/Terrains/TerrainSampleAssets/Textures/Terrain/Pebbles_B_MaskMap.tif using Guid(8f08c6561d576c948bda2850f9a7f2d8) Importer(2089858483,0ecaa5967403d082aa24f35e1b516d23) Generated GUIDs only implemented for interfaces!
 -> (artifact id: '3f02968d79f17381d1ff950992d2ff64') in 0.083355 seconds
Number of updated asset objects reloaded before import = 0
Number of asset objects unloaded after import = 1
========================================================================
Received Import Request.
  Time since last request: 0.000019 seconds.
  path: Assets/Terrains/TerrainSampleAssets/Textures/Terrain/Pebbles_A_BaseColor.tif
  artifactKey: Guid(167f29f090dd54c499fea2aaf780be92) Importer(2089858483,0ecaa5967403d082aa24f35e1b516d23)
Start importing Assets/Terrains/TerrainSampleAssets/Textures/Terrain/Pebbles_A_BaseColor.tif using Guid(167f29f090dd54c499fea2aaf780be92) Importer(2089858483,0ecaa5967403d082aa24f35e1b516d23) Generated GUIDs only implemented for interfaces!
 -> (artifact id: 'bab78bec9d63a00d0d7e462af472608c') in 0.142299 seconds
Number of updated asset objects reloaded before import = 0
Number of asset objects unloaded after import = 1
========================================================================
Received Import Request.
  Time since last request: 0.000023 seconds.
  path: Assets/Terrains/TerrainSampleAssets/Textures/Terrain/Heather_Normal.tif
  artifactKey: Guid(cab8883a947aa994bb38be33086bff69) Importer(2089858483,0ecaa5967403d082aa24f35e1b516d23)
Start importing Assets/Terrains/TerrainSampleAssets/Textures/Terrain/Heather_Normal.tif using Guid(cab8883a947aa994bb38be33086bff69) Importer(2089858483,0ecaa5967403d082aa24f35e1b516d23) Generated GUIDs only implemented for interfaces!
 -> (artifact id: '8d0a68c003f235fc03f74adaa2938a5e') in 0.088175 seconds
Number of updated asset objects reloaded before import = 0
Number of asset objects unloaded after import = 1
========================================================================
Received Import Request.
  Time since last request: 0.000018 seconds.
  path: Assets/Terrains/TerrainSampleAssets/Textures/Terrain/Grass_Dry_Normal.tif
  artifactKey: Guid(b90cce44e12485242bf51abf4d5a356c) Importer(2089858483,0ecaa5967403d082aa24f35e1b516d23)
Start importing Assets/Terrains/TerrainSampleAssets/Textures/Terrain/Grass_Dry_Normal.tif using Guid(b90cce44e12485242bf51abf4d5a356c) Importer(2089858483,0ecaa5967403d082aa24f35e1b516d23) Generated GUIDs only implemented for interfaces!
 -> (artifact id: '372c4542777999192c8c5032cde079ce') in 0.121792 seconds
Number of updated asset objects reloaded before import = 0
Number of asset objects unloaded after import = 1
========================================================================
Received Import Request.
  Time since last request: 0.000018 seconds.
  path: Assets/Terrains/TerrainSampleAssets/Textures/Terrain/Sand_BaseColor.tif
  artifactKey: Guid(5eb259807877d2846801bda7b2d27ee0) Importer(2089858483,0ecaa5967403d082aa24f35e1b516d23)
Start importing Assets/Terrains/TerrainSampleAssets/Textures/Terrain/Sand_BaseColor.tif using Guid(5eb259807877d2846801bda7b2d27ee0) Importer(2089858483,0ecaa5967403d082aa24f35e1b516d23) Generated GUIDs only implemented for interfaces!
 -> (artifact id: '50591c2a75d8022ce2f7fc28fac46e77') in 0.115023 seconds
Number of updated asset objects reloaded before import = 0
Number of asset objects unloaded after import = 1
========================================================================
Received Import Request.
  Time since last request: 0.000021 seconds.
  path: Assets/Terrains/TerrainSampleAssets/Textures/Terrain/Sand_MaskMap.tif
  artifactKey: Guid(6f217db8dd6896a4681c481477b61e6b) Importer(2089858483,0ecaa5967403d082aa24f35e1b516d23)
Start importing Assets/Terrains/TerrainSampleAssets/Textures/Terrain/Sand_MaskMap.tif using Guid(6f217db8dd6896a4681c481477b61e6b) Importer(2089858483,0ecaa5967403d082aa24f35e1b516d23) Generated GUIDs only implemented for interfaces!
 -> (artifact id: '4b6e0c35fbf4baf475e6f0f6cfc81c60') in 0.097181 seconds
Number of updated asset objects reloaded before import = 0
Number of asset objects unloaded after import = 1
========================================================================
Received Import Request.
  Time since last request: 0.000014 seconds.
  path: Assets/Terrains/TerrainSampleAssets/Textures/Terrain/Snow_BaseColor.tif
  artifactKey: Guid(f8332baff6ece554f870aa155a5e355c) Importer(2089858483,0ecaa5967403d082aa24f35e1b516d23)
Start importing Assets/Terrains/TerrainSampleAssets/Textures/Terrain/Snow_BaseColor.tif using Guid(f8332baff6ece554f870aa155a5e355c) Importer(2089858483,0ecaa5967403d082aa24f35e1b516d23) Generated GUIDs only implemented for interfaces!
 -> (artifact id: '613a78abc4c3ced50381a0d4531c3d0c') in 0.130257 seconds
Number of updated asset objects reloaded before import = 0
Number of asset objects unloaded after import = 1
========================================================================
Received Import Request.
  Time since last request: 0.000022 seconds.
  path: Assets/Terrains/TerrainSampleAssets/Textures/Terrain/Rock_Normal.tif
  artifactKey: Guid(50de2f14e6279bf42a0324963058a2f8) Importer(2089858483,0ecaa5967403d082aa24f35e1b516d23)
Start importing Assets/Terrains/TerrainSampleAssets/Textures/Terrain/Rock_Normal.tif using Guid(50de2f14e6279bf42a0324963058a2f8) Importer(2089858483,0ecaa5967403d082aa24f35e1b516d23) Generated GUIDs only implemented for interfaces!
 -> (artifact id: '2ca60ce989d239343c9af63a4824f17c') in 0.082069 seconds
Number of updated asset objects reloaded before import = 0
Number of asset objects unloaded after import = 1
========================================================================
Received Import Request.
  Time since last request: 0.000023 seconds.
  path: Assets/Terrains/TerrainSampleAssets/Textures/Heightmaps/Soft_Peaks01_Heightmap.tif
  artifactKey: Guid(adfba81bdb8d30048bbea4ad595dbab7) Importer(2089858483,0ecaa5967403d082aa24f35e1b516d23)
Start importing Assets/Terrains/TerrainSampleAssets/Textures/Heightmaps/Soft_Peaks01_Heightmap.tif using Guid(adfba81bdb8d30048bbea4ad595dbab7) Importer(2089858483,0ecaa5967403d082aa24f35e1b516d23) Generated GUIDs only implemented for interfaces!
 -> (artifact id: 'd2d9fec7e244e473d9a27dfd8f977f3d') in 0.025249 seconds
Number of updated asset objects reloaded before import = 0
Number of asset objects unloaded after import = 1
========================================================================
Received Import Request.
  Time since last request: 0.000015 seconds.
  path: Assets/Terrains/TerrainSampleAssets/Textures/Terrain/Grass_Dry_MaskMap.tif
  artifactKey: Guid(35a4985af86cc47479bb11c16ede1c31) Importer(2089858483,0ecaa5967403d082aa24f35e1b516d23)
Start importing Assets/Terrains/TerrainSampleAssets/Textures/Terrain/Grass_Dry_MaskMap.tif using Guid(35a4985af86cc47479bb11c16ede1c31) Importer(2089858483,0ecaa5967403d082aa24f35e1b516d23) Generated GUIDs only implemented for interfaces!
 -> (artifact id: 'a6c9301eb8e20213bd4d365d0e4893ae') in 0.108787 seconds
Number of updated asset objects reloaded before import = 0
Number of asset objects unloaded after import = 1
========================================================================
Received Import Request.
  Time since last request: 0.000052 seconds.
  path: Assets/Terrains/TerrainSampleAssets/Textures/Terrain/Tidal_Pools_BaseColor.tif
  artifactKey: Guid(97a3cb4e4298c7848abe4a8e5ce193c7) Importer(2089858483,0ecaa5967403d082aa24f35e1b516d23)
Start importing Assets/Terrains/TerrainSampleAssets/Textures/Terrain/Tidal_Pools_BaseColor.tif using Guid(97a3cb4e4298c7848abe4a8e5ce193c7) Importer(2089858483,0ecaa5967403d082aa24f35e1b516d23) Generated GUIDs only implemented for interfaces!
 -> (artifact id: '90827507019e6e25ef3d564dd7af96d2') in 0.092661 seconds
Number of updated asset objects reloaded before import = 0
Number of asset objects unloaded after import = 1
========================================================================
Received Import Request.
  Time since last request: 0.000020 seconds.
  path: Assets/Terrains/TerrainSampleAssets/Textures/Terrain/Soil_Rocks_MaskMap.tif
  artifactKey: Guid(f965f1039a737114a921855648c8139a) Importer(2089858483,0ecaa5967403d082aa24f35e1b516d23)
Start importing Assets/Terrains/TerrainSampleAssets/Textures/Terrain/Soil_Rocks_MaskMap.tif using Guid(f965f1039a737114a921855648c8139a) Importer(2089858483,0ecaa5967403d082aa24f35e1b516d23) Generated GUIDs only implemented for interfaces!
 -> (artifact id: 'fc812bf379744a7c9cb8098bda43cb71') in 0.112371 seconds
Number of updated asset objects reloaded before import = 0
Number of asset objects unloaded after import = 1
========================================================================
Received Import Request.
  Time since last request: 0.000023 seconds.
  path: Assets/Terrains/TerrainSampleAssets/Textures/Terrain/Tidal_Pools_MaskMap.tif
  artifactKey: Guid(02f4d2b30ed983a43b89abaab6fee3e5) Importer(2089858483,0ecaa5967403d082aa24f35e1b516d23)
Start importing Assets/Terrains/TerrainSampleAssets/Textures/Terrain/Tidal_Pools_MaskMap.tif using Guid(02f4d2b30ed983a43b89abaab6fee3e5) Importer(2089858483,0ecaa5967403d082aa24f35e1b516d23) Generated GUIDs only implemented for interfaces!
 -> (artifact id: '47d6dd20e43fa9d27dafb2761ee95666') in 0.091717 seconds
Number of updated asset objects reloaded before import = 0
Number of asset objects unloaded after import = 1
========================================================================
Received Import Request.
  Time since last request: 0.000035 seconds.
  path: Assets/Terrains/TerrainSampleAssets/Textures/Terrain/Tidal_Pools_Normal.tif
  artifactKey: Guid(3ccf1c2ede202f341b55210bec3979ca) Importer(2089858483,0ecaa5967403d082aa24f35e1b516d23)
Start importing Assets/Terrains/TerrainSampleAssets/Textures/Terrain/Tidal_Pools_Normal.tif using Guid(3ccf1c2ede202f341b55210bec3979ca) Importer(2089858483,0ecaa5967403d082aa24f35e1b516d23) Generated GUIDs only implemented for interfaces!
 -> (artifact id: 'd77c4e25e451e33f39b07020c4161f69') in 0.099244 seconds
Number of updated asset objects reloaded before import = 0
Number of asset objects unloaded after import = 1
========================================================================
Received Import Request.
  Time since last request: 0.000020 seconds.
  path: Assets/Animations/unity-chan!/Unity-chan! Model/Art/Animations/unitychan_ARpose2.fbx
  artifactKey: Guid(edd51f298e7994c498b99bd24c098f52) Importer(2089858483,0ecaa5967403d082aa24f35e1b516d23)
Start importing Assets/Animations/unity-chan!/Unity-chan! Model/Art/Animations/unitychan_ARpose2.fbx using Guid(edd51f298e7994c498b99bd24c098f52) Importer(2089858483,0ecaa5967403d082aa24f35e1b516d23) Generated GUIDs only implemented for interfaces!
 -> (artifact id: '2e0d6ba30c72743faa05d0b5cbe99acb') in 1.189567 seconds
Number of updated asset objects reloaded before import = 0
Number of asset objects unloaded after import = 307
========================================================================
Received Import Request.
  Time since last request: 0.000029 seconds.
  path: Assets/Animations/unity-chan!/Unity-chan! Model/Art/Animations/unitychan_JUMP00.fbx
  artifactKey: Guid(ac75d16809dc0054d8e3449e7ba665f2) Importer(2089858483,0ecaa5967403d082aa24f35e1b516d23)
Start importing Assets/Animations/unity-chan!/Unity-chan! Model/Art/Animations/unitychan_JUMP00.fbx using Guid(ac75d16809dc0054d8e3449e7ba665f2) Importer(2089858483,0ecaa5967403d082aa24f35e1b516d23) Generated GUIDs only implemented for interfaces!
 -> (artifact id: '975cf723dd3dd047b437b1f67bc5d0e2') in 0.143443 seconds
Number of updated asset objects reloaded before import = 0
Number of asset objects unloaded after import = 325
========================================================================
Received Import Request.
  Time since last request: 0.000017 seconds.
  path: Assets/Animations/unity-chan!/Unity-chan! Model/Art/Animations/unitychan_RUN00_L.fbx
  artifactKey: Guid(dc7b7dc0360ab494ea2e7625162c6ca3) Importer(2089858483,0ecaa5967403d082aa24f35e1b516d23)
Start importing Assets/Animations/unity-chan!/Unity-chan! Model/Art/Animations/unitychan_RUN00_L.fbx using Guid(dc7b7dc0360ab494ea2e7625162c6ca3) Importer(2089858483,0ecaa5967403d082aa24f35e1b516d23) Generated GUIDs only implemented for interfaces!
 -> (artifact id: '9a799140ce50b88e2d2d6a403d832886') in 0.150106 seconds
Number of updated asset objects reloaded before import = 0
Number of asset objects unloaded after import = 325
========================================================================
Received Import Request.
  Time since last request: 0.000020 seconds.
  path: Assets/Terrains/TerrainSampleAssets/Textures/Terrain/Snow_MaskMap.tif
  artifactKey: Guid(ec3fc42eac23e4343928ded6956a2be1) Importer(2089858483,0ecaa5967403d082aa24f35e1b516d23)
Start importing Assets/Terrains/TerrainSampleAssets/Textures/Terrain/Snow_MaskMap.tif using Guid(ec3fc42eac23e4343928ded6956a2be1) Importer(2089858483,0ecaa5967403d082aa24f35e1b516d23) Generated GUIDs only implemented for interfaces!
 -> (artifact id: '2b6a75f1487a4414416841e8a927beca') in 0.091375 seconds
Number of updated asset objects reloaded before import = 0
Number of asset objects unloaded after import = 1
========================================================================
Received Import Request.
  Time since last request: 0.000022 seconds.
  path: Assets/Terrains/TerrainSampleAssets/Textures/Terrain/Soil_Rocks_Normal.tif
  artifactKey: Guid(529b4bc4528acc34990a0b718de8a62f) Importer(2089858483,0ecaa5967403d082aa24f35e1b516d23)
Start importing Assets/Terrains/TerrainSampleAssets/Textures/Terrain/Soil_Rocks_Normal.tif using Guid(529b4bc4528acc34990a0b718de8a62f) Importer(2089858483,0ecaa5967403d082aa24f35e1b516d23) Generated GUIDs only implemented for interfaces!
 -> (artifact id: 'ededf9a60c54ed219229f5095a5a187d') in 0.090035 seconds
Number of updated asset objects reloaded before import = 0
Number of asset objects unloaded after import = 1
========================================================================
Received Import Request.
  Time since last request: 0.000015 seconds.
  path: Assets/Terrains/TerrainSampleAssets/Textures/Terrain/Soil_Rocks_BaseColor.tif
  artifactKey: Guid(7299a77c6d002324ea0477f86d23f14d) Importer(2089858483,0ecaa5967403d082aa24f35e1b516d23)
Start importing Assets/Terrains/TerrainSampleAssets/Textures/Terrain/Soil_Rocks_BaseColor.tif using Guid(7299a77c6d002324ea0477f86d23f14d) Importer(2089858483,0ecaa5967403d082aa24f35e1b516d23) Generated GUIDs only implemented for interfaces!
 -> (artifact id: 'eb8d087e7455965ed7323a1b060f212c') in 0.095128 seconds
Number of updated asset objects reloaded before import = 0
Number of asset objects unloaded after import = 1
========================================================================
Received Import Request.
  Time since last request: 0.000021 seconds.
  path: Assets/Animations/unity-chan!/Unity-chan! Model/Art/Animations/unitychan_WALK00_F.fbx
  artifactKey: Guid(e52be2fa48716194ea1d9d76686005f8) Importer(2089858483,0ecaa5967403d082aa24f35e1b516d23)
Start importing Assets/Animations/unity-chan!/Unity-chan! Model/Art/Animations/unitychan_WALK00_F.fbx using Guid(e52be2fa48716194ea1d9d76686005f8) Importer(2089858483,0ecaa5967403d082aa24f35e1b516d23) Generated GUIDs only implemented for interfaces!
 -> (artifact id: 'c0d77dc00c7a5b4b5ed1054d5a007870') in 0.157191 seconds
Number of updated asset objects reloaded before import = 0
Number of asset objects unloaded after import = 325
========================================================================
Received Import Request.
  Time since last request: 0.000033 seconds.
  path: Assets/Animations/unity-chan!/Unity-chan! Model/Art/Animations/unitychan_WAIT02.fbx
  artifactKey: Guid(e54e2e1fa0a994b389fe0654511fac47) Importer(2089858483,0ecaa5967403d082aa24f35e1b516d23)
Start importing Assets/Animations/unity-chan!/Unity-chan! Model/Art/Animations/unitychan_WAIT02.fbx using Guid(e54e2e1fa0a994b389fe0654511fac47) Importer(2089858483,0ecaa5967403d082aa24f35e1b516d23) Generated GUIDs only implemented for interfaces!
 -> (artifact id: '3cbf9e483c52f7bc37f170bb2988ed45') in 0.130608 seconds
Number of updated asset objects reloaded before import = 0
Number of asset objects unloaded after import = 325
========================================================================
Received Import Request.
  Time since last request: 0.000016 seconds.
  path: Assets/Animations/unity-chan!/Unity-chan! Model/Art/Animations/unitychan_WAIT00.fbx
  artifactKey: Guid(0147e212f97e3d449a4b9e4f5d057180) Importer(2089858483,0ecaa5967403d082aa24f35e1b516d23)
Start importing Assets/Animations/unity-chan!/Unity-chan! Model/Art/Animations/unitychan_WAIT00.fbx using Guid(0147e212f97e3d449a4b9e4f5d057180) Importer(2089858483,0ecaa5967403d082aa24f35e1b516d23) Generated GUIDs only implemented for interfaces!
 -> (artifact id: 'e8563e22095cbf46470d191ccc7c7720') in 0.140474 seconds
Number of updated asset objects reloaded before import = 0
Number of asset objects unloaded after import = 325
========================================================================
Received Import Request.
  Time since last request: 0.000018 seconds.
  path: Assets/Animations/unity-chan!/Unity-chan! Model/Art/Animations/unitychan_WALK00_L.fbx
  artifactKey: Guid(564ea08c07b9a764d8be6f0bbdddfc1c) Importer(2089858483,0ecaa5967403d082aa24f35e1b516d23)
Start importing Assets/Animations/unity-chan!/Unity-chan! Model/Art/Animations/unitychan_WALK00_L.fbx using Guid(564ea08c07b9a764d8be6f0bbdddfc1c) Importer(2089858483,0ecaa5967403d082aa24f35e1b516d23) Generated GUIDs only implemented for interfaces!
 -> (artifact id: '443feb8a49990fe628847eb27bbe55f7') in 0.155814 seconds
Number of updated asset objects reloaded before import = 0
Number of asset objects unloaded after import = 325
========================================================================
Received Import Request.
  Time since last request: 0.000026 seconds.
  path: Assets/Animations/unity-chan!/Unity-chan! Model/Art/Materials/eye_R1.mat
  artifactKey: Guid(a87def7cf3654cc43add52e645fee2ce) Importer(2089858483,0ecaa5967403d082aa24f35e1b516d23)
Start importing Assets/Animations/unity-chan!/Unity-chan! Model/Art/Materials/eye_R1.mat using Guid(a87def7cf3654cc43add52e645fee2ce) Importer(2089858483,0ecaa5967403d082aa24f35e1b516d23) Generated GUIDs only implemented for interfaces!
 -> (artifact id: '786033a2a624734e0f5fab02f32efd20') in 0.034557 seconds
Number of updated asset objects reloaded before import = 0
Number of asset objects unloaded after import = 2
========================================================================
Received Import Request.
  Time since last request: 0.000018 seconds.
  path: Assets/Animations/unity-chan!/Unity-chan! Model/Art/Materials/eyebase.mat
  artifactKey: Guid(9bec51fc47eda6047ba5cc01addbf46f) Importer(2089858483,0ecaa5967403d082aa24f35e1b516d23)
Start importing Assets/Animations/unity-chan!/Unity-chan! Model/Art/Materials/eyebase.mat using Guid(9bec51fc47eda6047ba5cc01addbf46f) Importer(2089858483,0ecaa5967403d082aa24f35e1b516d23) Generated GUIDs only implemented for interfaces!
 -> (artifact id: '55fdf485fab0a148be46f7b06f52e234') in 0.023758 seconds
Number of updated asset objects reloaded before import = 0
Number of asset objects unloaded after import = 1
========================================================================
Received Import Request.
  Time since last request: 0.000014 seconds.
  path: Assets/Animations/unity-chan!/Unity-chan! Model/Art/Animations/unitychan_WIN00.fbx
  artifactKey: Guid(e2538d48c03da46a8b0c3b59d39a4cab) Importer(2089858483,0ecaa5967403d082aa24f35e1b516d23)
Start importing Assets/Animations/unity-chan!/Unity-chan! Model/Art/Animations/unitychan_WIN00.fbx using Guid(e2538d48c03da46a8b0c3b59d39a4cab) Importer(2089858483,0ecaa5967403d082aa24f35e1b516d23) Generated GUIDs only implemented for interfaces!
 -> (artifact id: 'e46560a615102cd68ec0145e53988ea9') in 0.129342 seconds
Number of updated asset objects reloaded before import = 0
Number of asset objects unloaded after import = 325
========================================================================
Received Import Request.
  Time since last request: 0.000027 seconds.
  path: Assets/Animations/unity-chan!/Unity-chan! Model/Art/Materials/eye_L1.mat
  artifactKey: Guid(4987862c1c195e74c86994ba4bcbd812) Importer(2089858483,0ecaa5967403d082aa24f35e1b516d23)
Start importing Assets/Animations/unity-chan!/Unity-chan! Model/Art/Materials/eye_L1.mat using Guid(4987862c1c195e74c86994ba4bcbd812) Importer(2089858483,0ecaa5967403d082aa24f35e1b516d23) Generated GUIDs only implemented for interfaces!
 -> (artifact id: 'f88667bd152666c17605042ece627354') in 0.036575 seconds
Number of updated asset objects reloaded before import = 0
Number of asset objects unloaded after import = 2
========================================================================
Received Import Request.
  Time since last request: 0.000022 seconds.
  path: Assets/Terrains/TerrainSampleAssets/Textures/Terrain/Pebbles_A_MaskMap.tif
  artifactKey: Guid(eb18cea8bd160e84d9c34199341ab08e) Importer(2089858483,0ecaa5967403d082aa24f35e1b516d23)
Start importing Assets/Terrains/TerrainSampleAssets/Textures/Terrain/Pebbles_A_MaskMap.tif using Guid(eb18cea8bd160e84d9c34199341ab08e) Importer(2089858483,0ecaa5967403d082aa24f35e1b516d23) Generated GUIDs only implemented for interfaces!
 -> (artifact id: '447fe799fad7706469192d9d9e1b0617') in 0.093480 seconds
Number of updated asset objects reloaded before import = 0
Number of asset objects unloaded after import = 1
========================================================================
Received Import Request.
  Time since last request: 0.000016 seconds.
  path: Assets/Terrains/TerrainSampleAssets/Textures/Terrain/Rock_BaseColor.tif
  artifactKey: Guid(55c898cc4a305624fa2e28ed99b26f3f) Importer(2089858483,0ecaa5967403d082aa24f35e1b516d23)
Start importing Assets/Terrains/TerrainSampleAssets/Textures/Terrain/Rock_BaseColor.tif using Guid(55c898cc4a305624fa2e28ed99b26f3f) Importer(2089858483,0ecaa5967403d082aa24f35e1b516d23) Generated GUIDs only implemented for interfaces!
 -> (artifact id: '0cd918a4001dc68100516cacda3b1427') in 0.105140 seconds
Number of updated asset objects reloaded before import = 0
Number of asset objects unloaded after import = 1
========================================================================
Received Import Request.
  Time since last request: 0.000017 seconds.
  path: Assets/Animations/unity-chan!/Unity-chan! Model/Art/Materials/Right.mat
  artifactKey: Guid(88157e674d7d0314db76940c73b69405) Importer(2089858483,0ecaa5967403d082aa24f35e1b516d23)
Start importing Assets/Animations/unity-chan!/Unity-chan! Model/Art/Materials/Right.mat using Guid(88157e674d7d0314db76940c73b69405) Importer(2089858483,0ecaa5967403d082aa24f35e1b516d23) Generated GUIDs only implemented for interfaces!
 -> (artifact id: 'ce4876c125d8758c02a86c01b65d24b6') in 0.024656 seconds
Number of updated asset objects reloaded before import = 0
Number of asset objects unloaded after import = 1
========================================================================
Received Import Request.
  Time since last request: 0.000085 seconds.
  path: Assets/Animations/unity-chan!/Unity-chan! Model/Audio/Voice/univ0002.wav
  artifactKey: Guid(6ccbc3d284bd849d49fb1f8f94ab2888) Importer(2089858483,0ecaa5967403d082aa24f35e1b516d23)
Start importing Assets/Animations/unity-chan!/Unity-chan! Model/Audio/Voice/univ0002.wav using Guid(6ccbc3d284bd849d49fb1f8f94ab2888) Importer(2089858483,0ecaa5967403d082aa24f35e1b516d23) Generated GUIDs only implemented for interfaces!
 -> (artifact id: 'c7fe07046f4cb10457c0050d28d48ab1') in 0.047020 seconds
Number of updated asset objects reloaded before import = 0
Number of asset objects unloaded after import = 1
========================================================================
Received Import Request.
  Time since last request: 0.000018 seconds.
  path: Assets/Animations/unity-chan!/Unity-chan! Model/Art/Models/unitychan.fbx
  artifactKey: Guid(8f0565f23a2b58541a475bd3c1393052) Importer(2089858483,0ecaa5967403d082aa24f35e1b516d23)
Start importing Assets/Animations/unity-chan!/Unity-chan! Model/Art/Models/unitychan.fbx using Guid(8f0565f23a2b58541a475bd3c1393052) Importer(2089858483,0ecaa5967403d082aa24f35e1b516d23) Generated GUIDs only implemented for interfaces!
 -> (artifact id: 'fefe0e3780fdbf24622102dbb007f3ab') in 0.053421 seconds
Number of updated asset objects reloaded before import = 0
Number of asset objects unloaded after import = 386
========================================================================
Received Import Request.
  Time since last request: 0.000021 seconds.
  path: Assets/Animations/unity-chan!/Unity-chan! Model/Audio/Voice/unity-chan_voice_list.txt
  artifactKey: Guid(f9b76365a56ab41f4b65323ef05d3821) Importer(2089858483,0ecaa5967403d082aa24f35e1b516d23)
Start importing Assets/Animations/unity-chan!/Unity-chan! Model/Audio/Voice/unity-chan_voice_list.txt using Guid(f9b76365a56ab41f4b65323ef05d3821) Importer(2089858483,0ecaa5967403d082aa24f35e1b516d23) Generated GUIDs only implemented for interfaces!
 -> (artifact id: '627d55e3467d024ede18edfa1f64b1cb') in 0.023783 seconds
Number of updated asset objects reloaded before import = 0
Number of asset objects unloaded after import = 1
========================================================================
Received Import Request.
  Time since last request: 0.000017 seconds.
  path: Assets/Animations/unity-chan!/Unity-chan! Model/Art/Materials/mat_cheek.mat
  artifactKey: Guid(5f9d44654b83160428d7c4cf276b3572) Importer(2089858483,0ecaa5967403d082aa24f35e1b516d23)
Start importing Assets/Animations/unity-chan!/Unity-chan! Model/Art/Materials/mat_cheek.mat using Guid(5f9d44654b83160428d7c4cf276b3572) Importer(2089858483,0ecaa5967403d082aa24f35e1b516d23) Generated GUIDs only implemented for interfaces!
 -> (artifact id: 'efcf6d3e2eed2b61b697815097a4443a') in 0.091963 seconds
Number of updated asset objects reloaded before import = 0
Number of asset objects unloaded after import = 2
========================================================================
Received Import Request.
  Time since last request: 0.000028 seconds.
  path: Assets/Terrains/TerrainSampleAssets/Textures/Terrain/Grass_B_Normal.tif
  artifactKey: Guid(153bf11e8dc72c942aacc230d5123905) Importer(2089858483,0ecaa5967403d082aa24f35e1b516d23)
Start importing Assets/Terrains/TerrainSampleAssets/Textures/Terrain/Grass_B_Normal.tif using Guid(153bf11e8dc72c942aacc230d5123905) Importer(2089858483,0ecaa5967403d082aa24f35e1b516d23) Generated GUIDs only implemented for interfaces!
 -> (artifact id: '1265e1dfc278c72fe00db303ab900a8a') in 0.147046 seconds
Number of updated asset objects reloaded before import = 0
Number of asset objects unloaded after import = 1
========================================================================
Received Import Request.
  Time since last request: 0.000019 seconds.
  path: Assets/Animations/unity-chan!/Unity-chan! Model/Prefabs/LookPos.prefab
  artifactKey: Guid(6d5bff5837eca402492a89073b17c2e6) Importer(2089858483,0ecaa5967403d082aa24f35e1b516d23)
Start importing Assets/Animations/unity-chan!/Unity-chan! Model/Prefabs/LookPos.prefab using Guid(6d5bff5837eca402492a89073b17c2e6) Importer(2089858483,0ecaa5967403d082aa24f35e1b516d23) Generated GUIDs only implemented for interfaces!
 -> (artifact id: '16f03ba1b5780e15ab3950a794452b96') in 0.023066 seconds
Number of updated asset objects reloaded before import = 0
Number of asset objects unloaded after import = 4
========================================================================
Received Import Request.
  Time since last request: 0.000018 seconds.
  path: Assets/Animations/unity-chan!/Unity-chan! Model/Audio/Voice/univ0011.wav
  artifactKey: Guid(874dc2aadd4204ec1987fcd17f8d7fb8) Importer(2089858483,0ecaa5967403d082aa24f35e1b516d23)
Start importing Assets/Animations/unity-chan!/Unity-chan! Model/Audio/Voice/univ0011.wav using Guid(874dc2aadd4204ec1987fcd17f8d7fb8) Importer(2089858483,0ecaa5967403d082aa24f35e1b516d23) Generated GUIDs only implemented for interfaces!
 -> (artifact id: '7b611a14a237b9909ebd895f2b6b983b') in 0.049917 seconds
Number of updated asset objects reloaded before import = 0
Number of asset objects unloaded after import = 1
========================================================================
Received Import Request.
  Time since last request: 0.000027 seconds.
  path: Assets/Animations/unity-chan!/Unity-chan! Model/Audio/Voice/univ0013.wav
  artifactKey: Guid(23b4a85d442dc4abb8d2c6559b135c3c) Importer(2089858483,0ecaa5967403d082aa24f35e1b516d23)
Start importing Assets/Animations/unity-chan!/Unity-chan! Model/Audio/Voice/univ0013.wav using Guid(23b4a85d442dc4abb8d2c6559b135c3c) Importer(2089858483,0ecaa5967403d082aa24f35e1b516d23) Generated GUIDs only implemented for interfaces!
 -> (artifact id: 'c81079f2660650676726dd6037be0ccb') in 0.048825 seconds
Number of updated asset objects reloaded before import = 0
Number of asset objects unloaded after import = 1
========================================================================
Received Import Request.
  Time since last request: 0.000019 seconds.
  path: Assets/Animations/unity-chan!/Unity-chan! Model/Audio/Voice/univ0014.wav
  artifactKey: Guid(a96205706bbde4a2cb843c257f0a114a) Importer(2089858483,0ecaa5967403d082aa24f35e1b516d23)
Start importing Assets/Animations/unity-chan!/Unity-chan! Model/Audio/Voice/univ0014.wav using Guid(a96205706bbde4a2cb843c257f0a114a) Importer(2089858483,0ecaa5967403d082aa24f35e1b516d23) Generated GUIDs only implemented for interfaces!
 -> (artifact id: 'ae5ea1f0628c795d40e70a94674249aa') in 0.046784 seconds
Number of updated asset objects reloaded before import = 0
Number of asset objects unloaded after import = 1
========================================================================
Received Import Request.
  Time since last request: 0.000019 seconds.
  path: Assets/Animations/unity-chan!/Unity-chan! Model/Audio/Voice/univ0007.wav
  artifactKey: Guid(d721cf72523c74b5b937bd0a354fdd40) Importer(2089858483,0ecaa5967403d082aa24f35e1b516d23)
Start importing Assets/Animations/unity-chan!/Unity-chan! Model/Audio/Voice/univ0007.wav using Guid(d721cf72523c74b5b937bd0a354fdd40) Importer(2089858483,0ecaa5967403d082aa24f35e1b516d23) Generated GUIDs only implemented for interfaces!
 -> (artifact id: '4401e66f34f4d75781b6687caf1985b2') in 0.049039 seconds
Number of updated asset objects reloaded before import = 0
Number of asset objects unloaded after import = 1
========================================================================
Received Import Request.
  Time since last request: 0.000022 seconds.
  path: Assets/Animations/unity-chan!/Unity-chan! Model/Audio/Voice/univ0006.wav
  artifactKey: Guid(55cdcf6662c1e410baec7623f20689d6) Importer(2089858483,0ecaa5967403d082aa24f35e1b516d23)
Start importing Assets/Animations/unity-chan!/Unity-chan! Model/Audio/Voice/univ0006.wav using Guid(55cdcf6662c1e410baec7623f20689d6) Importer(2089858483,0ecaa5967403d082aa24f35e1b516d23) Generated GUIDs only implemented for interfaces!
 -> (artifact id: '59bbcbfe95ab0ade39bfd92378e5806c') in 0.059495 seconds
Number of updated asset objects reloaded before import = 0
Number of asset objects unloaded after import = 1
========================================================================
Received Import Request.
  Time since last request: 0.000027 seconds.
  path: Assets/Animations/unity-chan!/Unity-chan! Model/Audio/Voice/univ0005.wav
  artifactKey: Guid(687990b2a12cc4b6db34fdeceb9b8636) Importer(2089858483,0ecaa5967403d082aa24f35e1b516d23)
Start importing Assets/Animations/unity-chan!/Unity-chan! Model/Audio/Voice/univ0005.wav using Guid(687990b2a12cc4b6db34fdeceb9b8636) Importer(2089858483,0ecaa5967403d082aa24f35e1b516d23) Generated GUIDs only implemented for interfaces!
 -> (artifact id: '67789c79f17f28924e3cdc8861b73a71') in 0.050481 seconds
Number of updated asset objects reloaded before import = 0
Number of asset objects unloaded after import = 1
========================================================================
Received Import Request.
  Time since last request: 0.000015 seconds.
  path: Assets/Models/HQ Rocks/Meshes/Materials/Rock_2.mat
  artifactKey: Guid(f21939bcac13efa4c9bce19112ad9c49) Importer(2089858483,0ecaa5967403d082aa24f35e1b516d23)
Start importing Assets/Models/HQ Rocks/Meshes/Materials/Rock_2.mat using Guid(f21939bcac13efa4c9bce19112ad9c49) Importer(2089858483,0ecaa5967403d082aa24f35e1b516d23) Generated GUIDs only implemented for interfaces!
 -> (artifact id: '923867da2c5ce4babcee7d9ac5d932a6') in 0.025383 seconds
Number of updated asset objects reloaded before import = 0
Number of asset objects unloaded after import = 1
========================================================================
Received Import Request.
  Time since last request: 0.000019 seconds.
  path: Assets/Textures/Sand textures pack/Sand 09/preview.jpg
  artifactKey: Guid(f857d3c587730e24493c099f1c68a31b) Importer(2089858483,0ecaa5967403d082aa24f35e1b516d23)
Start importing Assets/Textures/Sand textures pack/Sand 09/preview.jpg using Guid(f857d3c587730e24493c099f1c68a31b) Importer(2089858483,0ecaa5967403d082aa24f35e1b516d23) Generated GUIDs only implemented for interfaces!
 -> (artifact id: '19768c4fb9d0a4c3598e4ae9550e9f97') in 0.035427 seconds
Number of updated asset objects reloaded before import = 0
Number of asset objects unloaded after import = 1
========================================================================
Received Import Request.
  Time since last request: 0.000015 seconds.
  path: Assets/Animations/unity-chan!/Unity-chan! Model/Audio/Voice/univ0021.wav
  artifactKey: Guid(b5b28ddf9a8dd4df9af0857e990f03d9) Importer(2089858483,0ecaa5967403d082aa24f35e1b516d23)
Start importing Assets/Animations/unity-chan!/Unity-chan! Model/Audio/Voice/univ0021.wav using Guid(b5b28ddf9a8dd4df9af0857e990f03d9) Importer(2089858483,0ecaa5967403d082aa24f35e1b516d23) Generated GUIDs only implemented for interfaces!
 -> (artifact id: 'fc249da8d8887f632b295a2219d4d71e') in 0.048812 seconds
Number of updated asset objects reloaded before import = 0
Number of asset objects unloaded after import = 1
========================================================================
Received Import Request.
  Time since last request: 0.000019 seconds.
  path: Assets/Animations/unity-chan!/Unity-chan! Model/Audio/Voice/univ0026.wav
  artifactKey: Guid(947cd1d02855e4e8ab6118488a12ec4d) Importer(2089858483,0ecaa5967403d082aa24f35e1b516d23)
Start importing Assets/Animations/unity-chan!/Unity-chan! Model/Audio/Voice/univ0026.wav using Guid(947cd1d02855e4e8ab6118488a12ec4d) Importer(2089858483,0ecaa5967403d082aa24f35e1b516d23) Generated GUIDs only implemented for interfaces!
 -> (artifact id: '11c78bbc4d62654039550e194360fc94') in 0.045222 seconds
Number of updated asset objects reloaded before import = 0
Number of asset objects unloaded after import = 1
========================================================================
Received Import Request.
  Time since last request: 0.000045 seconds.
  path: Assets/Animations/unity-chan!/Unity-chan! Model/Audio/Voice/univ0031.wav
  artifactKey: Guid(c5e4846ae1d7e4595bd81cfb31f819a2) Importer(2089858483,0ecaa5967403d082aa24f35e1b516d23)
Start importing Assets/Animations/unity-chan!/Unity-chan! Model/Audio/Voice/univ0031.wav using Guid(c5e4846ae1d7e4595bd81cfb31f819a2) Importer(2089858483,0ecaa5967403d082aa24f35e1b516d23) Generated GUIDs only implemented for interfaces!
 -> (artifact id: 'cb1becb0ea85fa2273a5a9a472041b66') in 0.055793 seconds
Number of updated asset objects reloaded before import = 0
Number of asset objects unloaded after import = 1
========================================================================
Received Import Request.
  Time since last request: 0.000020 seconds.
  path: Assets/Animations/unity-chan!/Unity-chan! Model/Audio/Voice/univ0019.wav
  artifactKey: Guid(99a3b02904f254289a782ecf8e3063e2) Importer(2089858483,0ecaa5967403d082aa24f35e1b516d23)
Start importing Assets/Animations/unity-chan!/Unity-chan! Model/Audio/Voice/univ0019.wav using Guid(99a3b02904f254289a782ecf8e3063e2) Importer(2089858483,0ecaa5967403d082aa24f35e1b516d23) Generated GUIDs only implemented for interfaces!
 -> (artifact id: '9e52476f8fe6932a792c9ba240968554') in 0.048953 seconds
Number of updated asset objects reloaded before import = 0
Number of asset objects unloaded after import = 1
========================================================================
Received Import Request.
  Time since last request: 0.000017 seconds.
  path: Assets/Animations/unity-chan!/Unity-chan! Model/Audio/Voice/univ0024.wav
  artifactKey: Guid(168b099abe87a4431ba16dfd3d78df46) Importer(2089858483,0ecaa5967403d082aa24f35e1b516d23)
Start importing Assets/Animations/unity-chan!/Unity-chan! Model/Audio/Voice/univ0024.wav using Guid(168b099abe87a4431ba16dfd3d78df46) Importer(2089858483,0ecaa5967403d082aa24f35e1b516d23) Generated GUIDs only implemented for interfaces!
 -> (artifact id: '550f32f30f6559cb70bd77971eb2511f') in 0.054924 seconds
Number of updated asset objects reloaded before import = 0
Number of asset objects unloaded after import = 1
========================================================================
Received Import Request.
  Time since last request: 0.000016 seconds.
  path: Assets/Animations/unity-chan!/Unity-chan! Model/Audio/Voice/univ0025.wav
  artifactKey: Guid(f05a93713ec534906b4250f349840580) Importer(2089858483,0ecaa5967403d082aa24f35e1b516d23)
Start importing Assets/Animations/unity-chan!/Unity-chan! Model/Audio/Voice/univ0025.wav using Guid(f05a93713ec534906b4250f349840580) Importer(2089858483,0ecaa5967403d082aa24f35e1b516d23) Generated GUIDs only implemented for interfaces!
 -> (artifact id: 'aac1c2f409c12d48b46011bfdd79c260') in 0.048151 seconds
Number of updated asset objects reloaded before import = 0
Number of asset objects unloaded after import = 1
========================================================================
Received Import Request.
  Time since last request: 0.000025 seconds.
  path: Assets/Animations/unity-chan!/Unity-chan! Model/Audio/Voice/univ0017.wav
  artifactKey: Guid(38086510adb034e45ac30ca6ed62e49a) Importer(2089858483,0ecaa5967403d082aa24f35e1b516d23)
Start importing Assets/Animations/unity-chan!/Unity-chan! Model/Audio/Voice/univ0017.wav using Guid(38086510adb034e45ac30ca6ed62e49a) Importer(2089858483,0ecaa5967403d082aa24f35e1b516d23) Generated GUIDs only implemented for interfaces!
 -> (artifact id: '5b7f75b02bff56e34f3fd8371f1b5229') in 0.050360 seconds
Number of updated asset objects reloaded before import = 0
Number of asset objects unloaded after import = 1
========================================================================
Received Import Request.
  Time since last request: 0.000015 seconds.
  path: Assets/StarterAssets/Mobile/Prefabs/CanvasInputs/UI_Canvas_StarterAssetsInputs_Joysticks.prefab
  artifactKey: Guid(2f7f3dde7ae722a4aafffe20691ad702) Importer(2089858483,0ecaa5967403d082aa24f35e1b516d23)
Start importing Assets/StarterAssets/Mobile/Prefabs/CanvasInputs/UI_Canvas_StarterAssetsInputs_Joysticks.prefab using Guid(2f7f3dde7ae722a4aafffe20691ad702) Importer(2089858483,0ecaa5967403d082aa24f35e1b516d23) Generated GUIDs only implemented for interfaces!
 -> (artifact id: 'f5600de2f0098390ebe34ec5b8078005') in 0.045178 seconds
Number of updated asset objects reloaded before import = 0
Number of asset objects unloaded after import = 61
========================================================================
Received Import Request.
  Time since last request: 0.000015 seconds.
  path: Assets/Animations/unity-chan!/Unity-chan! Model/Audio/Voice/univ1001.wav
  artifactKey: Guid(c24b7e715582b4ccba37bbb827676c06) Importer(2089858483,0ecaa5967403d082aa24f35e1b516d23)
Start importing Assets/Animations/unity-chan!/Unity-chan! Model/Audio/Voice/univ1001.wav using Guid(c24b7e715582b4ccba37bbb827676c06) Importer(2089858483,0ecaa5967403d082aa24f35e1b516d23) Generated GUIDs only implemented for interfaces!
 -> (artifact id: '7918a2ede82f26d230e22d337876c1e9') in 0.042053 seconds
Number of updated asset objects reloaded before import = 0
Number of asset objects unloaded after import = 1
========================================================================
Received Import Request.
  Time since last request: 0.000020 seconds.
  path: Assets/Animations/unity-chan!/Unity-chan! Model/Audio/Voice/univ0037.wav
  artifactKey: Guid(5545b4aa0573e4c96b26e3b6d6514d5f) Importer(2089858483,0ecaa5967403d082aa24f35e1b516d23)
Start importing Assets/Animations/unity-chan!/Unity-chan! Model/Audio/Voice/univ0037.wav using Guid(5545b4aa0573e4c96b26e3b6d6514d5f) Importer(2089858483,0ecaa5967403d082aa24f35e1b516d23) Generated GUIDs only implemented for interfaces!
 -> (artifact id: 'e0b296bfcb74924bade97bc113e585c3') in 0.049102 seconds
Number of updated asset objects reloaded before import = 0
Number of asset objects unloaded after import = 1
========================================================================
Received Import Request.
  Time since last request: 0.000027 seconds.
  path: Assets/Animations/unity-chan!/Unity-chan! Model/Audio/Voice/univ0039.wav
  artifactKey: Guid(5ca3d77953c5c40fdbd17d625c78ff78) Importer(2089858483,0ecaa5967403d082aa24f35e1b516d23)
Start importing Assets/Animations/unity-chan!/Unity-chan! Model/Audio/Voice/univ0039.wav using Guid(5ca3d77953c5c40fdbd17d625c78ff78) Importer(2089858483,0ecaa5967403d082aa24f35e1b516d23) Generated GUIDs only implemented for interfaces!
 -> (artifact id: '36eee1beb21608bf24352804187f2c0a') in 0.050804 seconds
Number of updated asset objects reloaded before import = 0
Number of asset objects unloaded after import = 1
========================================================================
Received Import Request.
  Time since last request: 0.000016 seconds.
  path: Assets/Animations/unity-chan!/Unity-chan! Model/Audio/Voice/univ0040.wav
  artifactKey: Guid(2c9c70ceb0e7c471a9db3829f9954fc5) Importer(2089858483,0ecaa5967403d082aa24f35e1b516d23)
Start importing Assets/Animations/unity-chan!/Unity-chan! Model/Audio/Voice/univ0040.wav using Guid(2c9c70ceb0e7c471a9db3829f9954fc5) Importer(2089858483,0ecaa5967403d082aa24f35e1b516d23) Generated GUIDs only implemented for interfaces!
 -> (artifact id: 'b492246c9abade9b0a1569d16b45162a') in 0.044343 seconds
Number of updated asset objects reloaded before import = 0
Number of asset objects unloaded after import = 1
========================================================================
Received Import Request.
  Time since last request: 0.000019 seconds.
  path: Assets/Animations/unity-chan!/Unity-chan! Model/Audio/Voice/univ0044.wav
  artifactKey: Guid(5297c4429458147f49a8ba7d78e184c9) Importer(2089858483,0ecaa5967403d082aa24f35e1b516d23)
Start importing Assets/Animations/unity-chan!/Unity-chan! Model/Audio/Voice/univ0044.wav using Guid(5297c4429458147f49a8ba7d78e184c9) Importer(2089858483,0ecaa5967403d082aa24f35e1b516d23) Generated GUIDs only implemented for interfaces!
 -> (artifact id: '3d7747651a753471cfc612b3dfa9eb69') in 0.063730 seconds
Number of updated asset objects reloaded before import = 0
Number of asset objects unloaded after import = 1
========================================================================
Received Import Request.
  Time since last request: 0.000024 seconds.
  path: Assets/Animations/unity-chan!/Unity-chan! Model/Audio/Voice/univ0038.wav
  artifactKey: Guid(6c3ad311026564be2bd05c73b93f49d6) Importer(2089858483,0ecaa5967403d082aa24f35e1b516d23)
Start importing Assets/Animations/unity-chan!/Unity-chan! Model/Audio/Voice/univ0038.wav using Guid(6c3ad311026564be2bd05c73b93f49d6) Importer(2089858483,0ecaa5967403d082aa24f35e1b516d23) Generated GUIDs only implemented for interfaces!
 -> (artifact id: 'e0d83da1b292a369d1cbd690d855421f') in 0.049549 seconds
Number of updated asset objects reloaded before import = 0
Number of asset objects unloaded after import = 1
========================================================================
Received Import Request.
  Time since last request: 0.000027 seconds.
  path: Assets/Animations/unity-chan!/Unity-chan! Model/Audio/Voice/univ0032.wav
  artifactKey: Guid(a27654062ee304795b0e41c64dae6685) Importer(2089858483,0ecaa5967403d082aa24f35e1b516d23)
Start importing Assets/Animations/unity-chan!/Unity-chan! Model/Audio/Voice/univ0032.wav using Guid(a27654062ee304795b0e41c64dae6685) Importer(2089858483,0ecaa5967403d082aa24f35e1b516d23) Generated GUIDs only implemented for interfaces!
 -> (artifact id: 'f2b940dd8c9da7da4d18ca82e760d9f0') in 0.048531 seconds
Number of updated asset objects reloaded before import = 0
Number of asset objects unloaded after import = 1
========================================================================
Received Import Request.
  Time since last request: 0.000015 seconds.
  path: Assets/Animations/unity-chan!/Unity-chan! Model/Audio/Voice/univ1003.wav
  artifactKey: Guid(1ec434e75e64c4dc7ab389969fcfaa46) Importer(2089858483,0ecaa5967403d082aa24f35e1b516d23)
Start importing Assets/Animations/unity-chan!/Unity-chan! Model/Audio/Voice/univ1003.wav using Guid(1ec434e75e64c4dc7ab389969fcfaa46) Importer(2089858483,0ecaa5967403d082aa24f35e1b516d23) Generated GUIDs only implemented for interfaces!
 -> (artifact id: 'd135ed6b4e2b5d59022d4ab0c71c349f') in 0.048805 seconds
Number of updated asset objects reloaded before import = 0
Number of asset objects unloaded after import = 1
========================================================================
Received Import Request.
  Time since last request: 0.000017 seconds.
  path: Assets/Animations/unity-chan!/Unity-chan! Model/Audio/Voice/univ1007.wav
  artifactKey: Guid(02568edaf75d942c3a7e8ebc765955e7) Importer(2089858483,0ecaa5967403d082aa24f35e1b516d23)
Start importing Assets/Animations/unity-chan!/Unity-chan! Model/Audio/Voice/univ1007.wav using Guid(02568edaf75d942c3a7e8ebc765955e7) Importer(2089858483,0ecaa5967403d082aa24f35e1b516d23) Generated GUIDs only implemented for interfaces!
 -> (artifact id: '07417ba749bce3609aa6f7ad888c0696') in 0.046003 seconds
Number of updated asset objects reloaded before import = 0
Number of asset objects unloaded after import = 1
========================================================================
Received Import Request.
  Time since last request: 0.000021 seconds.
  path: Assets/Animations/unity-chan!/Unity-chan! Model/Audio/Voice/univ1011.wav
  artifactKey: Guid(83267f2a6c2264e1c85371acda24f368) Importer(2089858483,0ecaa5967403d082aa24f35e1b516d23)
Start importing Assets/Animations/unity-chan!/Unity-chan! Model/Audio/Voice/univ1011.wav using Guid(83267f2a6c2264e1c85371acda24f368) Importer(2089858483,0ecaa5967403d082aa24f35e1b516d23) Generated GUIDs only implemented for interfaces!
 -> (artifact id: 'a38be69db3347dd3960117339d22f8db') in 0.048801 seconds
Number of updated asset objects reloaded before import = 0
Number of asset objects unloaded after import = 1
========================================================================
Received Import Request.
  Time since last request: 0.000025 seconds.
  path: Assets/Animations/unity-chan!/Unity-chan! Model/Audio/Voice/univ1006.wav
  artifactKey: Guid(c558a318bf2c744c6bb0d25ff84d8c28) Importer(2089858483,0ecaa5967403d082aa24f35e1b516d23)
Start importing Assets/Animations/unity-chan!/Unity-chan! Model/Audio/Voice/univ1006.wav using Guid(c558a318bf2c744c6bb0d25ff84d8c28) Importer(2089858483,0ecaa5967403d082aa24f35e1b516d23) Generated GUIDs only implemented for interfaces!
 -> (artifact id: '305aa1559969cc69fea90c23b882619e') in 0.063554 seconds
Number of updated asset objects reloaded before import = 0
Number of asset objects unloaded after import = 1
========================================================================
Received Import Request.
  Time since last request: 0.000021 seconds.
  path: Assets/Animations/unity-chan!/Unity-chan! Model/Audio/Voice/univ1012.wav
  artifactKey: Guid(8da8f296a4a5f48bcab52b7d212bdf2c) Importer(2089858483,0ecaa5967403d082aa24f35e1b516d23)
Start importing Assets/Animations/unity-chan!/Unity-chan! Model/Audio/Voice/univ1012.wav using Guid(8da8f296a4a5f48bcab52b7d212bdf2c) Importer(2089858483,0ecaa5967403d082aa24f35e1b516d23) Generated GUIDs only implemented for interfaces!
 -> (artifact id: 'bbed88b1155102ecc86323b7918fc657') in 0.052355 seconds
Number of updated asset objects reloaded before import = 0
Number of asset objects unloaded after import = 1
========================================================================
Received Import Request.
  Time since last request: 0.000014 seconds.
  path: Assets/Animations/unity-chan!/Unity-chan! Model/Audio/Voice/univ1002.wav
  artifactKey: Guid(6acd235d764674b5b8a9c9be2c95e819) Importer(2089858483,0ecaa5967403d082aa24f35e1b516d23)
Start importing Assets/Animations/unity-chan!/Unity-chan! Model/Audio/Voice/univ1002.wav using Guid(6acd235d764674b5b8a9c9be2c95e819) Importer(2089858483,0ecaa5967403d082aa24f35e1b516d23) Generated GUIDs only implemented for interfaces!
 -> (artifact id: 'd68b18babad544e70f416534c2b5add6') in 0.048151 seconds
Number of updated asset objects reloaded before import = 0
Number of asset objects unloaded after import = 1
========================================================================
Received Import Request.
  Time since last request: 0.000019 seconds.
  path: Assets/Animations/unity-chan!/Unity-chan! Model/Audio/Voice/univ1004.wav
  artifactKey: Guid(5f495037948cf49269a56b62f7b9e8e0) Importer(2089858483,0ecaa5967403d082aa24f35e1b516d23)
Start importing Assets/Animations/unity-chan!/Unity-chan! Model/Audio/Voice/univ1004.wav using Guid(5f495037948cf49269a56b62f7b9e8e0) Importer(2089858483,0ecaa5967403d082aa24f35e1b516d23) Generated GUIDs only implemented for interfaces!
 -> (artifact id: '004a9f8f075573f72895468b457ce135') in 0.054370 seconds
Number of updated asset objects reloaded before import = 0
Number of asset objects unloaded after import = 1
========================================================================
Received Import Request.
  Time since last request: 0.000031 seconds.
  path: Assets/Animations/unity-chan!/Unity-chan! Model/Audio/Voice/univ1019.wav
  artifactKey: Guid(711e97616ead2487dab4458d1a601978) Importer(2089858483,0ecaa5967403d082aa24f35e1b516d23)
Start importing Assets/Animations/unity-chan!/Unity-chan! Model/Audio/Voice/univ1019.wav using Guid(711e97616ead2487dab4458d1a601978) Importer(2089858483,0ecaa5967403d082aa24f35e1b516d23) Generated GUIDs only implemented for interfaces!
 -> (artifact id: '56f32ce90ff779a42d8785a74eaffd1b') in 0.057108 seconds
Number of updated asset objects reloaded before import = 0
Number of asset objects unloaded after import = 1
========================================================================
Received Import Request.
  Time since last request: 0.000015 seconds.
  path: Assets/Animations/unity-chan!/Unity-chan! Model/Audio/Voice/univ1028.wav
  artifactKey: Guid(019dd0e8917f24eb5a10e29c4909dbc5) Importer(2089858483,0ecaa5967403d082aa24f35e1b516d23)
Start importing Assets/Animations/unity-chan!/Unity-chan! Model/Audio/Voice/univ1028.wav using Guid(019dd0e8917f24eb5a10e29c4909dbc5) Importer(2089858483,0ecaa5967403d082aa24f35e1b516d23) Generated GUIDs only implemented for interfaces!
 -> (artifact id: '9eb155e774c80c9191c626d7141f1bd6') in 0.063438 seconds
Number of updated asset objects reloaded before import = 0
Number of asset objects unloaded after import = 1
========================================================================
Received Import Request.
  Time since last request: 0.000018 seconds.
  path: Assets/Animations/unity-chan!/Unity-chan! Model/Audio/Voice/univ1022.wav
  artifactKey: Guid(89d7ad5062d904e9abe7e0b430d7c844) Importer(2089858483,0ecaa5967403d082aa24f35e1b516d23)
Start importing Assets/Animations/unity-chan!/Unity-chan! Model/Audio/Voice/univ1022.wav using Guid(89d7ad5062d904e9abe7e0b430d7c844) Importer(2089858483,0ecaa5967403d082aa24f35e1b516d23) Generated GUIDs only implemented for interfaces!
 -> (artifact id: 'ee983aab3310780e6846d21c6b53d6e8') in 0.053046 seconds
Number of updated asset objects reloaded before import = 0
Number of asset objects unloaded after import = 1
========================================================================
Received Import Request.
  Time since last request: 0.000016 seconds.
  path: Assets/Animations/unity-chan!/Unity-chan! Model/Audio/Voice/univ1023.wav
  artifactKey: Guid(cec2497978f38474e8696d9db6739e02) Importer(2089858483,0ecaa5967403d082aa24f35e1b516d23)
Start importing Assets/Animations/unity-chan!/Unity-chan! Model/Audio/Voice/univ1023.wav using Guid(cec2497978f38474e8696d9db6739e02) Importer(2089858483,0ecaa5967403d082aa24f35e1b516d23) Generated GUIDs only implemented for interfaces!
 -> (artifact id: '322ff3ac8ba5ea1c3e4591caae134c22') in 0.048581 seconds
Number of updated asset objects reloaded before import = 0
Number of asset objects unloaded after import = 1
========================================================================
Received Import Request.
  Time since last request: 0.000026 seconds.
  path: Assets/Animations/unity-chan!/Unity-chan! Model/Audio/Voice/univ1024.wav
  artifactKey: Guid(91c68039ec5d440779d554f2876d84cc) Importer(2089858483,0ecaa5967403d082aa24f35e1b516d23)
Start importing Assets/Animations/unity-chan!/Unity-chan! Model/Audio/Voice/univ1024.wav using Guid(91c68039ec5d440779d554f2876d84cc) Importer(2089858483,0ecaa5967403d082aa24f35e1b516d23) Generated GUIDs only implemented for interfaces!
 -> (artifact id: '46bfdd8a8e9d52d696422960c10cb035') in 0.056520 seconds
Number of updated asset objects reloaded before import = 0
Number of asset objects unloaded after import = 1
========================================================================
Received Import Request.
  Time since last request: 0.000021 seconds.
  path: Assets/Animations/unity-chan!/Unity-chan! Model/Audio/Voice/univ1029.wav
  artifactKey: Guid(8ab9a36e7325b450686d0ad741bc3f27) Importer(2089858483,0ecaa5967403d082aa24f35e1b516d23)
Start importing Assets/Animations/unity-chan!/Unity-chan! Model/Audio/Voice/univ1029.wav using Guid(8ab9a36e7325b450686d0ad741bc3f27) Importer(2089858483,0ecaa5967403d082aa24f35e1b516d23) Generated GUIDs only implemented for interfaces!
 -> (artifact id: '0c7b137c6adbd175c03f71d849f1d224') in 0.050349 seconds
Number of updated asset objects reloaded before import = 0
Number of asset objects unloaded after import = 1
========================================================================
Received Import Request.
  Time since last request: 0.000032 seconds.
  path: Assets/Animations/unity-chan!/Unity-chan! Model/Audio/Voice/univ1032.wav
  artifactKey: Guid(b3ca52520c030417a8f68efa812cd0e5) Importer(2089858483,0ecaa5967403d082aa24f35e1b516d23)
Start importing Assets/Animations/unity-chan!/Unity-chan! Model/Audio/Voice/univ1032.wav using Guid(b3ca52520c030417a8f68efa812cd0e5) Importer(2089858483,0ecaa5967403d082aa24f35e1b516d23) Generated GUIDs only implemented for interfaces!
 -> (artifact id: '14933a7166c80f636a67dc2965e1140c') in 0.065832 seconds
Number of updated asset objects reloaded before import = 0
Number of asset objects unloaded after import = 1
========================================================================
Received Import Request.
  Time since last request: 0.000022 seconds.
  path: Assets/Animations/unity-chan!/Unity-chan! Model/Audio/Voice/univ1037.wav
  artifactKey: Guid(e03833cb4ed7d4fea97d580ce1be24da) Importer(2089858483,0ecaa5967403d082aa24f35e1b516d23)
Start importing Assets/Animations/unity-chan!/Unity-chan! Model/Audio/Voice/univ1037.wav using Guid(e03833cb4ed7d4fea97d580ce1be24da) Importer(2089858483,0ecaa5967403d082aa24f35e1b516d23) Generated GUIDs only implemented for interfaces!
 -> (artifact id: '474bff21feab7797e1efc572d43834d2') in 0.048433 seconds
Number of updated asset objects reloaded before import = 0
Number of asset objects unloaded after import = 1
========================================================================
Received Import Request.
  Time since last request: 0.000025 seconds.
  path: Assets/Animations/unity-chan!/Unity-chan! Model/Audio/Voice/univ1039.wav
  artifactKey: Guid(d0e506a921cc445d6bac45b0420624a5) Importer(2089858483,0ecaa5967403d082aa24f35e1b516d23)
Start importing Assets/Animations/unity-chan!/Unity-chan! Model/Audio/Voice/univ1039.wav using Guid(d0e506a921cc445d6bac45b0420624a5) Importer(2089858483,0ecaa5967403d082aa24f35e1b516d23) Generated GUIDs only implemented for interfaces!
 -> (artifact id: 'e636304ae6d7606560fac5dd644624a3') in 0.046639 seconds
Number of updated asset objects reloaded before import = 0
Number of asset objects unloaded after import = 1
========================================================================
Received Import Request.
  Time since last request: 0.000014 seconds.
  path: Assets/Animations/unity-chan!/Unity-chan! Model/Audio/Voice/univ1030.wav
  artifactKey: Guid(f5f3e09ef248149918ae12fcee944309) Importer(2089858483,0ecaa5967403d082aa24f35e1b516d23)
Start importing Assets/Animations/unity-chan!/Unity-chan! Model/Audio/Voice/univ1030.wav using Guid(f5f3e09ef248149918ae12fcee944309) Importer(2089858483,0ecaa5967403d082aa24f35e1b516d23) Generated GUIDs only implemented for interfaces!
 -> (artifact id: 'd8b16dc310dfaf2b1ce216b53c7a9982') in 0.052109 seconds
Number of updated asset objects reloaded before import = 0
Number of asset objects unloaded after import = 1
========================================================================
Received Import Request.
  Time since last request: 0.000021 seconds.
  path: Assets/Animations/unity-chan!/Unity-chan! Model/Audio/Voice/univ1040.wav
  artifactKey: Guid(35d89da8284ab4bb7b52cc120f88ce2e) Importer(2089858483,0ecaa5967403d082aa24f35e1b516d23)
Start importing Assets/Animations/unity-chan!/Unity-chan! Model/Audio/Voice/univ1040.wav using Guid(35d89da8284ab4bb7b52cc120f88ce2e) Importer(2089858483,0ecaa5967403d082aa24f35e1b516d23) Generated GUIDs only implemented for interfaces!
 -> (artifact id: 'fb804812c4bececc0826796d7c8dea67') in 0.048104 seconds
Number of updated asset objects reloaded before import = 0
Number of asset objects unloaded after import = 1
========================================================================
Received Import Request.
  Time since last request: 0.000017 seconds.
  path: Assets/Animations/unity-chan!/Unity-chan! Model/Audio/Voice/univ1035.wav
  artifactKey: Guid(c512a55406d8045f2b636cf4bf853448) Importer(2089858483,0ecaa5967403d082aa24f35e1b516d23)
Start importing Assets/Animations/unity-chan!/Unity-chan! Model/Audio/Voice/univ1035.wav using Guid(c512a55406d8045f2b636cf4bf853448) Importer(2089858483,0ecaa5967403d082aa24f35e1b516d23) Generated GUIDs only implemented for interfaces!
 -> (artifact id: 'd80384e7dac2fb65c1eee30e2f6760e5') in 0.062448 seconds
Number of updated asset objects reloaded before import = 0
Number of asset objects unloaded after import = 1
========================================================================
Received Import Request.
  Time since last request: 0.000027 seconds.
  path: Assets/Terrains/TerrainSampleAssets/Textures/Details/BushDry_MaskMap.tif
  artifactKey: Guid(ba5d550271efae04b84eeb0e550be656) Importer(2089858483,0ecaa5967403d082aa24f35e1b516d23)
Start importing Assets/Terrains/TerrainSampleAssets/Textures/Details/BushDry_MaskMap.tif using Guid(ba5d550271efae04b84eeb0e550be656) Importer(2089858483,0ecaa5967403d082aa24f35e1b516d23) Generated GUIDs only implemented for interfaces!
 -> (artifact id: 'bbb6563fc17289971518edd7befe73e7') in 0.030299 seconds
Number of updated asset objects reloaded before import = 0
Number of asset objects unloaded after import = 1
========================================================================
Received Import Request.
  Time since last request: 0.000019 seconds.
  path: Assets/Animations/unity-chan!/Unity-chan! Model/Audio/Voice/univ1053.wav
  artifactKey: Guid(fadc015731df949d8a63073eac5da671) Importer(2089858483,0ecaa5967403d082aa24f35e1b516d23)
Start importing Assets/Animations/unity-chan!/Unity-chan! Model/Audio/Voice/univ1053.wav using Guid(fadc015731df949d8a63073eac5da671) Importer(2089858483,0ecaa5967403d082aa24f35e1b516d23) Generated GUIDs only implemented for interfaces!
 -> (artifact id: '0396393b17c29ea933d28b49471ba13d') in 0.047263 seconds
Number of updated asset objects reloaded before import = 0
Number of asset objects unloaded after import = 1
========================================================================
Received Import Request.
  Time since last request: 0.000017 seconds.
  path: Assets/Animations/unity-chan!/Unity-chan! Model/Audio/Voice/univ1055.wav
  artifactKey: Guid(0d3efb3f6e6414a43bfcbaecd788f578) Importer(2089858483,0ecaa5967403d082aa24f35e1b516d23)
Start importing Assets/Animations/unity-chan!/Unity-chan! Model/Audio/Voice/univ1055.wav using Guid(0d3efb3f6e6414a43bfcbaecd788f578) Importer(2089858483,0ecaa5967403d082aa24f35e1b516d23) Generated GUIDs only implemented for interfaces!
 -> (artifact id: '006a45279900ff29e9ff6b6cc2f2852b') in 0.051242 seconds
Number of updated asset objects reloaded before import = 0
Number of asset objects unloaded after import = 1
========================================================================
Received Import Request.
  Time since last request: 0.000017 seconds.
  path: Assets/Animations/unity-chan!/Unity-chan! Model/Audio/Voice/univ1054.wav
  artifactKey: Guid(d9cd84486e3274072b50099cd12353ad) Importer(2089858483,0ecaa5967403d082aa24f35e1b516d23)
Start importing Assets/Animations/unity-chan!/Unity-chan! Model/Audio/Voice/univ1054.wav using Guid(d9cd84486e3274072b50099cd12353ad) Importer(2089858483,0ecaa5967403d082aa24f35e1b516d23) Generated GUIDs only implemented for interfaces!
 -> (artifact id: 'ca599d65f105fdfecdefae81d7764d25') in 0.049769 seconds
Number of updated asset objects reloaded before import = 0
Number of asset objects unloaded after import = 1
========================================================================
Received Import Request.
  Time since last request: 0.000027 seconds.
  path: Assets/Animations/unity-chan!/Unity-chan! Model/Audio/Voice/univ1046.wav
  artifactKey: Guid(96bf8a64a8a9143f89246c5222df54ba) Importer(2089858483,0ecaa5967403d082aa24f35e1b516d23)
Start importing Assets/Animations/unity-chan!/Unity-chan! Model/Audio/Voice/univ1046.wav using Guid(96bf8a64a8a9143f89246c5222df54ba) Importer(2089858483,0ecaa5967403d082aa24f35e1b516d23) Generated GUIDs only implemented for interfaces!
 -> (artifact id: 'ac4bde92c0773cfb0cb101ef565ad179') in 0.065195 seconds
Number of updated asset objects reloaded before import = 0
Number of asset objects unloaded after import = 1
========================================================================
Received Import Request.
  Time since last request: 0.000016 seconds.
  path: Assets/Animations/unity-chan!/Unity-chan! Model/Audio/Voice/univ1044.wav
  artifactKey: Guid(c0f48c15ffa854b0ba45d960bdc60c59) Importer(2089858483,0ecaa5967403d082aa24f35e1b516d23)
Start importing Assets/Animations/unity-chan!/Unity-chan! Model/Audio/Voice/univ1044.wav using Guid(c0f48c15ffa854b0ba45d960bdc60c59) Importer(2089858483,0ecaa5967403d082aa24f35e1b516d23) Generated GUIDs only implemented for interfaces!
 -> (artifact id: '4baed77c118e412b66c31cb34981e89b') in 0.050961 seconds
Number of updated asset objects reloaded before import = 0
Number of asset objects unloaded after import = 1
========================================================================
Received Import Request.
  Time since last request: 0.000015 seconds.
  path: Assets/Animations/unity-chan!/Unity-chan! Model/Audio/Voice/univ1048.wav
  artifactKey: Guid(cc616918ae23a420fb52e5e6a8f0031e) Importer(2089858483,0ecaa5967403d082aa24f35e1b516d23)
Start importing Assets/Animations/unity-chan!/Unity-chan! Model/Audio/Voice/univ1048.wav using Guid(cc616918ae23a420fb52e5e6a8f0031e) Importer(2089858483,0ecaa5967403d082aa24f35e1b516d23) Generated GUIDs only implemented for interfaces!
 -> (artifact id: 'c3d3d58786b6ee95e22b339c1ee45a22') in 0.052992 seconds
Number of updated asset objects reloaded before import = 0
Number of asset objects unloaded after import = 1
========================================================================
Received Import Request.
  Time since last request: 0.000019 seconds.
  path: Assets/Animations/unity-chan!/Unity-chan! Model/Audio/Voice/univ1047.wav
  artifactKey: Guid(ea1a3de72e0474bbfb22357be75fa443) Importer(2089858483,0ecaa5967403d082aa24f35e1b516d23)
Start importing Assets/Animations/unity-chan!/Unity-chan! Model/Audio/Voice/univ1047.wav using Guid(ea1a3de72e0474bbfb22357be75fa443) Importer(2089858483,0ecaa5967403d082aa24f35e1b516d23) Generated GUIDs only implemented for interfaces!
 -> (artifact id: '7034aee1ddb858811a4f2bf3afeae4b0') in 0.049478 seconds
Number of updated asset objects reloaded before import = 0
Number of asset objects unloaded after import = 1
========================================================================
Received Import Request.
  Time since last request: 0.000022 seconds.
  path: Assets/Animations/unity-chan!/Unity-chan! Model/Audio/Voice/univ1056.wav
  artifactKey: Guid(c61a0e3b19b8243ee94b855392f15b66) Importer(2089858483,0ecaa5967403d082aa24f35e1b516d23)
Start importing Assets/Animations/unity-chan!/Unity-chan! Model/Audio/Voice/univ1056.wav using Guid(c61a0e3b19b8243ee94b855392f15b66) Importer(2089858483,0ecaa5967403d082aa24f35e1b516d23) Generated GUIDs only implemented for interfaces!
 -> (artifact id: 'b07c7714d4ac8bd22dec7227680d6f0e') in 0.048095 seconds
Number of updated asset objects reloaded before import = 0
Number of asset objects unloaded after import = 1
========================================================================
Received Import Request.
  Time since last request: 0.000016 seconds.
  path: Assets/Animations/unity-chan!/Unity-chan! Model/Audio/Voice/univ1069.wav
  artifactKey: Guid(6f3247e3f23a04d1aa760ff2c7e8decb) Importer(2089858483,0ecaa5967403d082aa24f35e1b516d23)
Start importing Assets/Animations/unity-chan!/Unity-chan! Model/Audio/Voice/univ1069.wav using Guid(6f3247e3f23a04d1aa760ff2c7e8decb) Importer(2089858483,0ecaa5967403d082aa24f35e1b516d23) Generated GUIDs only implemented for interfaces!
 -> (artifact id: 'abefa7617e4855e8bd81c3d67ff82c8f') in 0.063382 seconds
Number of updated asset objects reloaded before import = 0
Number of asset objects unloaded after import = 1
========================================================================
Received Import Request.
  Time since last request: 0.000015 seconds.
  path: Assets/Animations/unity-chan!/Unity-chan! Model/Audio/Voice/univ1068.wav
  artifactKey: Guid(33469c50c55424f45b3fe7ef78aae2d1) Importer(2089858483,0ecaa5967403d082aa24f35e1b516d23)
Start importing Assets/Animations/unity-chan!/Unity-chan! Model/Audio/Voice/univ1068.wav using Guid(33469c50c55424f45b3fe7ef78aae2d1) Importer(2089858483,0ecaa5967403d082aa24f35e1b516d23) Generated GUIDs only implemented for interfaces!
 -> (artifact id: 'af05b88e3dbf9abe6f0a7536b2b7fb73') in 0.046835 seconds
Number of updated asset objects reloaded before import = 0
Number of asset objects unloaded after import = 1
========================================================================
Received Import Request.
  Time since last request: 0.000019 seconds.
  path: Assets/Animations/unity-chan!/Unity-chan! Model/Audio/Voice/univ1062.wav
  artifactKey: Guid(a2497d6107cd14892b9c60f694e39abe) Importer(2089858483,0ecaa5967403d082aa24f35e1b516d23)
Start importing Assets/Animations/unity-chan!/Unity-chan! Model/Audio/Voice/univ1062.wav using Guid(a2497d6107cd14892b9c60f694e39abe) Importer(2089858483,0ecaa5967403d082aa24f35e1b516d23) Generated GUIDs only implemented for interfaces!
 -> (artifact id: 'ff183a4043e2b4fbd3395abacaa26399') in 0.049475 seconds
Number of updated asset objects reloaded before import = 0
Number of asset objects unloaded after import = 1
========================================================================
Received Import Request.
  Time since last request: 0.000023 seconds.
  path: Assets/Animations/unity-chan!/Unity-chan! Model/Audio/Voice/univ1058.wav
  artifactKey: Guid(a33ebe5fd693c4502b94986bde08c96d) Importer(2089858483,0ecaa5967403d082aa24f35e1b516d23)
Start importing Assets/Animations/unity-chan!/Unity-chan! Model/Audio/Voice/univ1058.wav using Guid(a33ebe5fd693c4502b94986bde08c96d) Importer(2089858483,0ecaa5967403d082aa24f35e1b516d23) Generated GUIDs only implemented for interfaces!
 -> (artifact id: '882369d5af971517bcbf5289bff8465c') in 0.052395 seconds
Number of updated asset objects reloaded before import = 0
Number of asset objects unloaded after import = 1
========================================================================
Received Import Request.
  Time since last request: 0.000017 seconds.
  path: Assets/Animations/unity-chan!/Unity-chan! Model/Audio/Voice/univ1064.wav
  artifactKey: Guid(a18a00f3bd41641c9882ee6b51ea1b15) Importer(2089858483,0ecaa5967403d082aa24f35e1b516d23)
Start importing Assets/Animations/unity-chan!/Unity-chan! Model/Audio/Voice/univ1064.wav using Guid(a18a00f3bd41641c9882ee6b51ea1b15) Importer(2089858483,0ecaa5967403d082aa24f35e1b516d23) Generated GUIDs only implemented for interfaces!
 -> (artifact id: '38179e7457e2a062d62639a5144ee75b') in 0.049522 seconds
Number of updated asset objects reloaded before import = 0
Number of asset objects unloaded after import = 1
========================================================================
Received Import Request.
  Time since last request: 0.000018 seconds.
  path: Assets/Animations/unity-chan!/Unity-chan! Model/Audio/Voice/univ1077.wav
  artifactKey: Guid(a547a21a0c17440fca7b13c6ebda770d) Importer(2089858483,0ecaa5967403d082aa24f35e1b516d23)
Start importing Assets/Animations/unity-chan!/Unity-chan! Model/Audio/Voice/univ1077.wav using Guid(a547a21a0c17440fca7b13c6ebda770d) Importer(2089858483,0ecaa5967403d082aa24f35e1b516d23) Generated GUIDs only implemented for interfaces!
 -> (artifact id: '33e8cd5ec722a152d08b4c8fe412593e') in 0.060273 seconds
Number of updated asset objects reloaded before import = 0
Number of asset objects unloaded after import = 1
========================================================================
Received Import Request.
  Time since last request: 0.000017 seconds.
  path: Assets/Animations/unity-chan!/Unity-chan! Model/Audio/Voice/univ1071.wav
  artifactKey: Guid(de03c730edc7c4c48a1bc14689c8e68a) Importer(2089858483,0ecaa5967403d082aa24f35e1b516d23)
Start importing Assets/Animations/unity-chan!/Unity-chan! Model/Audio/Voice/univ1071.wav using Guid(de03c730edc7c4c48a1bc14689c8e68a) Importer(2089858483,0ecaa5967403d082aa24f35e1b516d23) Generated GUIDs only implemented for interfaces!
 -> (artifact id: 'd93e2e08c0e418118794b2b7bb20e7a2') in 0.046896 seconds
Number of updated asset objects reloaded before import = 0
Number of asset objects unloaded after import = 1
========================================================================
Received Import Request.
  Time since last request: 0.000022 seconds.
  path: Assets/Animations/unity-chan!/Unity-chan! Model/Audio/Voice/univ1078.wav
  artifactKey: Guid(9a1a05c0c9dca4f0d8ce99b11d5d05e1) Importer(2089858483,0ecaa5967403d082aa24f35e1b516d23)
Start importing Assets/Animations/unity-chan!/Unity-chan! Model/Audio/Voice/univ1078.wav using Guid(9a1a05c0c9dca4f0d8ce99b11d5d05e1) Importer(2089858483,0ecaa5967403d082aa24f35e1b516d23) Generated GUIDs only implemented for interfaces!
 -> (artifact id: 'e0515db2baa15b0a60efae685d8e2d4c') in 0.050758 seconds
Number of updated asset objects reloaded before import = 0
Number of asset objects unloaded after import = 1
========================================================================
Received Import Request.
  Time since last request: 0.000014 seconds.
  path: Assets/Animations/unity-chan!/Unity-chan! Model/Audio/Voice/univ1074.wav
  artifactKey: Guid(c47790e1f2f3e4f4b93384f4cf49c07d) Importer(2089858483,0ecaa5967403d082aa24f35e1b516d23)
Start importing Assets/Animations/unity-chan!/Unity-chan! Model/Audio/Voice/univ1074.wav using Guid(c47790e1f2f3e4f4b93384f4cf49c07d) Importer(2089858483,0ecaa5967403d082aa24f35e1b516d23) Generated GUIDs only implemented for interfaces!
 -> (artifact id: 'f024af3d3f4a1b0f10169a59c0b34424') in 0.050735 seconds
Number of updated asset objects reloaded before import = 0
Number of asset objects unloaded after import = 1
========================================================================
Received Import Request.
  Time since last request: 0.000018 seconds.
  path: Assets/Animations/unity-chan!/Unity-chan! Model/Audio/Voice/univ1072.wav
  artifactKey: Guid(ecd0672649a824fe187754a9585791a7) Importer(2089858483,0ecaa5967403d082aa24f35e1b516d23)
Start importing Assets/Animations/unity-chan!/Unity-chan! Model/Audio/Voice/univ1072.wav using Guid(ecd0672649a824fe187754a9585791a7) Importer(2089858483,0ecaa5967403d082aa24f35e1b516d23) Generated GUIDs only implemented for interfaces!
 -> (artifact id: 'c87eac692466f9714826af2ef9c4f984') in 0.047907 seconds
Number of updated asset objects reloaded before import = 0
Number of asset objects unloaded after import = 1
========================================================================
Received Import Request.
  Time since last request: 0.000025 seconds.
  path: Assets/Animations/unity-chan!/Unity-chan! Model/Audio/Voice/univ1075.wav
  artifactKey: Guid(f9b4507074b6e4081a4962137c4b2d9f) Importer(2089858483,0ecaa5967403d082aa24f35e1b516d23)
Start importing Assets/Animations/unity-chan!/Unity-chan! Model/Audio/Voice/univ1075.wav using Guid(f9b4507074b6e4081a4962137c4b2d9f) Importer(2089858483,0ecaa5967403d082aa24f35e1b516d23) Generated GUIDs only implemented for interfaces!
 -> (artifact id: '7735010a649cff8aa5794fd652a5f80d') in 0.065821 seconds
Number of updated asset objects reloaded before import = 0
Number of asset objects unloaded after import = 1
========================================================================
Received Import Request.
  Time since last request: 0.000025 seconds.
  path: Assets/Animations/unity-chan!/Unity-chan! Model/Audio/Voice/univ1082.wav
  artifactKey: Guid(da63fdb87272d493595b366f6e977c94) Importer(2089858483,0ecaa5967403d082aa24f35e1b516d23)
Start importing Assets/Animations/unity-chan!/Unity-chan! Model/Audio/Voice/univ1082.wav using Guid(da63fdb87272d493595b366f6e977c94) Importer(2089858483,0ecaa5967403d082aa24f35e1b516d23) Generated GUIDs only implemented for interfaces!
 -> (artifact id: '099155e2786ca3963c5878b180cdea23') in 0.048051 seconds
Number of updated asset objects reloaded before import = 0
Number of asset objects unloaded after import = 1
========================================================================
Received Import Request.
  Time since last request: 0.000015 seconds.
  path: Assets/Animations/unity-chan!/Unity-chan! Model/Audio/Voice/univ1090.wav
  artifactKey: Guid(3f565a1b924f048fabecdcac9ee4a714) Importer(2089858483,0ecaa5967403d082aa24f35e1b516d23)
Start importing Assets/Animations/unity-chan!/Unity-chan! Model/Audio/Voice/univ1090.wav using Guid(3f565a1b924f048fabecdcac9ee4a714) Importer(2089858483,0ecaa5967403d082aa24f35e1b516d23) Generated GUIDs only implemented for interfaces!
 -> (artifact id: '33d2b131e06b4d83b74dd8976f52e2ec') in 0.044655 seconds
Number of updated asset objects reloaded before import = 0
Number of asset objects unloaded after import = 1
========================================================================
Received Import Request.
  Time since last request: 0.000018 seconds.
  path: Assets/Animations/unity-chan!/Unity-chan! Model/Audio/Voice/univ1088.wav
  artifactKey: Guid(bbf42c83ce5bb4045a4a63e8ae0e5656) Importer(2089858483,0ecaa5967403d082aa24f35e1b516d23)
Start importing Assets/Animations/unity-chan!/Unity-chan! Model/Audio/Voice/univ1088.wav using Guid(bbf42c83ce5bb4045a4a63e8ae0e5656) Importer(2089858483,0ecaa5967403d082aa24f35e1b516d23) Generated GUIDs only implemented for interfaces!
 -> (artifact id: 'c11e0840e1c31ba12ff090931255a0f7') in 0.045403 seconds
Number of updated asset objects reloaded before import = 0
Number of asset objects unloaded after import = 1
========================================================================
Received Import Request.
  Time since last request: 0.000017 seconds.
  path: Assets/Animations/unity-chan!/Unity-chan! Model/Audio/Voice/univ1087.wav
  artifactKey: Guid(145fb24c1947b4b3eaa88beb070aca86) Importer(2089858483,0ecaa5967403d082aa24f35e1b516d23)
Start importing Assets/Animations/unity-chan!/Unity-chan! Model/Audio/Voice/univ1087.wav using Guid(145fb24c1947b4b3eaa88beb070aca86) Importer(2089858483,0ecaa5967403d082aa24f35e1b516d23) Generated GUIDs only implemented for interfaces!
 -> (artifact id: '40f84b7d557e80c5dc3f8d95bd626196') in 0.059487 seconds
Number of updated asset objects reloaded before import = 0
Number of asset objects unloaded after import = 1
========================================================================
Received Import Request.
  Time since last request: 0.000028 seconds.
  path: Assets/Animations/unity-chan!/Unity-chan! Model/Audio/Voice/univ1089.wav
  artifactKey: Guid(b666493d183324b72a5d59acbce44db3) Importer(2089858483,0ecaa5967403d082aa24f35e1b516d23)
Start importing Assets/Animations/unity-chan!/Unity-chan! Model/Audio/Voice/univ1089.wav using Guid(b666493d183324b72a5d59acbce44db3) Importer(2089858483,0ecaa5967403d082aa24f35e1b516d23) Generated GUIDs only implemented for interfaces!
 -> (artifact id: '7f99c1996a53e4dfd3fcda053a274e12') in 0.075338 seconds
Number of updated asset objects reloaded before import = 0
Number of asset objects unloaded after import = 1
========================================================================
Received Import Request.
  Time since last request: 0.000020 seconds.
  path: Assets/Animations/unity-chan!/Unity-chan! Model/Audio/Voice/univ1091.wav
  artifactKey: Guid(c0cc9bb81e32248d7b64b27359c13a43) Importer(2089858483,0ecaa5967403d082aa24f35e1b516d23)
Start importing Assets/Animations/unity-chan!/Unity-chan! Model/Audio/Voice/univ1091.wav using Guid(c0cc9bb81e32248d7b64b27359c13a43) Importer(2089858483,0ecaa5967403d082aa24f35e1b516d23) Generated GUIDs only implemented for interfaces!
 -> (artifact id: 'e2ca4dcaef7eba18505c27a65b60ea80') in 0.065895 seconds
Number of updated asset objects reloaded before import = 0
Number of asset objects unloaded after import = 1
========================================================================
Received Import Request.
  Time since last request: 0.000019 seconds.
  path: Assets/Animations/unity-chan!/Unity-chan! Model/Audio/Voice/univ1101.wav
  artifactKey: Guid(93544ae23f04c47b682e4c22db4335b8) Importer(2089858483,0ecaa5967403d082aa24f35e1b516d23)
Start importing Assets/Animations/unity-chan!/Unity-chan! Model/Audio/Voice/univ1101.wav using Guid(93544ae23f04c47b682e4c22db4335b8) Importer(2089858483,0ecaa5967403d082aa24f35e1b516d23) Generated GUIDs only implemented for interfaces!
 -> (artifact id: 'ad73147f546a1584208904a21ce9d666') in 0.049410 seconds
Number of updated asset objects reloaded before import = 0
Number of asset objects unloaded after import = 1
========================================================================
Received Import Request.
  Time since last request: 0.000018 seconds.
  path: Assets/Animations/unity-chan!/Unity-chan! Model/Audio/Voice/univ1095.wav
  artifactKey: Guid(8b022f05317f74c7384d83d079aa4428) Importer(2089858483,0ecaa5967403d082aa24f35e1b516d23)
Start importing Assets/Animations/unity-chan!/Unity-chan! Model/Audio/Voice/univ1095.wav using Guid(8b022f05317f74c7384d83d079aa4428) Importer(2089858483,0ecaa5967403d082aa24f35e1b516d23) Generated GUIDs only implemented for interfaces!
 -> (artifact id: 'dd70693ea96818254df5278773e4c1cd') in 0.051036 seconds
Number of updated asset objects reloaded before import = 0
Number of asset objects unloaded after import = 1
========================================================================
Received Import Request.
  Time since last request: 0.000023 seconds.
  path: Assets/Animations/unity-chan!/Unity-chan! Model/Audio/Voice/univ1100.wav
  artifactKey: Guid(28f7e076ccd5640da8fad9bcc74efe58) Importer(2089858483,0ecaa5967403d082aa24f35e1b516d23)
Start importing Assets/Animations/unity-chan!/Unity-chan! Model/Audio/Voice/univ1100.wav using Guid(28f7e076ccd5640da8fad9bcc74efe58) Importer(2089858483,0ecaa5967403d082aa24f35e1b516d23) Generated GUIDs only implemented for interfaces!
 -> (artifact id: 'f5311722f2439fb075a56dee9111d9e9') in 0.050387 seconds
Number of updated asset objects reloaded before import = 0
Number of asset objects unloaded after import = 1
========================================================================
Received Import Request.
  Time since last request: 0.000015 seconds.
  path: Assets/Animations/unity-chan!/Unity-chan! Model/Audio/Voice/univ1099.wav
  artifactKey: Guid(e92ffffa558284658aca79f7b72b7e58) Importer(2089858483,0ecaa5967403d082aa24f35e1b516d23)
Start importing Assets/Animations/unity-chan!/Unity-chan! Model/Audio/Voice/univ1099.wav using Guid(e92ffffa558284658aca79f7b72b7e58) Importer(2089858483,0ecaa5967403d082aa24f35e1b516d23) Generated GUIDs only implemented for interfaces!
 -> (artifact id: '27abae15a9b088d6b2b8ab969951285b') in 0.059733 seconds
Number of updated asset objects reloaded before import = 0
Number of asset objects unloaded after import = 1
========================================================================
Received Import Request.
  Time since last request: 0.000014 seconds.
  path: Assets/Animations/unity-chan!/Unity-chan! Model/Audio/Voice/univ1103.wav
  artifactKey: Guid(d071c2278331f4753bb15da529abc519) Importer(2089858483,0ecaa5967403d082aa24f35e1b516d23)
Start importing Assets/Animations/unity-chan!/Unity-chan! Model/Audio/Voice/univ1103.wav using Guid(d071c2278331f4753bb15da529abc519) Importer(2089858483,0ecaa5967403d082aa24f35e1b516d23) Generated GUIDs only implemented for interfaces!
 -> (artifact id: 'd1ec6c683f1d85827898680af12f4e82') in 0.048882 seconds
Number of updated asset objects reloaded before import = 0
Number of asset objects unloaded after import = 1
========================================================================
Received Import Request.
  Time since last request: 0.000018 seconds.
  path: Assets/Animations/unity-chan!/Unity-chan! Model/Audio/Voice/univ1096.wav
  artifactKey: Guid(faf448bdff6ff4150a03b88b0d765916) Importer(2089858483,0ecaa5967403d082aa24f35e1b516d23)
Start importing Assets/Animations/unity-chan!/Unity-chan! Model/Audio/Voice/univ1096.wav using Guid(faf448bdff6ff4150a03b88b0d765916) Importer(2089858483,0ecaa5967403d082aa24f35e1b516d23) Generated GUIDs only implemented for interfaces!
 -> (artifact id: 'ce1a5b783a220ac209f7d5b319498489') in 0.046068 seconds
Number of updated asset objects reloaded before import = 0
Number of asset objects unloaded after import = 1
========================================================================
Received Import Request.
  Time since last request: 0.000023 seconds.
  path: Assets/Animations/unity-chan!/Unity-chan! Model/Art/Materials/face.mat
  artifactKey: Guid(4d83bd267b90e934e88637afcd02cb8a) Importer(2089858483,0ecaa5967403d082aa24f35e1b516d23)
Start importing Assets/Animations/unity-chan!/Unity-chan! Model/Art/Materials/face.mat using Guid(4d83bd267b90e934e88637afcd02cb8a) Importer(2089858483,0ecaa5967403d082aa24f35e1b516d23) Generated GUIDs only implemented for interfaces!
 -> (artifact id: 'd495faa7a364f7052f8c8a3dc5bb5fed') in 0.046953 seconds
Number of updated asset objects reloaded before import = 0
Number of asset objects unloaded after import = 2
========================================================================
Received Import Request.
  Time since last request: 0.000015 seconds.
  path: Assets/Animations/unity-chan!/Unity-chan! Model/Audio/Voice/univ1116.wav
  artifactKey: Guid(9ff8704a6636b40de95dcc77263c86a4) Importer(2089858483,0ecaa5967403d082aa24f35e1b516d23)
Start importing Assets/Animations/unity-chan!/Unity-chan! Model/Audio/Voice/univ1116.wav using Guid(9ff8704a6636b40de95dcc77263c86a4) Importer(2089858483,0ecaa5967403d082aa24f35e1b516d23) Generated GUIDs only implemented for interfaces!
 -> (artifact id: '08d61967064a0c66456e3c2be0699f66') in 0.048809 seconds
Number of updated asset objects reloaded before import = 0
Number of asset objects unloaded after import = 1
========================================================================
Received Import Request.
  Time since last request: 0.000017 seconds.
  path: Assets/Animations/unity-chan!/Unity-chan! Model/Audio/Voice/univ1111.wav
  artifactKey: Guid(0b57fc34c742b4644a9d7fe9a43d65c4) Importer(2089858483,0ecaa5967403d082aa24f35e1b516d23)
Start importing Assets/Animations/unity-chan!/Unity-chan! Model/Audio/Voice/univ1111.wav using Guid(0b57fc34c742b4644a9d7fe9a43d65c4) Importer(2089858483,0ecaa5967403d082aa24f35e1b516d23) Generated GUIDs only implemented for interfaces!
 -> (artifact id: 'd72eb1456a733d958fae5f9cf50e3ff2') in 0.051440 seconds
Number of updated asset objects reloaded before import = 0
Number of asset objects unloaded after import = 1
========================================================================
Received Import Request.
  Time since last request: 0.000016 seconds.
  path: Assets/Animations/unity-chan!/Unity-chan! Model/Audio/Voice/univ1108.wav
  artifactKey: Guid(66de57c9ee7664adf9c559d585eb35af) Importer(2089858483,0ecaa5967403d082aa24f35e1b516d23)
Start importing Assets/Animations/unity-chan!/Unity-chan! Model/Audio/Voice/univ1108.wav using Guid(66de57c9ee7664adf9c559d585eb35af) Importer(2089858483,0ecaa5967403d082aa24f35e1b516d23) Generated GUIDs only implemented for interfaces!
 -> (artifact id: '3ec3a92d39c9d19be47ff5e3ac5a4a29') in 0.072564 seconds
Number of updated asset objects reloaded before import = 0
Number of asset objects unloaded after import = 1
========================================================================
Received Import Request.
  Time since last request: 0.000027 seconds.
  path: Assets/Animations/unity-chan!/Unity-chan! Model/Audio/Voice/univ1118.wav
  artifactKey: Guid(57efe523f4fd14bd8ab2322a52c296db) Importer(2089858483,0ecaa5967403d082aa24f35e1b516d23)
Start importing Assets/Animations/unity-chan!/Unity-chan! Model/Audio/Voice/univ1118.wav using Guid(57efe523f4fd14bd8ab2322a52c296db) Importer(2089858483,0ecaa5967403d082aa24f35e1b516d23) Generated GUIDs only implemented for interfaces!
 -> (artifact id: '692c5e0d897a364997816f4076d6b275') in 0.045673 seconds
Number of updated asset objects reloaded before import = 0
Number of asset objects unloaded after import = 1
========================================================================
Received Import Request.
  Time since last request: 0.000019 seconds.
  path: Assets/Animations/unity-chan!/Unity-chan! Model/Audio/Voice/univ1113.wav
  artifactKey: Guid(858df660ee2f04232b04615ea143bff5) Importer(2089858483,0ecaa5967403d082aa24f35e1b516d23)
Start importing Assets/Animations/unity-chan!/Unity-chan! Model/Audio/Voice/univ1113.wav using Guid(858df660ee2f04232b04615ea143bff5) Importer(2089858483,0ecaa5967403d082aa24f35e1b516d23) Generated GUIDs only implemented for interfaces!
 -> (artifact id: '6856ca9c252ca2507d7386f0aed7763c') in 0.052122 seconds
Number of updated asset objects reloaded before import = 0
Number of asset objects unloaded after import = 1
========================================================================
Received Import Request.
  Time since last request: 0.000016 seconds.
  path: Assets/Animations/unity-chan!/Unity-chan! Model/Audio/Voice/univ1114.wav
  artifactKey: Guid(cb50c340793ac4231acd87859f4668c6) Importer(2089858483,0ecaa5967403d082aa24f35e1b516d23)
Start importing Assets/Animations/unity-chan!/Unity-chan! Model/Audio/Voice/univ1114.wav using Guid(cb50c340793ac4231acd87859f4668c6) Importer(2089858483,0ecaa5967403d082aa24f35e1b516d23) Generated GUIDs only implemented for interfaces!
 -> (artifact id: 'bdaad759432af202c77d17a30155bc19') in 0.052364 seconds
Number of updated asset objects reloaded before import = 0
Number of asset objects unloaded after import = 1
========================================================================
Received Import Request.
  Time since last request: 0.000022 seconds.
  path: Assets/Animations/unity-chan!/Unity-chan! Model/Audio/Voice/univ1130.wav
  artifactKey: Guid(eb7ccda557cbe46c1bc29b67b5d90dd5) Importer(2089858483,0ecaa5967403d082aa24f35e1b516d23)
Start importing Assets/Animations/unity-chan!/Unity-chan! Model/Audio/Voice/univ1130.wav using Guid(eb7ccda557cbe46c1bc29b67b5d90dd5) Importer(2089858483,0ecaa5967403d082aa24f35e1b516d23) Generated GUIDs only implemented for interfaces!
 -> (artifact id: '8e32aff04a037119533f49791861bc98') in 0.050300 seconds
Number of updated asset objects reloaded before import = 0
Number of asset objects unloaded after import = 1
========================================================================
Received Import Request.
  Time since last request: 0.000023 seconds.
  path: Assets/Animations/unity-chan!/Unity-chan! Model/Audio/Voice/univ1125.wav
  artifactKey: Guid(8841fe57b39704952811b1850e9de699) Importer(2089858483,0ecaa5967403d082aa24f35e1b516d23)
Start importing Assets/Animations/unity-chan!/Unity-chan! Model/Audio/Voice/univ1125.wav using Guid(8841fe57b39704952811b1850e9de699) Importer(2089858483,0ecaa5967403d082aa24f35e1b516d23) Generated GUIDs only implemented for interfaces!
 -> (artifact id: '43de32898f5238d4d1832351110747b1') in 0.072714 seconds
Number of updated asset objects reloaded before import = 0
Number of asset objects unloaded after import = 1
========================================================================
Received Import Request.
  Time since last request: 0.000015 seconds.
  path: Assets/Animations/unity-chan!/Unity-chan! Model/Audio/Voice/univ1128.wav
  artifactKey: Guid(58beb19e57554460390a5a3734fd19f3) Importer(2089858483,0ecaa5967403d082aa24f35e1b516d23)
Start importing Assets/Animations/unity-chan!/Unity-chan! Model/Audio/Voice/univ1128.wav using Guid(58beb19e57554460390a5a3734fd19f3) Importer(2089858483,0ecaa5967403d082aa24f35e1b516d23) Generated GUIDs only implemented for interfaces!
 -> (artifact id: '23adf126672f01bd0c343889c96843f8') in 0.048355 seconds
Number of updated asset objects reloaded before import = 0
Number of asset objects unloaded after import = 1
========================================================================
Received Import Request.
  Time since last request: 0.000015 seconds.
  path: Assets/Animations/unity-chan!/Unity-chan! Model/Audio/Voice/univ1120.wav
  artifactKey: Guid(a82f47feb8ee44d68b9306e137a03ff4) Importer(2089858483,0ecaa5967403d082aa24f35e1b516d23)
Start importing Assets/Animations/unity-chan!/Unity-chan! Model/Audio/Voice/univ1120.wav using Guid(a82f47feb8ee44d68b9306e137a03ff4) Importer(2089858483,0ecaa5967403d082aa24f35e1b516d23) Generated GUIDs only implemented for interfaces!
 -> (artifact id: '20797c4b0c34dd5d9e3b511c8defc66c') in 0.052144 seconds
Number of updated asset objects reloaded before import = 0
Number of asset objects unloaded after import = 1
========================================================================
Received Import Request.
  Time since last request: 0.000023 seconds.
  path: Assets/Animations/unity-chan!/Unity-chan! Model/Audio/Voice/univ1123.wav
  artifactKey: Guid(6cd1d8c0fbc504b9aaded01cea637c17) Importer(2089858483,0ecaa5967403d082aa24f35e1b516d23)
Start importing Assets/Animations/unity-chan!/Unity-chan! Model/Audio/Voice/univ1123.wav using Guid(6cd1d8c0fbc504b9aaded01cea637c17) Importer(2089858483,0ecaa5967403d082aa24f35e1b516d23) Generated GUIDs only implemented for interfaces!
 -> (artifact id: '739f99afe9c2958eaaa26a005e9bcf4e') in 0.047449 seconds
Number of updated asset objects reloaded before import = 0
Number of asset objects unloaded after import = 1
========================================================================
Received Import Request.
  Time since last request: 0.000029 seconds.
  path: Assets/Animations/unity-chan!/Unity-chan! Model/Audio/Voice/univ1119.wav
  artifactKey: Guid(aca50d41370c14dfeba15db45850fb02) Importer(2089858483,0ecaa5967403d082aa24f35e1b516d23)
Start importing Assets/Animations/unity-chan!/Unity-chan! Model/Audio/Voice/univ1119.wav using Guid(aca50d41370c14dfeba15db45850fb02) Importer(2089858483,0ecaa5967403d082aa24f35e1b516d23) Generated GUIDs only implemented for interfaces!
 -> (artifact id: 'ded9e6299ab093e512aee906d3e847e2') in 0.053470 seconds
Number of updated asset objects reloaded before import = 0
Number of asset objects unloaded after import = 1
========================================================================
Received Import Request.
  Time since last request: 0.000020 seconds.
  path: Assets/TextMesh Pro/Resources/Fonts & Materials/LiberationSans SDF - Fallback.asset
  artifactKey: Guid(2e498d1c8094910479dc3e1b768306a4) Importer(2089858483,0ecaa5967403d082aa24f35e1b516d23)
Start importing Assets/TextMesh Pro/Resources/Fonts & Materials/LiberationSans SDF - Fallback.asset using Guid(2e498d1c8094910479dc3e1b768306a4) Importer(2089858483,0ecaa5967403d082aa24f35e1b516d23) Generated GUIDs only implemented for interfaces!
 -> (artifact id: '25ff3dde38963cb673d46ccb3db69c4c') in 0.047599 seconds
Number of updated asset objects reloaded before import = 0
Number of asset objects unloaded after import = 5
========================================================================
Received Import Request.
  Time since last request: 0.000018 seconds.
  path: Assets/Animations/unity-chan!/Unity-chan! Model/Audio/Voice/univ1133.wav
  artifactKey: Guid(f117433c1e4844814be10100c21b0e82) Importer(2089858483,0ecaa5967403d082aa24f35e1b516d23)
Start importing Assets/Animations/unity-chan!/Unity-chan! Model/Audio/Voice/univ1133.wav using Guid(f117433c1e4844814be10100c21b0e82) Importer(2089858483,0ecaa5967403d082aa24f35e1b516d23) Generated GUIDs only implemented for interfaces!
 -> (artifact id: '405c62c7ba78188c5db576f8123b3f09') in 0.050402 seconds
Number of updated asset objects reloaded before import = 0
Number of asset objects unloaded after import = 1
========================================================================
Received Import Request.
  Time since last request: 0.000016 seconds.
  path: Assets/Animations/unity-chan!/Unity-chan! Model/Audio/Voice/univ1141.wav
  artifactKey: Guid(d575db14abfb34ffaa5421328cc8dccc) Importer(2089858483,0ecaa5967403d082aa24f35e1b516d23)
Start importing Assets/Animations/unity-chan!/Unity-chan! Model/Audio/Voice/univ1141.wav using Guid(d575db14abfb34ffaa5421328cc8dccc) Importer(2089858483,0ecaa5967403d082aa24f35e1b516d23) Generated GUIDs only implemented for interfaces!
 -> (artifact id: 'ac755752bbe67f31e0eec5f6c76bba3e') in 0.051222 seconds
Number of updated asset objects reloaded before import = 0
Number of asset objects unloaded after import = 1
========================================================================
Received Import Request.
  Time since last request: 0.000023 seconds.
  path: Assets/Animations/unity-chan!/Unity-chan! Model/Audio/Voice/univ1136.wav
  artifactKey: Guid(5167ee0c131d0471995e0e66aa1aee40) Importer(2089858483,0ecaa5967403d082aa24f35e1b516d23)
Start importing Assets/Animations/unity-chan!/Unity-chan! Model/Audio/Voice/univ1136.wav using Guid(5167ee0c131d0471995e0e66aa1aee40) Importer(2089858483,0ecaa5967403d082aa24f35e1b516d23) Generated GUIDs only implemented for interfaces!
 -> (artifact id: '6cf6d1e4db4e664fad23238228069150') in 0.047457 seconds
Number of updated asset objects reloaded before import = 0
Number of asset objects unloaded after import = 1
========================================================================
Received Import Request.
  Time since last request: 0.000021 seconds.
  path: Assets/Animations/unity-chan!/Unity-chan! Model/Audio/Voice/univ1137.wav
  artifactKey: Guid(371083f0be7f3410dbd1db377075072b) Importer(2089858483,0ecaa5967403d082aa24f35e1b516d23)
Start importing Assets/Animations/unity-chan!/Unity-chan! Model/Audio/Voice/univ1137.wav using Guid(371083f0be7f3410dbd1db377075072b) Importer(2089858483,0ecaa5967403d082aa24f35e1b516d23) Generated GUIDs only implemented for interfaces!
 -> (artifact id: '5752956bae720559cd072aa9b5b61b47') in 0.047411 seconds
Number of updated asset objects reloaded before import = 0
Number of asset objects unloaded after import = 1
========================================================================
Received Import Request.
  Time since last request: 0.000019 seconds.
  path: Assets/Animations/unity-chan!/Unity-chan! Model/Audio/Voice/univ1139.wav
  artifactKey: Guid(e50ec586cd6e44b338e8cdce0b816fee) Importer(2089858483,0ecaa5967403d082aa24f35e1b516d23)
Start importing Assets/Animations/unity-chan!/Unity-chan! Model/Audio/Voice/univ1139.wav using Guid(e50ec586cd6e44b338e8cdce0b816fee) Importer(2089858483,0ecaa5967403d082aa24f35e1b516d23) Generated GUIDs only implemented for interfaces!
 -> (artifact id: '9487672dc5cdb9fd0a8fbd0e58452bf7') in 0.064931 seconds
Number of updated asset objects reloaded before import = 0
Number of asset objects unloaded after import = 1
========================================================================
Received Import Request.
  Time since last request: 0.000023 seconds.
  path: Assets/Animations/unity-chan!/Unity-chan! Model/Audio/Voice/univ1132.wav
  artifactKey: Guid(1ce210a50a3e2496a931b77bf6839e29) Importer(2089858483,0ecaa5967403d082aa24f35e1b516d23)
Start importing Assets/Animations/unity-chan!/Unity-chan! Model/Audio/Voice/univ1132.wav using Guid(1ce210a50a3e2496a931b77bf6839e29) Importer(2089858483,0ecaa5967403d082aa24f35e1b516d23) Generated GUIDs only implemented for interfaces!
 -> (artifact id: '3f842fa07912adb771dd6205d4fc314d') in 0.049177 seconds
Number of updated asset objects reloaded before import = 0
Number of asset objects unloaded after import = 1
========================================================================
Received Import Request.
  Time since last request: 0.000028 seconds.
  path: Assets/Animations/unity-chan!/Unity-chan! Model/Audio/Voice/univ1150.wav
  artifactKey: Guid(4083475e71a304b76b4c39b72378c4d7) Importer(2089858483,0ecaa5967403d082aa24f35e1b516d23)
Start importing Assets/Animations/unity-chan!/Unity-chan! Model/Audio/Voice/univ1150.wav using Guid(4083475e71a304b76b4c39b72378c4d7) Importer(2089858483,0ecaa5967403d082aa24f35e1b516d23) Generated GUIDs only implemented for interfaces!
 -> (artifact id: 'cff32601f412c7cba7fe40b869716619') in 0.055146 seconds
Number of updated asset objects reloaded before import = 0
Number of asset objects unloaded after import = 1
========================================================================
Received Import Request.
  Time since last request: 0.000044 seconds.
  path: Assets/Animations/unity-chan!/Unity-chan! Model/Audio/Voice/univ1149.wav
  artifactKey: Guid(3d60b9dbd01634aecaa6d4e6ff40694b) Importer(2089858483,0ecaa5967403d082aa24f35e1b516d23)
Start importing Assets/Animations/unity-chan!/Unity-chan! Model/Audio/Voice/univ1149.wav using Guid(3d60b9dbd01634aecaa6d4e6ff40694b) Importer(2089858483,0ecaa5967403d082aa24f35e1b516d23) Generated GUIDs only implemented for interfaces!
 -> (artifact id: '0259485618e3b40d9d451732ce0b11aa') in 0.051726 seconds
Number of updated asset objects reloaded before import = 0
Number of asset objects unloaded after import = 1
========================================================================
Received Import Request.
  Time since last request: 0.000022 seconds.
  path: Assets/Animations/unity-chan!/Unity-chan! Model/Audio/Voice/univ1156.wav
  artifactKey: Guid(7cffb83de6b4f43749e44258bf38cf7c) Importer(2089858483,0ecaa5967403d082aa24f35e1b516d23)
Start importing Assets/Animations/unity-chan!/Unity-chan! Model/Audio/Voice/univ1156.wav using Guid(7cffb83de6b4f43749e44258bf38cf7c) Importer(2089858483,0ecaa5967403d082aa24f35e1b516d23) Generated GUIDs only implemented for interfaces!
 -> (artifact id: '202aef819a5d17ed08e211585b8eb1f7') in 0.050115 seconds
Number of updated asset objects reloaded before import = 0
Number of asset objects unloaded after import = 1
========================================================================
Received Import Request.
  Time since last request: 0.000027 seconds.
  path: Assets/Animations/unity-chan!/Unity-chan! Model/Audio/Voice/univ1145.wav
  artifactKey: Guid(eb60ea4d87918435889300fe9982e242) Importer(2089858483,0ecaa5967403d082aa24f35e1b516d23)
Start importing Assets/Animations/unity-chan!/Unity-chan! Model/Audio/Voice/univ1145.wav using Guid(eb60ea4d87918435889300fe9982e242) Importer(2089858483,0ecaa5967403d082aa24f35e1b516d23) Generated GUIDs only implemented for interfaces!
 -> (artifact id: '0f4d2c910ca9d463dfaab6fc6e0c14f3') in 0.067982 seconds
Number of updated asset objects reloaded before import = 0
Number of asset objects unloaded after import = 1
========================================================================
Received Import Request.
  Time since last request: 0.000023 seconds.
  path: Assets/Animations/unity-chan!/Unity-chan! Model/Audio/Voice/univ1146.wav
  artifactKey: Guid(066e616abbf624dd4b342c6bdf705157) Importer(2089858483,0ecaa5967403d082aa24f35e1b516d23)
Start importing Assets/Animations/unity-chan!/Unity-chan! Model/Audio/Voice/univ1146.wav using Guid(066e616abbf624dd4b342c6bdf705157) Importer(2089858483,0ecaa5967403d082aa24f35e1b516d23) Generated GUIDs only implemented for interfaces!
 -> (artifact id: '6b29905be88fb61f0ebe06e5fcfcf162') in 0.052985 seconds
Number of updated asset objects reloaded before import = 0
Number of asset objects unloaded after import = 1
========================================================================
Received Import Request.
  Time since last request: 0.000020 seconds.
  path: Assets/Animations/unity-chan!/Unity-chan! Model/Audio/Voice/univ1140.wav
  artifactKey: Guid(3c6fcd461c70046098c42b43078be8c9) Importer(2089858483,0ecaa5967403d082aa24f35e1b516d23)
Start importing Assets/Animations/unity-chan!/Unity-chan! Model/Audio/Voice/univ1140.wav using Guid(3c6fcd461c70046098c42b43078be8c9) Importer(2089858483,0ecaa5967403d082aa24f35e1b516d23) Generated GUIDs only implemented for interfaces!
 -> (artifact id: '7bb83e95c4ba70b28e8284b1c798d4e7') in 0.047967 seconds
Number of updated asset objects reloaded before import = 0
Number of asset objects unloaded after import = 1
========================================================================
Received Import Request.
  Time since last request: 0.000020 seconds.
  path: Assets/Terrains/TerrainSampleAssets/TerrainLayers/Grass_A_TerrainLayer.terrainlayer
  artifactKey: Guid(130d104513b29bd44ae9c5b3915f4134) Importer(2089858483,0ecaa5967403d082aa24f35e1b516d23)
Start importing Assets/Terrains/TerrainSampleAssets/TerrainLayers/Grass_A_TerrainLayer.terrainlayer using Guid(130d104513b29bd44ae9c5b3915f4134) Importer(2089858483,0ecaa5967403d082aa24f35e1b516d23) Generated GUIDs only implemented for interfaces!
 -> (artifact id: 'd93c9a348c22576f6c2fd15243357d58') in 0.022484 seconds
Number of updated asset objects reloaded before import = 0
Number of asset objects unloaded after import = 1
========================================================================
Received Import Request.
  Time since last request: 0.000015 seconds.
  path: Assets/Animations/unity-chan!/Unity-chan! Model/Audio/Voice/univ1164.wav
  artifactKey: Guid(12f5fac08c8e748769efeafe38044f45) Importer(2089858483,0ecaa5967403d082aa24f35e1b516d23)
Start importing Assets/Animations/unity-chan!/Unity-chan! Model/Audio/Voice/univ1164.wav using Guid(12f5fac08c8e748769efeafe38044f45) Importer(2089858483,0ecaa5967403d082aa24f35e1b516d23) Generated GUIDs only implemented for interfaces!
 -> (artifact id: '411e27d24fcfacaa8fab7722f0fdb63a') in 0.050886 seconds
Number of updated asset objects reloaded before import = 0
Number of asset objects unloaded after import = 1
========================================================================
Received Import Request.
  Time since last request: 0.000020 seconds.
  path: Assets/Animations/unity-chan!/Unity-chan! Model/Audio/Voice/univ1170.wav
  artifactKey: Guid(e460fa75a86f04e8fa09ac92a6cb8939) Importer(2089858483,0ecaa5967403d082aa24f35e1b516d23)
Start importing Assets/Animations/unity-chan!/Unity-chan! Model/Audio/Voice/univ1170.wav using Guid(e460fa75a86f04e8fa09ac92a6cb8939) Importer(2089858483,0ecaa5967403d082aa24f35e1b516d23) Generated GUIDs only implemented for interfaces!
 -> (artifact id: 'ab7443e28a7858c347ac95b0e76ef20e') in 0.051030 seconds
Number of updated asset objects reloaded before import = 0
Number of asset objects unloaded after import = 1
========================================================================
Received Import Request.
  Time since last request: 0.000023 seconds.
  path: Assets/Animations/unity-chan!/Unity-chan! Model/Audio/Voice/univ1169.wav
  artifactKey: Guid(40a909895797f4371b61f01586a10a12) Importer(2089858483,0ecaa5967403d082aa24f35e1b516d23)
Start importing Assets/Animations/unity-chan!/Unity-chan! Model/Audio/Voice/univ1169.wav using Guid(40a909895797f4371b61f01586a10a12) Importer(2089858483,0ecaa5967403d082aa24f35e1b516d23) Generated GUIDs only implemented for interfaces!
 -> (artifact id: 'e07700c01785f1713a2d5a895a0ab56a') in 0.071806 seconds
Number of updated asset objects reloaded before import = 0
Number of asset objects unloaded after import = 1
========================================================================
Received Import Request.
  Time since last request: 0.000015 seconds.
  path: Assets/Animations/unity-chan!/Unity-chan! Model/Audio/Voice/univ1159.wav
  artifactKey: Guid(dfad0cbe01e48476a81bd7b9ee514e59) Importer(2089858483,0ecaa5967403d082aa24f35e1b516d23)
Start importing Assets/Animations/unity-chan!/Unity-chan! Model/Audio/Voice/univ1159.wav using Guid(dfad0cbe01e48476a81bd7b9ee514e59) Importer(2089858483,0ecaa5967403d082aa24f35e1b516d23) Generated GUIDs only implemented for interfaces!
 -> (artifact id: 'ea3b254e19225d06149014886bddc333') in 0.053370 seconds
Number of updated asset objects reloaded before import = 0
Number of asset objects unloaded after import = 1
========================================================================
Received Import Request.
  Time since last request: 0.000022 seconds.
  path: Assets/Animations/unity-chan!/Unity-chan! Model/Audio/Voice/univ1168.wav
  artifactKey: Guid(41246cf5359974997ac6c9e8e3e66933) Importer(2089858483,0ecaa5967403d082aa24f35e1b516d23)
Start importing Assets/Animations/unity-chan!/Unity-chan! Model/Audio/Voice/univ1168.wav using Guid(41246cf5359974997ac6c9e8e3e66933) Importer(2089858483,0ecaa5967403d082aa24f35e1b516d23) Generated GUIDs only implemented for interfaces!
 -> (artifact id: '69c8cc69d683dc709ec69e85066c9b9a') in 0.052952 seconds
Number of updated asset objects reloaded before import = 0
Number of asset objects unloaded after import = 1
========================================================================
Received Import Request.
  Time since last request: 0.000023 seconds.
  path: Assets/Animations/unity-chan!/Unity-chan! Model/Audio/Voice/univ1158.wav
  artifactKey: Guid(a3e667c13a1024be39abd9d556efb638) Importer(2089858483,0ecaa5967403d082aa24f35e1b516d23)
Start importing Assets/Animations/unity-chan!/Unity-chan! Model/Audio/Voice/univ1158.wav using Guid(a3e667c13a1024be39abd9d556efb638) Importer(2089858483,0ecaa5967403d082aa24f35e1b516d23) Generated GUIDs only implemented for interfaces!
 -> (artifact id: '63da767a807c263fcceac35f04f5228e') in 0.049260 seconds
Number of updated asset objects reloaded before import = 0
Number of asset objects unloaded after import = 1
========================================================================
Received Import Request.
  Time since last request: 0.000023 seconds.
  path: Assets/Animations/unity-chan!/Unity-chan! Model/Audio/Voice/univ1176.wav
  artifactKey: Guid(3c2d956f2d6124b92bbc233a11ea688f) Importer(2089858483,0ecaa5967403d082aa24f35e1b516d23)
Start importing Assets/Animations/unity-chan!/Unity-chan! Model/Audio/Voice/univ1176.wav using Guid(3c2d956f2d6124b92bbc233a11ea688f) Importer(2089858483,0ecaa5967403d082aa24f35e1b516d23) Generated GUIDs only implemented for interfaces!
 -> (artifact id: '6fe765f92f7ab8204213585c18034412') in 0.046837 seconds
Number of updated asset objects reloaded before import = 0
Number of asset objects unloaded after import = 1
========================================================================
Received Import Request.
  Time since last request: 0.000019 seconds.
  path: Assets/Animations/unity-chan!/Unity-chan! Model/Audio/Voice/univ1178.wav
  artifactKey: Guid(90fb476136a614e08a9ad03ad6bbf164) Importer(2089858483,0ecaa5967403d082aa24f35e1b516d23)
Start importing Assets/Animations/unity-chan!/Unity-chan! Model/Audio/Voice/univ1178.wav using Guid(90fb476136a614e08a9ad03ad6bbf164) Importer(2089858483,0ecaa5967403d082aa24f35e1b516d23) Generated GUIDs only implemented for interfaces!
 -> (artifact id: '16303d8446ce83904dd8a3bc2f45617e') in 0.046839 seconds
Number of updated asset objects reloaded before import = 0
Number of asset objects unloaded after import = 1
========================================================================
Received Import Request.
  Time since last request: 0.000017 seconds.
  path: Assets/Animations/unity-chan!/Unity-chan! Model/Audio/Voice/univ1180.wav
  artifactKey: Guid(60d0c08036645458698d99eafc622784) Importer(2089858483,0ecaa5967403d082aa24f35e1b516d23)
Start importing Assets/Animations/unity-chan!/Unity-chan! Model/Audio/Voice/univ1180.wav using Guid(60d0c08036645458698d99eafc622784) Importer(2089858483,0ecaa5967403d082aa24f35e1b516d23) Generated GUIDs only implemented for interfaces!
 -> (artifact id: '5fdc53f75ff1237fd44fa1e4136848cf') in 0.062979 seconds
Number of updated asset objects reloaded before import = 0
Number of asset objects unloaded after import = 1
========================================================================
Received Import Request.
  Time since last request: 0.000018 seconds.
  path: Assets/Animations/unity-chan!/Unity-chan! Model/Audio/Voice/univ1182.wav
  artifactKey: Guid(5373ec0c2f6b24e3797cfc76a4dcb8b7) Importer(2089858483,0ecaa5967403d082aa24f35e1b516d23)
Start importing Assets/Animations/unity-chan!/Unity-chan! Model/Audio/Voice/univ1182.wav using Guid(5373ec0c2f6b24e3797cfc76a4dcb8b7) Importer(2089858483,0ecaa5967403d082aa24f35e1b516d23) Generated GUIDs only implemented for interfaces!
 -> (artifact id: '3816addc6b8e33384f3857e93a5ffa0c') in 0.050507 seconds
Number of updated asset objects reloaded before import = 0
Number of asset objects unloaded after import = 1
========================================================================
Received Import Request.
  Time since last request: 0.000023 seconds.
  path: Assets/Animations/unity-chan!/Unity-chan! Model/Audio/Voice/univ1177.wav
  artifactKey: Guid(1cf145ba95b7c4434930f6ab3cf03dff) Importer(2089858483,0ecaa5967403d082aa24f35e1b516d23)
Start importing Assets/Animations/unity-chan!/Unity-chan! Model/Audio/Voice/univ1177.wav using Guid(1cf145ba95b7c4434930f6ab3cf03dff) Importer(2089858483,0ecaa5967403d082aa24f35e1b516d23) Generated GUIDs only implemented for interfaces!
 -> (artifact id: 'e53ef5443879e3909c4a31a31b2fcc02') in 0.053048 seconds
Number of updated asset objects reloaded before import = 0
Number of asset objects unloaded after import = 1
========================================================================
Received Import Request.
  Time since last request: 0.000019 seconds.
  path: Assets/Animations/unity-chan!/Unity-chan! Model/Audio/Voice/univ1160.wav
  artifactKey: Guid(f88751c97e67a45bead6b56942fe4ee0) Importer(2089858483,0ecaa5967403d082aa24f35e1b516d23)
Start importing Assets/Animations/unity-chan!/Unity-chan! Model/Audio/Voice/univ1160.wav using Guid(f88751c97e67a45bead6b56942fe4ee0) Importer(2089858483,0ecaa5967403d082aa24f35e1b516d23) Generated GUIDs only implemented for interfaces!
 -> (artifact id: '77d7c3b0911bc02b0bb9e01afae5b3a0') in 0.048616 seconds
Number of updated asset objects reloaded before import = 0
Number of asset objects unloaded after import = 1
========================================================================
Received Import Request.
  Time since last request: 0.000019 seconds.
  path: Assets/Animations/unity-chan!/Unity-chan! Model/Audio/Voice/univ1171.wav
  artifactKey: Guid(b74b7b65252e34758b690a31b51ca39b) Importer(2089858483,0ecaa5967403d082aa24f35e1b516d23)
Start importing Assets/Animations/unity-chan!/Unity-chan! Model/Audio/Voice/univ1171.wav using Guid(b74b7b65252e34758b690a31b51ca39b) Importer(2089858483,0ecaa5967403d082aa24f35e1b516d23) Generated GUIDs only implemented for interfaces!
 -> (artifact id: 'b52c22174bd545f5203a5702afe52382') in 0.050708 seconds
Number of updated asset objects reloaded before import = 0
Number of asset objects unloaded after import = 1
========================================================================
Received Import Request.
  Time since last request: 0.000018 seconds.
  path: Assets/Animations/unity-chan!/Unity-chan! Model/Audio/Voice/univ1184.wav
  artifactKey: Guid(89bfeef88dfba475fbcb7167c7335489) Importer(2089858483,0ecaa5967403d082aa24f35e1b516d23)
Start importing Assets/Animations/unity-chan!/Unity-chan! Model/Audio/Voice/univ1184.wav using Guid(89bfeef88dfba475fbcb7167c7335489) Importer(2089858483,0ecaa5967403d082aa24f35e1b516d23) Generated GUIDs only implemented for interfaces!
 -> (artifact id: '404b18cd34a2307fb364f35e4097f65d') in 0.065677 seconds
Number of updated asset objects reloaded before import = 0
Number of asset objects unloaded after import = 1
========================================================================
Received Import Request.
  Time since last request: 0.000026 seconds.
  path: Assets/Animations/unity-chan!/Unity-chan! Model/Audio/Voice/univ1189.wav
  artifactKey: Guid(6e84fbb35996f4c748507964e9c1d105) Importer(2089858483,0ecaa5967403d082aa24f35e1b516d23)
Start importing Assets/Animations/unity-chan!/Unity-chan! Model/Audio/Voice/univ1189.wav using Guid(6e84fbb35996f4c748507964e9c1d105) Importer(2089858483,0ecaa5967403d082aa24f35e1b516d23) Generated GUIDs only implemented for interfaces!
 -> (artifact id: '40f3bae7dc95cdb6a0d72bb09c580636') in 0.053146 seconds
Number of updated asset objects reloaded before import = 0
Number of asset objects unloaded after import = 1
========================================================================
Received Import Request.
  Time since last request: 0.000019 seconds.
  path: Assets/Animations/unity-chan!/Unity-chan! Model/Audio/Voice/univ1185.wav
  artifactKey: Guid(a8888b3df23104af892d4767b797223a) Importer(2089858483,0ecaa5967403d082aa24f35e1b516d23)
Start importing Assets/Animations/unity-chan!/Unity-chan! Model/Audio/Voice/univ1185.wav using Guid(a8888b3df23104af892d4767b797223a) Importer(2089858483,0ecaa5967403d082aa24f35e1b516d23) Generated GUIDs only implemented for interfaces!
 -> (artifact id: 'e20a41c7642336365bfc8636d97d5fae') in 0.049723 seconds
Number of updated asset objects reloaded before import = 0
Number of asset objects unloaded after import = 1
========================================================================
Received Import Request.
  Time since last request: 0.000014 seconds.
  path: Assets/Animations/unity-chan!/Unity-chan! Model/Audio/Voice/univ1196.wav
  artifactKey: Guid(8e835ca708f9f42bbb525b1f96a3585e) Importer(2089858483,0ecaa5967403d082aa24f35e1b516d23)
Start importing Assets/Animations/unity-chan!/Unity-chan! Model/Audio/Voice/univ1196.wav using Guid(8e835ca708f9f42bbb525b1f96a3585e) Importer(2089858483,0ecaa5967403d082aa24f35e1b516d23) Generated GUIDs only implemented for interfaces!
 -> (artifact id: '6d6ccf9be5fc76aeba1a94c60a17bf1d') in 0.047354 seconds
Number of updated asset objects reloaded before import = 0
Number of asset objects unloaded after import = 1
========================================================================
Received Import Request.
  Time since last request: 0.000017 seconds.
  path: Assets/Animations/unity-chan!/Unity-chan! Model/Audio/Voice/univ1188.wav
  artifactKey: Guid(b7edbce831e0746e8ae836d2f1f1cd0a) Importer(2089858483,0ecaa5967403d082aa24f35e1b516d23)
Start importing Assets/Animations/unity-chan!/Unity-chan! Model/Audio/Voice/univ1188.wav using Guid(b7edbce831e0746e8ae836d2f1f1cd0a) Importer(2089858483,0ecaa5967403d082aa24f35e1b516d23) Generated GUIDs only implemented for interfaces!
 -> (artifact id: '4bb653e13486dc368b35b0f02e525d6f') in 0.045781 seconds
Number of updated asset objects reloaded before import = 0
Number of asset objects unloaded after import = 1
========================================================================
Received Import Request.
  Time since last request: 0.000023 seconds.
  path: Assets/Animations/unity-chan!/Unity-chan! Model/Audio/Voice/univ1194.wav
  artifactKey: Guid(6ebe37c5014f04c73acfb838161b24ba) Importer(2089858483,0ecaa5967403d082aa24f35e1b516d23)
Start importing Assets/Animations/unity-chan!/Unity-chan! Model/Audio/Voice/univ1194.wav using Guid(6ebe37c5014f04c73acfb838161b24ba) Importer(2089858483,0ecaa5967403d082aa24f35e1b516d23) Generated GUIDs only implemented for interfaces!
 -> (artifact id: '64c25a46783a91aa97a10ed44b6809de') in 0.058522 seconds
Number of updated asset objects reloaded before import = 0
Number of asset objects unloaded after import = 1
========================================================================
Received Import Request.
  Time since last request: 0.000015 seconds.
  path: Assets/Animations/unity-chan!/Unity-chan! Model/Audio/Voice/univ1197c.wav
  artifactKey: Guid(29f909cdfba9e4028b7899e00a166918) Importer(2089858483,0ecaa5967403d082aa24f35e1b516d23)
Start importing Assets/Animations/unity-chan!/Unity-chan! Model/Audio/Voice/univ1197c.wav using Guid(29f909cdfba9e4028b7899e00a166918) Importer(2089858483,0ecaa5967403d082aa24f35e1b516d23) Generated GUIDs only implemented for interfaces!
 -> (artifact id: '4743785a86fe280725d72e0568a33542') in 0.053887 seconds
Number of updated asset objects reloaded before import = 0
Number of asset objects unloaded after import = 1
========================================================================
Received Import Request.
  Time since last request: 0.000015 seconds.
  path: Assets/Animations/unity-chan!/Unity-chan! Model/Audio/Voice/univ1205.wav
  artifactKey: Guid(c10f671659fcc437fb0394052b91cb74) Importer(2089858483,0ecaa5967403d082aa24f35e1b516d23)
Start importing Assets/Animations/unity-chan!/Unity-chan! Model/Audio/Voice/univ1205.wav using Guid(c10f671659fcc437fb0394052b91cb74) Importer(2089858483,0ecaa5967403d082aa24f35e1b516d23) Generated GUIDs only implemented for interfaces!
 -> (artifact id: 'a318ceae1bc65188cbea325c6f0e08c3') in 0.048722 seconds
Number of updated asset objects reloaded before import = 0
Number of asset objects unloaded after import = 1
========================================================================
Received Import Request.
  Time since last request: 0.000018 seconds.
  path: Assets/Animations/unity-chan!/Unity-chan! Model/Audio/Voice/univ1200.wav
  artifactKey: Guid(4c3f4f4db01c44f7986dc8f7a3072b6c) Importer(2089858483,0ecaa5967403d082aa24f35e1b516d23)
Start importing Assets/Animations/unity-chan!/Unity-chan! Model/Audio/Voice/univ1200.wav using Guid(4c3f4f4db01c44f7986dc8f7a3072b6c) Importer(2089858483,0ecaa5967403d082aa24f35e1b516d23) Generated GUIDs only implemented for interfaces!
 -> (artifact id: 'fa1fe5f451e4546d10d8fb15b61f226f') in 0.058437 seconds
Number of updated asset objects reloaded before import = 0
Number of asset objects unloaded after import = 1
========================================================================
Received Import Request.
  Time since last request: 0.000026 seconds.
  path: Assets/Animations/unity-chan!/Unity-chan! Model/Audio/Voice/univ1206.wav
  artifactKey: Guid(75a66616705814a249c79a1c7aa36339) Importer(2089858483,0ecaa5967403d082aa24f35e1b516d23)
Start importing Assets/Animations/unity-chan!/Unity-chan! Model/Audio/Voice/univ1206.wav using Guid(75a66616705814a249c79a1c7aa36339) Importer(2089858483,0ecaa5967403d082aa24f35e1b516d23) Generated GUIDs only implemented for interfaces!
 -> (artifact id: 'd34f8fe62f7bbe6d74b6e32f72f0b1e5') in 0.052472 seconds
Number of updated asset objects reloaded before import = 0
Number of asset objects unloaded after import = 1
========================================================================
Received Import Request.
  Time since last request: 0.000015 seconds.
  path: Assets/Animations/unity-chan!/Unity-chan! Model/Audio/Voice/univ1198.wav
  artifactKey: Guid(fca09a2b2b7134ea8af2501164afb123) Importer(2089858483,0ecaa5967403d082aa24f35e1b516d23)
Start importing Assets/Animations/unity-chan!/Unity-chan! Model/Audio/Voice/univ1198.wav using Guid(fca09a2b2b7134ea8af2501164afb123) Importer(2089858483,0ecaa5967403d082aa24f35e1b516d23) Generated GUIDs only implemented for interfaces!
 -> (artifact id: '7743dc9a25645b7c485e8f578758fc30') in 0.064336 seconds
Number of updated asset objects reloaded before import = 0
Number of asset objects unloaded after import = 1
========================================================================
Received Import Request.
  Time since last request: 0.000020 seconds.
  path: Assets/Animations/unity-chan!/Unity-chan! Model/Audio/Voice/univ1183.wav
  artifactKey: Guid(32c66f57888d14cc7a1c33026a6a6dee) Importer(2089858483,0ecaa5967403d082aa24f35e1b516d23)
Start importing Assets/Animations/unity-chan!/Unity-chan! Model/Audio/Voice/univ1183.wav using Guid(32c66f57888d14cc7a1c33026a6a6dee) Importer(2089858483,0ecaa5967403d082aa24f35e1b516d23) Generated GUIDs only implemented for interfaces!
 -> (artifact id: '11b5ab6c7b3fdee9cd63303f23849904') in 0.048040 seconds
Number of updated asset objects reloaded before import = 0
Number of asset objects unloaded after import = 1
========================================================================
Received Import Request.
  Time since last request: 0.000020 seconds.
  path: Assets/Animations/unity-chan!/Unity-chan! Model/Audio/Voice/univ1209.wav
  artifactKey: Guid(1c6f9af47dccb4ab18e33ce5ff8a9a08) Importer(2089858483,0ecaa5967403d082aa24f35e1b516d23)
Start importing Assets/Animations/unity-chan!/Unity-chan! Model/Audio/Voice/univ1209.wav using Guid(1c6f9af47dccb4ab18e33ce5ff8a9a08) Importer(2089858483,0ecaa5967403d082aa24f35e1b516d23) Generated GUIDs only implemented for interfaces!
 -> (artifact id: 'bd331870b4ba2f43dc3918c1ab111c0d') in 0.053236 seconds
Number of updated asset objects reloaded before import = 0
Number of asset objects unloaded after import = 1
========================================================================
Received Import Request.
  Time since last request: 0.000024 seconds.
  path: Assets/Animations/unity-chan!/Unity-chan! Model/Audio/Voice/univ1215.wav
  artifactKey: Guid(1a9e677892667468f82b2fcbbf28822f) Importer(2089858483,0ecaa5967403d082aa24f35e1b516d23)
Start importing Assets/Animations/unity-chan!/Unity-chan! Model/Audio/Voice/univ1215.wav using Guid(1a9e677892667468f82b2fcbbf28822f) Importer(2089858483,0ecaa5967403d082aa24f35e1b516d23) Generated GUIDs only implemented for interfaces!
 -> (artifact id: '9c9a914f1aa591cb2be402514ee6c392') in 0.047558 seconds
Number of updated asset objects reloaded before import = 0
Number of asset objects unloaded after import = 1
========================================================================
Received Import Request.
  Time since last request: 0.000015 seconds.
  path: Assets/Animations/unity-chan!/Unity-chan! Model/Audio/Voice/univ1214.wav
  artifactKey: Guid(83d0f0f2a99f2486ea491ff2d81b72ff) Importer(2089858483,0ecaa5967403d082aa24f35e1b516d23)
Start importing Assets/Animations/unity-chan!/Unity-chan! Model/Audio/Voice/univ1214.wav using Guid(83d0f0f2a99f2486ea491ff2d81b72ff) Importer(2089858483,0ecaa5967403d082aa24f35e1b516d23) Generated GUIDs only implemented for interfaces!
 -> (artifact id: 'fa5d236ce52564b6718a864062e337d0') in 0.049124 seconds
Number of updated asset objects reloaded before import = 0
Number of asset objects unloaded after import = 1
========================================================================
Received Import Request.
  Time since last request: 0.000014 seconds.
  path: Assets/Animations/unity-chan!/Unity-chan! Model/Audio/Voice/univ1212.wav
  artifactKey: Guid(1f318dffdddf2487b934583cf859f0d1) Importer(2089858483,0ecaa5967403d082aa24f35e1b516d23)
Start importing Assets/Animations/unity-chan!/Unity-chan! Model/Audio/Voice/univ1212.wav using Guid(1f318dffdddf2487b934583cf859f0d1) Importer(2089858483,0ecaa5967403d082aa24f35e1b516d23) Generated GUIDs only implemented for interfaces!
 -> (artifact id: '07532b52f087a6678aa6730187269398') in 0.061803 seconds
Number of updated asset objects reloaded before import = 0
Number of asset objects unloaded after import = 1
========================================================================
Received Import Request.
  Time since last request: 0.000017 seconds.
  path: Assets/Animations/unity-chan!/Unity-chan! Model/Audio/Voice/univ1218.wav
  artifactKey: Guid(33efb526ba80749b1bd33f32186a3a1e) Importer(2089858483,0ecaa5967403d082aa24f35e1b516d23)
Start importing Assets/Animations/unity-chan!/Unity-chan! Model/Audio/Voice/univ1218.wav using Guid(33efb526ba80749b1bd33f32186a3a1e) Importer(2089858483,0ecaa5967403d082aa24f35e1b516d23) Generated GUIDs only implemented for interfaces!
 -> (artifact id: '572dfafbfcd0f32f8dc817479287768b') in 0.054111 seconds
Number of updated asset objects reloaded before import = 0
Number of asset objects unloaded after import = 1
========================================================================
Received Import Request.
  Time since last request: 0.000033 seconds.
  path: Assets/Animations/unity-chan!/Unity-chan! Model/Audio/Voice/univ1216.wav
  artifactKey: Guid(f972d61c0cbd64265af3023f93035e8f) Importer(2089858483,0ecaa5967403d082aa24f35e1b516d23)
Start importing Assets/Animations/unity-chan!/Unity-chan! Model/Audio/Voice/univ1216.wav using Guid(f972d61c0cbd64265af3023f93035e8f) Importer(2089858483,0ecaa5967403d082aa24f35e1b516d23) Generated GUIDs only implemented for interfaces!
 -> (artifact id: '41f6ef8b77797ba1fb50d37b1a58a926') in 0.054306 seconds
Number of updated asset objects reloaded before import = 0
Number of asset objects unloaded after import = 1
========================================================================
Received Import Request.
  Time since last request: 0.000016 seconds.
  path: Assets/Animations/unity-chan!/Unity-chan! Model/Audio/Voice/univ1226.wav
  artifactKey: Guid(7ae964fefc0b946e2bfc1d4f9e859adc) Importer(2089858483,0ecaa5967403d082aa24f35e1b516d23)
Start importing Assets/Animations/unity-chan!/Unity-chan! Model/Audio/Voice/univ1226.wav using Guid(7ae964fefc0b946e2bfc1d4f9e859adc) Importer(2089858483,0ecaa5967403d082aa24f35e1b516d23) Generated GUIDs only implemented for interfaces!
 -> (artifact id: '7b3811ae71f3f3b049e6c9a7a4dffcf4') in 0.051131 seconds
Number of updated asset objects reloaded before import = 0
Number of asset objects unloaded after import = 1
========================================================================
Received Import Request.
  Time since last request: 0.000016 seconds.
  path: Assets/Animations/unity-chan!/Unity-chan! Model/Audio/Voice/univ1224.wav
  artifactKey: Guid(ddebc805fb241496180935a2af81b6e1) Importer(2089858483,0ecaa5967403d082aa24f35e1b516d23)
Start importing Assets/Animations/unity-chan!/Unity-chan! Model/Audio/Voice/univ1224.wav using Guid(ddebc805fb241496180935a2af81b6e1) Importer(2089858483,0ecaa5967403d082aa24f35e1b516d23) Generated GUIDs only implemented for interfaces!
 -> (artifact id: '771facd0072788550415552ab2abb0fc') in 0.049214 seconds
Number of updated asset objects reloaded before import = 0
Number of asset objects unloaded after import = 1
========================================================================
Received Import Request.
  Time since last request: 0.000021 seconds.
  path: Assets/Animations/unity-chan!/Unity-chan! Model/Audio/Voice/univ1230.wav
  artifactKey: Guid(e0d458a6e98644678aee0f0bc8c334aa) Importer(2089858483,0ecaa5967403d082aa24f35e1b516d23)
Start importing Assets/Animations/unity-chan!/Unity-chan! Model/Audio/Voice/univ1230.wav using Guid(e0d458a6e98644678aee0f0bc8c334aa) Importer(2089858483,0ecaa5967403d082aa24f35e1b516d23) Generated GUIDs only implemented for interfaces!
 -> (artifact id: '2a46c2e52b685ed733a77e142dafd2f2') in 0.066780 seconds
Number of updated asset objects reloaded before import = 0
Number of asset objects unloaded after import = 1
========================================================================
Received Import Request.
  Time since last request: 0.000022 seconds.
  path: Assets/Animations/unity-chan!/Unity-chan! Model/Audio/Voice/univ1219.wav
  artifactKey: Guid(93c68fb116be945f691bb71346745d41) Importer(2089858483,0ecaa5967403d082aa24f35e1b516d23)
Start importing Assets/Animations/unity-chan!/Unity-chan! Model/Audio/Voice/univ1219.wav using Guid(93c68fb116be945f691bb71346745d41) Importer(2089858483,0ecaa5967403d082aa24f35e1b516d23) Generated GUIDs only implemented for interfaces!
 -> (artifact id: 'ba86602801247ec5bb70f2de3868a3d4') in 0.050979 seconds
Number of updated asset objects reloaded before import = 0
Number of asset objects unloaded after import = 1
========================================================================
Received Import Request.
  Time since last request: 0.000015 seconds.
  path: Assets/Animations/unity-chan!/Unity-chan! Model/Audio/Voice/univ1225.wav
  artifactKey: Guid(9b370d8eb6ffb49f8820db80e3e7b957) Importer(2089858483,0ecaa5967403d082aa24f35e1b516d23)
Start importing Assets/Animations/unity-chan!/Unity-chan! Model/Audio/Voice/univ1225.wav using Guid(9b370d8eb6ffb49f8820db80e3e7b957) Importer(2089858483,0ecaa5967403d082aa24f35e1b516d23) Generated GUIDs only implemented for interfaces!
 -> (artifact id: '805d61b7c372afa48c2b81469c20195b') in 0.048171 seconds
Number of updated asset objects reloaded before import = 0
Number of asset objects unloaded after import = 1
========================================================================
Received Import Request.
  Time since last request: 0.000018 seconds.
  path: Assets/Animations/unity-chan!/Unity-chan! Model/Audio/Voice/univ1223.wav
  artifactKey: Guid(3373495a7ec844f93ae7c93adef184c4) Importer(2089858483,0ecaa5967403d082aa24f35e1b516d23)
Start importing Assets/Animations/unity-chan!/Unity-chan! Model/Audio/Voice/univ1223.wav using Guid(3373495a7ec844f93ae7c93adef184c4) Importer(2089858483,0ecaa5967403d082aa24f35e1b516d23) Generated GUIDs only implemented for interfaces!
 -> (artifact id: '20f8b715e8acc27b2a853809448502e3') in 0.051616 seconds
Number of updated asset objects reloaded before import = 0
Number of asset objects unloaded after import = 1
========================================================================
Received Import Request.
  Time since last request: 0.000017 seconds.
  path: Assets/Animations/unity-chan!/Unity-chan! Model/Audio/Voice/univ1210.wav
  artifactKey: Guid(6d364922eddad4a199ae237175cf5619) Importer(2089858483,0ecaa5967403d082aa24f35e1b516d23)
Start importing Assets/Animations/unity-chan!/Unity-chan! Model/Audio/Voice/univ1210.wav using Guid(6d364922eddad4a199ae237175cf5619) Importer(2089858483,0ecaa5967403d082aa24f35e1b516d23) Generated GUIDs only implemented for interfaces!
 -> (artifact id: '1ef795352dbd95d58a51213dac361a58') in 0.046687 seconds
Number of updated asset objects reloaded before import = 0
Number of asset objects unloaded after import = 1
========================================================================
Received Import Request.
  Time since last request: 0.000028 seconds.
  path: Assets/Animations/unity-chan!/Unity-chan! Model/Audio/Voice/univ1239.wav
  artifactKey: Guid(69567dd0a109f456fa0f94715a2f8949) Importer(2089858483,0ecaa5967403d082aa24f35e1b516d23)
Start importing Assets/Animations/unity-chan!/Unity-chan! Model/Audio/Voice/univ1239.wav using Guid(69567dd0a109f456fa0f94715a2f8949) Importer(2089858483,0ecaa5967403d082aa24f35e1b516d23) Generated GUIDs only implemented for interfaces!
 -> (artifact id: 'ea7b154578f22b4682c495f2f1a1882c') in 0.062905 seconds
Number of updated asset objects reloaded before import = 0
Number of asset objects unloaded after import = 1
========================================================================
Received Import Request.
  Time since last request: 0.000016 seconds.
  path: Assets/Animations/unity-chan!/Unity-chan! Model/Audio/Voice/univ1235.wav
  artifactKey: Guid(8392ee3a431e4485c998b0b8bcde6438) Importer(2089858483,0ecaa5967403d082aa24f35e1b516d23)
Start importing Assets/Animations/unity-chan!/Unity-chan! Model/Audio/Voice/univ1235.wav using Guid(8392ee3a431e4485c998b0b8bcde6438) Importer(2089858483,0ecaa5967403d082aa24f35e1b516d23) Generated GUIDs only implemented for interfaces!
 -> (artifact id: '453cd74cf50441eb22347ef3cd2ca611') in 0.047532 seconds
Number of updated asset objects reloaded before import = 0
Number of asset objects unloaded after import = 1
========================================================================
Received Import Request.
  Time since last request: 0.000018 seconds.
  path: Assets/Animations/unity-chan!/Unity-chan! Model/Audio/Voice/univ1237.wav
  artifactKey: Guid(2b893b0361250455887c3a49868c59a0) Importer(2089858483,0ecaa5967403d082aa24f35e1b516d23)
Start importing Assets/Animations/unity-chan!/Unity-chan! Model/Audio/Voice/univ1237.wav using Guid(2b893b0361250455887c3a49868c59a0) Importer(2089858483,0ecaa5967403d082aa24f35e1b516d23) Generated GUIDs only implemented for interfaces!
 -> (artifact id: 'fe57bd6de3872f92fc4b2def21995a77') in 0.063370 seconds
Number of updated asset objects reloaded before import = 0
Number of asset objects unloaded after import = 1
========================================================================
Received Import Request.
  Time since last request: 0.000020 seconds.
  path: Assets/Animations/unity-chan!/Unity-chan! Model/Audio/Voice/univ1232.wav
  artifactKey: Guid(8be864c64d9f0401bb5c978d2bc7a3d7) Importer(2089858483,0ecaa5967403d082aa24f35e1b516d23)
Start importing Assets/Animations/unity-chan!/Unity-chan! Model/Audio/Voice/univ1232.wav using Guid(8be864c64d9f0401bb5c978d2bc7a3d7) Importer(2089858483,0ecaa5967403d082aa24f35e1b516d23) Generated GUIDs only implemented for interfaces!
 -> (artifact id: 'fecc737aaf8c76d9c5d560c3f5873c37') in 0.051328 seconds
Number of updated asset objects reloaded before import = 0
Number of asset objects unloaded after import = 1
========================================================================
Received Import Request.
  Time since last request: 0.000027 seconds.
  path: Assets/Animations/unity-chan!/Unity-chan! Model/Audio/Voice/univ1231.wav
  artifactKey: Guid(368c4c2d049084d2ca3f6f6e2419640c) Importer(2089858483,0ecaa5967403d082aa24f35e1b516d23)
Start importing Assets/Animations/unity-chan!/Unity-chan! Model/Audio/Voice/univ1231.wav using Guid(368c4c2d049084d2ca3f6f6e2419640c) Importer(2089858483,0ecaa5967403d082aa24f35e1b516d23) Generated GUIDs only implemented for interfaces!
 -> (artifact id: '8809eb2089b0495cdfc986dcc563f6f7') in 0.055620 seconds
Number of updated asset objects reloaded before import = 0
Number of asset objects unloaded after import = 1
========================================================================
Received Import Request.
  Time since last request: 0.000015 seconds.
  path: Assets/Animations/unity-chan!/Unity-chan! Model/Audio/Voice/univ1240.wav
  artifactKey: Guid(5b2e7c2d3d408487697892bd0dc04994) Importer(2089858483,0ecaa5967403d082aa24f35e1b516d23)
Start importing Assets/Animations/unity-chan!/Unity-chan! Model/Audio/Voice/univ1240.wav using Guid(5b2e7c2d3d408487697892bd0dc04994) Importer(2089858483,0ecaa5967403d082aa24f35e1b516d23) Generated GUIDs only implemented for interfaces!
 -> (artifact id: '06e03085710640aa5db89ea5f5b8e9f0') in 0.063352 seconds
Number of updated asset objects reloaded before import = 0
Number of asset objects unloaded after import = 1
========================================================================
Received Import Request.
  Time since last request: 0.000016 seconds.
  path: Assets/Animations/unity-chan!/Unity-chan! Model/Audio/Voice/univ1248.wav
  artifactKey: Guid(96b07f8982ea34681870acac203c65aa) Importer(2089858483,0ecaa5967403d082aa24f35e1b516d23)
Start importing Assets/Animations/unity-chan!/Unity-chan! Model/Audio/Voice/univ1248.wav using Guid(96b07f8982ea34681870acac203c65aa) Importer(2089858483,0ecaa5967403d082aa24f35e1b516d23) Generated GUIDs only implemented for interfaces!
 -> (artifact id: 'c7f64c4bc8324d53e2032b8282ba4bff') in 0.051173 seconds
Number of updated asset objects reloaded before import = 0
Number of asset objects unloaded after import = 1
========================================================================
Received Import Request.
  Time since last request: 0.000019 seconds.
  path: Assets/Animations/unity-chan!/Unity-chan! Model/Audio/Voice/univ1247.wav
  artifactKey: Guid(a5332241698074fdd996dc538728a158) Importer(2089858483,0ecaa5967403d082aa24f35e1b516d23)
Start importing Assets/Animations/unity-chan!/Unity-chan! Model/Audio/Voice/univ1247.wav using Guid(a5332241698074fdd996dc538728a158) Importer(2089858483,0ecaa5967403d082aa24f35e1b516d23) Generated GUIDs only implemented for interfaces!
 -> (artifact id: 'ed9d8d304e855db69080b9dbe655dfbd') in 0.054529 seconds
Number of updated asset objects reloaded before import = 0
Number of asset objects unloaded after import = 1
========================================================================
Received Import Request.
  Time since last request: 0.000023 seconds.
  path: Assets/Animations/unity-chan!/Unity-chan! Model/Audio/Voice/univ1246.wav
  artifactKey: Guid(e608e117977094c369b216afd32e8342) Importer(2089858483,0ecaa5967403d082aa24f35e1b516d23)
Start importing Assets/Animations/unity-chan!/Unity-chan! Model/Audio/Voice/univ1246.wav using Guid(e608e117977094c369b216afd32e8342) Importer(2089858483,0ecaa5967403d082aa24f35e1b516d23) Generated GUIDs only implemented for interfaces!
 -> (artifact id: '0743a6aaaffb01367749639eb29cb94b') in 0.046905 seconds
Number of updated asset objects reloaded before import = 0
Number of asset objects unloaded after import = 1
========================================================================
Received Import Request.
  Time since last request: 0.000016 seconds.
  path: Assets/Animations/unity-chan!/Unity-chan! Model/Audio/Voice/univ1252.wav
  artifactKey: Guid(22275d276cb8a4d5784be7e5177dabbb) Importer(2089858483,0ecaa5967403d082aa24f35e1b516d23)
Start importing Assets/Animations/unity-chan!/Unity-chan! Model/Audio/Voice/univ1252.wav using Guid(22275d276cb8a4d5784be7e5177dabbb) Importer(2089858483,0ecaa5967403d082aa24f35e1b516d23) Generated GUIDs only implemented for interfaces!
 -> (artifact id: '744669af55dbf8890a3a5de60d940d6a') in 0.050664 seconds
Number of updated asset objects reloaded before import = 0
Number of asset objects unloaded after import = 1
========================================================================
Received Import Request.
  Time since last request: 0.000015 seconds.
  path: Assets/Animations/unity-chan!/Unity-chan! Model/Audio/Voice/univ1254.wav
  artifactKey: Guid(9a5a9cad2e3d14feba240cb5c8449361) Importer(2089858483,0ecaa5967403d082aa24f35e1b516d23)
Start importing Assets/Animations/unity-chan!/Unity-chan! Model/Audio/Voice/univ1254.wav using Guid(9a5a9cad2e3d14feba240cb5c8449361) Importer(2089858483,0ecaa5967403d082aa24f35e1b516d23) Generated GUIDs only implemented for interfaces!
 -> (artifact id: '3d19b9814761658476f08f504424a9fe') in 0.067626 seconds
Number of updated asset objects reloaded before import = 0
Number of asset objects unloaded after import = 1
========================================================================
Received Import Request.
  Time since last request: 0.000019 seconds.
  path: Assets/Animations/unity-chan!/Unity-chan! Model/Audio/Voice/univ1250.wav
  artifactKey: Guid(58e4dfe1843e4456491d5b19a0aa4988) Importer(2089858483,0ecaa5967403d082aa24f35e1b516d23)
Start importing Assets/Animations/unity-chan!/Unity-chan! Model/Audio/Voice/univ1250.wav using Guid(58e4dfe1843e4456491d5b19a0aa4988) Importer(2089858483,0ecaa5967403d082aa24f35e1b516d23) Generated GUIDs only implemented for interfaces!
 -> (artifact id: 'dba28eb8006cbe694a09103d977b59ab') in 0.049384 seconds
Number of updated asset objects reloaded before import = 0
Number of asset objects unloaded after import = 1
========================================================================
Received Import Request.
  Time since last request: 0.000029 seconds.
  path: Assets/Animations/unity-chan!/Unity-chan! Model/Audio/Voice/univ1260.wav
  artifactKey: Guid(758aeeac2b9a64f75834c6cc74fccf1c) Importer(2089858483,0ecaa5967403d082aa24f35e1b516d23)
Start importing Assets/Animations/unity-chan!/Unity-chan! Model/Audio/Voice/univ1260.wav using Guid(758aeeac2b9a64f75834c6cc74fccf1c) Importer(2089858483,0ecaa5967403d082aa24f35e1b516d23) Generated GUIDs only implemented for interfaces!
 -> (artifact id: '38bec307288afda72160827c50799379') in 0.047876 seconds
Number of updated asset objects reloaded before import = 0
Number of asset objects unloaded after import = 1
========================================================================
Received Import Request.
  Time since last request: 0.000017 seconds.
  path: Assets/Animations/unity-chan!/Unity-chan! Model/Audio/Voice/univ1264.wav
  artifactKey: Guid(fb85aed016d3d49ddbe6c321d0c6f730) Importer(2089858483,0ecaa5967403d082aa24f35e1b516d23)
Start importing Assets/Animations/unity-chan!/Unity-chan! Model/Audio/Voice/univ1264.wav using Guid(fb85aed016d3d49ddbe6c321d0c6f730) Importer(2089858483,0ecaa5967403d082aa24f35e1b516d23) Generated GUIDs only implemented for interfaces!
 -> (artifact id: 'ccd5baf5abeddacb229734172b8d6ac9') in 0.049952 seconds
Number of updated asset objects reloaded before import = 0
Number of asset objects unloaded after import = 1
========================================================================
Received Import Request.
  Time since last request: 0.000020 seconds.
  path: Assets/Animations/unity-chan!/Unity-chan! Model/Audio/Voice/univ1268.wav
  artifactKey: Guid(6207f3a1a57f6443c94c803b950e04c3) Importer(2089858483,0ecaa5967403d082aa24f35e1b516d23)
Start importing Assets/Animations/unity-chan!/Unity-chan! Model/Audio/Voice/univ1268.wav using Guid(6207f3a1a57f6443c94c803b950e04c3) Importer(2089858483,0ecaa5967403d082aa24f35e1b516d23) Generated GUIDs only implemented for interfaces!
 -> (artifact id: '92dab659389a44130941a9b35e4d804d') in 0.068103 seconds
Number of updated asset objects reloaded before import = 0
Number of asset objects unloaded after import = 1
========================================================================
Received Import Request.
  Time since last request: 0.000022 seconds.
  path: Assets/Animations/unity-chan!/Unity-chan! Model/Audio/Voice/univ1257.wav
  artifactKey: Guid(0bcf363c116234b2eb593bac01a170d4) Importer(2089858483,0ecaa5967403d082aa24f35e1b516d23)
Start importing Assets/Animations/unity-chan!/Unity-chan! Model/Audio/Voice/univ1257.wav using Guid(0bcf363c116234b2eb593bac01a170d4) Importer(2089858483,0ecaa5967403d082aa24f35e1b516d23) Generated GUIDs only implemented for interfaces!
 -> (artifact id: 'cdca471ded6b60ff19ef0167d8586b3e') in 0.078576 seconds
Number of updated asset objects reloaded before import = 0
Number of asset objects unloaded after import = 1
========================================================================
Received Import Request.
  Time since last request: 0.000032 seconds.
  path: Assets/Animations/unity-chan!/Unity-chan! Model/Audio/Voice/univ1262.wav
  artifactKey: Guid(58e2bf8425f194440add72ee1abfcc2f) Importer(2089858483,0ecaa5967403d082aa24f35e1b516d23)
Start importing Assets/Animations/unity-chan!/Unity-chan! Model/Audio/Voice/univ1262.wav using Guid(58e2bf8425f194440add72ee1abfcc2f) Importer(2089858483,0ecaa5967403d082aa24f35e1b516d23) Generated GUIDs only implemented for interfaces!
 -> (artifact id: '13a1932987efec8bea3b01f1dd7782f6') in 0.068993 seconds
Number of updated asset objects reloaded before import = 0
Number of asset objects unloaded after import = 1
========================================================================
Received Import Request.
  Time since last request: 0.000020 seconds.
  path: Assets/Animations/unity-chan!/Unity-chan! Model/Audio/Voice/univ1259.wav
  artifactKey: Guid(872311653da1a4d1f90f26302192edd5) Importer(2089858483,0ecaa5967403d082aa24f35e1b516d23)
Start importing Assets/Animations/unity-chan!/Unity-chan! Model/Audio/Voice/univ1259.wav using Guid(872311653da1a4d1f90f26302192edd5) Importer(2089858483,0ecaa5967403d082aa24f35e1b516d23) Generated GUIDs only implemented for interfaces!
 -> (artifact id: 'e9233a5db85208ae67e9efcdbf4d152c') in 0.066079 seconds
Number of updated asset objects reloaded before import = 0
Number of asset objects unloaded after import = 1
========================================================================
Received Import Request.
  Time since last request: 0.000023 seconds.
  path: Assets/Animations/unity-chan!/Unity-chan! Model/Audio/Voice/univ1274.wav
  artifactKey: Guid(5f88a4d000ef948e895ca3bc30b90b87) Importer(2089858483,0ecaa5967403d082aa24f35e1b516d23)
Start importing Assets/Animations/unity-chan!/Unity-chan! Model/Audio/Voice/univ1274.wav using Guid(5f88a4d000ef948e895ca3bc30b90b87) Importer(2089858483,0ecaa5967403d082aa24f35e1b516d23) Generated GUIDs only implemented for interfaces!
 -> (artifact id: '41bc1014e44084b9323873813b45a275') in 0.069249 seconds
Number of updated asset objects reloaded before import = 0
Number of asset objects unloaded after import = 1
========================================================================
Received Import Request.
  Time since last request: 0.000027 seconds.
  path: Assets/Animations/unity-chan!/Unity-chan! Model/Audio/Voice/univ1276.wav
  artifactKey: Guid(78088877925ce416590c4cb16c0b9026) Importer(2089858483,0ecaa5967403d082aa24f35e1b516d23)
Start importing Assets/Animations/unity-chan!/Unity-chan! Model/Audio/Voice/univ1276.wav using Guid(78088877925ce416590c4cb16c0b9026) Importer(2089858483,0ecaa5967403d082aa24f35e1b516d23) Generated GUIDs only implemented for interfaces!
 -> (artifact id: '998c6691d750ff7891c66508b55afbf0') in 0.055532 seconds
Number of updated asset objects reloaded before import = 0
Number of asset objects unloaded after import = 1
========================================================================
Received Import Request.
  Time since last request: 0.000019 seconds.
  path: Assets/Animations/unity-chan!/Unity-chan! Model/Audio/Voice/univ1269.wav
  artifactKey: Guid(f2b59bee921964dd09695b4844f9f5a6) Importer(2089858483,0ecaa5967403d082aa24f35e1b516d23)
Start importing Assets/Animations/unity-chan!/Unity-chan! Model/Audio/Voice/univ1269.wav using Guid(f2b59bee921964dd09695b4844f9f5a6) Importer(2089858483,0ecaa5967403d082aa24f35e1b516d23) Generated GUIDs only implemented for interfaces!
 -> (artifact id: '63fe0fd2b19eb918935cca9b8ba486ae') in 0.093047 seconds
Number of updated asset objects reloaded before import = 0
Number of asset objects unloaded after import = 1
========================================================================
Received Import Request.
  Time since last request: 0.000624 seconds.
  path: Assets/Animations/unity-chan!/Unity-chan! Model/Audio/Voice/univ1271.wav
  artifactKey: Guid(cde9bbba3d74446cf8121119dbfefb0d) Importer(2089858483,0ecaa5967403d082aa24f35e1b516d23)
Start importing Assets/Animations/unity-chan!/Unity-chan! Model/Audio/Voice/univ1271.wav using Guid(cde9bbba3d74446cf8121119dbfefb0d) Importer(2089858483,0ecaa5967403d082aa24f35e1b516d23) Generated GUIDs only implemented for interfaces!
 -> (artifact id: '3d55bc2e4442b07a4e535d4a765a75ce') in 0.062665 seconds
Number of updated asset objects reloaded before import = 0
Number of asset objects unloaded after import = 1
========================================================================
Received Import Request.
  Time since last request: 0.000017 seconds.
  path: Assets/Animations/unity-chan!/Unity-chan! Model/Audio/Voice/univ1270.wav
  artifactKey: Guid(7753eb0d53cbb4faaa299f1db02e5d7b) Importer(2089858483,0ecaa5967403d082aa24f35e1b516d23)
Start importing Assets/Animations/unity-chan!/Unity-chan! Model/Audio/Voice/univ1270.wav using Guid(7753eb0d53cbb4faaa299f1db02e5d7b) Importer(2089858483,0ecaa5967403d082aa24f35e1b516d23) Generated GUIDs only implemented for interfaces!
 -> (artifact id: '4bf38a04f56bf8147e9aa26c78263e80') in 0.063432 seconds
Number of updated asset objects reloaded before import = 0
Number of asset objects unloaded after import = 1
========================================================================
Received Import Request.
  Time since last request: 0.000020 seconds.
  path: Assets/Animations/unity-chan!/Unity-chan! Model/Audio/Voice/univ1285.wav
  artifactKey: Guid(59ba76a3118f946f489f483da6618745) Importer(2089858483,0ecaa5967403d082aa24f35e1b516d23)
Start importing Assets/Animations/unity-chan!/Unity-chan! Model/Audio/Voice/univ1285.wav using Guid(59ba76a3118f946f489f483da6618745) Importer(2089858483,0ecaa5967403d082aa24f35e1b516d23) Generated GUIDs only implemented for interfaces!
 -> (artifact id: '04e0e66d004599f51ec7afe8e9fb814c') in 0.062618 seconds
Number of updated asset objects reloaded before import = 0
Number of asset objects unloaded after import = 1
========================================================================
Received Import Request.
  Time since last request: 0.000021 seconds.
  path: Assets/Animations/unity-chan!/Unity-chan! Model/Audio/Voice/univ1288.wav
  artifactKey: Guid(99aa1430d01c94111a0b9bc2a63b77b5) Importer(2089858483,0ecaa5967403d082aa24f35e1b516d23)
Start importing Assets/Animations/unity-chan!/Unity-chan! Model/Audio/Voice/univ1288.wav using Guid(99aa1430d01c94111a0b9bc2a63b77b5) Importer(2089858483,0ecaa5967403d082aa24f35e1b516d23) Generated GUIDs only implemented for interfaces!
 -> (artifact id: '39768573b22c20ca9924faa82787a73c') in 0.052298 seconds
Number of updated asset objects reloaded before import = 0
Number of asset objects unloaded after import = 1
========================================================================
Received Import Request.
  Time since last request: 0.000024 seconds.
  path: Assets/Animations/unity-chan!/Unity-chan! Model/Audio/Voice/univ1281.wav
  artifactKey: Guid(fd657949a63b94144b709e5aeb23a03d) Importer(2089858483,0ecaa5967403d082aa24f35e1b516d23)
Start importing Assets/Animations/unity-chan!/Unity-chan! Model/Audio/Voice/univ1281.wav using Guid(fd657949a63b94144b709e5aeb23a03d) Importer(2089858483,0ecaa5967403d082aa24f35e1b516d23) Generated GUIDs only implemented for interfaces!
 -> (artifact id: '1fccd776529a6c8ff1e72b5bf128c78d') in 0.118371 seconds
Number of updated asset objects reloaded before import = 0
Number of asset objects unloaded after import = 1
========================================================================
Received Import Request.
  Time since last request: 0.000025 seconds.
  path: Assets/Animations/unity-chan!/Unity-chan! Model/Audio/Voice/univ1286.wav
  artifactKey: Guid(a43af34cb93f54adb88bfcbe7af42114) Importer(2089858483,0ecaa5967403d082aa24f35e1b516d23)
Start importing Assets/Animations/unity-chan!/Unity-chan! Model/Audio/Voice/univ1286.wav using Guid(a43af34cb93f54adb88bfcbe7af42114) Importer(2089858483,0ecaa5967403d082aa24f35e1b516d23) Generated GUIDs only implemented for interfaces!
 -> (artifact id: '1828b66a606ac36b5cf54f8a5a73f7b3') in 0.070272 seconds
Number of updated asset objects reloaded before import = 0
Number of asset objects unloaded after import = 1
========================================================================
Received Import Request.
  Time since last request: 0.000021 seconds.
  path: Assets/Animations/unity-chan!/Unity-chan! Model/Audio/Voice/univ1295.wav
  artifactKey: Guid(b23404212becd4a2d8ce9367b029d9f3) Importer(2089858483,0ecaa5967403d082aa24f35e1b516d23)
Start importing Assets/Animations/unity-chan!/Unity-chan! Model/Audio/Voice/univ1295.wav using Guid(b23404212becd4a2d8ce9367b029d9f3) Importer(2089858483,0ecaa5967403d082aa24f35e1b516d23) Generated GUIDs only implemented for interfaces!
 -> (artifact id: 'b98c7331660bea3735e6f800bc8ea8d5') in 0.053717 seconds
Number of updated asset objects reloaded before import = 0
Number of asset objects unloaded after import = 1
========================================================================
Received Import Request.
  Time since last request: 0.000015 seconds.
  path: Assets/Animations/unity-chan!/Unity-chan! Model/Audio/Voice/univ1294.wav
  artifactKey: Guid(138b8507a18ff4cf98f14476447f401c) Importer(2089858483,0ecaa5967403d082aa24f35e1b516d23)
Start importing Assets/Animations/unity-chan!/Unity-chan! Model/Audio/Voice/univ1294.wav using Guid(138b8507a18ff4cf98f14476447f401c) Importer(2089858483,0ecaa5967403d082aa24f35e1b516d23) Generated GUIDs only implemented for interfaces!
 -> (artifact id: '00778fc1dd7bf843a31a92398e543cff') in 0.050500 seconds
Number of updated asset objects reloaded before import = 0
Number of asset objects unloaded after import = 1
========================================================================
Received Import Request.
  Time since last request: 0.000015 seconds.
  path: Assets/Animations/unity-chan!/Unity-chan! Model/Audio/Voice/univ1292.wav
  artifactKey: Guid(1ff2ba460c3594577b76d2f1edfee968) Importer(2089858483,0ecaa5967403d082aa24f35e1b516d23)
Start importing Assets/Animations/unity-chan!/Unity-chan! Model/Audio/Voice/univ1292.wav using Guid(1ff2ba460c3594577b76d2f1edfee968) Importer(2089858483,0ecaa5967403d082aa24f35e1b516d23) Generated GUIDs only implemented for interfaces!
 -> (artifact id: '5699815969efd751922b055177fca103') in 0.049197 seconds
Number of updated asset objects reloaded before import = 0
Number of asset objects unloaded after import = 1
========================================================================
Received Import Request.
  Time since last request: 0.000021 seconds.
  path: Assets/Animations/unity-chan!/Unity-chan! Model/Audio/Voice/univ1282.wav
  artifactKey: Guid(e6124670aa317446ba01b672a6591f6d) Importer(2089858483,0ecaa5967403d082aa24f35e1b516d23)
Start importing Assets/Animations/unity-chan!/Unity-chan! Model/Audio/Voice/univ1282.wav using Guid(e6124670aa317446ba01b672a6591f6d) Importer(2089858483,0ecaa5967403d082aa24f35e1b516d23) Generated GUIDs only implemented for interfaces!
 -> (artifact id: '782cff363c83dbeb011343d51234a31b') in 0.051111 seconds
Number of updated asset objects reloaded before import = 0
Number of asset objects unloaded after import = 1
========================================================================
Received Import Request.
  Time since last request: 0.000022 seconds.
  path: Assets/Animations/unity-chan!/Unity-chan! Model/Audio/Voice/univ1284.wav
  artifactKey: Guid(57f0fd6283a3a4310bee74d2f5c02ee6) Importer(2089858483,0ecaa5967403d082aa24f35e1b516d23)
Start importing Assets/Animations/unity-chan!/Unity-chan! Model/Audio/Voice/univ1284.wav using Guid(57f0fd6283a3a4310bee74d2f5c02ee6) Importer(2089858483,0ecaa5967403d082aa24f35e1b516d23) Generated GUIDs only implemented for interfaces!
 -> (artifact id: '52a20a2b6794dc9cf5c49862fdf14b9c') in 0.063760 seconds
Number of updated asset objects reloaded before import = 0
Number of asset objects unloaded after import = 1
========================================================================
Received Import Request.
  Time since last request: 0.000020 seconds.
  path: Assets/Animations/unity-chan!/Unity-chan! Model/Audio/Voice/univ1265.wav
  artifactKey: Guid(2e2236cd9045448788f29f4f38713cea) Importer(2089858483,0ecaa5967403d082aa24f35e1b516d23)
Start importing Assets/Animations/unity-chan!/Unity-chan! Model/Audio/Voice/univ1265.wav using Guid(2e2236cd9045448788f29f4f38713cea) Importer(2089858483,0ecaa5967403d082aa24f35e1b516d23) Generated GUIDs only implemented for interfaces!
 -> (artifact id: '84299b966f1a47850fd4101ac97de00c') in 0.054482 seconds
Number of updated asset objects reloaded before import = 0
Number of asset objects unloaded after import = 1
========================================================================
Received Import Request.
  Time since last request: 0.000016 seconds.
  path: Assets/Animations/unity-chan!/Unity-chan! Model/Audio/Voice/univ1306.wav
  artifactKey: Guid(e3126a7cef6154ae2a74e47befe434b2) Importer(2089858483,0ecaa5967403d082aa24f35e1b516d23)
Start importing Assets/Animations/unity-chan!/Unity-chan! Model/Audio/Voice/univ1306.wav using Guid(e3126a7cef6154ae2a74e47befe434b2) Importer(2089858483,0ecaa5967403d082aa24f35e1b516d23) Generated GUIDs only implemented for interfaces!
 -> (artifact id: 'c08f8444bfbadae1e5eae63876641982') in 0.055021 seconds
Number of updated asset objects reloaded before import = 0
Number of asset objects unloaded after import = 1
========================================================================
Received Import Request.
  Time since last request: 0.000023 seconds.
  path: Assets/Animations/unity-chan!/Unity-chan! Model/Audio/Voice/univ1307.wav
  artifactKey: Guid(38fcae0611a884e04bae248012bfd15e) Importer(2089858483,0ecaa5967403d082aa24f35e1b516d23)
Start importing Assets/Animations/unity-chan!/Unity-chan! Model/Audio/Voice/univ1307.wav using Guid(38fcae0611a884e04bae248012bfd15e) Importer(2089858483,0ecaa5967403d082aa24f35e1b516d23) Generated GUIDs only implemented for interfaces!
 -> (artifact id: '30c661d09012969c25c0862e467605b2') in 0.054348 seconds
Number of updated asset objects reloaded before import = 0
Number of asset objects unloaded after import = 1
========================================================================
Received Import Request.
  Time since last request: 0.000027 seconds.
  path: Assets/Animations/unity-chan!/Unity-chan! Model/Audio/Voice/univ1299.wav
  artifactKey: Guid(c2ec7604781e143319d2d4750d7eb208) Importer(2089858483,0ecaa5967403d082aa24f35e1b516d23)
Start importing Assets/Animations/unity-chan!/Unity-chan! Model/Audio/Voice/univ1299.wav using Guid(c2ec7604781e143319d2d4750d7eb208) Importer(2089858483,0ecaa5967403d082aa24f35e1b516d23) Generated GUIDs only implemented for interfaces!
 -> (artifact id: 'f396d4869e86e90df03c3120e74cb4fe') in 0.051019 seconds
Number of updated asset objects reloaded before import = 0
Number of asset objects unloaded after import = 1
========================================================================
Received Import Request.
  Time since last request: 0.000021 seconds.
  path: Assets/Animations/unity-chan!/Unity-chan! Model/Audio/Voice/univ1302.wav
  artifactKey: Guid(3a27524a1084e4a23af7c7e112602a0e) Importer(2089858483,0ecaa5967403d082aa24f35e1b516d23)
Start importing Assets/Animations/unity-chan!/Unity-chan! Model/Audio/Voice/univ1302.wav using Guid(3a27524a1084e4a23af7c7e112602a0e) Importer(2089858483,0ecaa5967403d082aa24f35e1b516d23) Generated GUIDs only implemented for interfaces!
 -> (artifact id: 'cc86036de7fc8a17526fe5d9ea09f1fa') in 0.063122 seconds
Number of updated asset objects reloaded before import = 0
Number of asset objects unloaded after import = 1
========================================================================
Received Import Request.
  Time since last request: 0.000016 seconds.
  path: Assets/Animations/unity-chan!/Unity-chan! Model/Audio/Voice/univ1309.wav
  artifactKey: Guid(79403fd11d32747d995261b20982f6fe) Importer(2089858483,0ecaa5967403d082aa24f35e1b516d23)
Start importing Assets/Animations/unity-chan!/Unity-chan! Model/Audio/Voice/univ1309.wav using Guid(79403fd11d32747d995261b20982f6fe) Importer(2089858483,0ecaa5967403d082aa24f35e1b516d23) Generated GUIDs only implemented for interfaces!
 -> (artifact id: 'e16e499d21b3d4f2d814ded01495b761') in 0.054192 seconds
Number of updated asset objects reloaded before import = 0
Number of asset objects unloaded after import = 1
========================================================================
Received Import Request.
  Time since last request: 0.000017 seconds.
  path: Assets/Animations/unity-chan!/Unity-chan! Model/Audio/Voice/univ1308.wav
  artifactKey: Guid(9979f85aedd034a7c86bbe9d95d33567) Importer(2089858483,0ecaa5967403d082aa24f35e1b516d23)
Start importing Assets/Animations/unity-chan!/Unity-chan! Model/Audio/Voice/univ1308.wav using Guid(9979f85aedd034a7c86bbe9d95d33567) Importer(2089858483,0ecaa5967403d082aa24f35e1b516d23) Generated GUIDs only implemented for interfaces!
 -> (artifact id: 'b5cf36e787a82acfa7ca57b5d5b76868') in 0.049675 seconds
Number of updated asset objects reloaded before import = 0
Number of asset objects unloaded after import = 1
========================================================================
Received Import Request.
  Time since last request: 0.000026 seconds.
  path: Assets/Animations/unity-chan!/Unity-chan! Model/Audio/Voice/univ1301.wav
  artifactKey: Guid(a31c068347b284e95bf43cd367f9df4d) Importer(2089858483,0ecaa5967403d082aa24f35e1b516d23)
Start importing Assets/Animations/unity-chan!/Unity-chan! Model/Audio/Voice/univ1301.wav using Guid(a31c068347b284e95bf43cd367f9df4d) Importer(2089858483,0ecaa5967403d082aa24f35e1b516d23) Generated GUIDs only implemented for interfaces!
 -> (artifact id: 'fb01294bcb64f0c6567e4cf91f6c63d3') in 0.052084 seconds
Number of updated asset objects reloaded before import = 0
Number of asset objects unloaded after import = 1
========================================================================
Received Import Request.
  Time since last request: 0.000016 seconds.
  path: Assets/Animations/unity-chan!/Unity-chan! Model/Audio/Voice/univ1319.wav
  artifactKey: Guid(c46659c4399554ccf87d41cc44b24ee0) Importer(2089858483,0ecaa5967403d082aa24f35e1b516d23)
Start importing Assets/Animations/unity-chan!/Unity-chan! Model/Audio/Voice/univ1319.wav using Guid(c46659c4399554ccf87d41cc44b24ee0) Importer(2089858483,0ecaa5967403d082aa24f35e1b516d23) Generated GUIDs only implemented for interfaces!
 -> (artifact id: '0bae54eeed97b15eb23f4b1ea29a3206') in 0.053743 seconds
Number of updated asset objects reloaded before import = 0
Number of asset objects unloaded after import = 1
========================================================================
Received Import Request.
  Time since last request: 0.000018 seconds.
  path: Assets/Animations/unity-chan!/Unity-chan! Model/Audio/Voice/univ1323.wav
  artifactKey: Guid(ce8fb16400a9f41949d5cf2da5964582) Importer(2089858483,0ecaa5967403d082aa24f35e1b516d23)
Start importing Assets/Animations/unity-chan!/Unity-chan! Model/Audio/Voice/univ1323.wav using Guid(ce8fb16400a9f41949d5cf2da5964582) Importer(2089858483,0ecaa5967403d082aa24f35e1b516d23) Generated GUIDs only implemented for interfaces!
 -> (artifact id: '37cfdbf3230517f0f022711fde05e50a') in 0.062880 seconds
Number of updated asset objects reloaded before import = 0
Number of asset objects unloaded after import = 1
========================================================================
Received Import Request.
  Time since last request: 0.000017 seconds.
  path: Assets/Animations/unity-chan!/Unity-chan! Model/Audio/Voice/univ1313.wav
  artifactKey: Guid(0bae8891cbcc04f209aea51d1233f87d) Importer(2089858483,0ecaa5967403d082aa24f35e1b516d23)
Start importing Assets/Animations/unity-chan!/Unity-chan! Model/Audio/Voice/univ1313.wav using Guid(0bae8891cbcc04f209aea51d1233f87d) Importer(2089858483,0ecaa5967403d082aa24f35e1b516d23) Generated GUIDs only implemented for interfaces!
 -> (artifact id: '40da9d819dd68d76b0fbfeb18ca9f25a') in 0.046077 seconds
Number of updated asset objects reloaded before import = 0
Number of asset objects unloaded after import = 1
========================================================================
Received Import Request.
  Time since last request: 0.000029 seconds.
  path: Assets/Animations/unity-chan!/Unity-chan! Model/Audio/Voice/univ1318.wav
  artifactKey: Guid(64576b36e59594c49a0a990795ab77b4) Importer(2089858483,0ecaa5967403d082aa24f35e1b516d23)
Start importing Assets/Animations/unity-chan!/Unity-chan! Model/Audio/Voice/univ1318.wav using Guid(64576b36e59594c49a0a990795ab77b4) Importer(2089858483,0ecaa5967403d082aa24f35e1b516d23) Generated GUIDs only implemented for interfaces!
 -> (artifact id: '3f96678a07a9696750893e3855a11b88') in 0.051714 seconds
Number of updated asset objects reloaded before import = 0
Number of asset objects unloaded after import = 1
========================================================================
Received Import Request.
  Time since last request: 0.000066 seconds.
  path: Assets/Animations/unity-chan!/Unity-chan! Model/Audio/Voice/univ1321.wav
  artifactKey: Guid(47211b2a35bcf4a66a6b180b6e75cb04) Importer(2089858483,0ecaa5967403d082aa24f35e1b516d23)
Start importing Assets/Animations/unity-chan!/Unity-chan! Model/Audio/Voice/univ1321.wav using Guid(47211b2a35bcf4a66a6b180b6e75cb04) Importer(2089858483,0ecaa5967403d082aa24f35e1b516d23) Generated GUIDs only implemented for interfaces!
 -> (artifact id: '7e1b72ff14e9c357b00a67fa3710f332') in 0.047591 seconds
Number of updated asset objects reloaded before import = 0
Number of asset objects unloaded after import = 1
========================================================================
Received Import Request.
  Time since last request: 0.000021 seconds.
  path: Assets/Animations/unity-chan!/Unity-chan! Model/Audio/Voice/univ1312.wav
  artifactKey: Guid(30bdf0a15081e4326a0cce5017ccf38d) Importer(2089858483,0ecaa5967403d082aa24f35e1b516d23)
Start importing Assets/Animations/unity-chan!/Unity-chan! Model/Audio/Voice/univ1312.wav using Guid(30bdf0a15081e4326a0cce5017ccf38d) Importer(2089858483,0ecaa5967403d082aa24f35e1b516d23) Generated GUIDs only implemented for interfaces!
 -> (artifact id: 'd7c2a7d856025da688a01ade8edea03c') in 0.054437 seconds
Number of updated asset objects reloaded before import = 0
Number of asset objects unloaded after import = 1
========================================================================
Received Import Request.
  Time since last request: 0.000017 seconds.
  path: Assets/Animations/unity-chan!/Unity-chan! Model/Audio/Voice/univ1333.wav
  artifactKey: Guid(200f6aa17501b414e9f7460618168fe3) Importer(2089858483,0ecaa5967403d082aa24f35e1b516d23)
Start importing Assets/Animations/unity-chan!/Unity-chan! Model/Audio/Voice/univ1333.wav using Guid(200f6aa17501b414e9f7460618168fe3) Importer(2089858483,0ecaa5967403d082aa24f35e1b516d23) Generated GUIDs only implemented for interfaces!
 -> (artifact id: '490f6c5252eef79ab17c1b6fca2f0028') in 0.065870 seconds
Number of updated asset objects reloaded before import = 0
Number of asset objects unloaded after import = 1
========================================================================
Received Import Request.
  Time since last request: 0.000024 seconds.
  path: Assets/Animations/unity-chan!/Unity-chan! Model/Audio/Voice/univ1324.wav
  artifactKey: Guid(645349beb0b074a5ca47de9e78862ab2) Importer(2089858483,0ecaa5967403d082aa24f35e1b516d23)
Start importing Assets/Animations/unity-chan!/Unity-chan! Model/Audio/Voice/univ1324.wav using Guid(645349beb0b074a5ca47de9e78862ab2) Importer(2089858483,0ecaa5967403d082aa24f35e1b516d23) Generated GUIDs only implemented for interfaces!
 -> (artifact id: '979942d23984885a99f4645c27853abe') in 0.050038 seconds
Number of updated asset objects reloaded before import = 0
Number of asset objects unloaded after import = 1
========================================================================
Received Import Request.
  Time since last request: 0.000017 seconds.
  path: Assets/Animations/unity-chan!/Unity-chan! Model/Audio/Voice/univ1329.wav
  artifactKey: Guid(4773914bee1884fd5bb56d1aa80d6f05) Importer(2089858483,0ecaa5967403d082aa24f35e1b516d23)
Start importing Assets/Animations/unity-chan!/Unity-chan! Model/Audio/Voice/univ1329.wav using Guid(4773914bee1884fd5bb56d1aa80d6f05) Importer(2089858483,0ecaa5967403d082aa24f35e1b516d23) Generated GUIDs only implemented for interfaces!
 -> (artifact id: '33bd66c6ccceefe7bb169062a0e52df2') in 0.049717 seconds
Number of updated asset objects reloaded before import = 0
Number of asset objects unloaded after import = 1
========================================================================
Received Import Request.
  Time since last request: 0.000015 seconds.
  path: Assets/Animations/unity-chan!/Unity-chan! Model/Audio/Voice/univ1326.wav
  artifactKey: Guid(d2099b8ef27dd4341a377866ed1e643f) Importer(2089858483,0ecaa5967403d082aa24f35e1b516d23)
Start importing Assets/Animations/unity-chan!/Unity-chan! Model/Audio/Voice/univ1326.wav using Guid(d2099b8ef27dd4341a377866ed1e643f) Importer(2089858483,0ecaa5967403d082aa24f35e1b516d23) Generated GUIDs only implemented for interfaces!
 -> (artifact id: 'fa7283311c6f6bf62e2713e60a3cc1b2') in 0.047688 seconds
Number of updated asset objects reloaded before import = 0
Number of asset objects unloaded after import = 1
========================================================================
Received Import Request.
  Time since last request: 0.000021 seconds.
  path: Assets/Animations/unity-chan!/Unity-chan! Model/Audio/Voice/univ1331.wav
  artifactKey: Guid(82c2dbaff3c4b4953a940457d03f194c) Importer(2089858483,0ecaa5967403d082aa24f35e1b516d23)
Start importing Assets/Animations/unity-chan!/Unity-chan! Model/Audio/Voice/univ1331.wav using Guid(82c2dbaff3c4b4953a940457d03f194c) Importer(2089858483,0ecaa5967403d082aa24f35e1b516d23) Generated GUIDs only implemented for interfaces!
 -> (artifact id: '00b20bd101b74dbc742a6440e79ce5f1') in 0.050992 seconds
Number of updated asset objects reloaded before import = 0
Number of asset objects unloaded after import = 1
========================================================================
Received Import Request.
  Time since last request: 0.000023 seconds.
  path: Assets/Animations/unity-chan!/Unity-chan! Model/Audio/Voice/univ1336.wav
  artifactKey: Guid(5543d8654cc574850a6e7e1053340a7b) Importer(2089858483,0ecaa5967403d082aa24f35e1b516d23)
Start importing Assets/Animations/unity-chan!/Unity-chan! Model/Audio/Voice/univ1336.wav using Guid(5543d8654cc574850a6e7e1053340a7b) Importer(2089858483,0ecaa5967403d082aa24f35e1b516d23) Generated GUIDs only implemented for interfaces!
 -> (artifact id: '25ed6a960e4aeb032de9ada2046e53f6') in 0.065050 seconds
Number of updated asset objects reloaded before import = 0
Number of asset objects unloaded after import = 1
========================================================================
Received Import Request.
  Time since last request: 0.000016 seconds.
  path: Assets/Animations/unity-chan!/Unity-chan! Model/Audio/Voice/univ1335.wav
  artifactKey: Guid(eb2e01d7fef4348bf97a8c9cfa2d4cda) Importer(2089858483,0ecaa5967403d082aa24f35e1b516d23)
Start importing Assets/Animations/unity-chan!/Unity-chan! Model/Audio/Voice/univ1335.wav using Guid(eb2e01d7fef4348bf97a8c9cfa2d4cda) Importer(2089858483,0ecaa5967403d082aa24f35e1b516d23) Generated GUIDs only implemented for interfaces!
 -> (artifact id: 'c8a1265492550819d2eef76b28b50d1a') in 0.051527 seconds
Number of updated asset objects reloaded before import = 0
Number of asset objects unloaded after import = 1
========================================================================
Received Import Request.
  Time since last request: 0.000015 seconds.
  path: Assets/Animations/unity-chan!/Unity-chan! Model/Prefabs/for Locomotion/CamPos.prefab
  artifactKey: Guid(65eb07d65eb184e13a4b388eced0d32b) Importer(2089858483,0ecaa5967403d082aa24f35e1b516d23)
Start importing Assets/Animations/unity-chan!/Unity-chan! Model/Prefabs/for Locomotion/CamPos.prefab using Guid(65eb07d65eb184e13a4b388eced0d32b) Importer(2089858483,0ecaa5967403d082aa24f35e1b516d23) Generated GUIDs only implemented for interfaces!
 -> (artifact id: '58ee3e20abae9d8377207a9a307f532c') in 0.023645 seconds
Number of updated asset objects reloaded before import = 0
Number of asset objects unloaded after import = 4
========================================================================
Received Import Request.
  Time since last request: 0.000023 seconds.
  path: Assets/Animations/unity-chan!/Unity-chan! Model/Prefabs/for Locomotion/JumpPos.prefab
  artifactKey: Guid(2801f2532c4364c8696fc1dc3b4c6a1a) Importer(2089858483,0ecaa5967403d082aa24f35e1b516d23)
Start importing Assets/Animations/unity-chan!/Unity-chan! Model/Prefabs/for Locomotion/JumpPos.prefab using Guid(2801f2532c4364c8696fc1dc3b4c6a1a) Importer(2089858483,0ecaa5967403d082aa24f35e1b516d23) Generated GUIDs only implemented for interfaces!
 -> (artifact id: '0e64ca9738fdc4469ce41e94105ae610') in 0.023591 seconds
Number of updated asset objects reloaded before import = 0
Number of asset objects unloaded after import = 4
========================================================================
Received Import Request.
  Time since last request: 0.000026 seconds.
  path: Assets/Animations/unity-chan!/Unity-chan! Model/Audio/Voice/univ1338.wav
  artifactKey: Guid(15f4c1efa3a8c4af38729bc37cd4de01) Importer(2089858483,0ecaa5967403d082aa24f35e1b516d23)
Start importing Assets/Animations/unity-chan!/Unity-chan! Model/Audio/Voice/univ1338.wav using Guid(15f4c1efa3a8c4af38729bc37cd4de01) Importer(2089858483,0ecaa5967403d082aa24f35e1b516d23) Generated GUIDs only implemented for interfaces!
 -> (artifact id: '223561e63fc478269debf6743b89158a') in 0.048368 seconds
Number of updated asset objects reloaded before import = 0
Number of asset objects unloaded after import = 1
========================================================================
Received Import Request.
  Time since last request: 0.000015 seconds.
  path: Assets/Animations/unity-chan!/Unity-chan! Model/Documentation/ReadMe/ReadMe_en.pdf
  artifactKey: Guid(762a4bc1a35f442e1a7299fb1ef3d2f3) Importer(2089858483,0ecaa5967403d082aa24f35e1b516d23)
Start importing Assets/Animations/unity-chan!/Unity-chan! Model/Documentation/ReadMe/ReadMe_en.pdf using Guid(762a4bc1a35f442e1a7299fb1ef3d2f3) Importer(2089858483,0ecaa5967403d082aa24f35e1b516d23) Generated GUIDs only implemented for interfaces!
 -> (artifact id: 'b7291a3e44a861d6d7476dec7349ef14') in 0.011468 seconds
Number of updated asset objects reloaded before import = 0
Number of asset objects unloaded after import = 1
========================================================================
Received Import Request.
  Time since last request: 0.000015 seconds.
  path: Assets/Animations/unity-chan!/Unity-chan! Model/Documentation/ReadMe/ReadMe_jp.pdf
  artifactKey: Guid(e793ce9481e314d228f8dbc6a9e8940f) Importer(2089858483,0ecaa5967403d082aa24f35e1b516d23)
Start importing Assets/Animations/unity-chan!/Unity-chan! Model/Documentation/ReadMe/ReadMe_jp.pdf using Guid(e793ce9481e314d228f8dbc6a9e8940f) Importer(2089858483,0ecaa5967403d082aa24f35e1b516d23) Generated GUIDs only implemented for interfaces!
 -> (artifact id: '6364d89b956145ec105273c13899db7f') in 0.012281 seconds
Number of updated asset objects reloaded before import = 0
Number of asset objects unloaded after import = 1
========================================================================
Received Import Request.
  Time since last request: 0.000016 seconds.
  path: Assets/Animations/unity-chan!/Unity-chan! Model/Audio/Voice/univ1339.wav
  artifactKey: Guid(adb5491a0f95d4ae2bc1b2b9235123ef) Importer(2089858483,0ecaa5967403d082aa24f35e1b516d23)
Start importing Assets/Animations/unity-chan!/Unity-chan! Model/Audio/Voice/univ1339.wav using Guid(adb5491a0f95d4ae2bc1b2b9235123ef) Importer(2089858483,0ecaa5967403d082aa24f35e1b516d23) Generated GUIDs only implemented for interfaces!
 -> (artifact id: '8796875acb06694664c2d263ef190e3f') in 0.047939 seconds
Number of updated asset objects reloaded before import = 0
Number of asset objects unloaded after import = 1
========================================================================
Received Import Request.
  Time since last request: 0.000019 seconds.
  path: Assets/Animations/unity-chan!/Unity-chan! Model/Audio/Voice/univ1342.wav
  artifactKey: Guid(c0b282e2aca1b463f81666291e4b52eb) Importer(2089858483,0ecaa5967403d082aa24f35e1b516d23)
Start importing Assets/Animations/unity-chan!/Unity-chan! Model/Audio/Voice/univ1342.wav using Guid(c0b282e2aca1b463f81666291e4b52eb) Importer(2089858483,0ecaa5967403d082aa24f35e1b516d23) Generated GUIDs only implemented for interfaces!
 -> (artifact id: '16e8ab8d08c9af64c473033572e2f490') in 0.052288 seconds
Number of updated asset objects reloaded before import = 0
Number of asset objects unloaded after import = 1
========================================================================
Received Import Request.
  Time since last request: 0.000023 seconds.
  path: Assets/TextMesh Pro/Resources/Style Sheets/Default Style Sheet.asset
  artifactKey: Guid(f952c082cb03451daed3ee968ac6c63e) Importer(2089858483,0ecaa5967403d082aa24f35e1b516d23)
Start importing Assets/TextMesh Pro/Resources/Style Sheets/Default Style Sheet.asset using Guid(f952c082cb03451daed3ee968ac6c63e) Importer(2089858483,0ecaa5967403d082aa24f35e1b516d23) Generated GUIDs only implemented for interfaces!
 -> (artifact id: '4d7617024425495fee4b19cce69e8532') in 0.015355 seconds
Number of updated asset objects reloaded before import = 0
Number of asset objects unloaded after import = 1
========================================================================
Received Import Request.
  Time since last request: 0.000017 seconds.
  path: Assets/TextMesh Pro/Resources/Fonts & Materials/LiberationSans SDF.asset
  artifactKey: Guid(8f586378b4e144a9851e7b34d9b748ee) Importer(2089858483,0ecaa5967403d082aa24f35e1b516d23)
Start importing Assets/TextMesh Pro/Resources/Fonts & Materials/LiberationSans SDF.asset using Guid(8f586378b4e144a9851e7b34d9b748ee) Importer(2089858483,0ecaa5967403d082aa24f35e1b516d23) Generated GUIDs only implemented for interfaces!
 -> (artifact id: '10afb4cc443687cff7c5673a8fde5c9b') in 0.065353 seconds
Number of updated asset objects reloaded before import = 0
Number of asset objects unloaded after import = 8
========================================================================
Received Import Request.
  Time since last request: 0.000017 seconds.
  path: Assets/Animations/unity-chan!/Unity-chan! Model/Prefabs/for Locomotion/unitychan.prefab
  artifactKey: Guid(40046bae76ac54bffb59f14f47d9ba1b) Importer(2089858483,0ecaa5967403d082aa24f35e1b516d23)
Start importing Assets/Animations/unity-chan!/Unity-chan! Model/Prefabs/for Locomotion/unitychan.prefab using Guid(40046bae76ac54bffb59f14f47d9ba1b) Importer(2089858483,0ecaa5967403d082aa24f35e1b516d23) Generated GUIDs only implemented for interfaces!
 -> (artifact id: '6ad8d97e7b2523be2baea0ea53a9e962') in 0.090999 seconds
Number of updated asset objects reloaded before import = 0
Number of asset objects unloaded after import = 464
========================================================================
Received Import Request.
  Time since last request: 0.000021 seconds.
  path: Assets/Animations/unity-chan!/Unity-chan! Model/SplashScreen/Animators/SplashScreen.controller
  artifactKey: Guid(a37f6aca9c6bf45fa819c001b4e8016e) Importer(2089858483,0ecaa5967403d082aa24f35e1b516d23)
Start importing Assets/Animations/unity-chan!/Unity-chan! Model/SplashScreen/Animators/SplashScreen.controller using Guid(a37f6aca9c6bf45fa819c001b4e8016e) Importer(2089858483,0ecaa5967403d082aa24f35e1b516d23) Generated GUIDs only implemented for interfaces!
 -> (artifact id: '29eabc023d013d534b50c219472727f1') in 0.053695 seconds
Number of updated asset objects reloaded before import = 0
Number of asset objects unloaded after import = 10
========================================================================
Received Import Request.
  Time since last request: 0.000023 seconds.
  path: Assets/Animations/unity-chan!/Unity-chan! Model/SplashScreen/Logo/Dark_Silhouette.png
  artifactKey: Guid(214f7e62633ee4585a55b459cc6d0f53) Importer(2089858483,0ecaa5967403d082aa24f35e1b516d23)
Start importing Assets/Animations/unity-chan!/Unity-chan! Model/SplashScreen/Logo/Dark_Silhouette.png using Guid(214f7e62633ee4585a55b459cc6d0f53) Importer(2089858483,0ecaa5967403d082aa24f35e1b516d23) Generated GUIDs only implemented for interfaces!
 -> (artifact id: 'bab1e4b516c8a3e017d65cf16f34ba3f') in 0.042514 seconds
Number of updated asset objects reloaded before import = 0
Number of asset objects unloaded after import = 3
========================================================================
Received Import Request.
  Time since last request: 0.000015 seconds.
  path: Assets/Animations/unity-chan!/Unity-chan! Model/Art/Animations/FaceAnimation/angry2@unitychan.anim
  artifactKey: Guid(66c6a39c175f346f6b2e3016fa5ae35b) Importer(2089858483,0ecaa5967403d082aa24f35e1b516d23)
Start importing Assets/Animations/unity-chan!/Unity-chan! Model/Art/Animations/FaceAnimation/angry2@unitychan.anim using Guid(66c6a39c175f346f6b2e3016fa5ae35b) Importer(2089858483,0ecaa5967403d082aa24f35e1b516d23) Generated GUIDs only implemented for interfaces!
 -> (artifact id: '903ecda484e5d803b22291d6c81fac25') in 0.017541 seconds
Number of updated asset objects reloaded before import = 0
Number of asset objects unloaded after import = 1
========================================================================
Received Import Request.
  Time since last request: 0.000017 seconds.
  path: Assets/Animations/unity-chan!/Unity-chan! Model/SplashScreen/Animations/FadeOut.anim
  artifactKey: Guid(2945d5f95b61c458c9651895a514de58) Importer(2089858483,0ecaa5967403d082aa24f35e1b516d23)
Start importing Assets/Animations/unity-chan!/Unity-chan! Model/SplashScreen/Animations/FadeOut.anim using Guid(2945d5f95b61c458c9651895a514de58) Importer(2089858483,0ecaa5967403d082aa24f35e1b516d23) Generated GUIDs only implemented for interfaces!
 -> (artifact id: 'cfeda8ce47c6743ee93bf1000fbb55dd') in 0.019238 seconds
Number of updated asset objects reloaded before import = 0
Number of asset objects unloaded after import = 1
========================================================================
Received Import Request.
  Time since last request: 0.000016 seconds.
  path: Assets/Animations/unity-chan!/Unity-chan! Model/Prefabs/for Locomotion/Main Camera.prefab
  artifactKey: Guid(79674db77adfc4d6f9f17fb043493b1e) Importer(2089858483,0ecaa5967403d082aa24f35e1b516d23)
Start importing Assets/Animations/unity-chan!/Unity-chan! Model/Prefabs/for Locomotion/Main Camera.prefab using Guid(79674db77adfc4d6f9f17fb043493b1e) Importer(2089858483,0ecaa5967403d082aa24f35e1b516d23) Generated GUIDs only implemented for interfaces!
 -> (artifact id: '768b6c41b202810c9c85143e6a97365d') in 0.030194 seconds
Number of updated asset objects reloaded before import = 0
Number of asset objects unloaded after import = 8
========================================================================
Received Import Request.
  Time since last request: 0.000023 seconds.
  path: Assets/Animations/unity-chan!/Unity-chan! Model/Art/Animations/Animators/UnityChanActionCheck.controller
  artifactKey: Guid(212b3a957fa7bee41a0bf8c3b14ce293) Importer(2089858483,0ecaa5967403d082aa24f35e1b516d23)
Start importing Assets/Animations/unity-chan!/Unity-chan! Model/Art/Animations/Animators/UnityChanActionCheck.controller using Guid(212b3a957fa7bee41a0bf8c3b14ce293) Importer(2089858483,0ecaa5967403d082aa24f35e1b516d23) Generated GUIDs only implemented for interfaces!
 -> (artifact id: '0d04752a7861bc33cae8eedfd6aa8e41') in 0.143296 seconds
Number of updated asset objects reloaded before import = 0
Number of asset objects unloaded after import = 134
========================================================================
Received Import Request.
  Time since last request: 0.000032 seconds.
  path: Assets/Animations/unity-chan!/Unity-chan! Model/Art/Animations/FaceAnimation/MTH_I.anim
  artifactKey: Guid(5da03c4c995e34f35a8c17702e9d6012) Importer(2089858483,0ecaa5967403d082aa24f35e1b516d23)
Start importing Assets/Animations/unity-chan!/Unity-chan! Model/Art/Animations/FaceAnimation/MTH_I.anim using Guid(5da03c4c995e34f35a8c17702e9d6012) Importer(2089858483,0ecaa5967403d082aa24f35e1b516d23) Generated GUIDs only implemented for interfaces!
 -> (artifact id: 'c955e11b44164d5debba20289a7ceb09') in 0.016081 seconds
Number of updated asset objects reloaded before import = 0
Number of asset objects unloaded after import = 1
========================================================================
Received Import Request.
  Time since last request: 0.000015 seconds.
  path: Assets/Animations/unity-chan!/Unity-chan! Model/Art/Animations/FaceAnimation/MTH_U.anim
  artifactKey: Guid(69a5af149623d4592b3764b7cb6a7482) Importer(2089858483,0ecaa5967403d082aa24f35e1b516d23)
Start importing Assets/Animations/unity-chan!/Unity-chan! Model/Art/Animations/FaceAnimation/MTH_U.anim using Guid(69a5af149623d4592b3764b7cb6a7482) Importer(2089858483,0ecaa5967403d082aa24f35e1b516d23) Generated GUIDs only implemented for interfaces!
 -> (artifact id: 'bf4a6d30e3dd252459134712d9081298') in 0.029812 seconds
Number of updated asset objects reloaded before import = 0
Number of asset objects unloaded after import = 1
========================================================================
Received Import Request.
  Time since last request: 0.000018 seconds.
  path: Assets/Animations/unity-chan!/Unity-chan! Model/Art/Animations/FaceAnimation/smile1@unitychan.anim
  artifactKey: Guid(06b76ba9895174fc19d91c361e7c911b) Importer(2089858483,0ecaa5967403d082aa24f35e1b516d23)
Start importing Assets/Animations/unity-chan!/Unity-chan! Model/Art/Animations/FaceAnimation/smile1@unitychan.anim using Guid(06b76ba9895174fc19d91c361e7c911b) Importer(2089858483,0ecaa5967403d082aa24f35e1b516d23) Generated GUIDs only implemented for interfaces!
 -> (artifact id: '1487c4c86c6f540004672305e07a1627') in 0.018540 seconds
Number of updated asset objects reloaded before import = 0
Number of asset objects unloaded after import = 1
========================================================================
Received Import Request.
  Time since last request: 0.000015 seconds.
  path: Assets/Animations/unity-chan!/Unity-chan! Model/Art/Animations/FaceAnimation/conf@unitychan.anim
  artifactKey: Guid(2d64a878e09fc46ce9d3079357ebb3a5) Importer(2089858483,0ecaa5967403d082aa24f35e1b516d23)
Start importing Assets/Animations/unity-chan!/Unity-chan! Model/Art/Animations/FaceAnimation/conf@unitychan.anim using Guid(2d64a878e09fc46ce9d3079357ebb3a5) Importer(2089858483,0ecaa5967403d082aa24f35e1b516d23) Generated GUIDs only implemented for interfaces!
 -> (artifact id: 'f68f3d7a391d75134431d2fb6fdc8eb7') in 0.016862 seconds
Number of updated asset objects reloaded before import = 0
Number of asset objects unloaded after import = 1
========================================================================
Received Import Request.
  Time since last request: 0.000016 seconds.
  path: Assets/Animations/unity-chan!/Unity-chan! Model/Art/Animations/FaceAnimation/disstract1@unitychan.anim
  artifactKey: Guid(fc07439899bf64b59b05471e3d59be6a) Importer(2089858483,0ecaa5967403d082aa24f35e1b516d23)
Start importing Assets/Animations/unity-chan!/Unity-chan! Model/Art/Animations/FaceAnimation/disstract1@unitychan.anim using Guid(fc07439899bf64b59b05471e3d59be6a) Importer(2089858483,0ecaa5967403d082aa24f35e1b516d23) Generated GUIDs only implemented for interfaces!
 -> (artifact id: '4427a3d5931bd5c0a5212d28305d867e') in 0.018238 seconds
Number of updated asset objects reloaded before import = 0
Number of asset objects unloaded after import = 1
========================================================================
Received Import Request.
  Time since last request: 0.000018 seconds.
  path: Assets/Animations/unity-chan!/Unity-chan! Model/Art/Animations/FaceAnimation/default@unitychan.anim
  artifactKey: Guid(6394472d24c9347e5bb789ec1f15e5bb) Importer(2089858483,0ecaa5967403d082aa24f35e1b516d23)
Start importing Assets/Animations/unity-chan!/Unity-chan! Model/Art/Animations/FaceAnimation/default@unitychan.anim using Guid(6394472d24c9347e5bb789ec1f15e5bb) Importer(2089858483,0ecaa5967403d082aa24f35e1b516d23) Generated GUIDs only implemented for interfaces!
 -> (artifact id: '70321813d68385639eb76204407b78d2') in 0.016741 seconds
Number of updated asset objects reloaded before import = 0
Number of asset objects unloaded after import = 1
========================================================================
Received Import Request.
  Time since last request: 0.000023 seconds.
  path: Assets/Animations/unity-chan!/Unity-chan! Model/Art/Animations/FaceAnimation/MTH_A.anim
  artifactKey: Guid(aaf4f40e5f852472f9eb781bef3a2c17) Importer(2089858483,0ecaa5967403d082aa24f35e1b516d23)
Start importing Assets/Animations/unity-chan!/Unity-chan! Model/Art/Animations/FaceAnimation/MTH_A.anim using Guid(aaf4f40e5f852472f9eb781bef3a2c17) Importer(2089858483,0ecaa5967403d082aa24f35e1b516d23) Generated GUIDs only implemented for interfaces!
 -> (artifact id: '855578ca30a717ee9bc15be85e6eafd5') in 0.016677 seconds
Number of updated asset objects reloaded before import = 0
Number of asset objects unloaded after import = 1
========================================================================
Received Import Request.
  Time since last request: 0.000017 seconds.
  path: Assets/Animations/unity-chan!/Unity-chan! Model/Art/Animations/FaceAnimation/eye_close@unitychan.anim
  artifactKey: Guid(73cb3ae8fc1de47a0a307cb5f95ec701) Importer(2089858483,0ecaa5967403d082aa24f35e1b516d23)
Start importing Assets/Animations/unity-chan!/Unity-chan! Model/Art/Animations/FaceAnimation/eye_close@unitychan.anim using Guid(73cb3ae8fc1de47a0a307cb5f95ec701) Importer(2089858483,0ecaa5967403d082aa24f35e1b516d23) Generated GUIDs only implemented for interfaces!
 -> (artifact id: 'f643ffa311b1e2a8b16bd6a593055205') in 0.019090 seconds
Number of updated asset objects reloaded before import = 0
Number of asset objects unloaded after import = 1
========================================================================
Received Import Request.
  Time since last request: 0.000016 seconds.
  path: Assets/Animations/unity-chan!/Unity-chan! Model/Art/Materials/body.mat
  artifactKey: Guid(bb570020a8c3bad4bbf803af20e78937) Importer(2089858483,0ecaa5967403d082aa24f35e1b516d23)
Start importing Assets/Animations/unity-chan!/Unity-chan! Model/Art/Materials/body.mat using Guid(bb570020a8c3bad4bbf803af20e78937) Importer(2089858483,0ecaa5967403d082aa24f35e1b516d23) Generated GUIDs only implemented for interfaces!
 -> (artifact id: '2726848362635bd0216065cfd50a7495') in 0.078668 seconds
Number of updated asset objects reloaded before import = 0
Number of asset objects unloaded after import = 4
========================================================================
Received Import Request.
  Time since last request: 0.000021 seconds.
  path: Assets/Animations/unity-chan!/Unity-chan! Model/Art/UnityChanShader/Materials/mat_cheek.mat
  artifactKey: Guid(4efe8cdcc7b554591bde513d7bde06d0) Importer(2089858483,0ecaa5967403d082aa24f35e1b516d23)
Start importing Assets/Animations/unity-chan!/Unity-chan! Model/Art/UnityChanShader/Materials/mat_cheek.mat using Guid(4efe8cdcc7b554591bde513d7bde06d0) Importer(2089858483,0ecaa5967403d082aa24f35e1b516d23) Generated GUIDs only implemented for interfaces!
 -> (artifact id: '5bdc1859731454145069ecd70d906e81') in 0.045691 seconds
Number of updated asset objects reloaded before import = 0
Number of asset objects unloaded after import = 4
========================================================================
Received Import Request.
  Time since last request: 0.000017 seconds.
  path: Assets/Animations/unity-chan!/Unity-chan! Model/Art/UnityChanShader/Materials/eye_R1.mat
  artifactKey: Guid(f37e71293707f43b9b83c1925ad01bd7) Importer(2089858483,0ecaa5967403d082aa24f35e1b516d23)
Start importing Assets/Animations/unity-chan!/Unity-chan! Model/Art/UnityChanShader/Materials/eye_R1.mat using Guid(f37e71293707f43b9b83c1925ad01bd7) Importer(2089858483,0ecaa5967403d082aa24f35e1b516d23) Generated GUIDs only implemented for interfaces!
 -> (artifact id: '426d5c0007c605e1566bbeb18e2bd21c') in 0.028516 seconds
Number of updated asset objects reloaded before import = 0
Number of asset objects unloaded after import = 4
========================================================================
Received Import Request.
  Time since last request: 0.000027 seconds.
  path: Assets/Animations/unity-chan!/Unity-chan! Model/Art/UnityChanShader/Materials/eye_L1.mat
  artifactKey: Guid(a0186681a218f4550a84e6f0488e8b61) Importer(2089858483,0ecaa5967403d082aa24f35e1b516d23)
Start importing Assets/Animations/unity-chan!/Unity-chan! Model/Art/UnityChanShader/Materials/eye_L1.mat using Guid(a0186681a218f4550a84e6f0488e8b61) Importer(2089858483,0ecaa5967403d082aa24f35e1b516d23) Generated GUIDs only implemented for interfaces!
 -> (artifact id: '9512480edd244f7e6bf64a00ef10d37c') in 0.027885 seconds
Number of updated asset objects reloaded before import = 0
Number of asset objects unloaded after import = 4
========================================================================
Received Import Request.
  Time since last request: 0.000016 seconds.
  path: Assets/Animations/unity-chan!/Unity-chan! Model/Art/UnityChanShader/Materials/eyeline.mat
  artifactKey: Guid(7bac98231102243919a4534a06cc74ba) Importer(2089858483,0ecaa5967403d082aa24f35e1b516d23)
Start importing Assets/Animations/unity-chan!/Unity-chan! Model/Art/UnityChanShader/Materials/eyeline.mat using Guid(7bac98231102243919a4534a06cc74ba) Importer(2089858483,0ecaa5967403d082aa24f35e1b516d23) Generated GUIDs only implemented for interfaces!
 -> (artifact id: '515e4af168ff58efad345a252382b2ec') in 0.025883 seconds
Number of updated asset objects reloaded before import = 0
Number of asset objects unloaded after import = 4
========================================================================
Received Import Request.
  Time since last request: 0.000019 seconds.
  path: Assets/Animations/unity-chan!/Unity-chan! Model/Art/Stage/Textures/unitychan_tile5.png
  artifactKey: Guid(08d5989fe2b3e024daf98a61c6a68072) Importer(2089858483,0ecaa5967403d082aa24f35e1b516d23)
Start importing Assets/Animations/unity-chan!/Unity-chan! Model/Art/Stage/Textures/unitychan_tile5.png using Guid(08d5989fe2b3e024daf98a61c6a68072) Importer(2089858483,0ecaa5967403d082aa24f35e1b516d23) Generated GUIDs only implemented for interfaces!
 -> (artifact id: 'c1fe904842062467d62daaeea0a74ce1') in 0.034553 seconds
Number of updated asset objects reloaded before import = 0
Number of asset objects unloaded after import = 1
========================================================================
Received Import Request.
  Time since last request: 0.000017 seconds.
  path: Assets/Animations/unity-chan!/Unity-chan! Model/Art/Stage/Materials/unitychan_tile4.mat
  artifactKey: Guid(0f2978993cddc449c99a4e1893ed3479) Importer(2089858483,0ecaa5967403d082aa24f35e1b516d23)
Start importing Assets/Animations/unity-chan!/Unity-chan! Model/Art/Stage/Materials/unitychan_tile4.mat using Guid(0f2978993cddc449c99a4e1893ed3479) Importer(2089858483,0ecaa5967403d082aa24f35e1b516d23) Generated GUIDs only implemented for interfaces!
 -> (artifact id: '711f03641580814466094d7d8890895e') in 0.030656 seconds
Number of updated asset objects reloaded before import = 0
Number of asset objects unloaded after import = 2
========================================================================
Received Import Request.
  Time since last request: 0.000023 seconds.
  path: Assets/Animations/unity-chan!/Unity-chan! Model/Art/UnityChanShader/Materials/face.mat
  artifactKey: Guid(cb35fb92776d24a65827b1d3ab18fe60) Importer(2089858483,0ecaa5967403d082aa24f35e1b516d23)
Start importing Assets/Animations/unity-chan!/Unity-chan! Model/Art/UnityChanShader/Materials/face.mat using Guid(cb35fb92776d24a65827b1d3ab18fe60) Importer(2089858483,0ecaa5967403d082aa24f35e1b516d23) Generated GUIDs only implemented for interfaces!
 -> (artifact id: '5da27e4ef0e22f0f2509e526487d52c3') in 0.039836 seconds
Number of updated asset objects reloaded before import = 0
Number of asset objects unloaded after import = 4
========================================================================
Received Import Request.
  Time since last request: 0.000030 seconds.
  path: Assets/StarterAssets/ThirdPersonController/Character/Textures/Armature_Body_AlbedoTransparency.tif
  artifactKey: Guid(28d78c5517421f047b88352f3b18e8e7) Importer(2089858483,0ecaa5967403d082aa24f35e1b516d23)
Start importing Assets/StarterAssets/ThirdPersonController/Character/Textures/Armature_Body_AlbedoTransparency.tif using Guid(28d78c5517421f047b88352f3b18e8e7) Importer(2089858483,0ecaa5967403d082aa24f35e1b516d23) Generated GUIDs only implemented for interfaces!
 -> (artifact id: 'be1dc6da18ec2975bef9676629413da9') in 0.066294 seconds
Number of updated asset objects reloaded before import = 0
Number of asset objects unloaded after import = 1
========================================================================
Received Import Request.
  Time since last request: 0.000016 seconds.
  path: Assets/Animations/unity-chan!/Unity-chan! Model/Art/UnityChanShader/Shader/Unitychan_chara_hada_blend.shader
  artifactKey: Guid(7a95784c68f03494d8c7911e15fab82a) Importer(2089858483,0ecaa5967403d082aa24f35e1b516d23)
Start importing Assets/Animations/unity-chan!/Unity-chan! Model/Art/UnityChanShader/Shader/Unitychan_chara_hada_blend.shader using Guid(7a95784c68f03494d8c7911e15fab82a) Importer(2089858483,0ecaa5967403d082aa24f35e1b516d23) Generated GUIDs only implemented for interfaces!
 -> (artifact id: 'fa2afb14c538b1eac6957138008a0d97') in 0.025261 seconds
Number of updated asset objects reloaded before import = 0
Number of asset objects unloaded after import = 1
========================================================================
Received Import Request.
  Time since last request: 0.000019 seconds.
  path: Assets/Animations/unity-chan!/Unity-chan! Model/Art/UnityChanShader/Shader/Unitychan_chara_akarami_blend.shader
  artifactKey: Guid(0298b868476735f41857e9ba8f0d4cd1) Importer(2089858483,0ecaa5967403d082aa24f35e1b516d23)
Start importing Assets/Animations/unity-chan!/Unity-chan! Model/Art/UnityChanShader/Shader/Unitychan_chara_akarami_blend.shader using Guid(0298b868476735f41857e9ba8f0d4cd1) Importer(2089858483,0ecaa5967403d082aa24f35e1b516d23) Generated GUIDs only implemented for interfaces!
 -> (artifact id: '74a8d15a9145983c8ba174e1c4d5153c') in 0.026970 seconds
Number of updated asset objects reloaded before import = 0
Number of asset objects unloaded after import = 1
========================================================================
Received Import Request.
  Time since last request: 0.000019 seconds.
  path: Assets/Animations/unity-chan!/Unity-chan! Model/Art/UnityChanShader/Shader/Unitychan_chara_hair.shader
  artifactKey: Guid(fe3954a9664afb042a2af588b53680b0) Importer(2089858483,0ecaa5967403d082aa24f35e1b516d23)
Start importing Assets/Animations/unity-chan!/Unity-chan! Model/Art/UnityChanShader/Shader/Unitychan_chara_hair.shader using Guid(fe3954a9664afb042a2af588b53680b0) Importer(2089858483,0ecaa5967403d082aa24f35e1b516d23) Generated GUIDs only implemented for interfaces!
 -> (artifact id: 'ae4ad244d8e5871bb6cb691b8c26c234') in 0.027137 seconds
Number of updated asset objects reloaded before import = 0
Number of asset objects unloaded after import = 1
========================================================================
Received Import Request.
  Time since last request: 0.000030 seconds.
  path: Assets/Animations/unity-chan!/Unity-chan! Model/Art/Stage/Textures/unitychan_tile6.png
  artifactKey: Guid(44c03eb9b0d2ef34b9e7a60eec7f1b1d) Importer(2089858483,0ecaa5967403d082aa24f35e1b516d23)
Start importing Assets/Animations/unity-chan!/Unity-chan! Model/Art/Stage/Textures/unitychan_tile6.png using Guid(44c03eb9b0d2ef34b9e7a60eec7f1b1d) Importer(2089858483,0ecaa5967403d082aa24f35e1b516d23) Generated GUIDs only implemented for interfaces!
 -> (artifact id: '057f1135f7d87aa2331a9b2d2d16914e') in 0.029012 seconds
Number of updated asset objects reloaded before import = 0
Number of asset objects unloaded after import = 1
========================================================================
Received Import Request.
  Time since last request: 0.000016 seconds.
  path: Assets/Animations/unity-chan!/Unity-chan! Model/Art/UnityChanShader/Texture/body_01_NRM.tga
  artifactKey: Guid(3a3c0acc807e9264ca0b32602a928a9a) Importer(2089858483,0ecaa5967403d082aa24f35e1b516d23)
Start importing Assets/Animations/unity-chan!/Unity-chan! Model/Art/UnityChanShader/Texture/body_01_NRM.tga using Guid(3a3c0acc807e9264ca0b32602a928a9a) Importer(2089858483,0ecaa5967403d082aa24f35e1b516d23) Generated GUIDs only implemented for interfaces!
 -> (artifact id: 'f1a1af19aa879b8a8188aaa75d14dca0') in 0.025505 seconds
Number of updated asset objects reloaded before import = 0
Number of asset objects unloaded after import = 1
========================================================================
Received Import Request.
  Time since last request: 0.000021 seconds.
  path: Assets/Animations/unity-chan!/Unity-chan! Model/Art/UnityChanShader/Materials/hair.mat
  artifactKey: Guid(0686b679809f14929a8d7f427cbb4da3) Importer(2089858483,0ecaa5967403d082aa24f35e1b516d23)
Start importing Assets/Animations/unity-chan!/Unity-chan! Model/Art/UnityChanShader/Materials/hair.mat using Guid(0686b679809f14929a8d7f427cbb4da3) Importer(2089858483,0ecaa5967403d082aa24f35e1b516d23) Generated GUIDs only implemented for interfaces!
 -> (artifact id: '460993b398539058c189b963de397d18') in 0.033999 seconds
Number of updated asset objects reloaded before import = 0
Number of asset objects unloaded after import = 7
========================================================================
Received Import Request.
  Time since last request: 0.000022 seconds.
  path: Assets/Animations/unity-chan!/Unity-chan! Model/Art/UnityChanShader/Shader/CharaOutline.cg
  artifactKey: Guid(98e9eccf54dd0e34c9cb77865555483f) Importer(2089858483,0ecaa5967403d082aa24f35e1b516d23)
Start importing Assets/Animations/unity-chan!/Unity-chan! Model/Art/UnityChanShader/Shader/CharaOutline.cg using Guid(98e9eccf54dd0e34c9cb77865555483f) Importer(2089858483,0ecaa5967403d082aa24f35e1b516d23) Generated GUIDs only implemented for interfaces!
 -> (artifact id: 'c40824e39cee483ddc03d00c20b263cd') in 0.020205 seconds
Number of updated asset objects reloaded before import = 0
Number of asset objects unloaded after import = 1
========================================================================
Received Import Request.
  Time since last request: 0.000018 seconds.
  path: Assets/Animations/unity-chan!/Unity-chan! Model/Art/UnityChanShader/Shader/Unitychan_chara_hair_ds.shader
  artifactKey: Guid(235ca6f7bbc0ead4990f386a7ec24292) Importer(2089858483,0ecaa5967403d082aa24f35e1b516d23)
Start importing Assets/Animations/unity-chan!/Unity-chan! Model/Art/UnityChanShader/Shader/Unitychan_chara_hair_ds.shader using Guid(235ca6f7bbc0ead4990f386a7ec24292) Importer(2089858483,0ecaa5967403d082aa24f35e1b516d23) Generated GUIDs only implemented for interfaces!
 -> (artifact id: '602992edd887720b7881b8f063596a3b') in 0.026283 seconds
Number of updated asset objects reloaded before import = 0
Number of asset objects unloaded after import = 1
========================================================================
Received Import Request.
  Time since last request: 0.000040 seconds.
  path: Assets/Animations/unity-chan!/Unity-chan! Model/Art/UnityChanShader/Texture/FO_CLOTH1.tga
  artifactKey: Guid(cc8f70f2ec571e9478efa98c041cde7b) Importer(2089858483,0ecaa5967403d082aa24f35e1b516d23)
Start importing Assets/Animations/unity-chan!/Unity-chan! Model/Art/UnityChanShader/Texture/FO_CLOTH1.tga using Guid(cc8f70f2ec571e9478efa98c041cde7b) Importer(2089858483,0ecaa5967403d082aa24f35e1b516d23) Generated GUIDs only implemented for interfaces!
 -> (artifact id: '0197762173aef2b5c88dc5f3df3003fc') in 0.023529 seconds
Number of updated asset objects reloaded before import = 0
Number of asset objects unloaded after import = 1
========================================================================
Received Import Request.
  Time since last request: 0.000015 seconds.
  path: Assets/Animations/unity-chan!/Unity-chan! Model/Art/UnityChanShader/Texture/eyeline_00.tga
  artifactKey: Guid(e315db926a0705845b12da3cc80ea306) Importer(2089858483,0ecaa5967403d082aa24f35e1b516d23)
Start importing Assets/Animations/unity-chan!/Unity-chan! Model/Art/UnityChanShader/Texture/eyeline_00.tga using Guid(e315db926a0705845b12da3cc80ea306) Importer(2089858483,0ecaa5967403d082aa24f35e1b516d23) Generated GUIDs only implemented for interfaces!
 -> (artifact id: '835f25d8cc5dbda0a484768d9f5a01db') in 0.041260 seconds
Number of updated asset objects reloaded before import = 0
Number of asset objects unloaded after import = 1
========================================================================
Received Import Request.
  Time since last request: 0.000016 seconds.
  path: Assets/Animations/unity-chan!/Unity-chan! Model/Art/UnityChanShader/Texture/hair_01_NRM.tga
  artifactKey: Guid(9eea3b9b4b755f64da2c821145616f44) Importer(2089858483,0ecaa5967403d082aa24f35e1b516d23)
Start importing Assets/Animations/unity-chan!/Unity-chan! Model/Art/UnityChanShader/Texture/hair_01_NRM.tga using Guid(9eea3b9b4b755f64da2c821145616f44) Importer(2089858483,0ecaa5967403d082aa24f35e1b516d23) Generated GUIDs only implemented for interfaces!
 -> (artifact id: '86cf862c43f5414f4b2188b4f0c735db') in 0.027008 seconds
Number of updated asset objects reloaded before import = 0
Number of asset objects unloaded after import = 1
========================================================================
Received Import Request.
  Time since last request: 0.000015 seconds.
  path: Assets/Animations/unity-chan!/Unity-chan! Model/Art/UnityChanShader/Texture/DEFAULT_NORMAL.tga
  artifactKey: Guid(f90e3449ad3674016962a3aba3d31a06) Importer(2089858483,0ecaa5967403d082aa24f35e1b516d23)
Start importing Assets/Animations/unity-chan!/Unity-chan! Model/Art/UnityChanShader/Texture/DEFAULT_NORMAL.tga using Guid(f90e3449ad3674016962a3aba3d31a06) Importer(2089858483,0ecaa5967403d082aa24f35e1b516d23) Generated GUIDs only implemented for interfaces!
 -> (artifact id: 'c4f5b9002add6c9dcb3dd1d01c94548c') in 0.030003 seconds
Number of updated asset objects reloaded before import = 0
Number of asset objects unloaded after import = 1
========================================================================
Received Import Request.
  Time since last request: 0.000022 seconds.
  path: Assets/Animations/unity-chan!/Unity-chan! Model/Documentation/UnityChanLicense2.0/English/03Indication of License_EN_UCL2.0.pdf
  artifactKey: Guid(b9724caadbebf8d458acca2ed6733770) Importer(2089858483,0ecaa5967403d082aa24f35e1b516d23)
Start importing Assets/Animations/unity-chan!/Unity-chan! Model/Documentation/UnityChanLicense2.0/English/03Indication of License_EN_UCL2.0.pdf using Guid(b9724caadbebf8d458acca2ed6733770) Importer(2089858483,0ecaa5967403d082aa24f35e1b516d23) Generated GUIDs only implemented for interfaces!
 -> (artifact id: '8a8ccd25906219d826b91399a5405236') in 0.013409 seconds
Number of updated asset objects reloaded before import = 0
Number of asset objects unloaded after import = 1
========================================================================
Received Import Request.
  Time since last request: 0.000028 seconds.
  path: Assets/Animations/unity-chan!/Unity-chan! Model/Documentation/UnityChanLicense2.0/English/02Unity-Chan License Terms and Condition_Summary_EN_UCL2.0.pdf
  artifactKey: Guid(6eba677bcdb1054499442af4c153ac80) Importer(2089858483,0ecaa5967403d082aa24f35e1b516d23)
Start importing Assets/Animations/unity-chan!/Unity-chan! Model/Documentation/UnityChanLicense2.0/English/02Unity-Chan License Terms and Condition_Summary_EN_UCL2.0.pdf using Guid(6eba677bcdb1054499442af4c153ac80) Importer(2089858483,0ecaa5967403d082aa24f35e1b516d23) Generated GUIDs only implemented for interfaces!
 -> (artifact id: 'e832d8551ce97dd63bdf672325d9610d') in 0.014129 seconds
Number of updated asset objects reloaded before import = 0
Number of asset objects unloaded after import = 1
========================================================================
Received Import Request.
  Time since last request: 0.000019 seconds.
  path: Assets/Animations/unity-chan!/Unity-chan! Model/Art/UnityChanShader/Texture/ENV2.tga
  artifactKey: Guid(763c5d30206d1d54a9b49b3309e37fe1) Importer(2089858483,0ecaa5967403d082aa24f35e1b516d23)
Start importing Assets/Animations/unity-chan!/Unity-chan! Model/Art/UnityChanShader/Texture/ENV2.tga using Guid(763c5d30206d1d54a9b49b3309e37fe1) Importer(2089858483,0ecaa5967403d082aa24f35e1b516d23) Generated GUIDs only implemented for interfaces!
 -> (artifact id: 'bce7b0319d60b3babb9adcdf3edafc0e') in 0.026083 seconds
Number of updated asset objects reloaded before import = 0
Number of asset objects unloaded after import = 1
========================================================================
Received Import Request.
  Time since last request: 0.000021 seconds.
  path: Assets/Animations/unity-chan!/Unity-chan! Model/Art/UnityChanShader/Texture/hair_01_SPEC.tga
  artifactKey: Guid(c4271b2b1e8bfa949aa9230abaa7709e) Importer(2089858483,0ecaa5967403d082aa24f35e1b516d23)
Start importing Assets/Animations/unity-chan!/Unity-chan! Model/Art/UnityChanShader/Texture/hair_01_SPEC.tga using Guid(c4271b2b1e8bfa949aa9230abaa7709e) Importer(2089858483,0ecaa5967403d082aa24f35e1b516d23) Generated GUIDs only implemented for interfaces!
 -> (artifact id: 'a66b0e877df90caafeddd055f6d29e08') in 0.044189 seconds
Number of updated asset objects reloaded before import = 0
Number of asset objects unloaded after import = 1
========================================================================
Received Import Request.
  Time since last request: 0.000017 seconds.
  path: Assets/Animations/unity-chan!/Unity-chan! Model/Art/UnityChanShader/Texture/FO_RIM1.tga
  artifactKey: Guid(a18067604964b5a4d8fd5552ed0d789e) Importer(2089858483,0ecaa5967403d082aa24f35e1b516d23)
Start importing Assets/Animations/unity-chan!/Unity-chan! Model/Art/UnityChanShader/Texture/FO_RIM1.tga using Guid(a18067604964b5a4d8fd5552ed0d789e) Importer(2089858483,0ecaa5967403d082aa24f35e1b516d23) Generated GUIDs only implemented for interfaces!
 -> (artifact id: 'be2af189c2c22b960603627072da8e7b') in 0.029602 seconds
Number of updated asset objects reloaded before import = 0
Number of asset objects unloaded after import = 1
========================================================================
Received Import Request.
  Time since last request: 0.000019 seconds.
  path: Assets/Animations/unity-chan!/Unity-chan! Model/Documentation/UnityChanLicense2.0/English/01Unity-Chan License Terms and Condition_EN_UCL2.0.pdf
  artifactKey: Guid(25f6a06eb1fc1cd4e89654f3697f1964) Importer(2089858483,0ecaa5967403d082aa24f35e1b516d23)
Start importing Assets/Animations/unity-chan!/Unity-chan! Model/Documentation/UnityChanLicense2.0/English/01Unity-Chan License Terms and Condition_EN_UCL2.0.pdf using Guid(25f6a06eb1fc1cd4e89654f3697f1964) Importer(2089858483,0ecaa5967403d082aa24f35e1b516d23) Generated GUIDs only implemented for interfaces!
 -> (artifact id: '3a44b98fc51a44bc6e211502c1c3f349') in 0.014979 seconds
Number of updated asset objects reloaded before import = 0
Number of asset objects unloaded after import = 1
========================================================================
Received Import Request.
  Time since last request: 0.000032 seconds.
  path: Assets/Animations/unity-chan!/Unity-chan! Model/Art/Stage/Shader/Textures/AlphaMask.png
  artifactKey: Guid(b6944b8ec29ad124c9ebbe7b111fdfd5) Importer(2089858483,0ecaa5967403d082aa24f35e1b516d23)
Start importing Assets/Animations/unity-chan!/Unity-chan! Model/Art/Stage/Shader/Textures/AlphaMask.png using Guid(b6944b8ec29ad124c9ebbe7b111fdfd5) Importer(2089858483,0ecaa5967403d082aa24f35e1b516d23) Generated GUIDs only implemented for interfaces!
 -> (artifact id: '7ec59b299ba1c9b8843c459acbc8e4bc') in 0.038245 seconds
Number of updated asset objects reloaded before import = 0
Number of asset objects unloaded after import = 1
========================================================================
Received Import Request.
  Time since last request: 0.000022 seconds.
  path: Assets/Animations/unity-chan!/Unity-chan! Model/Documentation/UnityChanLicense2.0/Japanese/01Unity-Chan License Terms and Condition_JP_UCL2.0.pdf
  artifactKey: Guid(f84d9c7980d3169458e696b599407b14) Importer(2089858483,0ecaa5967403d082aa24f35e1b516d23)
Start importing Assets/Animations/unity-chan!/Unity-chan! Model/Documentation/UnityChanLicense2.0/Japanese/01Unity-Chan License Terms and Condition_JP_UCL2.0.pdf using Guid(f84d9c7980d3169458e696b599407b14) Importer(2089858483,0ecaa5967403d082aa24f35e1b516d23) Generated GUIDs only implemented for interfaces!
 -> (artifact id: 'b29e9a625dc6e8f4c6a20c417a603f95') in 0.015522 seconds
Number of updated asset objects reloaded before import = 0
Number of asset objects unloaded after import = 1
========================================================================
Received Import Request.
  Time since last request: 0.000019 seconds.
  path: Assets/Animations/unity-chan!/Unity-chan! Model/Documentation/UnityChanLicense2.0/License Logo/Others/jpg/Dark_Silhouette.jpg
  artifactKey: Guid(29ceb9749c224174e9177a5c1ab7a909) Importer(2089858483,0ecaa5967403d082aa24f35e1b516d23)
Start importing Assets/Animations/unity-chan!/Unity-chan! Model/Documentation/UnityChanLicense2.0/License Logo/Others/jpg/Dark_Silhouette.jpg using Guid(29ceb9749c224174e9177a5c1ab7a909) Importer(2089858483,0ecaa5967403d082aa24f35e1b516d23) Generated GUIDs only implemented for interfaces!
 -> (artifact id: '3c4a4892a828b0e87baf699dcb7fe8d4') in 0.032976 seconds
Number of updated asset objects reloaded before import = 0
Number of asset objects unloaded after import = 1
========================================================================
Received Import Request.
  Time since last request: 0.000015 seconds.
  path: Assets/Animations/unity-chan!/Unity-chan! Model/Documentation/UnityChanLicense2.0/License Logo/LUUL_logo-guideline_en.pdf
  artifactKey: Guid(2398d5143b750da4a8ba70e167678191) Importer(2089858483,0ecaa5967403d082aa24f35e1b516d23)
Start importing Assets/Animations/unity-chan!/Unity-chan! Model/Documentation/UnityChanLicense2.0/License Logo/LUUL_logo-guideline_en.pdf using Guid(2398d5143b750da4a8ba70e167678191) Importer(2089858483,0ecaa5967403d082aa24f35e1b516d23) Generated GUIDs only implemented for interfaces!
 -> (artifact id: '9cf6139202029d7d9b52b8c7fbf93d68') in 0.017888 seconds
Number of updated asset objects reloaded before import = 0
Number of asset objects unloaded after import = 1
========================================================================
Received Import Request.
  Time since last request: 0.000019 seconds.
  path: Assets/Animations/unity-chan!/Unity-chan! Model/Documentation/UnityChanLicense2.0/License Logo/Others/png/Light_Silhouette.png
  artifactKey: Guid(5da648a54632ec64e9d42516f95a7fc4) Importer(2089858483,0ecaa5967403d082aa24f35e1b516d23)
Start importing Assets/Animations/unity-chan!/Unity-chan! Model/Documentation/UnityChanLicense2.0/License Logo/Others/png/Light_Silhouette.png using Guid(5da648a54632ec64e9d42516f95a7fc4) Importer(2089858483,0ecaa5967403d082aa24f35e1b516d23) Generated GUIDs only implemented for interfaces!
 -> (artifact id: '766be8007d99f59b79b1423a038cac7b') in 0.035038 seconds
Number of updated asset objects reloaded before import = 0
Number of asset objects unloaded after import = 1
========================================================================
Received Import Request.
  Time since last request: 0.000029 seconds.
  path: Assets/Animations/unity-chan!/Unity-chan! Model/Documentation/UnityChanLicense2.0/License Logo/LUUL_LOGO_rules02.ai
  artifactKey: Guid(85eaf320b5a92704998d172e033cac16) Importer(2089858483,0ecaa5967403d082aa24f35e1b516d23)
Start importing Assets/Animations/unity-chan!/Unity-chan! Model/Documentation/UnityChanLicense2.0/License Logo/LUUL_LOGO_rules02.ai using Guid(85eaf320b5a92704998d172e033cac16) Importer(2089858483,0ecaa5967403d082aa24f35e1b516d23) Generated GUIDs only implemented for interfaces!
 -> (artifact id: '13081ac36811b91e9976e6a065d6d0b3') in 0.013486 seconds
Number of updated asset objects reloaded before import = 0
Number of asset objects unloaded after import = 1
========================================================================
Received Import Request.
  Time since last request: 0.000016 seconds.
  path: Assets/Animations/unity-chan!/Unity-chan! Model/Art/Stage/Shader/Textures/Unity_Icon.png
  artifactKey: Guid(b442fd7ae2ec93c4b9b9eda0c032960c) Importer(2089858483,0ecaa5967403d082aa24f35e1b516d23)
Start importing Assets/Animations/unity-chan!/Unity-chan! Model/Art/Stage/Shader/Textures/Unity_Icon.png using Guid(b442fd7ae2ec93c4b9b9eda0c032960c) Importer(2089858483,0ecaa5967403d082aa24f35e1b516d23) Generated GUIDs only implemented for interfaces!
 -> (artifact id: '64c5eec899224f033e23ca3f0976d1d2') in 0.049046 seconds
Number of updated asset objects reloaded before import = 0
Number of asset objects unloaded after import = 1
========================================================================
Received Import Request.
  Time since last request: 0.000017 seconds.
  path: Assets/Animations/unity-chan!/Unity-chan! Model/Documentation/UnityChanLicense2.0/License Logo/LUUL_LOGO_rules02.psd
  artifactKey: Guid(1eb90fd0241a89b4781850606634ede3) Importer(2089858483,0ecaa5967403d082aa24f35e1b516d23)
Start importing Assets/Animations/unity-chan!/Unity-chan! Model/Documentation/UnityChanLicense2.0/License Logo/LUUL_LOGO_rules02.psd using Guid(1eb90fd0241a89b4781850606634ede3) Importer(2089858483,0ecaa5967403d082aa24f35e1b516d23) Generated GUIDs only implemented for interfaces!
 -> (artifact id: '90cbacbf3e80dcba0e143fe8a642789b') in 0.039915 seconds
Number of updated asset objects reloaded before import = 0
Number of asset objects unloaded after import = 1
========================================================================
Received Import Request.
  Time since last request: 0.000017 seconds.
  path: Assets/Animations/unity-chan!/Unity-chan! Model/Art/UnityChanShader/Texture/face_00.tga
  artifactKey: Guid(3cf2e516b5353d5499c41818747b4155) Importer(2089858483,0ecaa5967403d082aa24f35e1b516d23)
Start importing Assets/Animations/unity-chan!/Unity-chan! Model/Art/UnityChanShader/Texture/face_00.tga using Guid(3cf2e516b5353d5499c41818747b4155) Importer(2089858483,0ecaa5967403d082aa24f35e1b516d23) Generated GUIDs only implemented for interfaces!
 -> (artifact id: '829e770c335501bbe209287eec23888f') in 0.037493 seconds
Number of updated asset objects reloaded before import = 0
Number of asset objects unloaded after import = 1
========================================================================
Received Import Request.
  Time since last request: 0.000022 seconds.
  path: Assets/Animations/unity-chan!/Unity-chan! Model/Art/Animations/unitychan_DAMAGED01.fbx
  artifactKey: Guid(c895dff4365ad4506ab680fdc4a0afb8) Importer(2089858483,0ecaa5967403d082aa24f35e1b516d23)
Start importing Assets/Animations/unity-chan!/Unity-chan! Model/Art/Animations/unitychan_DAMAGED01.fbx using Guid(c895dff4365ad4506ab680fdc4a0afb8) Importer(2089858483,0ecaa5967403d082aa24f35e1b516d23) Generated GUIDs only implemented for interfaces!
 -> (artifact id: 'c262f3ee67f4a56dd10639a8d52f5642') in 0.171662 seconds
Number of updated asset objects reloaded before import = 0
Number of asset objects unloaded after import = 325
========================================================================
Received Import Request.
  Time since last request: 0.000026 seconds.
  path: Assets/Animations/unity-chan!/Unity-chan! Model/Audio/Voice/univ0029.wav
  artifactKey: Guid(9de474df5f96b4d6eb94dcb64eedc2a2) Importer(2089858483,0ecaa5967403d082aa24f35e1b516d23)
Start importing Assets/Animations/unity-chan!/Unity-chan! Model/Audio/Voice/univ0029.wav using Guid(9de474df5f96b4d6eb94dcb64eedc2a2) Importer(2089858483,0ecaa5967403d082aa24f35e1b516d23) Generated GUIDs only implemented for interfaces!
 -> (artifact id: '1fc4b235f3ff70bf83f467a0a8371a1f') in 0.046692 seconds
Number of updated asset objects reloaded before import = 0
Number of asset objects unloaded after import = 1
========================================================================
Received Import Request.
  Time since last request: 0.000022 seconds.
  path: Assets/Terrains/TerrainSampleAssets/Textures/Terrain/Muddy_BaseColor.tif
  artifactKey: Guid(0293147bf827f184ba952f4dd99ef6f7) Importer(2089858483,0ecaa5967403d082aa24f35e1b516d23)
Start importing Assets/Terrains/TerrainSampleAssets/Textures/Terrain/Muddy_BaseColor.tif using Guid(0293147bf827f184ba952f4dd99ef6f7) Importer(2089858483,0ecaa5967403d082aa24f35e1b516d23) Generated GUIDs only implemented for interfaces!
 -> (artifact id: '2f5d0d14342426ef6842156a3d3db564') in 0.103180 seconds
Number of updated asset objects reloaded before import = 0
Number of asset objects unloaded after import = 1
========================================================================
Received Import Request.
  Time since last request: 0.000019 seconds.
  path: Assets/Animations/unity-chan!/Unity-chan! Model/Audio/Voice/univ0041.wav
  artifactKey: Guid(ee51d876c275d4d60bded73b21ff3922) Importer(2089858483,0ecaa5967403d082aa24f35e1b516d23)
Start importing Assets/Animations/unity-chan!/Unity-chan! Model/Audio/Voice/univ0041.wav using Guid(ee51d876c275d4d60bded73b21ff3922) Importer(2089858483,0ecaa5967403d082aa24f35e1b516d23) Generated GUIDs only implemented for interfaces!
 -> (artifact id: '8feae90cfc3cbb70900ed567861497e3') in 0.054275 seconds
Number of updated asset objects reloaded before import = 0
Number of asset objects unloaded after import = 1
========================================================================
Received Import Request.
  Time since last request: 0.000037 seconds.
  path: Assets/Terrains/TerrainSampleAssets/ShaderGraphs/Subgraphs/DistanceCutoff.shadersubgraph
  artifactKey: Guid(6c605407cd6fa244f8ff68955ae4b09f) Importer(2089858483,0ecaa5967403d082aa24f35e1b516d23)
Start importing Assets/Terrains/TerrainSampleAssets/ShaderGraphs/Subgraphs/DistanceCutoff.shadersubgraph using Guid(6c605407cd6fa244f8ff68955ae4b09f) Importer(2089858483,0ecaa5967403d082aa24f35e1b516d23) Generated GUIDs only implemented for interfaces!
 -> (artifact id: '59cb81da2c22639f2edc60c4c5251bfc') in 0.029118 seconds
Number of updated asset objects reloaded before import = 0
Number of asset objects unloaded after import = 1
========================================================================
Received Import Request.
  Time since last request: 0.000015 seconds.
  path: Assets/Terrains/TerrainSampleAssets/Textures/Details/Grass_C_BaseColor.tif
  artifactKey: Guid(696617d4dc7551d4cb58b7f30d022160) Importer(2089858483,0ecaa5967403d082aa24f35e1b516d23)
Start importing Assets/Terrains/TerrainSampleAssets/Textures/Details/Grass_C_BaseColor.tif using Guid(696617d4dc7551d4cb58b7f30d022160) Importer(2089858483,0ecaa5967403d082aa24f35e1b516d23) Generated GUIDs only implemented for interfaces!
 -> (artifact id: 'ff846a843c7af8cbe0bfc64de03a367b') in 0.029743 seconds
Number of updated asset objects reloaded before import = 0
Number of asset objects unloaded after import = 1
========================================================================
Received Import Request.
  Time since last request: 0.000015 seconds.
  path: Assets/Terrains/TerrainSampleAssets/Textures/Terrain/Pebbles_B_BaseColor.tif
  artifactKey: Guid(a964397b49cc91c4e8e4d44bc6a65520) Importer(2089858483,0ecaa5967403d082aa24f35e1b516d23)
Start importing Assets/Terrains/TerrainSampleAssets/Textures/Terrain/Pebbles_B_BaseColor.tif using Guid(a964397b49cc91c4e8e4d44bc6a65520) Importer(2089858483,0ecaa5967403d082aa24f35e1b516d23) Generated GUIDs only implemented for interfaces!
 -> (artifact id: 'a74b0fe68bfb73b3c1eb7a3a9a02c5ca') in 0.110095 seconds
Number of updated asset objects reloaded before import = 0
Number of asset objects unloaded after import = 1
========================================================================
Received Import Request.
  Time since last request: 0.000025 seconds.
  path: Assets/Animations/unity-chan!/Unity-chan! Model/Audio/Voice/univ0035.wav
  artifactKey: Guid(2a97d0e4a0e72482496968572f000b28) Importer(2089858483,0ecaa5967403d082aa24f35e1b516d23)
Start importing Assets/Animations/unity-chan!/Unity-chan! Model/Audio/Voice/univ0035.wav using Guid(2a97d0e4a0e72482496968572f000b28) Importer(2089858483,0ecaa5967403d082aa24f35e1b516d23) Generated GUIDs only implemented for interfaces!
 -> (artifact id: 'f8ef585b7ed83352a1e710bb9272299f') in 0.047681 seconds
Number of updated asset objects reloaded before import = 0
Number of asset objects unloaded after import = 1
========================================================================
Received Import Request.
  Time since last request: 0.000031 seconds.
  path: Assets/Terrains/TerrainSampleAssets/TerrainLayers/Rock_TerrainLayer.terrainlayer
  artifactKey: Guid(c997c17aa360cb749a27932fe3bdfcce) Importer(2089858483,0ecaa5967403d082aa24f35e1b516d23)
Start importing Assets/Terrains/TerrainSampleAssets/TerrainLayers/Rock_TerrainLayer.terrainlayer using Guid(c997c17aa360cb749a27932fe3bdfcce) Importer(2089858483,0ecaa5967403d082aa24f35e1b516d23) Generated GUIDs only implemented for interfaces!
 -> (artifact id: 'ebb98717a5de07de43cff8475a1345bc') in 0.023093 seconds
Number of updated asset objects reloaded before import = 0
Number of asset objects unloaded after import = 1
========================================================================
Received Import Request.
  Time since last request: 0.000016 seconds.
  path: Assets/Terrains/TerrainSampleAssets/Textures/Terrain/Grass_Moss_MaskMap.tif
  artifactKey: Guid(80029a9364019454b99a6f89281f0b15) Importer(2089858483,0ecaa5967403d082aa24f35e1b516d23)
Start importing Assets/Terrains/TerrainSampleAssets/Textures/Terrain/Grass_Moss_MaskMap.tif using Guid(80029a9364019454b99a6f89281f0b15) Importer(2089858483,0ecaa5967403d082aa24f35e1b516d23) Generated GUIDs only implemented for interfaces!
 -> (artifact id: '037d6f8150444aafc9d72ab521573c50') in 0.102828 seconds
Number of updated asset objects reloaded before import = 0
Number of asset objects unloaded after import = 1
========================================================================
Received Import Request.
  Time since last request: 0.000020 seconds.
  path: Assets/Models/HQ Rocks/Materials/Rock_6_v2.mat
  artifactKey: Guid(e04ab135d0c3c3a42b995d31f7b8511b) Importer(2089858483,0ecaa5967403d082aa24f35e1b516d23)
Start importing Assets/Models/HQ Rocks/Materials/Rock_6_v2.mat using Guid(e04ab135d0c3c3a42b995d31f7b8511b) Importer(2089858483,0ecaa5967403d082aa24f35e1b516d23) Generated GUIDs only implemented for interfaces!
 -> (artifact id: '062bc37d6d5f115109efe181083af6b7') in 0.177188 seconds
Number of updated asset objects reloaded before import = 0
Number of asset objects unloaded after import = 5
========================================================================
Received Import Request.
  Time since last request: 0.000023 seconds.
  path: Assets/StarterAssets/ThirdPersonController/Character/Textures/Armature_Arms_AlbedoTransparency.tif
  artifactKey: Guid(c6dc62700fa06274b9608a9fce8ed21b) Importer(2089858483,0ecaa5967403d082aa24f35e1b516d23)
Start importing Assets/StarterAssets/ThirdPersonController/Character/Textures/Armature_Arms_AlbedoTransparency.tif using Guid(c6dc62700fa06274b9608a9fce8ed21b) Importer(2089858483,0ecaa5967403d082aa24f35e1b516d23) Generated GUIDs only implemented for interfaces!
 -> (artifact id: 'a0bc438d3345429f999178b3a60c411a') in 0.045283 seconds
Number of updated asset objects reloaded before import = 0
Number of asset objects unloaded after import = 1
========================================================================
Received Import Request.
  Time since last request: 0.000032 seconds.
  path: Assets/Prefabs/Mushroom Prefabs/Mushroom Green.prefab
  artifactKey: Guid(d9ce76a5000239a4c9a7330a52fca615) Importer(2089858483,0ecaa5967403d082aa24f35e1b516d23)
Start importing Assets/Prefabs/Mushroom Prefabs/Mushroom Green.prefab using Guid(d9ce76a5000239a4c9a7330a52fca615) Importer(2089858483,0ecaa5967403d082aa24f35e1b516d23) Generated GUIDs only implemented for interfaces!
 -> (artifact id: '30b13128d2fa19e3fa0e2834c6bf1fdc') in 0.017036 seconds
Number of updated asset objects reloaded before import = 0
Number of asset objects unloaded after import = 17
========================================================================
Received Import Request.
  Time since last request: 0.000018 seconds.
  path: Assets/Textures/voronoi-noise.jpg
  artifactKey: Guid(13c8bed27d3e6724190117b27a87eeff) Importer(2089858483,0ecaa5967403d082aa24f35e1b516d23)
Start importing Assets/Textures/voronoi-noise.jpg using Guid(13c8bed27d3e6724190117b27a87eeff) Importer(2089858483,0ecaa5967403d082aa24f35e1b516d23) Generated GUIDs only implemented for interfaces!
 -> (artifact id: '327c91af6e88cc231030d697608c3476') in 0.043921 seconds
Number of updated asset objects reloaded before import = 0
Number of asset objects unloaded after import = 1
========================================================================
Received Import Request.
  Time since last request: 0.000015 seconds.
  path: Assets/Scripts/CameraChanger.cs
  artifactKey: Guid(576fcc8b1b9bbe348be6e8a15b43de14) Importer(2089858483,0ecaa5967403d082aa24f35e1b516d23)
Start importing Assets/Scripts/CameraChanger.cs using Guid(576fcc8b1b9bbe348be6e8a15b43de14) Importer(2089858483,0ecaa5967403d082aa24f35e1b516d23) Generated GUIDs only implemented for interfaces!
 -> (artifact id: '0f2d608ea5a93b08038295db3e99e0fe') in 0.031857 seconds
Number of updated asset objects reloaded before import = 0
Number of asset objects unloaded after import = 1
========================================================================
Received Import Request.
  Time since last request: 0.000021 seconds.
  path: Assets/Models/HQ Rocks/Materials/Rock_8_v3.mat
  artifactKey: Guid(57a5c2d3666b1c84492c5f6b640bd131) Importer(2089858483,0ecaa5967403d082aa24f35e1b516d23)
Start importing Assets/Models/HQ Rocks/Materials/Rock_8_v3.mat using Guid(57a5c2d3666b1c84492c5f6b640bd131) Importer(2089858483,0ecaa5967403d082aa24f35e1b516d23) Generated GUIDs only implemented for interfaces!
 -> (artifact id: '88adf211bd37247e4e033923c100d523') in 0.257354 seconds
Number of updated asset objects reloaded before import = 0
Number of asset objects unloaded after import = 5
========================================================================
Received Import Request.
  Time since last request: 0.000023 seconds.
  path: Assets/Textures/Sand textures pack/Sand 06/preview.jpg
  artifactKey: Guid(800b1d610410f27449fc9f5c5eadc7bc) Importer(2089858483,0ecaa5967403d082aa24f35e1b516d23)
Start importing Assets/Textures/Sand textures pack/Sand 06/preview.jpg using Guid(800b1d610410f27449fc9f5c5eadc7bc) Importer(2089858483,0ecaa5967403d082aa24f35e1b516d23) Generated GUIDs only implemented for interfaces!
 -> (artifact id: '08ae172827262b98f45c8a7b3265868d') in 0.035420 seconds
Number of updated asset objects reloaded before import = 0
Number of asset objects unloaded after import = 1
========================================================================
Received Import Request.
  Time since last request: 0.217719 seconds.
  path: Assets/StarterAssets/Environment/RenderPipelineProfiles/StarterAssetsURPAsset.asset
  artifactKey: Guid(f48f873ae78af40b9a7b8220a8c6f95f) Importer(2089858483,0ecaa5967403d082aa24f35e1b516d23)
Start importing Assets/StarterAssets/Environment/RenderPipelineProfiles/StarterAssetsURPAsset.asset using Guid(f48f873ae78af40b9a7b8220a8c6f95f) Importer(2089858483,0ecaa5967403d082aa24f35e1b516d23) Generated GUIDs only implemented for interfaces!
 -> (artifact id: '31bbc3c438d35e657f4b18090133cc24') in 0.038588 seconds
Number of updated asset objects reloaded before import = 0
Number of asset objects unloaded after import = 2
========================================================================
Received Import Request.
  Time since last request: 0.000015 seconds.
  path: Assets/Fonts/Retro Pixel SDF.asset
  artifactKey: Guid(b5f1caad9a907aa41b739e3b86712fc0) Importer(2089858483,0ecaa5967403d082aa24f35e1b516d23)
Start importing Assets/Fonts/Retro Pixel SDF.asset using Guid(b5f1caad9a907aa41b739e3b86712fc0) Importer(2089858483,0ecaa5967403d082aa24f35e1b516d23) Generated GUIDs only implemented for interfaces!
 -> (artifact id: '8311c34aa241e807adf66fe40f8da536') in 0.058118 seconds
Number of updated asset objects reloaded before import = 0
Number of asset objects unloaded after import = 5
========================================================================
Received Import Request.
  Time since last request: 0.000021 seconds.
  path: Assets/Textures/UI Textures/mushroom pink.png
  artifactKey: Guid(326bb3b815c737e4591c5333cdd2be7c) Importer(2089858483,0ecaa5967403d082aa24f35e1b516d23)
Start importing Assets/Textures/UI Textures/mushroom pink.png using Guid(326bb3b815c737e4591c5333cdd2be7c) Importer(2089858483,0ecaa5967403d082aa24f35e1b516d23) Generated GUIDs only implemented for interfaces!
 -> (artifact id: 'afe8a2fcc1d86b8f897412afc3e8cde4') in 0.056781 seconds
Number of updated asset objects reloaded before import = 0
Number of asset objects unloaded after import = 1
========================================================================
Received Import Request.
  Time since last request: 0.000024 seconds.
  path: Assets/Animations/unity-chan!/Unity-chan! Model/Prefabs/Locator_IKtarget.prefab
  artifactKey: Guid(88eeda7d3a9f2492da9213d1c1ab46d0) Importer(2089858483,0ecaa5967403d082aa24f35e1b516d23)
Start importing Assets/Animations/unity-chan!/Unity-chan! Model/Prefabs/Locator_IKtarget.prefab using Guid(88eeda7d3a9f2492da9213d1c1ab46d0) Importer(2089858483,0ecaa5967403d082aa24f35e1b516d23) Generated GUIDs only implemented for interfaces!
 -> (artifact id: '3f9653c426a2403deb7e11c3c92ae77f') in 0.025683 seconds
Number of updated asset objects reloaded before import = 0
Number of asset objects unloaded after import = 9
========================================================================
Received Import Request.
  Time since last request: 0.000025 seconds.
  path: Assets/Prefabs/Mushroom Prefabs/M_11718.mat
  artifactKey: Guid(e8aa85f972e13684da4afc21e9431970) Importer(815301076,1909f56bfc062723c751e8b465ee728b)
Start importing Assets/Prefabs/Mushroom Prefabs/M_11718.mat using Guid(e8aa85f972e13684da4afc21e9431970) Importer(815301076,1909f56bfc062723c751e8b465ee728b)  -> (artifact id: 'c4cbe6f17b2dcbdd8c338e7d629b3ec0') in 0.001488 seconds
Number of updated asset objects reloaded before import = 0
Number of asset objects unloaded after import = 1
========================================================================
Received Import Request.
  Time since last request: 0.000012 seconds.
  path: Assets/Terrains/TerrainSampleAssets/Models/Grass_C.asset
  artifactKey: Guid(e4775a09ccd762a42b26cb448a2763f0) Importer(2089858483,0ecaa5967403d082aa24f35e1b516d23)
Start importing Assets/Terrains/TerrainSampleAssets/Models/Grass_C.asset using Guid(e4775a09ccd762a42b26cb448a2763f0) Importer(2089858483,0ecaa5967403d082aa24f35e1b516d23) Generated GUIDs only implemented for interfaces!
 -> (artifact id: '1b2236ff687fb966ce7f9ba6598c9cdf') in 0.014949 seconds
Number of updated asset objects reloaded before import = 0
Number of asset objects unloaded after import = 1
========================================================================
Received Import Request.
  Time since last request: 0.000020 seconds.
  path: Assets/Terrains/TerrainSampleAssets/Textures/Heightmaps/Island01_Heightmap.tif
  artifactKey: Guid(043a3cc82df9fb94aba4f90d2009efc7) Importer(2089858483,0ecaa5967403d082aa24f35e1b516d23)
Start importing Assets/Terrains/TerrainSampleAssets/Textures/Heightmaps/Island01_Heightmap.tif using Guid(043a3cc82df9fb94aba4f90d2009efc7) Importer(2089858483,0ecaa5967403d082aa24f35e1b516d23) Generated GUIDs only implemented for interfaces!
 -> (artifact id: '16f2af1867d75620afb3c0d370026100') in 0.037698 seconds
Number of updated asset objects reloaded before import = 0
Number of asset objects unloaded after import = 1
========================================================================
Received Import Request.
  Time since last request: 0.000016 seconds.
  path: Assets/Scenes/StonedApe_Level1/GlobalVolumeProfile.asset
  artifactKey: Guid(6ba0f005d68ac0b46b6fe783334c8b29) Importer(2089858483,0ecaa5967403d082aa24f35e1b516d23)
Start importing Assets/Scenes/StonedApe_Level1/GlobalVolumeProfile.asset using Guid(6ba0f005d68ac0b46b6fe783334c8b29) Importer(2089858483,0ecaa5967403d082aa24f35e1b516d23) Generated GUIDs only implemented for interfaces!
 -> (artifact id: '3f5e8782e646439a798a2e58ffca2924') in 0.025579 seconds
Number of updated asset objects reloaded before import = 0
Number of asset objects unloaded after import = 4
========================================================================
Received Import Request.
  Time since last request: 0.000017 seconds.
  path: Assets/Terrains/_TerrainAutoUpgrade/layer_Ground_AGround_N3d3aba195e4d26ee.terrainlayer
  artifactKey: Guid(f798ccb9fea044843878dd21edd8a76f) Importer(2089858483,0ecaa5967403d082aa24f35e1b516d23)
Start importing Assets/Terrains/_TerrainAutoUpgrade/layer_Ground_AGround_N3d3aba195e4d26ee.terrainlayer using Guid(f798ccb9fea044843878dd21edd8a76f) Importer(2089858483,0ecaa5967403d082aa24f35e1b516d23) Generated GUIDs only implemented for interfaces!
 -> (artifact id: 'da877c525b890662caf9020f9d7ea7b9') in 0.046352 seconds
Number of updated asset objects reloaded before import = 0
Number of asset objects unloaded after import = 3
========================================================================
Received Import Request.
  Time since last request: 0.000018 seconds.
  path: Assets/Terrains/TerrainSampleAssets/ShaderGraphs/Subgraphs/Wind.shadersubgraph
  artifactKey: Guid(43040687acbef31438764c0a962e143f) Importer(2089858483,0ecaa5967403d082aa24f35e1b516d23)
Start importing Assets/Terrains/TerrainSampleAssets/ShaderGraphs/Subgraphs/Wind.shadersubgraph using Guid(43040687acbef31438764c0a962e143f) Importer(2089858483,0ecaa5967403d082aa24f35e1b516d23) Generated GUIDs only implemented for interfaces!
 -> (artifact id: '5e176bdd1f854676ef7a2bec23bfbd21') in 0.031560 seconds
Number of updated asset objects reloaded before import = 0
Number of asset objects unloaded after import = 1
========================================================================
Received Import Request.
  Time since last request: 0.000022 seconds.
  path: Assets/_TerrainAutoUpgrade/layer_Ground_AGround_N3d3aba195e4d26ee.terrainlayer
  artifactKey: Guid(a918ea8b8f4e2fd4da58442a741391e8) Importer(2089858483,0ecaa5967403d082aa24f35e1b516d23)
Start importing Assets/_TerrainAutoUpgrade/layer_Ground_AGround_N3d3aba195e4d26ee.terrainlayer using Guid(a918ea8b8f4e2fd4da58442a741391e8) Importer(2089858483,0ecaa5967403d082aa24f35e1b516d23) Generated GUIDs only implemented for interfaces!
 -> (artifact id: '7b3c08bed507419f2b3febd5a818f0fe') in 0.021775 seconds
Number of updated asset objects reloaded before import = 0
Number of asset objects unloaded after import = 3
========================================================================
Received Import Request.
  Time since last request: 0.000014 seconds.
  path: Assets/Animations/unity-chan!/Unity-chan! Model/Prefabs/BoxUnityChan.prefab
  artifactKey: Guid(6788413dff62c534d8ca610faef3c7a2) Importer(2089858483,0ecaa5967403d082aa24f35e1b516d23)
Start importing Assets/Animations/unity-chan!/Unity-chan! Model/Prefabs/BoxUnityChan.prefab using Guid(6788413dff62c534d8ca610faef3c7a2) Importer(2089858483,0ecaa5967403d082aa24f35e1b516d23) Generated GUIDs only implemented for interfaces!
 -> (artifact id: '60e30629464ddda3207cd520fac92a7f') in 0.031977 seconds
Number of updated asset objects reloaded before import = 0
Number of asset objects unloaded after import = 419
========================================================================
Received Import Request.
  Time since last request: 0.000016 seconds.
  path: Assets/Audio/Sounds (One Shot)/force-field-2.wav
  artifactKey: Guid(5579d57af915e9f4b87f275ebc999f01) Importer(2089858483,0ecaa5967403d082aa24f35e1b516d23)
Start importing Assets/Audio/Sounds (One Shot)/force-field-2.wav using Guid(5579d57af915e9f4b87f275ebc999f01) Importer(2089858483,0ecaa5967403d082aa24f35e1b516d23) Generated GUIDs only implemented for interfaces!
 -> (artifact id: '3ea75fa48f6637aff4723efc3b63a4d2') in 0.088204 seconds
Number of updated asset objects reloaded before import = 0
Number of asset objects unloaded after import = 1
========================================================================
Received Import Request.
  Time since last request: 0.000017 seconds.
  path: Assets/Textures/UI Textures/pink-sprite.png
  artifactKey: Guid(2d443f6c545c1734eaab5528a16b8890) Importer(2089858483,0ecaa5967403d082aa24f35e1b516d23)
Start importing Assets/Textures/UI Textures/pink-sprite.png using Guid(2d443f6c545c1734eaab5528a16b8890) Importer(2089858483,0ecaa5967403d082aa24f35e1b516d23) Generated GUIDs only implemented for interfaces!
 -> (artifact id: '81ad5f0bae2b6d139ca3e3742bbcee0f') in 0.036048 seconds
Number of updated asset objects reloaded before import = 0
Number of asset objects unloaded after import = 1
========================================================================
Received Import Request.
  Time since last request: 0.000027 seconds.
  path: Assets/TextMesh Pro/Shaders/TMP_SDF-Surface-Mobile.shader
  artifactKey: Guid(85187c2149c549c5b33f0cdb02836b17) Importer(2089858483,0ecaa5967403d082aa24f35e1b516d23)
Start importing Assets/TextMesh Pro/Shaders/TMP_SDF-Surface-Mobile.shader using Guid(85187c2149c549c5b33f0cdb02836b17) Importer(2089858483,0ecaa5967403d082aa24f35e1b516d23) Generated GUIDs only implemented for interfaces!
 -> (artifact id: '736dbb6ceda3d2f9b395511963ad8438') in 0.040701 seconds
Number of updated asset objects reloaded before import = 0
Number of asset objects unloaded after import = 1
========================================================================
Received Import Request.
  Time since last request: 0.000017 seconds.
  path: Assets/StarterAssets/ThirdPersonController/Character/Animations/Locomotion--Walk_N.anim.fbx
  artifactKey: Guid(8269a9f8cf495034c817722ac21f309f) Importer(2089858483,0ecaa5967403d082aa24f35e1b516d23)
Start importing Assets/StarterAssets/ThirdPersonController/Character/Animations/Locomotion--Walk_N.anim.fbx using Guid(8269a9f8cf495034c817722ac21f309f) Importer(2089858483,0ecaa5967403d082aa24f35e1b516d23) Generated GUIDs only implemented for interfaces!
 -> (artifact id: '9830d91b1cc13fe9c8b214cc9f18e13f') in 0.032678 seconds
Number of updated asset objects reloaded before import = 0
Number of asset objects unloaded after import = 144
========================================================================
Received Import Request.
  Time since last request: 0.000015 seconds.
  path: Assets/StarterAssets/ThirdPersonController/Scenes/Playground/LightingData.asset
  artifactKey: Guid(51e8050f26ab504469d218c927558c5e) Importer(2089858483,0ecaa5967403d082aa24f35e1b516d23)
Start importing Assets/StarterAssets/ThirdPersonController/Scenes/Playground/LightingData.asset using Guid(51e8050f26ab504469d218c927558c5e) Importer(2089858483,0ecaa5967403d082aa24f35e1b516d23) Generated GUIDs only implemented for interfaces!
 -> (artifact id: '805151e807c119944efa1e3e6eeab4d8') in 0.031790 seconds
Number of updated asset objects reloaded before import = 0
Number of asset objects unloaded after import = 2
========================================================================
Received Import Request.
  Time since last request: 0.000015 seconds.
  path: Assets/StarterAssets/ThirdPersonController/Character/Textures/Armature_Arms_RGB.tif
  artifactKey: Guid(9b46b2c2f21deb843b7ac9242d5f13e6) Importer(2089858483,0ecaa5967403d082aa24f35e1b516d23)
Start importing Assets/StarterAssets/ThirdPersonController/Character/Textures/Armature_Arms_RGB.tif using Guid(9b46b2c2f21deb843b7ac9242d5f13e6) Importer(2089858483,0ecaa5967403d082aa24f35e1b516d23) Generated GUIDs only implemented for interfaces!
 -> (artifact id: '5cd37a248f9e9347eca9d5ea7c1700ad') in 0.096847 seconds
Number of updated asset objects reloaded before import = 0
Number of asset objects unloaded after import = 1
========================================================================
Received Import Request.
  Time since last request: 0.000018 seconds.
  path: Assets/Terrains/TerrainSampleAssets/Textures/Terrain/Black_Sand_BaseColor.tif
  artifactKey: Guid(5080e12c2be0b0e459bee665b3cdcf9b) Importer(2089858483,0ecaa5967403d082aa24f35e1b516d23)
Start importing Assets/Terrains/TerrainSampleAssets/Textures/Terrain/Black_Sand_BaseColor.tif using Guid(5080e12c2be0b0e459bee665b3cdcf9b) Importer(2089858483,0ecaa5967403d082aa24f35e1b516d23) Generated GUIDs only implemented for interfaces!
 -> (artifact id: '6382e49a615621dc476d98a714b339f2') in 0.094671 seconds
Number of updated asset objects reloaded before import = 0
Number of asset objects unloaded after import = 1
========================================================================
Received Import Request.
  Time since last request: 91.778675 seconds.
  path: Assets/Scripts/StonedApeRunner
  artifactKey: Guid(ecb75195ab611e24a8d27d409d4abab6) Importer(815301076,1909f56bfc062723c751e8b465ee728b)
Start importing Assets/Scripts/StonedApeRunner using Guid(ecb75195ab611e24a8d27d409d4abab6) Importer(815301076,1909f56bfc062723c751e8b465ee728b)  -> (artifact id: '83f945532e82431849a4036995ca9dd7') in 0.000790 seconds
Number of updated asset objects reloaded before import = 0
Number of asset objects unloaded after import = 0
========================================================================
Received Import Request.
  Time since last request: 41.480977 seconds.
  path: Assets/Prefabs/Mushroom Prefabs/Mushroom (Red).prefab
  artifactKey: Guid(2c7e904275666d3448867999989d5471) Importer(815301076,1909f56bfc062723c751e8b465ee728b)
Start importing Assets/Prefabs/Mushroom Prefabs/Mushroom (Red).prefab using Guid(2c7e904275666d3448867999989d5471) Importer(815301076,1909f56bfc062723c751e8b465ee728b)  -> (artifact id: 'dc1056bc95ad95657c568d435d16966c') in 0.003127 seconds
Number of updated asset objects reloaded before import = 0
Number of asset objects unloaded after import = 24
========================================================================
Received Prepare
Refreshing native plugins compatible for Editor in 5.32 ms, found 6 plugins.
Preloading 0 native plugins for Editor in 0.00 ms.
Unloading 128 Unused Serialized files (Serialized files now loaded: 0)
Unloading 128 unused Assets / (13.4 MB). Loaded Objects now: 8089.
Memory consumption went from 176.7 MB to 163.4 MB.
Total: 13.756600 ms (FindLiveObjects: 0.632400 ms CreateObjectMapping: 0.673300 ms MarkObjects: 9.224400 ms  DeleteObjects: 3.224800 ms)

Prepare: number of updated asset objects reloaded= 0
AssetImportParameters requested are different than current active one (requested -> active):
  custom:container-demuxer-ogg: 62fdf1f143b41e24485cea50d1cbac27 -> 
  custom:framework-win-MediaFoundation: 216162199b28c13a410421893ffa2e32 -> 
  custom:container-muxer-webm: aa71ff27fc2769a1b78a27578f13a17b -> 
  custom:video-decoder-webm-vp8: 9c59270c3fd7afecdb556c50c9e8de78 -> 
  custom:SearchIndexIgnoredProperties: e643bd26f0fe6173181afceb89e7c659 -> 
  custom:AudioImporter_EditorPlatform: d09bf68614088b80899f8185d706f6e7 -> 
  custom:audio-decoder-ogg-vorbis: bf7c407c2cedff20999df2af8eb42d56 -> 
  custom:audio-encoder-webm-vorbis: bf7c407c2cedff20999df2af8eb42d56 -> 
  custom:video-codec-MediaFoundation-h265: 746d11721c4dcdbdad8f713fa42b33f4 -> 
  custom:video-decoder-ogg-theora: a1e56fd34408186e4bbccfd4996cb3dc -> 
  custom:CustomObjectIndexerAttribute: a3ef5dd2817f97addfee359851a9dba5 -> 
  custom:container-demuxer-webm: 4f35f7cbe854078d1ac9338744f61a02 -> 
  custom:video-encoder-webm-vp8: eb34c28f22e8b96e1ab97ce403110664 -> 
========================================================================
Received Import Request.
  Time since last request: 75.901148 seconds.
  path: Assets/Scripts/TriggerMushrooms.cs
  artifactKey: Guid(aca0cc26375fc2c44a6f8a4786431c25) Importer(2089858483,0ecaa5967403d082aa24f35e1b516d23)
Start importing Assets/Scripts/TriggerMushrooms.cs using Guid(aca0cc26375fc2c44a6f8a4786431c25) Importer(2089858483,0ecaa5967403d082aa24f35e1b516d23) Generated GUIDs only implemented for interfaces!
 -> (artifact id: 'f5e37886ab7f57a0354a4944e7bc8b02') in 0.038725 seconds
Number of updated asset objects reloaded before import = 0
Number of asset objects unloaded after import = 1
========================================================================
Received Prepare
Begin MonoManager ReloadAssembly
Symbol file LoadedFromMemory doesn't match image C:\Users\PIMG\Documents\GitHub\Stoned-Ape-Runner\Stoned Ape Runner\Library\PackageCache\com.unity.visualscripting@1.8.0\Editor\VisualScripting.Core\Dependencies\YamlDotNet\Unity.VisualScripting.YamlDotNet.dll
Symbol file LoadedFromMemory doesn't match image C:\Users\PIMG\Documents\GitHub\Stoned-Ape-Runner\Stoned Ape Runner\Library\PackageCache\com.unity.visualscripting@1.8.0\Editor\VisualScripting.Core\Dependencies\DotNetZip\Unity.VisualScripting.IonicZip.dll
- Loaded All Assemblies, in  1.056 seconds
Refreshing native plugins compatible for Editor in 5.89 ms, found 6 plugins.
Native extension for WindowsStandalone target not found
Mono: successfully reloaded assembly
- Finished resetting the current domain, in  2.730 seconds
Domain Reload Profiling: 3783ms
	BeginReloadAssembly (218ms)
		ExecutionOrderSort (0ms)
		DisableScriptedObjects (7ms)
		BackupInstance (0ms)
		ReleaseScriptingObjects (0ms)
		CreateAndSetChildDomain (85ms)
	RebuildCommonClasses (44ms)
	RebuildNativeTypeToScriptingClass (17ms)
	initialDomainReloadingComplete (38ms)
	LoadAllAssembliesAndSetupDomain (734ms)
		LoadAssemblies (387ms)
		RebuildTransferFunctionScriptingTraits (0ms)
		AnalyzeDomain (420ms)
			TypeCache.Refresh (386ms)
				TypeCache.ScanAssembly (370ms)
			ScanForSourceGeneratedMonoScriptInfo (16ms)
			ResolveRequiredComponents (18ms)
	FinalizeReload (2731ms)
		ReleaseScriptCaches (0ms)
		RebuildScriptCaches (0ms)
		SetupLoadedEditorAssemblies (720ms)
			LogAssemblyErrors (0ms)
			InitializePlatformSupportModulesInManaged (8ms)
			SetLoadedEditorAssemblies (5ms)
			RefreshPlugins (0ms)
			BeforeProcessingInitializeOnLoad (105ms)
			ProcessInitializeOnLoadAttributes (562ms)
			ProcessInitializeOnLoadMethodAttributes (30ms)
			AfterProcessingInitializeOnLoad (10ms)
			EditorAssembliesLoaded (0ms)
		ExecutionOrderSort2 (0ms)
		AwakeInstancesAfterBackupRestoration (16ms)
Refreshing native plugins compatible for Editor in 5.09 ms, found 6 plugins.
Preloading 0 native plugins for Editor in 0.00 ms.
Unloading 7354 Unused Serialized files (Serialized files now loaded: 0)
Unloading 188 unused Assets / (13.1 MB). Loaded Objects now: 8105.
Memory consumption went from 286.0 MB to 272.9 MB.
Total: 6.714600 ms (FindLiveObjects: 0.628700 ms CreateObjectMapping: 0.564500 ms MarkObjects: 3.320000 ms  DeleteObjects: 2.200700 ms)

Prepare: number of updated asset objects reloaded= 0
AssetImportParameters requested are different than current active one (requested -> active):
  custom:container-demuxer-ogg: 62fdf1f143b41e24485cea50d1cbac27 -> 
  custom:framework-win-MediaFoundation: 216162199b28c13a410421893ffa2e32 -> 
  custom:container-muxer-webm: aa71ff27fc2769a1b78a27578f13a17b -> 
  custom:video-decoder-webm-vp8: 9c59270c3fd7afecdb556c50c9e8de78 -> 
  custom:SearchIndexIgnoredProperties: e643bd26f0fe6173181afceb89e7c659 -> 
  custom:AudioImporter_EditorPlatform: d09bf68614088b80899f8185d706f6e7 -> 
  custom:audio-decoder-ogg-vorbis: bf7c407c2cedff20999df2af8eb42d56 -> 
  custom:audio-encoder-webm-vorbis: bf7c407c2cedff20999df2af8eb42d56 -> 
  custom:video-codec-MediaFoundation-h265: 746d11721c4dcdbdad8f713fa42b33f4 -> 
  custom:video-decoder-ogg-theora: a1e56fd34408186e4bbccfd4996cb3dc -> 
  custom:CustomObjectIndexerAttribute: a3ef5dd2817f97addfee359851a9dba5 -> 
  custom:container-demuxer-webm: 4f35f7cbe854078d1ac9338744f61a02 -> 
  custom:video-encoder-webm-vp8: eb34c28f22e8b96e1ab97ce403110664 -> 
========================================================================
Received Import Request.
  Time since last request: 119.377924 seconds.
  path: Assets/Prefabs/Mushroom Prefabs/Mushroom (Yellow).prefab
  artifactKey: Guid(44597beb849b14949a1f160b257874ef) Importer(815301076,1909f56bfc062723c751e8b465ee728b)
Start importing Assets/Prefabs/Mushroom Prefabs/Mushroom (Yellow).prefab using Guid(44597beb849b14949a1f160b257874ef) Importer(815301076,1909f56bfc062723c751e8b465ee728b)  -> (artifact id: 'e1422d7671204318e353fbb12f791078') in 0.015678 seconds
Number of updated asset objects reloaded before import = 0
Number of asset objects unloaded after import = 24
========================================================================
Received Import Request.
  Time since last request: 7.840164 seconds.
  path: Assets/Scripts/TriggerAnimation.cs
  artifactKey: Guid(a6a17dd5dca98cd4d896b6252ef4d25a) Importer(815301076,1909f56bfc062723c751e8b465ee728b)
Start importing Assets/Scripts/TriggerAnimation.cs using Guid(a6a17dd5dca98cd4d896b6252ef4d25a) Importer(815301076,1909f56bfc062723c751e8b465ee728b)  -> (artifact id: '068602d217c8b2ea53797f5c64e4d1cd') in 0.000629 seconds
Number of updated asset objects reloaded before import = 0
Number of asset objects unloaded after import = 0
========================================================================
Received Prepare
Begin MonoManager ReloadAssembly
Symbol file LoadedFromMemory doesn't match image C:\Users\PIMG\Documents\GitHub\Stoned-Ape-Runner\Stoned Ape Runner\Library\PackageCache\com.unity.visualscripting@1.8.0\Editor\VisualScripting.Core\Dependencies\YamlDotNet\Unity.VisualScripting.YamlDotNet.dll
Symbol file LoadedFromMemory doesn't match image C:\Users\PIMG\Documents\GitHub\Stoned-Ape-Runner\Stoned Ape Runner\Library\PackageCache\com.unity.visualscripting@1.8.0\Editor\VisualScripting.Core\Dependencies\DotNetZip\Unity.VisualScripting.IonicZip.dll
- Loaded All Assemblies, in  0.939 seconds
Refreshing native plugins compatible for Editor in 8.30 ms, found 6 plugins.
Native extension for WindowsStandalone target not found
Mono: successfully reloaded assembly
- Finished resetting the current domain, in  1.879 seconds
Domain Reload Profiling: 2814ms
	BeginReloadAssembly (192ms)
		ExecutionOrderSort (0ms)
		DisableScriptedObjects (7ms)
		BackupInstance (0ms)
		ReleaseScriptingObjects (0ms)
		CreateAndSetChildDomain (52ms)
	RebuildCommonClasses (37ms)
	RebuildNativeTypeToScriptingClass (13ms)
	initialDomainReloadingComplete (39ms)
	LoadAllAssembliesAndSetupDomain (653ms)
		LoadAssemblies (322ms)
		RebuildTransferFunctionScriptingTraits (0ms)
		AnalyzeDomain (411ms)
			TypeCache.Refresh (398ms)
				TypeCache.ScanAssembly (381ms)
			ScanForSourceGeneratedMonoScriptInfo (0ms)
			ResolveRequiredComponents (14ms)
	FinalizeReload (1880ms)
		ReleaseScriptCaches (0ms)
		RebuildScriptCaches (0ms)
		SetupLoadedEditorAssemblies (828ms)
			LogAssemblyErrors (0ms)
			InitializePlatformSupportModulesInManaged (8ms)
			SetLoadedEditorAssemblies (4ms)
			RefreshPlugins (0ms)
			BeforeProcessingInitializeOnLoad (112ms)
			ProcessInitializeOnLoadAttributes (660ms)
			ProcessInitializeOnLoadMethodAttributes (34ms)
			AfterProcessingInitializeOnLoad (10ms)
			EditorAssembliesLoaded (0ms)
		ExecutionOrderSort2 (0ms)
		AwakeInstancesAfterBackupRestoration (18ms)
Refreshing native plugins compatible for Editor in 7.24 ms, found 6 plugins.
Preloading 0 native plugins for Editor in 0.00 ms.
Unloading 7354 Unused Serialized files (Serialized files now loaded: 0)
Unloading 188 unused Assets / (13.1 MB). Loaded Objects now: 8121.
Memory consumption went from 286.1 MB to 272.9 MB.
Total: 7.297800 ms (FindLiveObjects: 0.588000 ms CreateObjectMapping: 0.541800 ms MarkObjects: 3.812800 ms  DeleteObjects: 2.354000 ms)

Prepare: number of updated asset objects reloaded= 0
AssetImportParameters requested are different than current active one (requested -> active):
  custom:container-demuxer-ogg: 62fdf1f143b41e24485cea50d1cbac27 -> 
  custom:framework-win-MediaFoundation: 216162199b28c13a410421893ffa2e32 -> 
  custom:container-muxer-webm: aa71ff27fc2769a1b78a27578f13a17b -> 
  custom:video-decoder-webm-vp8: 9c59270c3fd7afecdb556c50c9e8de78 -> 
  custom:SearchIndexIgnoredProperties: e643bd26f0fe6173181afceb89e7c659 -> 
  custom:AudioImporter_EditorPlatform: d09bf68614088b80899f8185d706f6e7 -> 
  custom:audio-decoder-ogg-vorbis: bf7c407c2cedff20999df2af8eb42d56 -> 
  custom:audio-encoder-webm-vorbis: bf7c407c2cedff20999df2af8eb42d56 -> 
  custom:video-codec-MediaFoundation-h265: 746d11721c4dcdbdad8f713fa42b33f4 -> 
  custom:video-decoder-ogg-theora: a1e56fd34408186e4bbccfd4996cb3dc -> 
  custom:CustomObjectIndexerAttribute: a3ef5dd2817f97addfee359851a9dba5 -> 
  custom:container-demuxer-webm: 4f35f7cbe854078d1ac9338744f61a02 -> 
  custom:video-encoder-webm-vp8: eb34c28f22e8b96e1ab97ce403110664 -> 
========================================================================
Received Prepare
Begin MonoManager ReloadAssembly
Symbol file LoadedFromMemory doesn't match image C:\Users\PIMG\Documents\GitHub\Stoned-Ape-Runner\Stoned Ape Runner\Library\PackageCache\com.unity.visualscripting@1.8.0\Editor\VisualScripting.Core\Dependencies\YamlDotNet\Unity.VisualScripting.YamlDotNet.dll
Symbol file LoadedFromMemory doesn't match image C:\Users\PIMG\Documents\GitHub\Stoned-Ape-Runner\Stoned Ape Runner\Library\PackageCache\com.unity.visualscripting@1.8.0\Editor\VisualScripting.Core\Dependencies\DotNetZip\Unity.VisualScripting.IonicZip.dll
- Loaded All Assemblies, in  0.950 seconds
Refreshing native plugins compatible for Editor in 6.45 ms, found 6 plugins.
Native extension for WindowsStandalone target not found
Mono: successfully reloaded assembly
- Finished resetting the current domain, in  1.881 seconds
Domain Reload Profiling: 2827ms
	BeginReloadAssembly (184ms)
		ExecutionOrderSort (0ms)
		DisableScriptedObjects (6ms)
		BackupInstance (0ms)
		ReleaseScriptingObjects (0ms)
		CreateAndSetChildDomain (52ms)
	RebuildCommonClasses (39ms)
	RebuildNativeTypeToScriptingClass (12ms)
	initialDomainReloadingComplete (41ms)
	LoadAllAssembliesAndSetupDomain (669ms)
		LoadAssemblies (347ms)
		RebuildTransferFunctionScriptingTraits (0ms)
		AnalyzeDomain (390ms)
			TypeCache.Refresh (375ms)
				TypeCache.ScanAssembly (360ms)
			ScanForSourceGeneratedMonoScriptInfo (0ms)
			ResolveRequiredComponents (15ms)
	FinalizeReload (1881ms)
		ReleaseScriptCaches (0ms)
		RebuildScriptCaches (0ms)
		SetupLoadedEditorAssemblies (804ms)
			LogAssemblyErrors (0ms)
			InitializePlatformSupportModulesInManaged (8ms)
			SetLoadedEditorAssemblies (4ms)
			RefreshPlugins (0ms)
			BeforeProcessingInitializeOnLoad (107ms)
			ProcessInitializeOnLoadAttributes (638ms)
			ProcessInitializeOnLoadMethodAttributes (35ms)
			AfterProcessingInitializeOnLoad (12ms)
			EditorAssembliesLoaded (0ms)
		ExecutionOrderSort2 (0ms)
		AwakeInstancesAfterBackupRestoration (19ms)
Refreshing native plugins compatible for Editor in 7.08 ms, found 6 plugins.
Preloading 0 native plugins for Editor in 0.00 ms.
Unloading 7354 Unused Serialized files (Serialized files now loaded: 0)
Unloading 188 unused Assets / (13.1 MB). Loaded Objects now: 8137.
Memory consumption went from 286.1 MB to 273.0 MB.
Total: 8.805800 ms (FindLiveObjects: 0.595500 ms CreateObjectMapping: 0.689100 ms MarkObjects: 4.518700 ms  DeleteObjects: 3.001300 ms)

Prepare: number of updated asset objects reloaded= 0
AssetImportParameters requested are different than current active one (requested -> active):
  custom:container-demuxer-ogg: 62fdf1f143b41e24485cea50d1cbac27 -> 
  custom:framework-win-MediaFoundation: 216162199b28c13a410421893ffa2e32 -> 
  custom:container-muxer-webm: aa71ff27fc2769a1b78a27578f13a17b -> 
  custom:video-decoder-webm-vp8: 9c59270c3fd7afecdb556c50c9e8de78 -> 
  custom:SearchIndexIgnoredProperties: e643bd26f0fe6173181afceb89e7c659 -> 
  custom:AudioImporter_EditorPlatform: d09bf68614088b80899f8185d706f6e7 -> 
  custom:audio-decoder-ogg-vorbis: bf7c407c2cedff20999df2af8eb42d56 -> 
  custom:audio-encoder-webm-vorbis: bf7c407c2cedff20999df2af8eb42d56 -> 
  custom:video-codec-MediaFoundation-h265: 746d11721c4dcdbdad8f713fa42b33f4 -> 
  custom:video-decoder-ogg-theora: a1e56fd34408186e4bbccfd4996cb3dc -> 
  custom:CustomObjectIndexerAttribute: a3ef5dd2817f97addfee359851a9dba5 -> 
  custom:container-demuxer-webm: 4f35f7cbe854078d1ac9338744f61a02 -> 
  custom:video-encoder-webm-vp8: eb34c28f22e8b96e1ab97ce403110664 -> 
========================================================================
Received Import Request.
  Time since last request: 424.584199 seconds.
  path: Assets/Scripts/CameraSwitcher.cs
  artifactKey: Guid(86aae13f5c27bcb4f96c802abcf4d98f) Importer(815301076,1909f56bfc062723c751e8b465ee728b)
Start importing Assets/Scripts/CameraSwitcher.cs using Guid(86aae13f5c27bcb4f96c802abcf4d98f) Importer(815301076,1909f56bfc062723c751e8b465ee728b)  -> (artifact id: '1bfb07e334a6121f553c5a8b97d8e556') in 0.001842 seconds
Number of updated asset objects reloaded before import = 0
Number of asset objects unloaded after import = 0
========================================================================
Received Import Request.
  Time since last request: 25.789909 seconds.
  path: Assets/Scripts/TimedSceneChange.cs
  artifactKey: Guid(95260b47e0873c241a8692d0b32a33ad) Importer(815301076,1909f56bfc062723c751e8b465ee728b)
Start importing Assets/Scripts/TimedSceneChange.cs using Guid(95260b47e0873c241a8692d0b32a33ad) Importer(815301076,1909f56bfc062723c751e8b465ee728b)  -> (artifact id: '4880fecf4d3ac1f2da24586a4040513e') in 0.000551 seconds
Number of updated asset objects reloaded before import = 0
Number of asset objects unloaded after import = 0
========================================================================
Received Import Request.
  Time since last request: 59.642536 seconds.
  path: Assets/Scripts/CameraChanger.cs
  artifactKey: Guid(576fcc8b1b9bbe348be6e8a15b43de14) Importer(815301076,1909f56bfc062723c751e8b465ee728b)
Start importing Assets/Scripts/CameraChanger.cs using Guid(576fcc8b1b9bbe348be6e8a15b43de14) Importer(815301076,1909f56bfc062723c751e8b465ee728b)  -> (artifact id: '083dfb43ad2af0fce0bb849edd746306') in 0.000704 seconds
Number of updated asset objects reloaded before import = 0
Number of asset objects unloaded after import = 0
========================================================================
Received Import Request.
  Time since last request: 34.468008 seconds.
  path: Assets/Scripts/StonedApeRunner/LevelManager.cs
  artifactKey: Guid(27d3a7330bc815b45ac3ee0c7dca6537) Importer(815301076,1909f56bfc062723c751e8b465ee728b)
Start importing Assets/Scripts/StonedApeRunner/LevelManager.cs using Guid(27d3a7330bc815b45ac3ee0c7dca6537) Importer(815301076,1909f56bfc062723c751e8b465ee728b)  -> (artifact id: '7f14cc478970958628b6b63ccbc4d511') in 0.000588 seconds
Number of updated asset objects reloaded before import = 0
Number of asset objects unloaded after import = 0
========================================================================
Received Prepare
Begin MonoManager ReloadAssembly
Symbol file LoadedFromMemory doesn't match image C:\Users\PIMG\Documents\GitHub\Stoned-Ape-Runner\Stoned Ape Runner\Library\PackageCache\com.unity.visualscripting@1.8.0\Editor\VisualScripting.Core\Dependencies\YamlDotNet\Unity.VisualScripting.YamlDotNet.dll
Symbol file LoadedFromMemory doesn't match image C:\Users\PIMG\Documents\GitHub\Stoned-Ape-Runner\Stoned Ape Runner\Library\PackageCache\com.unity.visualscripting@1.8.0\Editor\VisualScripting.Core\Dependencies\DotNetZip\Unity.VisualScripting.IonicZip.dll
- Loaded All Assemblies, in  1.037 seconds
Refreshing native plugins compatible for Editor in 5.43 ms, found 6 plugins.
Native extension for WindowsStandalone target not found
Mono: successfully reloaded assembly
- Finished resetting the current domain, in  1.864 seconds
Domain Reload Profiling: 2896ms
	BeginReloadAssembly (198ms)
		ExecutionOrderSort (0ms)
		DisableScriptedObjects (5ms)
		BackupInstance (0ms)
		ReleaseScriptingObjects (0ms)
		CreateAndSetChildDomain (57ms)
	RebuildCommonClasses (41ms)
	RebuildNativeTypeToScriptingClass (19ms)
	initialDomainReloadingComplete (45ms)
	LoadAllAssembliesAndSetupDomain (728ms)
		LoadAssemblies (388ms)
		RebuildTransferFunctionScriptingTraits (0ms)
		AnalyzeDomain (421ms)
			TypeCache.Refresh (407ms)
				TypeCache.ScanAssembly (389ms)
			ScanForSourceGeneratedMonoScriptInfo (0ms)
			ResolveRequiredComponents (14ms)
	FinalizeReload (1865ms)
		ReleaseScriptCaches (0ms)
		RebuildScriptCaches (0ms)
		SetupLoadedEditorAssemblies (777ms)
			LogAssemblyErrors (0ms)
			InitializePlatformSupportModulesInManaged (8ms)
			SetLoadedEditorAssemblies (3ms)
			RefreshPlugins (0ms)
			BeforeProcessingInitializeOnLoad (104ms)
			ProcessInitializeOnLoadAttributes (622ms)
			ProcessInitializeOnLoadMethodAttributes (30ms)
			AfterProcessingInitializeOnLoad (9ms)
			EditorAssembliesLoaded (0ms)
		ExecutionOrderSort2 (0ms)
		AwakeInstancesAfterBackupRestoration (16ms)
Refreshing native plugins compatible for Editor in 5.89 ms, found 6 plugins.
Preloading 0 native plugins for Editor in 0.00 ms.
Unloading 7354 Unused Serialized files (Serialized files now loaded: 0)
Unloading 188 unused Assets / (13.1 MB). Loaded Objects now: 8153.
Memory consumption went from 286.1 MB to 273.0 MB.
Total: 7.549300 ms (FindLiveObjects: 0.563900 ms CreateObjectMapping: 0.344800 ms MarkObjects: 3.766000 ms  DeleteObjects: 2.873400 ms)

Prepare: number of updated asset objects reloaded= 0
AssetImportParameters requested are different than current active one (requested -> active):
  custom:container-demuxer-ogg: 62fdf1f143b41e24485cea50d1cbac27 -> 
  custom:framework-win-MediaFoundation: 216162199b28c13a410421893ffa2e32 -> 
  custom:container-muxer-webm: aa71ff27fc2769a1b78a27578f13a17b -> 
  custom:video-decoder-webm-vp8: 9c59270c3fd7afecdb556c50c9e8de78 -> 
  custom:SearchIndexIgnoredProperties: e643bd26f0fe6173181afceb89e7c659 -> 
  custom:AudioImporter_EditorPlatform: d09bf68614088b80899f8185d706f6e7 -> 
  custom:audio-decoder-ogg-vorbis: bf7c407c2cedff20999df2af8eb42d56 -> 
  custom:audio-encoder-webm-vorbis: bf7c407c2cedff20999df2af8eb42d56 -> 
  custom:video-codec-MediaFoundation-h265: 746d11721c4dcdbdad8f713fa42b33f4 -> 
  custom:video-decoder-ogg-theora: a1e56fd34408186e4bbccfd4996cb3dc -> 
  custom:CustomObjectIndexerAttribute: a3ef5dd2817f97addfee359851a9dba5 -> 
  custom:container-demuxer-webm: 4f35f7cbe854078d1ac9338744f61a02 -> 
  custom:video-encoder-webm-vp8: eb34c28f22e8b96e1ab97ce403110664 -> 
========================================================================
Received Prepare
Begin MonoManager ReloadAssembly
Symbol file LoadedFromMemory doesn't match image C:\Users\PIMG\Documents\GitHub\Stoned-Ape-Runner\Stoned Ape Runner\Library\PackageCache\com.unity.visualscripting@1.8.0\Editor\VisualScripting.Core\Dependencies\YamlDotNet\Unity.VisualScripting.YamlDotNet.dll
Symbol file LoadedFromMemory doesn't match image C:\Users\PIMG\Documents\GitHub\Stoned-Ape-Runner\Stoned Ape Runner\Library\PackageCache\com.unity.visualscripting@1.8.0\Editor\VisualScripting.Core\Dependencies\DotNetZip\Unity.VisualScripting.IonicZip.dll
- Loaded All Assemblies, in  0.940 seconds
Refreshing native plugins compatible for Editor in 7.18 ms, found 6 plugins.
Native extension for WindowsStandalone target not found
Mono: successfully reloaded assembly
- Finished resetting the current domain, in  1.860 seconds
Domain Reload Profiling: 2797ms
	BeginReloadAssembly (181ms)
		ExecutionOrderSort (0ms)
		DisableScriptedObjects (6ms)
		BackupInstance (0ms)
		ReleaseScriptingObjects (0ms)
		CreateAndSetChildDomain (52ms)
	RebuildCommonClasses (45ms)
	RebuildNativeTypeToScriptingClass (19ms)
	initialDomainReloadingComplete (35ms)
	LoadAllAssembliesAndSetupDomain (656ms)
		LoadAssemblies (332ms)
		RebuildTransferFunctionScriptingTraits (0ms)
		AnalyzeDomain (398ms)
			TypeCache.Refresh (383ms)
				TypeCache.ScanAssembly (370ms)
			ScanForSourceGeneratedMonoScriptInfo (0ms)
			ResolveRequiredComponents (14ms)
	FinalizeReload (1861ms)
		ReleaseScriptCaches (0ms)
		RebuildScriptCaches (0ms)
		SetupLoadedEditorAssemblies (841ms)
			LogAssemblyErrors (0ms)
			InitializePlatformSupportModulesInManaged (7ms)
			SetLoadedEditorAssemblies (4ms)
			RefreshPlugins (0ms)
			BeforeProcessingInitializeOnLoad (120ms)
			ProcessInitializeOnLoadAttributes (663ms)
			ProcessInitializeOnLoadMethodAttributes (36ms)
			AfterProcessingInitializeOnLoad (10ms)
			EditorAssembliesLoaded (0ms)
		ExecutionOrderSort2 (0ms)
		AwakeInstancesAfterBackupRestoration (21ms)
Refreshing native plugins compatible for Editor in 7.71 ms, found 6 plugins.
Preloading 0 native plugins for Editor in 0.00 ms.
Unloading 7354 Unused Serialized files (Serialized files now loaded: 0)
Unloading 188 unused Assets / (13.1 MB). Loaded Objects now: 8169.
Memory consumption went from 286.1 MB to 273.0 MB.
Total: 9.373500 ms (FindLiveObjects: 0.594300 ms CreateObjectMapping: 0.610300 ms MarkObjects: 5.466400 ms  DeleteObjects: 2.701700 ms)

Prepare: number of updated asset objects reloaded= 0
AssetImportParameters requested are different than current active one (requested -> active):
  custom:container-demuxer-ogg: 62fdf1f143b41e24485cea50d1cbac27 -> 
  custom:framework-win-MediaFoundation: 216162199b28c13a410421893ffa2e32 -> 
  custom:container-muxer-webm: aa71ff27fc2769a1b78a27578f13a17b -> 
  custom:video-decoder-webm-vp8: 9c59270c3fd7afecdb556c50c9e8de78 -> 
  custom:SearchIndexIgnoredProperties: e643bd26f0fe6173181afceb89e7c659 -> 
  custom:AudioImporter_EditorPlatform: d09bf68614088b80899f8185d706f6e7 -> 
  custom:audio-decoder-ogg-vorbis: bf7c407c2cedff20999df2af8eb42d56 -> 
  custom:audio-encoder-webm-vorbis: bf7c407c2cedff20999df2af8eb42d56 -> 
  custom:video-codec-MediaFoundation-h265: 746d11721c4dcdbdad8f713fa42b33f4 -> 
  custom:video-decoder-ogg-theora: a1e56fd34408186e4bbccfd4996cb3dc -> 
  custom:CustomObjectIndexerAttribute: a3ef5dd2817f97addfee359851a9dba5 -> 
  custom:container-demuxer-webm: 4f35f7cbe854078d1ac9338744f61a02 -> 
  custom:video-encoder-webm-vp8: eb34c28f22e8b96e1ab97ce403110664 -> 
========================================================================
Received Prepare
Begin MonoManager ReloadAssembly
Symbol file LoadedFromMemory doesn't match image C:\Users\PIMG\Documents\GitHub\Stoned-Ape-Runner\Stoned Ape Runner\Library\PackageCache\com.unity.visualscripting@1.8.0\Editor\VisualScripting.Core\Dependencies\YamlDotNet\Unity.VisualScripting.YamlDotNet.dll
Symbol file LoadedFromMemory doesn't match image C:\Users\PIMG\Documents\GitHub\Stoned-Ape-Runner\Stoned Ape Runner\Library\PackageCache\com.unity.visualscripting@1.8.0\Editor\VisualScripting.Core\Dependencies\DotNetZip\Unity.VisualScripting.IonicZip.dll
- Loaded All Assemblies, in  0.990 seconds
Refreshing native plugins compatible for Editor in 5.73 ms, found 6 plugins.
Native extension for WindowsStandalone target not found
Mono: successfully reloaded assembly
- Finished resetting the current domain, in  1.827 seconds
Domain Reload Profiling: 2813ms
	BeginReloadAssembly (188ms)
		ExecutionOrderSort (0ms)
		DisableScriptedObjects (5ms)
		BackupInstance (0ms)
		ReleaseScriptingObjects (0ms)
		CreateAndSetChildDomain (54ms)
	RebuildCommonClasses (38ms)
	RebuildNativeTypeToScriptingClass (12ms)
	initialDomainReloadingComplete (38ms)
	LoadAllAssembliesAndSetupDomain (710ms)
		LoadAssemblies (389ms)
		RebuildTransferFunctionScriptingTraits (0ms)
		AnalyzeDomain (398ms)
			TypeCache.Refresh (382ms)
				TypeCache.ScanAssembly (365ms)
			ScanForSourceGeneratedMonoScriptInfo (0ms)
			ResolveRequiredComponents (16ms)
	FinalizeReload (1828ms)
		ReleaseScriptCaches (0ms)
		RebuildScriptCaches (0ms)
		SetupLoadedEditorAssemblies (790ms)
			LogAssemblyErrors (0ms)
			InitializePlatformSupportModulesInManaged (6ms)
			SetLoadedEditorAssemblies (3ms)
			RefreshPlugins (0ms)
			BeforeProcessingInitializeOnLoad (106ms)
			ProcessInitializeOnLoadAttributes (633ms)
			ProcessInitializeOnLoadMethodAttributes (32ms)
			AfterProcessingInitializeOnLoad (9ms)
			EditorAssembliesLoaded (0ms)
		ExecutionOrderSort2 (0ms)
		AwakeInstancesAfterBackupRestoration (18ms)
Refreshing native plugins compatible for Editor in 6.27 ms, found 6 plugins.
Preloading 0 native plugins for Editor in 0.00 ms.
Unloading 7354 Unused Serialized files (Serialized files now loaded: 0)
Unloading 188 unused Assets / (13.1 MB). Loaded Objects now: 8185.
Memory consumption went from 286.1 MB to 273.0 MB.
Total: 6.964800 ms (FindLiveObjects: 0.623500 ms CreateObjectMapping: 0.566000 ms MarkObjects: 3.209000 ms  DeleteObjects: 2.565200 ms)

Prepare: number of updated asset objects reloaded= 0
AssetImportParameters requested are different than current active one (requested -> active):
  custom:container-demuxer-ogg: 62fdf1f143b41e24485cea50d1cbac27 -> 
  custom:framework-win-MediaFoundation: 216162199b28c13a410421893ffa2e32 -> 
  custom:container-muxer-webm: aa71ff27fc2769a1b78a27578f13a17b -> 
  custom:video-decoder-webm-vp8: 9c59270c3fd7afecdb556c50c9e8de78 -> 
  custom:SearchIndexIgnoredProperties: e643bd26f0fe6173181afceb89e7c659 -> 
  custom:AudioImporter_EditorPlatform: d09bf68614088b80899f8185d706f6e7 -> 
  custom:audio-decoder-ogg-vorbis: bf7c407c2cedff20999df2af8eb42d56 -> 
  custom:audio-encoder-webm-vorbis: bf7c407c2cedff20999df2af8eb42d56 -> 
  custom:video-codec-MediaFoundation-h265: 746d11721c4dcdbdad8f713fa42b33f4 -> 
  custom:video-decoder-ogg-theora: a1e56fd34408186e4bbccfd4996cb3dc -> 
  custom:CustomObjectIndexerAttribute: a3ef5dd2817f97addfee359851a9dba5 -> 
  custom:container-demuxer-webm: 4f35f7cbe854078d1ac9338744f61a02 -> 
  custom:video-encoder-webm-vp8: eb34c28f22e8b96e1ab97ce403110664 -> 
========================================================================
Received Import Request.
  Time since last request: 49166.670153 seconds.
  path: Assets/Scenes/StonedApe_Level1.unity
  artifactKey: Guid(acb0d6c15456bff4fa365b3ce64e4e20) Importer(815301076,1909f56bfc062723c751e8b465ee728b)
Start importing Assets/Scenes/StonedApe_Level1.unity using Guid(acb0d6c15456bff4fa365b3ce64e4e20) Importer(815301076,1909f56bfc062723c751e8b465ee728b)  -> (artifact id: '248d9bf72ef7569bbe7a585451863a4c') in 0.002822 seconds
Number of updated asset objects reloaded before import = 0
Number of asset objects unloaded after import = 0
========================================================================
Received Import Request.
  Time since last request: 61.279161 seconds.
  path: Assets/Animations/unity-chan!
  artifactKey: Guid(d21ec26494c5cdf42b0dec227196266b) Importer(815301076,1909f56bfc062723c751e8b465ee728b)
Start importing Assets/Animations/unity-chan! using Guid(d21ec26494c5cdf42b0dec227196266b) Importer(815301076,1909f56bfc062723c751e8b465ee728b)  -> (artifact id: '9fc24b5960d8604ab92a1723c249cae5') in 0.000710 seconds
Number of updated asset objects reloaded before import = 0
Number of asset objects unloaded after import = 0
========================================================================
Received Import Request.
  Time since last request: 2.985937 seconds.
  path: Assets/Animations/unity-chan!/Unity-chan! Model
  artifactKey: Guid(6395fe2434a22ef41b83186b290f8fab) Importer(815301076,1909f56bfc062723c751e8b465ee728b)
Start importing Assets/Animations/unity-chan!/Unity-chan! Model using Guid(6395fe2434a22ef41b83186b290f8fab) Importer(815301076,1909f56bfc062723c751e8b465ee728b)  -> (artifact id: 'a602eaffde76c14fdf312e50403833aa') in 0.000622 seconds
Number of updated asset objects reloaded before import = 0
Number of asset objects unloaded after import = 0
========================================================================
Received Import Request.
  Time since last request: 4.053818 seconds.
  path: Assets/Animations/unity-chan!/Unity-chan! Model/Art
  artifactKey: Guid(defce7c728fb01d49a7a7e9205dbde77) Importer(815301076,1909f56bfc062723c751e8b465ee728b)
Start importing Assets/Animations/unity-chan!/Unity-chan! Model/Art using Guid(defce7c728fb01d49a7a7e9205dbde77) Importer(815301076,1909f56bfc062723c751e8b465ee728b)  -> (artifact id: '45cc9fcdc106820cb4b29e5c29d7001e') in 0.000918 seconds
Number of updated asset objects reloaded before import = 0
Number of asset objects unloaded after import = 0
========================================================================
Received Import Request.
  Time since last request: 1.238809 seconds.
  path: Assets/Animations/unity-chan!/Unity-chan! Model/Art/Materials
  artifactKey: Guid(711fff8ed805d4669bb1be75a0fed3d2) Importer(815301076,1909f56bfc062723c751e8b465ee728b)
Start importing Assets/Animations/unity-chan!/Unity-chan! Model/Art/Materials using Guid(711fff8ed805d4669bb1be75a0fed3d2) Importer(815301076,1909f56bfc062723c751e8b465ee728b)  -> (artifact id: '0b646df232de22081aa633f52e3d8c36') in 0.001027 seconds
Number of updated asset objects reloaded before import = 0
Number of asset objects unloaded after import = 0
========================================================================
Received Import Request.
  Time since last request: 4.010505 seconds.
  path: Assets/Animations/unity-chan!/Unity-chan! Model/Art/Stage
  artifactKey: Guid(5748270dde7fe4817b258c4c0470aed8) Importer(815301076,1909f56bfc062723c751e8b465ee728b)
Start importing Assets/Animations/unity-chan!/Unity-chan! Model/Art/Stage using Guid(5748270dde7fe4817b258c4c0470aed8) Importer(815301076,1909f56bfc062723c751e8b465ee728b)  -> (artifact id: '6f09e8b461a34e1687bf5ff5fa5808f2') in 0.000843 seconds
Number of updated asset objects reloaded before import = 0
Number of asset objects unloaded after import = 0
========================================================================
Received Import Request.
  Time since last request: 1.997114 seconds.
  path: Assets/Animations/unity-chan!/Unity-chan! Model/Art/Stage/Materials
  artifactKey: Guid(0cf9cebbc81b1463ab6d198506143d28) Importer(815301076,1909f56bfc062723c751e8b465ee728b)
Start importing Assets/Animations/unity-chan!/Unity-chan! Model/Art/Stage/Materials using Guid(0cf9cebbc81b1463ab6d198506143d28) Importer(815301076,1909f56bfc062723c751e8b465ee728b)  -> (artifact id: '4dff9589117c9752dd9701cb8193faa7') in 0.001089 seconds
Number of updated asset objects reloaded before import = 0
Number of asset objects unloaded after import = 0
========================================================================
Received Import Request.
  Time since last request: 1.912645 seconds.
  path: Assets/Animations/unity-chan!/Unity-chan! Model/Art/Stage/Materials/unitychan_tile3.mat
  artifactKey: Guid(00343d49c7d05416cb4a5bddf12aa90d) Importer(815301076,1909f56bfc062723c751e8b465ee728b)
Start importing Assets/Animations/unity-chan!/Unity-chan! Model/Art/Stage/Materials/unitychan_tile3.mat using Guid(00343d49c7d05416cb4a5bddf12aa90d) Importer(815301076,1909f56bfc062723c751e8b465ee728b)  -> (artifact id: '347bb7429248b8a7a6cf56a0ec5c29b4') in 0.002818 seconds
Number of updated asset objects reloaded before import = 0
Number of asset objects unloaded after import = 1
========================================================================
Received Import Request.
  Time since last request: 0.000013 seconds.
  path: Assets/Animations/unity-chan!/Unity-chan! Model/Art/Stage/Materials/unitychan_tile5.mat
  artifactKey: Guid(0fabbaa20a36d468a84e4925db02ecc5) Importer(815301076,1909f56bfc062723c751e8b465ee728b)
Start importing Assets/Animations/unity-chan!/Unity-chan! Model/Art/Stage/Materials/unitychan_tile5.mat using Guid(0fabbaa20a36d468a84e4925db02ecc5) Importer(815301076,1909f56bfc062723c751e8b465ee728b)  -> (artifact id: 'd9879ab30db41c0cefdd26e53ab5a19e') in 0.012743 seconds
Number of updated asset objects reloaded before import = 0
Number of asset objects unloaded after import = 1
========================================================================
Received Import Request.
  Time since last request: 137.086272 seconds.
  path: Assets/Scenes/StonedApe_Level2.unity
  artifactKey: Guid(0403ba6814dccbe49ba53f89e6d1a56c) Importer(815301076,1909f56bfc062723c751e8b465ee728b)
Start importing Assets/Scenes/StonedApe_Level2.unity using Guid(0403ba6814dccbe49ba53f89e6d1a56c) Importer(815301076,1909f56bfc062723c751e8b465ee728b)  -> (artifact id: '5e3d11fcd15994b8d9062768bf04ccab') in 0.000671 seconds
Number of updated asset objects reloaded before import = 0
Number of asset objects unloaded after import = 0
========================================================================
Received Prepare
Begin MonoManager ReloadAssembly
Symbol file LoadedFromMemory doesn't match image C:\Users\PIMG\Documents\GitHub\Stoned-Ape-Runner\Stoned Ape Runner\Library\PackageCache\com.unity.visualscripting@1.8.0\Editor\VisualScripting.Core\Dependencies\YamlDotNet\Unity.VisualScripting.YamlDotNet.dll
Symbol file LoadedFromMemory doesn't match image C:\Users\PIMG\Documents\GitHub\Stoned-Ape-Runner\Stoned Ape Runner\Library\PackageCache\com.unity.visualscripting@1.8.0\Editor\VisualScripting.Core\Dependencies\DotNetZip\Unity.VisualScripting.IonicZip.dll
- Loaded All Assemblies, in  3.049 seconds
Refreshing native plugins compatible for Editor in 7.64 ms, found 6 plugins.
Native extension for WindowsStandalone target not found
Mono: successfully reloaded assembly
- Finished resetting the current domain, in 34.382 seconds
Domain Reload Profiling: 37425ms
	BeginReloadAssembly (209ms)
		ExecutionOrderSort (0ms)
		DisableScriptedObjects (8ms)
		BackupInstance (0ms)
		ReleaseScriptingObjects (0ms)
		CreateAndSetChildDomain (68ms)
	RebuildCommonClasses (44ms)
	RebuildNativeTypeToScriptingClass (19ms)
	initialDomainReloadingComplete (47ms)
	LoadAllAssembliesAndSetupDomain (2723ms)
		LoadAssemblies (2226ms)
		RebuildTransferFunctionScriptingTraits (0ms)
		AnalyzeDomain (571ms)
			TypeCache.Refresh (553ms)
				TypeCache.ScanAssembly (536ms)
			ScanForSourceGeneratedMonoScriptInfo (0ms)
			ResolveRequiredComponents (18ms)
	FinalizeReload (34383ms)
		ReleaseScriptCaches (0ms)
		RebuildScriptCaches (0ms)
		SetupLoadedEditorAssemblies (850ms)
			LogAssemblyErrors (0ms)
			InitializePlatformSupportModulesInManaged (8ms)
			SetLoadedEditorAssemblies (5ms)
			RefreshPlugins (0ms)
			BeforeProcessingInitializeOnLoad (113ms)
			ProcessInitializeOnLoadAttributes (677ms)
			ProcessInitializeOnLoadMethodAttributes (35ms)
			AfterProcessingInitializeOnLoad (11ms)
			EditorAssembliesLoaded (0ms)
		ExecutionOrderSort2 (0ms)
		AwakeInstancesAfterBackupRestoration (20ms)
Refreshing native plugins compatible for Editor in 6.80 ms, found 6 plugins.
Preloading 0 native plugins for Editor in 0.00 ms.
Unloading 7354 Unused Serialized files (Serialized files now loaded: 0)
Unloading 188 unused Assets / (13.1 MB). Loaded Objects now: 8201.
Memory consumption went from 286.1 MB to 273.0 MB.
Total: 9.988100 ms (FindLiveObjects: 0.660100 ms CreateObjectMapping: 0.519200 ms MarkObjects: 6.125500 ms  DeleteObjects: 2.682200 ms)

Prepare: number of updated asset objects reloaded= 0
AssetImportParameters requested are different than current active one (requested -> active):
  custom:container-demuxer-ogg: 62fdf1f143b41e24485cea50d1cbac27 -> 
  custom:framework-win-MediaFoundation: 216162199b28c13a410421893ffa2e32 -> 
  custom:container-muxer-webm: aa71ff27fc2769a1b78a27578f13a17b -> 
  custom:video-decoder-webm-vp8: 9c59270c3fd7afecdb556c50c9e8de78 -> 
  custom:SearchIndexIgnoredProperties: e643bd26f0fe6173181afceb89e7c659 -> 
  custom:AudioImporter_EditorPlatform: d09bf68614088b80899f8185d706f6e7 -> 
  custom:audio-decoder-ogg-vorbis: bf7c407c2cedff20999df2af8eb42d56 -> 
  custom:audio-encoder-webm-vorbis: bf7c407c2cedff20999df2af8eb42d56 -> 
  custom:video-codec-MediaFoundation-h265: 746d11721c4dcdbdad8f713fa42b33f4 -> 
  custom:video-decoder-ogg-theora: a1e56fd34408186e4bbccfd4996cb3dc -> 
  custom:CustomObjectIndexerAttribute: a3ef5dd2817f97addfee359851a9dba5 -> 
  custom:container-demuxer-webm: 4f35f7cbe854078d1ac9338744f61a02 -> 
  custom:video-encoder-webm-vp8: eb34c28f22e8b96e1ab97ce403110664 -> 
========================================================================
Received Prepare
Begin MonoManager ReloadAssembly
Symbol file LoadedFromMemory doesn't match image C:\Users\PIMG\Documents\GitHub\Stoned-Ape-Runner\Stoned Ape Runner\Library\PackageCache\com.unity.visualscripting@1.8.0\Editor\VisualScripting.Core\Dependencies\YamlDotNet\Unity.VisualScripting.YamlDotNet.dll
Symbol file LoadedFromMemory doesn't match image C:\Users\PIMG\Documents\GitHub\Stoned-Ape-Runner\Stoned Ape Runner\Library\PackageCache\com.unity.visualscripting@1.8.0\Editor\VisualScripting.Core\Dependencies\DotNetZip\Unity.VisualScripting.IonicZip.dll
- Loaded All Assemblies, in  0.946 seconds
Refreshing native plugins compatible for Editor in 6.96 ms, found 6 plugins.
Native extension for WindowsStandalone target not found
Mono: successfully reloaded assembly
- Finished resetting the current domain, in  1.881 seconds
Domain Reload Profiling: 2823ms
	BeginReloadAssembly (182ms)
		ExecutionOrderSort (0ms)
		DisableScriptedObjects (6ms)
		BackupInstance (0ms)
		ReleaseScriptingObjects (0ms)
		CreateAndSetChildDomain (53ms)
	RebuildCommonClasses (39ms)
	RebuildNativeTypeToScriptingClass (16ms)
	initialDomainReloadingComplete (34ms)
	LoadAllAssembliesAndSetupDomain (670ms)
		LoadAssemblies (325ms)
		RebuildTransferFunctionScriptingTraits (0ms)
		AnalyzeDomain (412ms)
			TypeCache.Refresh (398ms)
				TypeCache.ScanAssembly (382ms)
			ScanForSourceGeneratedMonoScriptInfo (0ms)
			ResolveRequiredComponents (14ms)
	FinalizeReload (1882ms)
		ReleaseScriptCaches (0ms)
		RebuildScriptCaches (0ms)
		SetupLoadedEditorAssemblies (829ms)
			LogAssemblyErrors (0ms)
			InitializePlatformSupportModulesInManaged (7ms)
			SetLoadedEditorAssemblies (4ms)
			RefreshPlugins (0ms)
			BeforeProcessingInitializeOnLoad (109ms)
			ProcessInitializeOnLoadAttributes (663ms)
			ProcessInitializeOnLoadMethodAttributes (35ms)
			AfterProcessingInitializeOnLoad (11ms)
			EditorAssembliesLoaded (0ms)
		ExecutionOrderSort2 (0ms)
		AwakeInstancesAfterBackupRestoration (18ms)
Refreshing native plugins compatible for Editor in 6.65 ms, found 6 plugins.
Preloading 0 native plugins for Editor in 0.00 ms.
Unloading 7354 Unused Serialized files (Serialized files now loaded: 0)
Unloading 188 unused Assets / (13.1 MB). Loaded Objects now: 8217.
Memory consumption went from 286.1 MB to 273.0 MB.
Total: 7.290400 ms (FindLiveObjects: 0.601500 ms CreateObjectMapping: 0.416200 ms MarkObjects: 3.821100 ms  DeleteObjects: 2.450400 ms)

Prepare: number of updated asset objects reloaded= 0
AssetImportParameters requested are different than current active one (requested -> active):
  custom:container-demuxer-ogg: 62fdf1f143b41e24485cea50d1cbac27 -> 
  custom:framework-win-MediaFoundation: 216162199b28c13a410421893ffa2e32 -> 
  custom:container-muxer-webm: aa71ff27fc2769a1b78a27578f13a17b -> 
  custom:video-decoder-webm-vp8: 9c59270c3fd7afecdb556c50c9e8de78 -> 
  custom:SearchIndexIgnoredProperties: e643bd26f0fe6173181afceb89e7c659 -> 
  custom:AudioImporter_EditorPlatform: d09bf68614088b80899f8185d706f6e7 -> 
  custom:audio-decoder-ogg-vorbis: bf7c407c2cedff20999df2af8eb42d56 -> 
  custom:audio-encoder-webm-vorbis: bf7c407c2cedff20999df2af8eb42d56 -> 
  custom:video-codec-MediaFoundation-h265: 746d11721c4dcdbdad8f713fa42b33f4 -> 
  custom:video-decoder-ogg-theora: a1e56fd34408186e4bbccfd4996cb3dc -> 
  custom:CustomObjectIndexerAttribute: a3ef5dd2817f97addfee359851a9dba5 -> 
  custom:container-demuxer-webm: 4f35f7cbe854078d1ac9338744f61a02 -> 
  custom:video-encoder-webm-vp8: eb34c28f22e8b96e1ab97ce403110664 -> 
========================================================================
Received Import Request.
  Time since last request: 354.080243 seconds.
  path: Assets/Scenes/2001 Space Odyssey (Start Sequence).unity
  artifactKey: Guid(a478b3137961d5e409c7d4047436f5ba) Importer(815301076,1909f56bfc062723c751e8b465ee728b)
Start importing Assets/Scenes/2001 Space Odyssey (Start Sequence).unity using Guid(a478b3137961d5e409c7d4047436f5ba) Importer(815301076,1909f56bfc062723c751e8b465ee728b)  -> (artifact id: '778bb3dce78c4e6c8e5aeb44c05eca70') in 0.002653 seconds
Number of updated asset objects reloaded before import = 0
Number of asset objects unloaded after import = 0
========================================================================
Received Prepare
Begin MonoManager ReloadAssembly
Symbol file LoadedFromMemory doesn't match image C:\Users\PIMG\Documents\GitHub\Stoned-Ape-Runner\Stoned Ape Runner\Library\PackageCache\com.unity.visualscripting@1.8.0\Editor\VisualScripting.Core\Dependencies\YamlDotNet\Unity.VisualScripting.YamlDotNet.dll
Symbol file LoadedFromMemory doesn't match image C:\Users\PIMG\Documents\GitHub\Stoned-Ape-Runner\Stoned Ape Runner\Library\PackageCache\com.unity.visualscripting@1.8.0\Editor\VisualScripting.Core\Dependencies\DotNetZip\Unity.VisualScripting.IonicZip.dll
- Loaded All Assemblies, in  0.984 seconds
Refreshing native plugins compatible for Editor in 5.40 ms, found 6 plugins.
Native extension for WindowsStandalone target not found
Mono: successfully reloaded assembly
- Finished resetting the current domain, in  1.990 seconds
Domain Reload Profiling: 2971ms
	BeginReloadAssembly (190ms)
		ExecutionOrderSort (0ms)
		DisableScriptedObjects (7ms)
		BackupInstance (0ms)
		ReleaseScriptingObjects (0ms)
		CreateAndSetChildDomain (58ms)
	RebuildCommonClasses (41ms)
	RebuildNativeTypeToScriptingClass (14ms)
	initialDomainReloadingComplete (36ms)
	LoadAllAssembliesAndSetupDomain (698ms)
		LoadAssemblies (325ms)
		RebuildTransferFunctionScriptingTraits (0ms)
		AnalyzeDomain (444ms)
			TypeCache.Refresh (430ms)
				TypeCache.ScanAssembly (414ms)
			ScanForSourceGeneratedMonoScriptInfo (0ms)
			ResolveRequiredComponents (14ms)
	FinalizeReload (1991ms)
		ReleaseScriptCaches (0ms)
		RebuildScriptCaches (0ms)
		SetupLoadedEditorAssemblies (894ms)
			LogAssemblyErrors (0ms)
			InitializePlatformSupportModulesInManaged (9ms)
			SetLoadedEditorAssemblies (6ms)
			RefreshPlugins (0ms)
			BeforeProcessingInitializeOnLoad (122ms)
			ProcessInitializeOnLoadAttributes (709ms)
			ProcessInitializeOnLoadMethodAttributes (37ms)
			AfterProcessingInitializeOnLoad (11ms)
			EditorAssembliesLoaded (0ms)
		ExecutionOrderSort2 (0ms)
		AwakeInstancesAfterBackupRestoration (21ms)
Refreshing native plugins compatible for Editor in 8.52 ms, found 6 plugins.
Preloading 0 native plugins for Editor in 0.00 ms.
Unloading 7354 Unused Serialized files (Serialized files now loaded: 0)
Unloading 188 unused Assets / (13.1 MB). Loaded Objects now: 8233.
Memory consumption went from 286.2 MB to 273.0 MB.
Total: 9.377300 ms (FindLiveObjects: 0.772800 ms CreateObjectMapping: 1.087300 ms MarkObjects: 5.061700 ms  DeleteObjects: 2.454600 ms)

Prepare: number of updated asset objects reloaded= 0
AssetImportParameters requested are different than current active one (requested -> active):
  custom:container-demuxer-ogg: 62fdf1f143b41e24485cea50d1cbac27 -> 
  custom:framework-win-MediaFoundation: 216162199b28c13a410421893ffa2e32 -> 
  custom:container-muxer-webm: aa71ff27fc2769a1b78a27578f13a17b -> 
  custom:video-decoder-webm-vp8: 9c59270c3fd7afecdb556c50c9e8de78 -> 
  custom:SearchIndexIgnoredProperties: e643bd26f0fe6173181afceb89e7c659 -> 
  custom:AudioImporter_EditorPlatform: d09bf68614088b80899f8185d706f6e7 -> 
  custom:audio-decoder-ogg-vorbis: bf7c407c2cedff20999df2af8eb42d56 -> 
  custom:audio-encoder-webm-vorbis: bf7c407c2cedff20999df2af8eb42d56 -> 
  custom:video-codec-MediaFoundation-h265: 746d11721c4dcdbdad8f713fa42b33f4 -> 
  custom:video-decoder-ogg-theora: a1e56fd34408186e4bbccfd4996cb3dc -> 
  custom:CustomObjectIndexerAttribute: a3ef5dd2817f97addfee359851a9dba5 -> 
  custom:container-demuxer-webm: 4f35f7cbe854078d1ac9338744f61a02 -> 
  custom:video-encoder-webm-vp8: eb34c28f22e8b96e1ab97ce403110664 -> 
========================================================================
Received Import Request.
  Time since last request: 11766.453051 seconds.
  path: Assets/Audio/Also Sprach Zarathustra, Op. 30 - Strauss.mp3
  artifactKey: Guid(5d4ab61e8d8872c4e9e40ecba2eb5401) Importer(815301076,1909f56bfc062723c751e8b465ee728b)
Start importing Assets/Audio/Also Sprach Zarathustra, Op. 30 - Strauss.mp3 using Guid(5d4ab61e8d8872c4e9e40ecba2eb5401) Importer(815301076,1909f56bfc062723c751e8b465ee728b)  -> (artifact id: '5035424632b48502407d699275d0d510') in 0.062871 seconds
Number of updated asset objects reloaded before import = 0
Number of asset objects unloaded after import = 1
========================================================================
Received Import Request.
  Time since last request: 0.000235 seconds.
  path: Assets/Audio/Steely Dan - Peg.wav
  artifactKey: Guid(a20d109dada760f4197b8f9ba8a720cf) Importer(815301076,1909f56bfc062723c751e8b465ee728b)
Start importing Assets/Audio/Steely Dan - Peg.wav using Guid(a20d109dada760f4197b8f9ba8a720cf) Importer(815301076,1909f56bfc062723c751e8b465ee728b)  -> (artifact id: '48c95f08818827a3ad777cab8a864f06') in 0.001443 seconds
Number of updated asset objects reloaded before import = 0
Number of asset objects unloaded after import = 1
========================================================================
Received Import Request.
  Time since last request: 255.598394 seconds.
  path: Assets/Videos/2001 video/stoned ape intro (A).mp4
  artifactKey: Guid(6ccdf58aad4b20040b3812903e2b4305) Importer(815301076,1909f56bfc062723c751e8b465ee728b)
Start importing Assets/Videos/2001 video/stoned ape intro (A).mp4 using Guid(6ccdf58aad4b20040b3812903e2b4305) Importer(815301076,1909f56bfc062723c751e8b465ee728b)  -> (artifact id: '9df88c9142a04ec0fee41e9f4b1bc8da') in 0.001851 seconds
Number of updated asset objects reloaded before import = 0
Number of asset objects unloaded after import = 1
========================================================================
Received Import Request.
  Time since last request: 16.353263 seconds.
  path: Assets/Videos/2001 video/stoned ape intro (A and B).mp4
  artifactKey: Guid(fc91198f30e1d2b4bb81693007a30507) Importer(815301076,1909f56bfc062723c751e8b465ee728b)
Start importing Assets/Videos/2001 video/stoned ape intro (A and B).mp4 using Guid(fc91198f30e1d2b4bb81693007a30507) Importer(815301076,1909f56bfc062723c751e8b465ee728b)  -> (artifact id: '40255988b23425212ff639bcc55aa1b8') in 0.001456 seconds
Number of updated asset objects reloaded before import = 0
Number of asset objects unloaded after import = 1
========================================================================
Received Prepare
Begin MonoManager ReloadAssembly
Symbol file LoadedFromMemory doesn't match image C:\Users\PIMG\Documents\GitHub\Stoned-Ape-Runner\Stoned Ape Runner\Library\PackageCache\com.unity.visualscripting@1.8.0\Editor\VisualScripting.Core\Dependencies\YamlDotNet\Unity.VisualScripting.YamlDotNet.dll
Symbol file LoadedFromMemory doesn't match image C:\Users\PIMG\Documents\GitHub\Stoned-Ape-Runner\Stoned Ape Runner\Library\PackageCache\com.unity.visualscripting@1.8.0\Editor\VisualScripting.Core\Dependencies\DotNetZip\Unity.VisualScripting.IonicZip.dll
- Loaded All Assemblies, in  3.470 seconds
Refreshing native plugins compatible for Editor in 7.29 ms, found 6 plugins.
Native extension for WindowsStandalone target not found
Mono: successfully reloaded assembly
- Finished resetting the current domain, in 34.176 seconds
Domain Reload Profiling: 37642ms
	BeginReloadAssembly (346ms)
		ExecutionOrderSort (0ms)
		DisableScriptedObjects (14ms)
		BackupInstance (0ms)
		ReleaseScriptingObjects (0ms)
		CreateAndSetChildDomain (145ms)
	RebuildCommonClasses (43ms)
	RebuildNativeTypeToScriptingClass (14ms)
	initialDomainReloadingComplete (46ms)
	LoadAllAssembliesAndSetupDomain (3015ms)
		LoadAssemblies (2428ms)
		RebuildTransferFunctionScriptingTraits (0ms)
		AnalyzeDomain (688ms)
			TypeCache.Refresh (670ms)
				TypeCache.ScanAssembly (627ms)
			ScanForSourceGeneratedMonoScriptInfo (0ms)
			ResolveRequiredComponents (19ms)
	FinalizeReload (34177ms)
		ReleaseScriptCaches (0ms)
		RebuildScriptCaches (0ms)
		SetupLoadedEditorAssemblies (1018ms)
			LogAssemblyErrors (0ms)
			InitializePlatformSupportModulesInManaged (11ms)
			SetLoadedEditorAssemblies (6ms)
			RefreshPlugins (0ms)
			BeforeProcessingInitializeOnLoad (134ms)
			ProcessInitializeOnLoadAttributes (813ms)
			ProcessInitializeOnLoadMethodAttributes (42ms)
			AfterProcessingInitializeOnLoad (12ms)
			EditorAssembliesLoaded (0ms)
		ExecutionOrderSort2 (0ms)
		AwakeInstancesAfterBackupRestoration (26ms)
Refreshing native plugins compatible for Editor in 7.35 ms, found 6 plugins.
Preloading 0 native plugins for Editor in 0.00 ms.
Unloading 7354 Unused Serialized files (Serialized files now loaded: 0)
Unloading 188 unused Assets / (13.1 MB). Loaded Objects now: 8249.
Memory consumption went from 286.1 MB to 273.0 MB.
Total: 10.271600 ms (FindLiveObjects: 0.644000 ms CreateObjectMapping: 0.413700 ms MarkObjects: 6.671300 ms  DeleteObjects: 2.541400 ms)

Prepare: number of updated asset objects reloaded= 0
AssetImportParameters requested are different than current active one (requested -> active):
  custom:container-demuxer-ogg: 62fdf1f143b41e24485cea50d1cbac27 -> 
  custom:framework-win-MediaFoundation: 216162199b28c13a410421893ffa2e32 -> 
  custom:container-muxer-webm: aa71ff27fc2769a1b78a27578f13a17b -> 
  custom:video-decoder-webm-vp8: 9c59270c3fd7afecdb556c50c9e8de78 -> 
  custom:SearchIndexIgnoredProperties: e643bd26f0fe6173181afceb89e7c659 -> 
  custom:AudioImporter_EditorPlatform: d09bf68614088b80899f8185d706f6e7 -> 
  custom:audio-decoder-ogg-vorbis: bf7c407c2cedff20999df2af8eb42d56 -> 
  custom:audio-encoder-webm-vorbis: bf7c407c2cedff20999df2af8eb42d56 -> 
  custom:video-codec-MediaFoundation-h265: 746d11721c4dcdbdad8f713fa42b33f4 -> 
  custom:video-decoder-ogg-theora: a1e56fd34408186e4bbccfd4996cb3dc -> 
  custom:CustomObjectIndexerAttribute: a3ef5dd2817f97addfee359851a9dba5 -> 
  custom:container-demuxer-webm: 4f35f7cbe854078d1ac9338744f61a02 -> 
  custom:video-encoder-webm-vp8: eb34c28f22e8b96e1ab97ce403110664 -> 
========================================================================
Received Import Request.
  Time since last request: 271.398275 seconds.
  path: Assets/Audio/Stoned Ape Theme
  artifactKey: Guid(34e4d53cebe5bc340a9681e5a3746522) Importer(815301076,1909f56bfc062723c751e8b465ee728b)
Start importing Assets/Audio/Stoned Ape Theme using Guid(34e4d53cebe5bc340a9681e5a3746522) Importer(815301076,1909f56bfc062723c751e8b465ee728b)  -> (artifact id: '2cc843cee9b2ef050937e11b0db161ed') in 0.002364 seconds
Number of updated asset objects reloaded before import = 0
Number of asset objects unloaded after import = 0
========================================================================
Received Import Request.
  Time since last request: 0.039343 seconds.
  path: Assets/Audio/Stoned Ape Theme/Start Sound.wav
  artifactKey: Guid(ddbe0a91b808c494abab222e726d93da) Importer(815301076,1909f56bfc062723c751e8b465ee728b)
Start importing Assets/Audio/Stoned Ape Theme/Start Sound.wav using Guid(ddbe0a91b808c494abab222e726d93da) Importer(815301076,1909f56bfc062723c751e8b465ee728b)  -> (artifact id: '6549f2aab74639d89d512d8ddacf00b4') in 0.002375 seconds
Number of updated asset objects reloaded before import = 0
Number of asset objects unloaded after import = 1
========================================================================
Received Import Request.
  Time since last request: 0.000017 seconds.
  path: Assets/Audio/Stoned Ape Theme/Stoned Ape Theme.wav
  artifactKey: Guid(328b40cf042a35f48b530359803a15ff) Importer(815301076,1909f56bfc062723c751e8b465ee728b)
Start importing Assets/Audio/Stoned Ape Theme/Stoned Ape Theme.wav using Guid(328b40cf042a35f48b530359803a15ff) Importer(815301076,1909f56bfc062723c751e8b465ee728b)  -> (artifact id: '7ac38a0c17151f8af9ad30dfea11ef1e') in 0.001842 seconds
Number of updated asset objects reloaded before import = 0
Number of asset objects unloaded after import = 1
========================================================================
Received Import Request.
  Time since last request: 0.000033 seconds.
  path: Assets/Audio/Stoned Ape Theme/Strauss Theme.wav
  artifactKey: Guid(e42a17cbc5aeeda4dbb47239841db1a7) Importer(815301076,1909f56bfc062723c751e8b465ee728b)
Start importing Assets/Audio/Stoned Ape Theme/Strauss Theme.wav using Guid(e42a17cbc5aeeda4dbb47239841db1a7) Importer(815301076,1909f56bfc062723c751e8b465ee728b)  -> (artifact id: '1a9948d95f1400871c3eb386a40398e1') in 0.001654 seconds
Number of updated asset objects reloaded before import = 0
Number of asset objects unloaded after import = 1
========================================================================
Received Prepare
Begin MonoManager ReloadAssembly
Symbol file LoadedFromMemory doesn't match image C:\Users\PIMG\Documents\GitHub\Stoned-Ape-Runner\Stoned Ape Runner\Library\PackageCache\com.unity.visualscripting@1.8.0\Editor\VisualScripting.Core\Dependencies\YamlDotNet\Unity.VisualScripting.YamlDotNet.dll
Symbol file LoadedFromMemory doesn't match image C:\Users\PIMG\Documents\GitHub\Stoned-Ape-Runner\Stoned Ape Runner\Library\PackageCache\com.unity.visualscripting@1.8.0\Editor\VisualScripting.Core\Dependencies\DotNetZip\Unity.VisualScripting.IonicZip.dll
- Loaded All Assemblies, in  1.058 seconds
Refreshing native plugins compatible for Editor in 8.13 ms, found 6 plugins.
Native extension for WindowsStandalone target not found
Mono: successfully reloaded assembly
- Finished resetting the current domain, in  2.232 seconds
Domain Reload Profiling: 3285ms
	BeginReloadAssembly (210ms)
		ExecutionOrderSort (0ms)
		DisableScriptedObjects (6ms)
		BackupInstance (0ms)
		ReleaseScriptingObjects (0ms)
		CreateAndSetChildDomain (66ms)
	RebuildCommonClasses (40ms)
	RebuildNativeTypeToScriptingClass (13ms)
	initialDomainReloadingComplete (43ms)
	LoadAllAssembliesAndSetupDomain (746ms)
		LoadAssemblies (355ms)
		RebuildTransferFunctionScriptingTraits (0ms)
		AnalyzeDomain (475ms)
			TypeCache.Refresh (457ms)
				TypeCache.ScanAssembly (441ms)
			ScanForSourceGeneratedMonoScriptInfo (0ms)
			ResolveRequiredComponents (18ms)
	FinalizeReload (2233ms)
		ReleaseScriptCaches (0ms)
		RebuildScriptCaches (0ms)
		SetupLoadedEditorAssemblies (1006ms)
			LogAssemblyErrors (0ms)
			InitializePlatformSupportModulesInManaged (10ms)
			SetLoadedEditorAssemblies (5ms)
			RefreshPlugins (0ms)
			BeforeProcessingInitializeOnLoad (136ms)
			ProcessInitializeOnLoadAttributes (800ms)
			ProcessInitializeOnLoadMethodAttributes (43ms)
			AfterProcessingInitializeOnLoad (12ms)
			EditorAssembliesLoaded (0ms)
		ExecutionOrderSort2 (0ms)
		AwakeInstancesAfterBackupRestoration (25ms)
Refreshing native plugins compatible for Editor in 8.08 ms, found 6 plugins.
Preloading 0 native plugins for Editor in 0.00 ms.
Unloading 7354 Unused Serialized files (Serialized files now loaded: 0)
Unloading 188 unused Assets / (13.1 MB). Loaded Objects now: 8265.
Memory consumption went from 286.2 MB to 273.1 MB.
Total: 9.716500 ms (FindLiveObjects: 0.726300 ms CreateObjectMapping: 0.892700 ms MarkObjects: 5.315500 ms  DeleteObjects: 2.780800 ms)

Prepare: number of updated asset objects reloaded= 0
AssetImportParameters requested are different than current active one (requested -> active):
  custom:container-demuxer-ogg: 62fdf1f143b41e24485cea50d1cbac27 -> 
  custom:framework-win-MediaFoundation: 216162199b28c13a410421893ffa2e32 -> 
  custom:container-muxer-webm: aa71ff27fc2769a1b78a27578f13a17b -> 
  custom:video-decoder-webm-vp8: 9c59270c3fd7afecdb556c50c9e8de78 -> 
  custom:SearchIndexIgnoredProperties: e643bd26f0fe6173181afceb89e7c659 -> 
  custom:AudioImporter_EditorPlatform: d09bf68614088b80899f8185d706f6e7 -> 
  custom:audio-decoder-ogg-vorbis: bf7c407c2cedff20999df2af8eb42d56 -> 
  custom:audio-encoder-webm-vorbis: bf7c407c2cedff20999df2af8eb42d56 -> 
  custom:video-codec-MediaFoundation-h265: 746d11721c4dcdbdad8f713fa42b33f4 -> 
  custom:video-decoder-ogg-theora: a1e56fd34408186e4bbccfd4996cb3dc -> 
  custom:CustomObjectIndexerAttribute: a3ef5dd2817f97addfee359851a9dba5 -> 
  custom:container-demuxer-webm: 4f35f7cbe854078d1ac9338744f61a02 -> 
  custom:video-encoder-webm-vp8: eb34c28f22e8b96e1ab97ce403110664 -> 
========================================================================
Received Prepare
Begin MonoManager ReloadAssembly
Symbol file LoadedFromMemory doesn't match image C:\Users\PIMG\Documents\GitHub\Stoned-Ape-Runner\Stoned Ape Runner\Library\PackageCache\com.unity.visualscripting@1.8.0\Editor\VisualScripting.Core\Dependencies\YamlDotNet\Unity.VisualScripting.YamlDotNet.dll
Symbol file LoadedFromMemory doesn't match image C:\Users\PIMG\Documents\GitHub\Stoned-Ape-Runner\Stoned Ape Runner\Library\PackageCache\com.unity.visualscripting@1.8.0\Editor\VisualScripting.Core\Dependencies\DotNetZip\Unity.VisualScripting.IonicZip.dll
- Loaded All Assemblies, in  1.015 seconds
Refreshing native plugins compatible for Editor in 6.25 ms, found 6 plugins.
Native extension for WindowsStandalone target not found
Mono: successfully reloaded assembly
- Finished resetting the current domain, in  2.212 seconds
Domain Reload Profiling: 3222ms
	BeginReloadAssembly (192ms)
		ExecutionOrderSort (0ms)
		DisableScriptedObjects (6ms)
		BackupInstance (0ms)
		ReleaseScriptingObjects (0ms)
		CreateAndSetChildDomain (54ms)
	RebuildCommonClasses (46ms)
	RebuildNativeTypeToScriptingClass (15ms)
	initialDomainReloadingComplete (39ms)
	LoadAllAssembliesAndSetupDomain (717ms)
		LoadAssemblies (347ms)
		RebuildTransferFunctionScriptingTraits (0ms)
		AnalyzeDomain (442ms)
			TypeCache.Refresh (428ms)
				TypeCache.ScanAssembly (410ms)
			ScanForSourceGeneratedMonoScriptInfo (0ms)
			ResolveRequiredComponents (15ms)
	FinalizeReload (2213ms)
		ReleaseScriptCaches (0ms)
		RebuildScriptCaches (0ms)
		SetupLoadedEditorAssemblies (988ms)
			LogAssemblyErrors (0ms)
			InitializePlatformSupportModulesInManaged (9ms)
			SetLoadedEditorAssemblies (4ms)
			RefreshPlugins (0ms)
			BeforeProcessingInitializeOnLoad (142ms)
			ProcessInitializeOnLoadAttributes (781ms)
			ProcessInitializeOnLoadMethodAttributes (39ms)
			AfterProcessingInitializeOnLoad (11ms)
			EditorAssembliesLoaded (0ms)
		ExecutionOrderSort2 (0ms)
		AwakeInstancesAfterBackupRestoration (19ms)
Refreshing native plugins compatible for Editor in 11.48 ms, found 6 plugins.
Preloading 0 native plugins for Editor in 0.00 ms.
Unloading 7354 Unused Serialized files (Serialized files now loaded: 0)
Unloading 188 unused Assets / (13.1 MB). Loaded Objects now: 8281.
Memory consumption went from 286.2 MB to 273.1 MB.
Total: 12.295200 ms (FindLiveObjects: 0.771600 ms CreateObjectMapping: 0.937700 ms MarkObjects: 7.185800 ms  DeleteObjects: 3.398700 ms)

Prepare: number of updated asset objects reloaded= 0
AssetImportParameters requested are different than current active one (requested -> active):
  custom:container-demuxer-ogg: 62fdf1f143b41e24485cea50d1cbac27 -> 
  custom:framework-win-MediaFoundation: 216162199b28c13a410421893ffa2e32 -> 
  custom:container-muxer-webm: aa71ff27fc2769a1b78a27578f13a17b -> 
  custom:video-decoder-webm-vp8: 9c59270c3fd7afecdb556c50c9e8de78 -> 
  custom:SearchIndexIgnoredProperties: e643bd26f0fe6173181afceb89e7c659 -> 
  custom:AudioImporter_EditorPlatform: d09bf68614088b80899f8185d706f6e7 -> 
  custom:audio-decoder-ogg-vorbis: bf7c407c2cedff20999df2af8eb42d56 -> 
  custom:audio-encoder-webm-vorbis: bf7c407c2cedff20999df2af8eb42d56 -> 
  custom:video-codec-MediaFoundation-h265: 746d11721c4dcdbdad8f713fa42b33f4 -> 
  custom:video-decoder-ogg-theora: a1e56fd34408186e4bbccfd4996cb3dc -> 
  custom:CustomObjectIndexerAttribute: a3ef5dd2817f97addfee359851a9dba5 -> 
  custom:container-demuxer-webm: 4f35f7cbe854078d1ac9338744f61a02 -> 
  custom:video-encoder-webm-vp8: eb34c28f22e8b96e1ab97ce403110664 -> 
========================================================================
Received Prepare
Begin MonoManager ReloadAssembly
Symbol file LoadedFromMemory doesn't match image C:\Users\PIMG\Documents\GitHub\Stoned-Ape-Runner\Stoned Ape Runner\Library\PackageCache\com.unity.visualscripting@1.8.0\Editor\VisualScripting.Core\Dependencies\YamlDotNet\Unity.VisualScripting.YamlDotNet.dll
Symbol file LoadedFromMemory doesn't match image C:\Users\PIMG\Documents\GitHub\Stoned-Ape-Runner\Stoned Ape Runner\Library\PackageCache\com.unity.visualscripting@1.8.0\Editor\VisualScripting.Core\Dependencies\DotNetZip\Unity.VisualScripting.IonicZip.dll
- Loaded All Assemblies, in  0.974 seconds
Refreshing native plugins compatible for Editor in 5.49 ms, found 6 plugins.
Native extension for WindowsStandalone target not found
Mono: successfully reloaded assembly
- Finished resetting the current domain, in  1.913 seconds
Domain Reload Profiling: 2883ms
	BeginReloadAssembly (192ms)
		ExecutionOrderSort (0ms)
		DisableScriptedObjects (7ms)
		BackupInstance (0ms)
		ReleaseScriptingObjects (0ms)
		CreateAndSetChildDomain (53ms)
	RebuildCommonClasses (50ms)
	RebuildNativeTypeToScriptingClass (12ms)
	initialDomainReloadingComplete (33ms)
	LoadAllAssembliesAndSetupDomain (682ms)
		LoadAssemblies (349ms)
		RebuildTransferFunctionScriptingTraits (0ms)
		AnalyzeDomain (411ms)
			TypeCache.Refresh (393ms)
				TypeCache.ScanAssembly (378ms)
			ScanForSourceGeneratedMonoScriptInfo (0ms)
			ResolveRequiredComponents (18ms)
	FinalizeReload (1914ms)
		ReleaseScriptCaches (0ms)
		RebuildScriptCaches (0ms)
		SetupLoadedEditorAssemblies (852ms)
			LogAssemblyErrors (0ms)
			InitializePlatformSupportModulesInManaged (6ms)
			SetLoadedEditorAssemblies (3ms)
			RefreshPlugins (0ms)
			BeforeProcessingInitializeOnLoad (104ms)
			ProcessInitializeOnLoadAttributes (692ms)
			ProcessInitializeOnLoadMethodAttributes (36ms)
			AfterProcessingInitializeOnLoad (10ms)
			EditorAssembliesLoaded (0ms)
		ExecutionOrderSort2 (0ms)
		AwakeInstancesAfterBackupRestoration (19ms)
Refreshing native plugins compatible for Editor in 7.99 ms, found 6 plugins.
Preloading 0 native plugins for Editor in 0.00 ms.
Unloading 7354 Unused Serialized files (Serialized files now loaded: 0)
Unloading 188 unused Assets / (13.1 MB). Loaded Objects now: 8297.
Memory consumption went from 286.2 MB to 273.1 MB.
Total: 7.429100 ms (FindLiveObjects: 0.872200 ms CreateObjectMapping: 0.633700 ms MarkObjects: 3.452000 ms  DeleteObjects: 2.470100 ms)

Prepare: number of updated asset objects reloaded= 0
AssetImportParameters requested are different than current active one (requested -> active):
  custom:container-demuxer-ogg: 62fdf1f143b41e24485cea50d1cbac27 -> 
  custom:framework-win-MediaFoundation: 216162199b28c13a410421893ffa2e32 -> 
  custom:container-muxer-webm: aa71ff27fc2769a1b78a27578f13a17b -> 
  custom:video-decoder-webm-vp8: 9c59270c3fd7afecdb556c50c9e8de78 -> 
  custom:SearchIndexIgnoredProperties: e643bd26f0fe6173181afceb89e7c659 -> 
  custom:AudioImporter_EditorPlatform: d09bf68614088b80899f8185d706f6e7 -> 
  custom:audio-decoder-ogg-vorbis: bf7c407c2cedff20999df2af8eb42d56 -> 
  custom:audio-encoder-webm-vorbis: bf7c407c2cedff20999df2af8eb42d56 -> 
  custom:video-codec-MediaFoundation-h265: 746d11721c4dcdbdad8f713fa42b33f4 -> 
  custom:video-decoder-ogg-theora: a1e56fd34408186e4bbccfd4996cb3dc -> 
  custom:CustomObjectIndexerAttribute: a3ef5dd2817f97addfee359851a9dba5 -> 
  custom:container-demuxer-webm: 4f35f7cbe854078d1ac9338744f61a02 -> 
  custom:video-encoder-webm-vp8: eb34c28f22e8b96e1ab97ce403110664 -> 
========================================================================
Received Prepare
Begin MonoManager ReloadAssembly
Symbol file LoadedFromMemory doesn't match image C:\Users\PIMG\Documents\GitHub\Stoned-Ape-Runner\Stoned Ape Runner\Library\PackageCache\com.unity.visualscripting@1.8.0\Editor\VisualScripting.Core\Dependencies\YamlDotNet\Unity.VisualScripting.YamlDotNet.dll
Symbol file LoadedFromMemory doesn't match image C:\Users\PIMG\Documents\GitHub\Stoned-Ape-Runner\Stoned Ape Runner\Library\PackageCache\com.unity.visualscripting@1.8.0\Editor\VisualScripting.Core\Dependencies\DotNetZip\Unity.VisualScripting.IonicZip.dll
- Loaded All Assemblies, in  1.018 seconds
Refreshing native plugins compatible for Editor in 7.27 ms, found 6 plugins.
Native extension for WindowsStandalone target not found
Mono: successfully reloaded assembly
- Finished resetting the current domain, in  2.215 seconds
Domain Reload Profiling: 3229ms
	BeginReloadAssembly (198ms)
		ExecutionOrderSort (0ms)
		DisableScriptedObjects (8ms)
		BackupInstance (0ms)
		ReleaseScriptingObjects (0ms)
		CreateAndSetChildDomain (56ms)
	RebuildCommonClasses (53ms)
	RebuildNativeTypeToScriptingClass (19ms)
	initialDomainReloadingComplete (39ms)
	LoadAllAssembliesAndSetupDomain (704ms)
		LoadAssemblies (346ms)
		RebuildTransferFunctionScriptingTraits (0ms)
		AnalyzeDomain (438ms)
			TypeCache.Refresh (421ms)
				TypeCache.ScanAssembly (405ms)
			ScanForSourceGeneratedMonoScriptInfo (0ms)
			ResolveRequiredComponents (16ms)
	FinalizeReload (2215ms)
		ReleaseScriptCaches (0ms)
		RebuildScriptCaches (0ms)
		SetupLoadedEditorAssemblies (1006ms)
			LogAssemblyErrors (0ms)
			InitializePlatformSupportModulesInManaged (9ms)
			SetLoadedEditorAssemblies (5ms)
			RefreshPlugins (0ms)
			BeforeProcessingInitializeOnLoad (147ms)
			ProcessInitializeOnLoadAttributes (791ms)
			ProcessInitializeOnLoadMethodAttributes (42ms)
			AfterProcessingInitializeOnLoad (13ms)
			EditorAssembliesLoaded (0ms)
		ExecutionOrderSort2 (0ms)
		AwakeInstancesAfterBackupRestoration (22ms)
Refreshing native plugins compatible for Editor in 10.27 ms, found 6 plugins.
Preloading 0 native plugins for Editor in 0.00 ms.
Unloading 7354 Unused Serialized files (Serialized files now loaded: 0)
Unloading 188 unused Assets / (13.1 MB). Loaded Objects now: 8313.
Memory consumption went from 286.2 MB to 273.1 MB.
Total: 9.476600 ms (FindLiveObjects: 0.725000 ms CreateObjectMapping: 0.599400 ms MarkObjects: 5.629400 ms  DeleteObjects: 2.521400 ms)

Prepare: number of updated asset objects reloaded= 0
AssetImportParameters requested are different than current active one (requested -> active):
  custom:container-demuxer-ogg: 62fdf1f143b41e24485cea50d1cbac27 -> 
  custom:framework-win-MediaFoundation: 216162199b28c13a410421893ffa2e32 -> 
  custom:container-muxer-webm: aa71ff27fc2769a1b78a27578f13a17b -> 
  custom:video-decoder-webm-vp8: 9c59270c3fd7afecdb556c50c9e8de78 -> 
  custom:SearchIndexIgnoredProperties: e643bd26f0fe6173181afceb89e7c659 -> 
  custom:AudioImporter_EditorPlatform: d09bf68614088b80899f8185d706f6e7 -> 
  custom:audio-decoder-ogg-vorbis: bf7c407c2cedff20999df2af8eb42d56 -> 
  custom:audio-encoder-webm-vorbis: bf7c407c2cedff20999df2af8eb42d56 -> 
  custom:video-codec-MediaFoundation-h265: 746d11721c4dcdbdad8f713fa42b33f4 -> 
  custom:video-decoder-ogg-theora: a1e56fd34408186e4bbccfd4996cb3dc -> 
  custom:CustomObjectIndexerAttribute: a3ef5dd2817f97addfee359851a9dba5 -> 
  custom:container-demuxer-webm: 4f35f7cbe854078d1ac9338744f61a02 -> 
  custom:video-encoder-webm-vp8: eb34c28f22e8b96e1ab97ce403110664 -> 
========================================================================
Received Prepare
Begin MonoManager ReloadAssembly
Symbol file LoadedFromMemory doesn't match image C:\Users\PIMG\Documents\GitHub\Stoned-Ape-Runner\Stoned Ape Runner\Library\PackageCache\com.unity.visualscripting@1.8.0\Editor\VisualScripting.Core\Dependencies\YamlDotNet\Unity.VisualScripting.YamlDotNet.dll
Symbol file LoadedFromMemory doesn't match image C:\Users\PIMG\Documents\GitHub\Stoned-Ape-Runner\Stoned Ape Runner\Library\PackageCache\com.unity.visualscripting@1.8.0\Editor\VisualScripting.Core\Dependencies\DotNetZip\Unity.VisualScripting.IonicZip.dll
- Loaded All Assemblies, in  1.064 seconds
Refreshing native plugins compatible for Editor in 6.80 ms, found 6 plugins.
Native extension for WindowsStandalone target not found
Mono: successfully reloaded assembly
- Finished resetting the current domain, in  2.358 seconds
Domain Reload Profiling: 3418ms
	BeginReloadAssembly (189ms)
		ExecutionOrderSort (0ms)
		DisableScriptedObjects (6ms)
		BackupInstance (0ms)
		ReleaseScriptingObjects (0ms)
		CreateAndSetChildDomain (57ms)
	RebuildCommonClasses (46ms)
	RebuildNativeTypeToScriptingClass (14ms)
	initialDomainReloadingComplete (38ms)
	LoadAllAssembliesAndSetupDomain (773ms)
		LoadAssemblies (360ms)
		RebuildTransferFunctionScriptingTraits (0ms)
		AnalyzeDomain (481ms)
			TypeCache.Refresh (465ms)
				TypeCache.ScanAssembly (447ms)
			ScanForSourceGeneratedMonoScriptInfo (0ms)
			ResolveRequiredComponents (16ms)
	FinalizeReload (2358ms)
		ReleaseScriptCaches (0ms)
		RebuildScriptCaches (0ms)
		SetupLoadedEditorAssemblies (1013ms)
			LogAssemblyErrors (0ms)
			InitializePlatformSupportModulesInManaged (10ms)
			SetLoadedEditorAssemblies (6ms)
			RefreshPlugins (0ms)
			BeforeProcessingInitializeOnLoad (142ms)
			ProcessInitializeOnLoadAttributes (802ms)
			ProcessInitializeOnLoadMethodAttributes (40ms)
			AfterProcessingInitializeOnLoad (13ms)
			EditorAssembliesLoaded (0ms)
		ExecutionOrderSort2 (0ms)
		AwakeInstancesAfterBackupRestoration (21ms)
Refreshing native plugins compatible for Editor in 7.45 ms, found 6 plugins.
Preloading 0 native plugins for Editor in 0.00 ms.
Unloading 7354 Unused Serialized files (Serialized files now loaded: 0)
Unloading 188 unused Assets / (13.1 MB). Loaded Objects now: 8329.
Memory consumption went from 286.2 MB to 273.1 MB.
Total: 10.035700 ms (FindLiveObjects: 0.893700 ms CreateObjectMapping: 0.935800 ms MarkObjects: 4.636500 ms  DeleteObjects: 3.568300 ms)

Prepare: number of updated asset objects reloaded= 0
AssetImportParameters requested are different than current active one (requested -> active):
  custom:container-demuxer-ogg: 62fdf1f143b41e24485cea50d1cbac27 -> 
  custom:framework-win-MediaFoundation: 216162199b28c13a410421893ffa2e32 -> 
  custom:container-muxer-webm: aa71ff27fc2769a1b78a27578f13a17b -> 
  custom:video-decoder-webm-vp8: 9c59270c3fd7afecdb556c50c9e8de78 -> 
  custom:SearchIndexIgnoredProperties: e643bd26f0fe6173181afceb89e7c659 -> 
  custom:AudioImporter_EditorPlatform: d09bf68614088b80899f8185d706f6e7 -> 
  custom:audio-decoder-ogg-vorbis: bf7c407c2cedff20999df2af8eb42d56 -> 
  custom:audio-encoder-webm-vorbis: bf7c407c2cedff20999df2af8eb42d56 -> 
  custom:video-codec-MediaFoundation-h265: 746d11721c4dcdbdad8f713fa42b33f4 -> 
  custom:video-decoder-ogg-theora: a1e56fd34408186e4bbccfd4996cb3dc -> 
  custom:CustomObjectIndexerAttribute: a3ef5dd2817f97addfee359851a9dba5 -> 
  custom:container-demuxer-webm: 4f35f7cbe854078d1ac9338744f61a02 -> 
  custom:video-encoder-webm-vp8: eb34c28f22e8b96e1ab97ce403110664 -> 
========================================================================
Received Prepare
Begin MonoManager ReloadAssembly
Symbol file LoadedFromMemory doesn't match image C:\Users\PIMG\Documents\GitHub\Stoned-Ape-Runner\Stoned Ape Runner\Library\PackageCache\com.unity.visualscripting@1.8.0\Editor\VisualScripting.Core\Dependencies\YamlDotNet\Unity.VisualScripting.YamlDotNet.dll
Symbol file LoadedFromMemory doesn't match image C:\Users\PIMG\Documents\GitHub\Stoned-Ape-Runner\Stoned Ape Runner\Library\PackageCache\com.unity.visualscripting@1.8.0\Editor\VisualScripting.Core\Dependencies\DotNetZip\Unity.VisualScripting.IonicZip.dll
- Loaded All Assemblies, in  1.110 seconds
Refreshing native plugins compatible for Editor in 8.84 ms, found 6 plugins.
Native extension for WindowsStandalone target not found
Mono: successfully reloaded assembly
- Finished resetting the current domain, in  2.298 seconds
Domain Reload Profiling: 3402ms
	BeginReloadAssembly (207ms)
		ExecutionOrderSort (0ms)
		DisableScriptedObjects (8ms)
		BackupInstance (0ms)
		ReleaseScriptingObjects (0ms)
		CreateAndSetChildDomain (63ms)
	RebuildCommonClasses (40ms)
	RebuildNativeTypeToScriptingClass (14ms)
	initialDomainReloadingComplete (42ms)
	LoadAllAssembliesAndSetupDomain (801ms)
		LoadAssemblies (381ms)
		RebuildTransferFunctionScriptingTraits (0ms)
		AnalyzeDomain (491ms)
			TypeCache.Refresh (471ms)
				TypeCache.ScanAssembly (451ms)
			ScanForSourceGeneratedMonoScriptInfo (0ms)
			ResolveRequiredComponents (20ms)
	FinalizeReload (2298ms)
		ReleaseScriptCaches (0ms)
		RebuildScriptCaches (0ms)
		SetupLoadedEditorAssemblies (1020ms)
			LogAssemblyErrors (0ms)
			InitializePlatformSupportModulesInManaged (9ms)
			SetLoadedEditorAssemblies (5ms)
			RefreshPlugins (0ms)
			BeforeProcessingInitializeOnLoad (138ms)
			ProcessInitializeOnLoadAttributes (810ms)
			ProcessInitializeOnLoadMethodAttributes (45ms)
			AfterProcessingInitializeOnLoad (14ms)
			EditorAssembliesLoaded (0ms)
		ExecutionOrderSort2 (0ms)
		AwakeInstancesAfterBackupRestoration (21ms)
Refreshing native plugins compatible for Editor in 9.81 ms, found 6 plugins.
Preloading 0 native plugins for Editor in 0.00 ms.
Unloading 7354 Unused Serialized files (Serialized files now loaded: 0)
Unloading 188 unused Assets / (13.1 MB). Loaded Objects now: 8345.
Memory consumption went from 286.2 MB to 273.1 MB.
Total: 9.182400 ms (FindLiveObjects: 0.775000 ms CreateObjectMapping: 1.004300 ms MarkObjects: 4.621600 ms  DeleteObjects: 2.780400 ms)

Prepare: number of updated asset objects reloaded= 0
AssetImportParameters requested are different than current active one (requested -> active):
  custom:container-demuxer-ogg: 62fdf1f143b41e24485cea50d1cbac27 -> 
  custom:framework-win-MediaFoundation: 216162199b28c13a410421893ffa2e32 -> 
  custom:container-muxer-webm: aa71ff27fc2769a1b78a27578f13a17b -> 
  custom:video-decoder-webm-vp8: 9c59270c3fd7afecdb556c50c9e8de78 -> 
  custom:SearchIndexIgnoredProperties: e643bd26f0fe6173181afceb89e7c659 -> 
  custom:AudioImporter_EditorPlatform: d09bf68614088b80899f8185d706f6e7 -> 
  custom:audio-decoder-ogg-vorbis: bf7c407c2cedff20999df2af8eb42d56 -> 
  custom:audio-encoder-webm-vorbis: bf7c407c2cedff20999df2af8eb42d56 -> 
  custom:video-codec-MediaFoundation-h265: 746d11721c4dcdbdad8f713fa42b33f4 -> 
  custom:video-decoder-ogg-theora: a1e56fd34408186e4bbccfd4996cb3dc -> 
  custom:CustomObjectIndexerAttribute: a3ef5dd2817f97addfee359851a9dba5 -> 
  custom:container-demuxer-webm: 4f35f7cbe854078d1ac9338744f61a02 -> 
  custom:video-encoder-webm-vp8: eb34c28f22e8b96e1ab97ce403110664 -> 
========================================================================
Received Prepare
Begin MonoManager ReloadAssembly
Symbol file LoadedFromMemory doesn't match image C:\Users\PIMG\Documents\GitHub\Stoned-Ape-Runner\Stoned Ape Runner\Library\PackageCache\com.unity.visualscripting@1.8.0\Editor\VisualScripting.Core\Dependencies\YamlDotNet\Unity.VisualScripting.YamlDotNet.dll
Symbol file LoadedFromMemory doesn't match image C:\Users\PIMG\Documents\GitHub\Stoned-Ape-Runner\Stoned Ape Runner\Library\PackageCache\com.unity.visualscripting@1.8.0\Editor\VisualScripting.Core\Dependencies\DotNetZip\Unity.VisualScripting.IonicZip.dll
- Loaded All Assemblies, in  1.111 seconds
Refreshing native plugins compatible for Editor in 7.07 ms, found 6 plugins.
Native extension for WindowsStandalone target not found
Mono: successfully reloaded assembly
- Finished resetting the current domain, in  2.283 seconds
Domain Reload Profiling: 3389ms
	BeginReloadAssembly (212ms)
		ExecutionOrderSort (0ms)
		DisableScriptedObjects (6ms)
		BackupInstance (0ms)
		ReleaseScriptingObjects (0ms)
		CreateAndSetChildDomain (56ms)
	RebuildCommonClasses (54ms)
	RebuildNativeTypeToScriptingClass (18ms)
	initialDomainReloadingComplete (45ms)
	LoadAllAssembliesAndSetupDomain (777ms)
		LoadAssemblies (374ms)
		RebuildTransferFunctionScriptingTraits (0ms)
		AnalyzeDomain (489ms)
			TypeCache.Refresh (473ms)
				TypeCache.ScanAssembly (457ms)
			ScanForSourceGeneratedMonoScriptInfo (0ms)
			ResolveRequiredComponents (16ms)
	FinalizeReload (2284ms)
		ReleaseScriptCaches (0ms)
		RebuildScriptCaches (0ms)
		SetupLoadedEditorAssemblies (1025ms)
			LogAssemblyErrors (0ms)
			InitializePlatformSupportModulesInManaged (11ms)
			SetLoadedEditorAssemblies (4ms)
			RefreshPlugins (0ms)
			BeforeProcessingInitializeOnLoad (151ms)
			ProcessInitializeOnLoadAttributes (803ms)
			ProcessInitializeOnLoadMethodAttributes (42ms)
			AfterProcessingInitializeOnLoad (13ms)
			EditorAssembliesLoaded (1ms)
		ExecutionOrderSort2 (0ms)
		AwakeInstancesAfterBackupRestoration (28ms)
Refreshing native plugins compatible for Editor in 10.27 ms, found 6 plugins.
Preloading 0 native plugins for Editor in 0.00 ms.
Unloading 7354 Unused Serialized files (Serialized files now loaded: 0)
Unloading 188 unused Assets / (13.1 MB). Loaded Objects now: 8361.
Memory consumption went from 286.2 MB to 273.1 MB.
Total: 8.990400 ms (FindLiveObjects: 0.809700 ms CreateObjectMapping: 0.635600 ms MarkObjects: 4.777800 ms  DeleteObjects: 2.766100 ms)

Prepare: number of updated asset objects reloaded= 0
AssetImportParameters requested are different than current active one (requested -> active):
  custom:container-demuxer-ogg: 62fdf1f143b41e24485cea50d1cbac27 -> 
  custom:framework-win-MediaFoundation: 216162199b28c13a410421893ffa2e32 -> 
  custom:container-muxer-webm: aa71ff27fc2769a1b78a27578f13a17b -> 
  custom:video-decoder-webm-vp8: 9c59270c3fd7afecdb556c50c9e8de78 -> 
  custom:SearchIndexIgnoredProperties: e643bd26f0fe6173181afceb89e7c659 -> 
  custom:AudioImporter_EditorPlatform: d09bf68614088b80899f8185d706f6e7 -> 
  custom:audio-decoder-ogg-vorbis: bf7c407c2cedff20999df2af8eb42d56 -> 
  custom:audio-encoder-webm-vorbis: bf7c407c2cedff20999df2af8eb42d56 -> 
  custom:video-codec-MediaFoundation-h265: 746d11721c4dcdbdad8f713fa42b33f4 -> 
  custom:video-decoder-ogg-theora: a1e56fd34408186e4bbccfd4996cb3dc -> 
  custom:CustomObjectIndexerAttribute: a3ef5dd2817f97addfee359851a9dba5 -> 
  custom:container-demuxer-webm: 4f35f7cbe854078d1ac9338744f61a02 -> 
  custom:video-encoder-webm-vp8: eb34c28f22e8b96e1ab97ce403110664 -> 
========================================================================
Received Import Request.
  Time since last request: 370.887680 seconds.
  path: Assets/Scenes/2001 Space Odyssey (Start Sequence) 1.unity
  artifactKey: Guid(74d7b8dba56d10045a216b656178b803) Importer(815301076,1909f56bfc062723c751e8b465ee728b)
Start importing Assets/Scenes/2001 Space Odyssey (Start Sequence) 1.unity using Guid(74d7b8dba56d10045a216b656178b803) Importer(815301076,1909f56bfc062723c751e8b465ee728b)  -> (artifact id: '193295779a668483db06d0eea45e1925') in 0.001918 seconds
Number of updated asset objects reloaded before import = 0
Number of asset objects unloaded after import = 0
========================================================================
Received Import Request.
  Time since last request: 10.333362 seconds.
  path: Assets/Scenes/2001 Space Odyssey (Start Screen).unity
  artifactKey: Guid(74d7b8dba56d10045a216b656178b803) Importer(815301076,1909f56bfc062723c751e8b465ee728b)
Start importing Assets/Scenes/2001 Space Odyssey (Start Screen).unity using Guid(74d7b8dba56d10045a216b656178b803) Importer(815301076,1909f56bfc062723c751e8b465ee728b)  -> (artifact id: '223c9f8f8761ab70e1474b234a65d8fd') in 0.000781 seconds
Number of updated asset objects reloaded before import = 0
Number of asset objects unloaded after import = 0
========================================================================
Received Import Request.
  Time since last request: 6.735061 seconds.
  path: Assets/Scenes/2001 Space Odyssey (Intro Sequence).unity
  artifactKey: Guid(a478b3137961d5e409c7d4047436f5ba) Importer(815301076,1909f56bfc062723c751e8b465ee728b)
Start importing Assets/Scenes/2001 Space Odyssey (Intro Sequence).unity using Guid(a478b3137961d5e409c7d4047436f5ba) Importer(815301076,1909f56bfc062723c751e8b465ee728b)  -> (artifact id: '70236146c8c24926522f8235ff595e68') in 0.000733 seconds
Number of updated asset objects reloaded before import = 0
Number of asset objects unloaded after import = 0
========================================================================
Received Import Request.
  Time since last request: 26.475165 seconds.
  path: Assets/Scenes/2001 Space Odyssey (Intro Sequence).unity
  artifactKey: Guid(a478b3137961d5e409c7d4047436f5ba) Importer(815301076,1909f56bfc062723c751e8b465ee728b)
Start importing Assets/Scenes/2001 Space Odyssey (Intro Sequence).unity using Guid(a478b3137961d5e409c7d4047436f5ba) Importer(815301076,1909f56bfc062723c751e8b465ee728b)  -> (artifact id: 'e84404a794ddaf99d4e46a916d5182c4') in 0.000605 seconds
Number of updated asset objects reloaded before import = 0
Number of asset objects unloaded after import = 0
========================================================================
Received Prepare
Begin MonoManager ReloadAssembly
Symbol file LoadedFromMemory doesn't match image C:\Users\PIMG\Documents\GitHub\Stoned-Ape-Runner\Stoned Ape Runner\Library\PackageCache\com.unity.visualscripting@1.8.0\Editor\VisualScripting.Core\Dependencies\YamlDotNet\Unity.VisualScripting.YamlDotNet.dll
Symbol file LoadedFromMemory doesn't match image C:\Users\PIMG\Documents\GitHub\Stoned-Ape-Runner\Stoned Ape Runner\Library\PackageCache\com.unity.visualscripting@1.8.0\Editor\VisualScripting.Core\Dependencies\DotNetZip\Unity.VisualScripting.IonicZip.dll
- Loaded All Assemblies, in  1.046 seconds
Refreshing native plugins compatible for Editor in 8.42 ms, found 6 plugins.
Native extension for WindowsStandalone target not found
Mono: successfully reloaded assembly
- Finished resetting the current domain, in  2.201 seconds
Domain Reload Profiling: 3243ms
	BeginReloadAssembly (201ms)
		ExecutionOrderSort (0ms)
		DisableScriptedObjects (6ms)
		BackupInstance (0ms)
		ReleaseScriptingObjects (0ms)
		CreateAndSetChildDomain (58ms)
	RebuildCommonClasses (46ms)
	RebuildNativeTypeToScriptingClass (15ms)
	initialDomainReloadingComplete (46ms)
	LoadAllAssembliesAndSetupDomain (734ms)
		LoadAssemblies (376ms)
		RebuildTransferFunctionScriptingTraits (0ms)
		AnalyzeDomain (432ms)
			TypeCache.Refresh (417ms)
				TypeCache.ScanAssembly (398ms)
			ScanForSourceGeneratedMonoScriptInfo (0ms)
			ResolveRequiredComponents (16ms)
	FinalizeReload (2201ms)
		ReleaseScriptCaches (0ms)
		RebuildScriptCaches (0ms)
		SetupLoadedEditorAssemblies (994ms)
			LogAssemblyErrors (0ms)
			InitializePlatformSupportModulesInManaged (11ms)
			SetLoadedEditorAssemblies (5ms)
			RefreshPlugins (0ms)
			BeforeProcessingInitializeOnLoad (155ms)
			ProcessInitializeOnLoadAttributes (775ms)
			ProcessInitializeOnLoadMethodAttributes (37ms)
			AfterProcessingInitializeOnLoad (10ms)
			EditorAssembliesLoaded (0ms)
		ExecutionOrderSort2 (0ms)
		AwakeInstancesAfterBackupRestoration (19ms)
Refreshing native plugins compatible for Editor in 9.32 ms, found 6 plugins.
Preloading 0 native plugins for Editor in 0.00 ms.
Unloading 7354 Unused Serialized files (Serialized files now loaded: 0)
Unloading 188 unused Assets / (13.1 MB). Loaded Objects now: 8377.
Memory consumption went from 286.2 MB to 273.1 MB.
Total: 9.647200 ms (FindLiveObjects: 1.285200 ms CreateObjectMapping: 1.029600 ms MarkObjects: 4.256800 ms  DeleteObjects: 3.073900 ms)

Prepare: number of updated asset objects reloaded= 0
AssetImportParameters requested are different than current active one (requested -> active):
  custom:container-demuxer-ogg: 62fdf1f143b41e24485cea50d1cbac27 -> 
  custom:framework-win-MediaFoundation: 216162199b28c13a410421893ffa2e32 -> 
  custom:container-muxer-webm: aa71ff27fc2769a1b78a27578f13a17b -> 
  custom:video-decoder-webm-vp8: 9c59270c3fd7afecdb556c50c9e8de78 -> 
  custom:SearchIndexIgnoredProperties: e643bd26f0fe6173181afceb89e7c659 -> 
  custom:AudioImporter_EditorPlatform: d09bf68614088b80899f8185d706f6e7 -> 
  custom:audio-decoder-ogg-vorbis: bf7c407c2cedff20999df2af8eb42d56 -> 
  custom:audio-encoder-webm-vorbis: bf7c407c2cedff20999df2af8eb42d56 -> 
  custom:video-codec-MediaFoundation-h265: 746d11721c4dcdbdad8f713fa42b33f4 -> 
  custom:video-decoder-ogg-theora: a1e56fd34408186e4bbccfd4996cb3dc -> 
  custom:CustomObjectIndexerAttribute: a3ef5dd2817f97addfee359851a9dba5 -> 
  custom:container-demuxer-webm: 4f35f7cbe854078d1ac9338744f61a02 -> 
  custom:video-encoder-webm-vp8: eb34c28f22e8b96e1ab97ce403110664 -> 
========================================================================
Received Prepare
Begin MonoManager ReloadAssembly
Symbol file LoadedFromMemory doesn't match image C:\Users\PIMG\Documents\GitHub\Stoned-Ape-Runner\Stoned Ape Runner\Library\PackageCache\com.unity.visualscripting@1.8.0\Editor\VisualScripting.Core\Dependencies\YamlDotNet\Unity.VisualScripting.YamlDotNet.dll
Symbol file LoadedFromMemory doesn't match image C:\Users\PIMG\Documents\GitHub\Stoned-Ape-Runner\Stoned Ape Runner\Library\PackageCache\com.unity.visualscripting@1.8.0\Editor\VisualScripting.Core\Dependencies\DotNetZip\Unity.VisualScripting.IonicZip.dll
- Loaded All Assemblies, in  1.056 seconds
Refreshing native plugins compatible for Editor in 5.60 ms, found 6 plugins.
Native extension for WindowsStandalone target not found
Mono: successfully reloaded assembly
- Finished resetting the current domain, in  2.298 seconds
Domain Reload Profiling: 3349ms
	BeginReloadAssembly (210ms)
		ExecutionOrderSort (0ms)
		DisableScriptedObjects (11ms)
		BackupInstance (0ms)
		ReleaseScriptingObjects (0ms)
		CreateAndSetChildDomain (60ms)
	RebuildCommonClasses (49ms)
	RebuildNativeTypeToScriptingClass (19ms)
	initialDomainReloadingComplete (42ms)
	LoadAllAssembliesAndSetupDomain (731ms)
		LoadAssemblies (333ms)
		RebuildTransferFunctionScriptingTraits (0ms)
		AnalyzeDomain (466ms)
			TypeCache.Refresh (452ms)
				TypeCache.ScanAssembly (433ms)
			ScanForSourceGeneratedMonoScriptInfo (0ms)
			ResolveRequiredComponents (14ms)
	FinalizeReload (2298ms)
		ReleaseScriptCaches (0ms)
		RebuildScriptCaches (0ms)
		SetupLoadedEditorAssemblies (993ms)
			LogAssemblyErrors (0ms)
			InitializePlatformSupportModulesInManaged (9ms)
			SetLoadedEditorAssemblies (6ms)
			RefreshPlugins (0ms)
			BeforeProcessingInitializeOnLoad (131ms)
			ProcessInitializeOnLoadAttributes (793ms)
			ProcessInitializeOnLoadMethodAttributes (41ms)
			AfterProcessingInitializeOnLoad (13ms)
			EditorAssembliesLoaded (0ms)
		ExecutionOrderSort2 (0ms)
		AwakeInstancesAfterBackupRestoration (25ms)
Refreshing native plugins compatible for Editor in 9.32 ms, found 6 plugins.
Preloading 0 native plugins for Editor in 0.00 ms.
Unloading 7354 Unused Serialized files (Serialized files now loaded: 0)
Unloading 188 unused Assets / (13.1 MB). Loaded Objects now: 8393.
Memory consumption went from 286.3 MB to 273.1 MB.
Total: 11.045500 ms (FindLiveObjects: 0.999800 ms CreateObjectMapping: 0.990400 ms MarkObjects: 5.500600 ms  DeleteObjects: 3.553500 ms)

Prepare: number of updated asset objects reloaded= 0
AssetImportParameters requested are different than current active one (requested -> active):
  custom:container-demuxer-ogg: 62fdf1f143b41e24485cea50d1cbac27 -> 
  custom:framework-win-MediaFoundation: 216162199b28c13a410421893ffa2e32 -> 
  custom:container-muxer-webm: aa71ff27fc2769a1b78a27578f13a17b -> 
  custom:video-decoder-webm-vp8: 9c59270c3fd7afecdb556c50c9e8de78 -> 
  custom:SearchIndexIgnoredProperties: e643bd26f0fe6173181afceb89e7c659 -> 
  custom:AudioImporter_EditorPlatform: d09bf68614088b80899f8185d706f6e7 -> 
  custom:audio-decoder-ogg-vorbis: bf7c407c2cedff20999df2af8eb42d56 -> 
  custom:audio-encoder-webm-vorbis: bf7c407c2cedff20999df2af8eb42d56 -> 
  custom:video-codec-MediaFoundation-h265: 746d11721c4dcdbdad8f713fa42b33f4 -> 
  custom:video-decoder-ogg-theora: a1e56fd34408186e4bbccfd4996cb3dc -> 
  custom:CustomObjectIndexerAttribute: a3ef5dd2817f97addfee359851a9dba5 -> 
  custom:container-demuxer-webm: 4f35f7cbe854078d1ac9338744f61a02 -> 
  custom:video-encoder-webm-vp8: eb34c28f22e8b96e1ab97ce403110664 -> 
========================================================================
Received Prepare
Begin MonoManager ReloadAssembly
Symbol file LoadedFromMemory doesn't match image C:\Users\PIMG\Documents\GitHub\Stoned-Ape-Runner\Stoned Ape Runner\Library\PackageCache\com.unity.visualscripting@1.8.0\Editor\VisualScripting.Core\Dependencies\YamlDotNet\Unity.VisualScripting.YamlDotNet.dll
Symbol file LoadedFromMemory doesn't match image C:\Users\PIMG\Documents\GitHub\Stoned-Ape-Runner\Stoned Ape Runner\Library\PackageCache\com.unity.visualscripting@1.8.0\Editor\VisualScripting.Core\Dependencies\DotNetZip\Unity.VisualScripting.IonicZip.dll
- Loaded All Assemblies, in  1.163 seconds
Refreshing native plugins compatible for Editor in 8.71 ms, found 6 plugins.
Native extension for WindowsStandalone target not found
Mono: successfully reloaded assembly
- Finished resetting the current domain, in  2.358 seconds
Domain Reload Profiling: 3515ms
	BeginReloadAssembly (217ms)
		ExecutionOrderSort (0ms)
		DisableScriptedObjects (7ms)
		BackupInstance (0ms)
		ReleaseScriptingObjects (0ms)
		CreateAndSetChildDomain (63ms)
	RebuildCommonClasses (61ms)
	RebuildNativeTypeToScriptingClass (25ms)
	initialDomainReloadingComplete (39ms)
	LoadAllAssembliesAndSetupDomain (814ms)
		LoadAssemblies (384ms)
		RebuildTransferFunctionScriptingTraits (0ms)
		AnalyzeDomain (515ms)
			TypeCache.Refresh (501ms)
				TypeCache.ScanAssembly (484ms)
			ScanForSourceGeneratedMonoScriptInfo (0ms)
			ResolveRequiredComponents (14ms)
	FinalizeReload (2359ms)
		ReleaseScriptCaches (0ms)
		RebuildScriptCaches (0ms)
		SetupLoadedEditorAssemblies (1040ms)
			LogAssemblyErrors (0ms)
			InitializePlatformSupportModulesInManaged (13ms)
			SetLoadedEditorAssemblies (5ms)
			RefreshPlugins (0ms)
			BeforeProcessingInitializeOnLoad (151ms)
			ProcessInitializeOnLoadAttributes (815ms)
			ProcessInitializeOnLoadMethodAttributes (43ms)
			AfterProcessingInitializeOnLoad (13ms)
			EditorAssembliesLoaded (0ms)
		ExecutionOrderSort2 (0ms)
		AwakeInstancesAfterBackupRestoration (25ms)
Refreshing native plugins compatible for Editor in 9.63 ms, found 6 plugins.
Preloading 0 native plugins for Editor in 0.00 ms.
Unloading 7354 Unused Serialized files (Serialized files now loaded: 0)
Unloading 188 unused Assets / (13.1 MB). Loaded Objects now: 8409.
Memory consumption went from 286.3 MB to 273.2 MB.
Total: 11.175700 ms (FindLiveObjects: 1.216800 ms CreateObjectMapping: 0.946100 ms MarkObjects: 5.372400 ms  DeleteObjects: 3.639100 ms)

Prepare: number of updated asset objects reloaded= 0
AssetImportParameters requested are different than current active one (requested -> active):
  custom:container-demuxer-ogg: 62fdf1f143b41e24485cea50d1cbac27 -> 
  custom:framework-win-MediaFoundation: 216162199b28c13a410421893ffa2e32 -> 
  custom:container-muxer-webm: aa71ff27fc2769a1b78a27578f13a17b -> 
  custom:video-decoder-webm-vp8: 9c59270c3fd7afecdb556c50c9e8de78 -> 
  custom:SearchIndexIgnoredProperties: e643bd26f0fe6173181afceb89e7c659 -> 
  custom:AudioImporter_EditorPlatform: d09bf68614088b80899f8185d706f6e7 -> 
  custom:audio-decoder-ogg-vorbis: bf7c407c2cedff20999df2af8eb42d56 -> 
  custom:audio-encoder-webm-vorbis: bf7c407c2cedff20999df2af8eb42d56 -> 
  custom:video-codec-MediaFoundation-h265: 746d11721c4dcdbdad8f713fa42b33f4 -> 
  custom:video-decoder-ogg-theora: a1e56fd34408186e4bbccfd4996cb3dc -> 
  custom:CustomObjectIndexerAttribute: a3ef5dd2817f97addfee359851a9dba5 -> 
  custom:container-demuxer-webm: 4f35f7cbe854078d1ac9338744f61a02 -> 
  custom:video-encoder-webm-vp8: eb34c28f22e8b96e1ab97ce403110664 -> 
========================================================================
Received Prepare
Begin MonoManager ReloadAssembly
Symbol file LoadedFromMemory doesn't match image C:\Users\PIMG\Documents\GitHub\Stoned-Ape-Runner\Stoned Ape Runner\Library\PackageCache\com.unity.visualscripting@1.8.0\Editor\VisualScripting.Core\Dependencies\YamlDotNet\Unity.VisualScripting.YamlDotNet.dll
Symbol file LoadedFromMemory doesn't match image C:\Users\PIMG\Documents\GitHub\Stoned-Ape-Runner\Stoned Ape Runner\Library\PackageCache\com.unity.visualscripting@1.8.0\Editor\VisualScripting.Core\Dependencies\DotNetZip\Unity.VisualScripting.IonicZip.dll
- Loaded All Assemblies, in  1.054 seconds
Refreshing native plugins compatible for Editor in 6.12 ms, found 6 plugins.
Native extension for WindowsStandalone target not found
Mono: successfully reloaded assembly
- Finished resetting the current domain, in  2.274 seconds
Domain Reload Profiling: 3323ms
	BeginReloadAssembly (187ms)
		ExecutionOrderSort (0ms)
		DisableScriptedObjects (7ms)
		BackupInstance (0ms)
		ReleaseScriptingObjects (0ms)
		CreateAndSetChildDomain (55ms)
	RebuildCommonClasses (52ms)
	RebuildNativeTypeToScriptingClass (18ms)
	initialDomainReloadingComplete (44ms)
	LoadAllAssembliesAndSetupDomain (747ms)
		LoadAssemblies (365ms)
		RebuildTransferFunctionScriptingTraits (0ms)
		AnalyzeDomain (455ms)
			TypeCache.Refresh (440ms)
				TypeCache.ScanAssembly (424ms)
			ScanForSourceGeneratedMonoScriptInfo (0ms)
			ResolveRequiredComponents (14ms)
	FinalizeReload (2274ms)
		ReleaseScriptCaches (0ms)
		RebuildScriptCaches (0ms)
		SetupLoadedEditorAssemblies (973ms)
			LogAssemblyErrors (0ms)
			InitializePlatformSupportModulesInManaged (8ms)
			SetLoadedEditorAssemblies (4ms)
			RefreshPlugins (0ms)
			BeforeProcessingInitializeOnLoad (135ms)
			ProcessInitializeOnLoadAttributes (762ms)
			ProcessInitializeOnLoadMethodAttributes (49ms)
			AfterProcessingInitializeOnLoad (15ms)
			EditorAssembliesLoaded (0ms)
		ExecutionOrderSort2 (0ms)
		AwakeInstancesAfterBackupRestoration (29ms)
Refreshing native plugins compatible for Editor in 10.65 ms, found 6 plugins.
Preloading 0 native plugins for Editor in 0.00 ms.
Unloading 7354 Unused Serialized files (Serialized files now loaded: 0)
Unloading 188 unused Assets / (13.1 MB). Loaded Objects now: 8425.
Memory consumption went from 286.3 MB to 273.2 MB.
Total: 10.338500 ms (FindLiveObjects: 0.763500 ms CreateObjectMapping: 0.707200 ms MarkObjects: 5.118100 ms  DeleteObjects: 3.748600 ms)

Prepare: number of updated asset objects reloaded= 0
AssetImportParameters requested are different than current active one (requested -> active):
  custom:container-demuxer-ogg: 62fdf1f143b41e24485cea50d1cbac27 -> 
  custom:framework-win-MediaFoundation: 216162199b28c13a410421893ffa2e32 -> 
  custom:container-muxer-webm: aa71ff27fc2769a1b78a27578f13a17b -> 
  custom:video-decoder-webm-vp8: 9c59270c3fd7afecdb556c50c9e8de78 -> 
  custom:SearchIndexIgnoredProperties: e643bd26f0fe6173181afceb89e7c659 -> 
  custom:AudioImporter_EditorPlatform: d09bf68614088b80899f8185d706f6e7 -> 
  custom:audio-decoder-ogg-vorbis: bf7c407c2cedff20999df2af8eb42d56 -> 
  custom:audio-encoder-webm-vorbis: bf7c407c2cedff20999df2af8eb42d56 -> 
  custom:video-codec-MediaFoundation-h265: 746d11721c4dcdbdad8f713fa42b33f4 -> 
  custom:video-decoder-ogg-theora: a1e56fd34408186e4bbccfd4996cb3dc -> 
  custom:CustomObjectIndexerAttribute: a3ef5dd2817f97addfee359851a9dba5 -> 
  custom:container-demuxer-webm: 4f35f7cbe854078d1ac9338744f61a02 -> 
  custom:video-encoder-webm-vp8: eb34c28f22e8b96e1ab97ce403110664 -> 
========================================================================
Received Prepare
Begin MonoManager ReloadAssembly
Symbol file LoadedFromMemory doesn't match image C:\Users\PIMG\Documents\GitHub\Stoned-Ape-Runner\Stoned Ape Runner\Library\PackageCache\com.unity.visualscripting@1.8.0\Editor\VisualScripting.Core\Dependencies\YamlDotNet\Unity.VisualScripting.YamlDotNet.dll
Symbol file LoadedFromMemory doesn't match image C:\Users\PIMG\Documents\GitHub\Stoned-Ape-Runner\Stoned Ape Runner\Library\PackageCache\com.unity.visualscripting@1.8.0\Editor\VisualScripting.Core\Dependencies\DotNetZip\Unity.VisualScripting.IonicZip.dll
- Loaded All Assemblies, in  1.124 seconds
Refreshing native plugins compatible for Editor in 7.36 ms, found 6 plugins.
Native extension for WindowsStandalone target not found
Mono: successfully reloaded assembly
- Finished resetting the current domain, in  2.470 seconds
Domain Reload Profiling: 3588ms
	BeginReloadAssembly (190ms)
		ExecutionOrderSort (0ms)
		DisableScriptedObjects (7ms)
		BackupInstance (0ms)
		ReleaseScriptingObjects (0ms)
		CreateAndSetChildDomain (58ms)
	RebuildCommonClasses (51ms)
	RebuildNativeTypeToScriptingClass (19ms)
	initialDomainReloadingComplete (55ms)
	LoadAllAssembliesAndSetupDomain (802ms)
		LoadAssemblies (383ms)
		RebuildTransferFunctionScriptingTraits (0ms)
		AnalyzeDomain (487ms)
			TypeCache.Refresh (467ms)
				TypeCache.ScanAssembly (450ms)
			ScanForSourceGeneratedMonoScriptInfo (0ms)
			ResolveRequiredComponents (20ms)
	FinalizeReload (2470ms)
		ReleaseScriptCaches (0ms)
		RebuildScriptCaches (0ms)
		SetupLoadedEditorAssemblies (1051ms)
			LogAssemblyErrors (0ms)
			InitializePlatformSupportModulesInManaged (10ms)
			SetLoadedEditorAssemblies (5ms)
			RefreshPlugins (0ms)
			BeforeProcessingInitializeOnLoad (153ms)
			ProcessInitializeOnLoadAttributes (837ms)
			ProcessInitializeOnLoadMethodAttributes (37ms)
			AfterProcessingInitializeOnLoad (9ms)
			EditorAssembliesLoaded (0ms)
		ExecutionOrderSort2 (0ms)
		AwakeInstancesAfterBackupRestoration (26ms)
Refreshing native plugins compatible for Editor in 10.33 ms, found 6 plugins.
Preloading 0 native plugins for Editor in 0.00 ms.
Unloading 7354 Unused Serialized files (Serialized files now loaded: 0)
Unloading 188 unused Assets / (13.1 MB). Loaded Objects now: 8441.
Memory consumption went from 286.2 MB to 273.1 MB.
Total: 9.350700 ms (FindLiveObjects: 0.817100 ms CreateObjectMapping: 1.043000 ms MarkObjects: 4.519900 ms  DeleteObjects: 2.969800 ms)

Prepare: number of updated asset objects reloaded= 0
AssetImportParameters requested are different than current active one (requested -> active):
  custom:container-demuxer-ogg: 62fdf1f143b41e24485cea50d1cbac27 -> 
  custom:framework-win-MediaFoundation: 216162199b28c13a410421893ffa2e32 -> 
  custom:container-muxer-webm: aa71ff27fc2769a1b78a27578f13a17b -> 
  custom:video-decoder-webm-vp8: 9c59270c3fd7afecdb556c50c9e8de78 -> 
  custom:SearchIndexIgnoredProperties: e643bd26f0fe6173181afceb89e7c659 -> 
  custom:AudioImporter_EditorPlatform: d09bf68614088b80899f8185d706f6e7 -> 
  custom:audio-decoder-ogg-vorbis: bf7c407c2cedff20999df2af8eb42d56 -> 
  custom:audio-encoder-webm-vorbis: bf7c407c2cedff20999df2af8eb42d56 -> 
  custom:video-codec-MediaFoundation-h265: 746d11721c4dcdbdad8f713fa42b33f4 -> 
  custom:video-decoder-ogg-theora: a1e56fd34408186e4bbccfd4996cb3dc -> 
  custom:CustomObjectIndexerAttribute: a3ef5dd2817f97addfee359851a9dba5 -> 
  custom:container-demuxer-webm: 4f35f7cbe854078d1ac9338744f61a02 -> 
  custom:video-encoder-webm-vp8: eb34c28f22e8b96e1ab97ce403110664 -> 
========================================================================
Received Prepare
Begin MonoManager ReloadAssembly
Symbol file LoadedFromMemory doesn't match image C:\Users\PIMG\Documents\GitHub\Stoned-Ape-Runner\Stoned Ape Runner\Library\PackageCache\com.unity.visualscripting@1.8.0\Editor\VisualScripting.Core\Dependencies\YamlDotNet\Unity.VisualScripting.YamlDotNet.dll
Symbol file LoadedFromMemory doesn't match image C:\Users\PIMG\Documents\GitHub\Stoned-Ape-Runner\Stoned Ape Runner\Library\PackageCache\com.unity.visualscripting@1.8.0\Editor\VisualScripting.Core\Dependencies\DotNetZip\Unity.VisualScripting.IonicZip.dll
- Loaded All Assemblies, in  1.141 seconds
Refreshing native plugins compatible for Editor in 8.91 ms, found 6 plugins.
Native extension for WindowsStandalone target not found
Mono: successfully reloaded assembly
- Finished resetting the current domain, in  2.441 seconds
Domain Reload Profiling: 3578ms
	BeginReloadAssembly (211ms)
		ExecutionOrderSort (0ms)
		DisableScriptedObjects (7ms)
		BackupInstance (0ms)
		ReleaseScriptingObjects (0ms)
		CreateAndSetChildDomain (55ms)
	RebuildCommonClasses (49ms)
	RebuildNativeTypeToScriptingClass (18ms)
	initialDomainReloadingComplete (45ms)
	LoadAllAssembliesAndSetupDomain (813ms)
		LoadAssemblies (390ms)
		RebuildTransferFunctionScriptingTraits (0ms)
		AnalyzeDomain (511ms)
			TypeCache.Refresh (495ms)
				TypeCache.ScanAssembly (476ms)
			ScanForSourceGeneratedMonoScriptInfo (0ms)
			ResolveRequiredComponents (16ms)
	FinalizeReload (2442ms)
		ReleaseScriptCaches (0ms)
		RebuildScriptCaches (0ms)
		SetupLoadedEditorAssemblies (1068ms)
			LogAssemblyErrors (0ms)
			InitializePlatformSupportModulesInManaged (10ms)
			SetLoadedEditorAssemblies (5ms)
			RefreshPlugins (0ms)
			BeforeProcessingInitializeOnLoad (147ms)
			ProcessInitializeOnLoadAttributes (848ms)
			ProcessInitializeOnLoadMethodAttributes (43ms)
			AfterProcessingInitializeOnLoad (14ms)
			EditorAssembliesLoaded (0ms)
		ExecutionOrderSort2 (0ms)
		AwakeInstancesAfterBackupRestoration (27ms)
Refreshing native plugins compatible for Editor in 10.58 ms, found 6 plugins.
Preloading 0 native plugins for Editor in 0.00 ms.
Unloading 7354 Unused Serialized files (Serialized files now loaded: 0)
Unloading 188 unused Assets / (13.1 MB). Loaded Objects now: 8457.
Memory consumption went from 286.2 MB to 273.1 MB.
Total: 9.752400 ms (FindLiveObjects: 0.949500 ms CreateObjectMapping: 0.547300 ms MarkObjects: 5.548700 ms  DeleteObjects: 2.705500 ms)

Prepare: number of updated asset objects reloaded= 0
AssetImportParameters requested are different than current active one (requested -> active):
  custom:container-demuxer-ogg: 62fdf1f143b41e24485cea50d1cbac27 -> 
  custom:framework-win-MediaFoundation: 216162199b28c13a410421893ffa2e32 -> 
  custom:container-muxer-webm: aa71ff27fc2769a1b78a27578f13a17b -> 
  custom:video-decoder-webm-vp8: 9c59270c3fd7afecdb556c50c9e8de78 -> 
  custom:SearchIndexIgnoredProperties: e643bd26f0fe6173181afceb89e7c659 -> 
  custom:AudioImporter_EditorPlatform: d09bf68614088b80899f8185d706f6e7 -> 
  custom:audio-decoder-ogg-vorbis: bf7c407c2cedff20999df2af8eb42d56 -> 
  custom:audio-encoder-webm-vorbis: bf7c407c2cedff20999df2af8eb42d56 -> 
  custom:video-codec-MediaFoundation-h265: 746d11721c4dcdbdad8f713fa42b33f4 -> 
  custom:video-decoder-ogg-theora: a1e56fd34408186e4bbccfd4996cb3dc -> 
  custom:CustomObjectIndexerAttribute: a3ef5dd2817f97addfee359851a9dba5 -> 
  custom:container-demuxer-webm: 4f35f7cbe854078d1ac9338744f61a02 -> 
  custom:video-encoder-webm-vp8: eb34c28f22e8b96e1ab97ce403110664 -> 
========================================================================
Received Prepare
Begin MonoManager ReloadAssembly
Symbol file LoadedFromMemory doesn't match image C:\Users\PIMG\Documents\GitHub\Stoned-Ape-Runner\Stoned Ape Runner\Library\PackageCache\com.unity.visualscripting@1.8.0\Editor\VisualScripting.Core\Dependencies\YamlDotNet\Unity.VisualScripting.YamlDotNet.dll
Symbol file LoadedFromMemory doesn't match image C:\Users\PIMG\Documents\GitHub\Stoned-Ape-Runner\Stoned Ape Runner\Library\PackageCache\com.unity.visualscripting@1.8.0\Editor\VisualScripting.Core\Dependencies\DotNetZip\Unity.VisualScripting.IonicZip.dll
- Loaded All Assemblies, in  1.182 seconds
Refreshing native plugins compatible for Editor in 10.57 ms, found 6 plugins.
Native extension for WindowsStandalone target not found
Mono: successfully reloaded assembly
- Finished resetting the current domain, in  2.329 seconds
Domain Reload Profiling: 3506ms
	BeginReloadAssembly (201ms)
		ExecutionOrderSort (0ms)
		DisableScriptedObjects (8ms)
		BackupInstance (0ms)
		ReleaseScriptingObjects (0ms)
		CreateAndSetChildDomain (52ms)
	RebuildCommonClasses (54ms)
	RebuildNativeTypeToScriptingClass (19ms)
	initialDomainReloadingComplete (46ms)
	LoadAllAssembliesAndSetupDomain (856ms)
		LoadAssemblies (381ms)
		RebuildTransferFunctionScriptingTraits (0ms)
		AnalyzeDomain (556ms)
			TypeCache.Refresh (540ms)
				TypeCache.ScanAssembly (522ms)
			ScanForSourceGeneratedMonoScriptInfo (0ms)
			ResolveRequiredComponents (16ms)
	FinalizeReload (2329ms)
		ReleaseScriptCaches (0ms)
		RebuildScriptCaches (0ms)
		SetupLoadedEditorAssemblies (1060ms)
			LogAssemblyErrors (0ms)
			InitializePlatformSupportModulesInManaged (11ms)
			SetLoadedEditorAssemblies (5ms)
			RefreshPlugins (0ms)
			BeforeProcessingInitializeOnLoad (149ms)
			ProcessInitializeOnLoadAttributes (832ms)
			ProcessInitializeOnLoadMethodAttributes (45ms)
			AfterProcessingInitializeOnLoad (17ms)
			EditorAssembliesLoaded (0ms)
		ExecutionOrderSort2 (0ms)
		AwakeInstancesAfterBackupRestoration (25ms)
Refreshing native plugins compatible for Editor in 10.35 ms, found 6 plugins.
Preloading 0 native plugins for Editor in 0.00 ms.
Unloading 7354 Unused Serialized files (Serialized files now loaded: 0)
Unloading 188 unused Assets / (13.1 MB). Loaded Objects now: 8473.
Memory consumption went from 286.2 MB to 273.1 MB.
Total: 9.551000 ms (FindLiveObjects: 0.852500 ms CreateObjectMapping: 0.660500 ms MarkObjects: 4.816200 ms  DeleteObjects: 3.220900 ms)

Prepare: number of updated asset objects reloaded= 0
AssetImportParameters requested are different than current active one (requested -> active):
  custom:container-demuxer-ogg: 62fdf1f143b41e24485cea50d1cbac27 -> 
  custom:framework-win-MediaFoundation: 216162199b28c13a410421893ffa2e32 -> 
  custom:container-muxer-webm: aa71ff27fc2769a1b78a27578f13a17b -> 
  custom:video-decoder-webm-vp8: 9c59270c3fd7afecdb556c50c9e8de78 -> 
  custom:SearchIndexIgnoredProperties: e643bd26f0fe6173181afceb89e7c659 -> 
  custom:AudioImporter_EditorPlatform: d09bf68614088b80899f8185d706f6e7 -> 
  custom:audio-decoder-ogg-vorbis: bf7c407c2cedff20999df2af8eb42d56 -> 
  custom:audio-encoder-webm-vorbis: bf7c407c2cedff20999df2af8eb42d56 -> 
  custom:video-codec-MediaFoundation-h265: 746d11721c4dcdbdad8f713fa42b33f4 -> 
  custom:video-decoder-ogg-theora: a1e56fd34408186e4bbccfd4996cb3dc -> 
  custom:CustomObjectIndexerAttribute: a3ef5dd2817f97addfee359851a9dba5 -> 
  custom:container-demuxer-webm: 4f35f7cbe854078d1ac9338744f61a02 -> 
  custom:video-encoder-webm-vp8: eb34c28f22e8b96e1ab97ce403110664 -> 
========================================================================
Received Prepare
Begin MonoManager ReloadAssembly
Symbol file LoadedFromMemory doesn't match image C:\Users\PIMG\Documents\GitHub\Stoned-Ape-Runner\Stoned Ape Runner\Library\PackageCache\com.unity.visualscripting@1.8.0\Editor\VisualScripting.Core\Dependencies\YamlDotNet\Unity.VisualScripting.YamlDotNet.dll
Symbol file LoadedFromMemory doesn't match image C:\Users\PIMG\Documents\GitHub\Stoned-Ape-Runner\Stoned Ape Runner\Library\PackageCache\com.unity.visualscripting@1.8.0\Editor\VisualScripting.Core\Dependencies\DotNetZip\Unity.VisualScripting.IonicZip.dll
- Loaded All Assemblies, in  1.137 seconds
Refreshing native plugins compatible for Editor in 7.79 ms, found 6 plugins.
Native extension for WindowsStandalone target not found
Mono: successfully reloaded assembly
- Finished resetting the current domain, in  2.431 seconds
Domain Reload Profiling: 3555ms
	BeginReloadAssembly (192ms)
		ExecutionOrderSort (0ms)
		DisableScriptedObjects (7ms)
		BackupInstance (0ms)
		ReleaseScriptingObjects (0ms)
		CreateAndSetChildDomain (59ms)
	RebuildCommonClasses (48ms)
	RebuildNativeTypeToScriptingClass (20ms)
	initialDomainReloadingComplete (52ms)
	LoadAllAssembliesAndSetupDomain (811ms)
		LoadAssemblies (378ms)
		RebuildTransferFunctionScriptingTraits (0ms)
		AnalyzeDomain (494ms)
			TypeCache.Refresh (472ms)
				TypeCache.ScanAssembly (452ms)
			ScanForSourceGeneratedMonoScriptInfo (0ms)
			ResolveRequiredComponents (22ms)
	FinalizeReload (2431ms)
		ReleaseScriptCaches (0ms)
		RebuildScriptCaches (0ms)
		SetupLoadedEditorAssemblies (1082ms)
			LogAssemblyErrors (0ms)
			InitializePlatformSupportModulesInManaged (11ms)
			SetLoadedEditorAssemblies (6ms)
			RefreshPlugins (0ms)
			BeforeProcessingInitializeOnLoad (155ms)
			ProcessInitializeOnLoadAttributes (854ms)
			ProcessInitializeOnLoadMethodAttributes (42ms)
			AfterProcessingInitializeOnLoad (13ms)
			EditorAssembliesLoaded (0ms)
		ExecutionOrderSort2 (0ms)
		AwakeInstancesAfterBackupRestoration (23ms)
Refreshing native plugins compatible for Editor in 10.61 ms, found 6 plugins.
Preloading 0 native plugins for Editor in 0.00 ms.
Unloading 7354 Unused Serialized files (Serialized files now loaded: 0)
Unloading 188 unused Assets / (13.1 MB). Loaded Objects now: 8489.
Memory consumption went from 286.2 MB to 273.1 MB.
Total: 14.302900 ms (FindLiveObjects: 1.372000 ms CreateObjectMapping: 1.037400 ms MarkObjects: 8.284100 ms  DeleteObjects: 3.607900 ms)

Prepare: number of updated asset objects reloaded= 0
AssetImportParameters requested are different than current active one (requested -> active):
  custom:container-demuxer-ogg: 62fdf1f143b41e24485cea50d1cbac27 -> 
  custom:framework-win-MediaFoundation: 216162199b28c13a410421893ffa2e32 -> 
  custom:container-muxer-webm: aa71ff27fc2769a1b78a27578f13a17b -> 
  custom:video-decoder-webm-vp8: 9c59270c3fd7afecdb556c50c9e8de78 -> 
  custom:SearchIndexIgnoredProperties: e643bd26f0fe6173181afceb89e7c659 -> 
  custom:AudioImporter_EditorPlatform: d09bf68614088b80899f8185d706f6e7 -> 
  custom:audio-decoder-ogg-vorbis: bf7c407c2cedff20999df2af8eb42d56 -> 
  custom:audio-encoder-webm-vorbis: bf7c407c2cedff20999df2af8eb42d56 -> 
  custom:video-codec-MediaFoundation-h265: 746d11721c4dcdbdad8f713fa42b33f4 -> 
  custom:video-decoder-ogg-theora: a1e56fd34408186e4bbccfd4996cb3dc -> 
  custom:CustomObjectIndexerAttribute: a3ef5dd2817f97addfee359851a9dba5 -> 
  custom:container-demuxer-webm: 4f35f7cbe854078d1ac9338744f61a02 -> 
  custom:video-encoder-webm-vp8: eb34c28f22e8b96e1ab97ce403110664 -> 
========================================================================
Received Prepare
Begin MonoManager ReloadAssembly
Symbol file LoadedFromMemory doesn't match image C:\Users\PIMG\Documents\GitHub\Stoned-Ape-Runner\Stoned Ape Runner\Library\PackageCache\com.unity.visualscripting@1.8.0\Editor\VisualScripting.Core\Dependencies\YamlDotNet\Unity.VisualScripting.YamlDotNet.dll
Symbol file LoadedFromMemory doesn't match image C:\Users\PIMG\Documents\GitHub\Stoned-Ape-Runner\Stoned Ape Runner\Library\PackageCache\com.unity.visualscripting@1.8.0\Editor\VisualScripting.Core\Dependencies\DotNetZip\Unity.VisualScripting.IonicZip.dll
- Loaded All Assemblies, in  1.157 seconds
Refreshing native plugins compatible for Editor in 9.66 ms, found 6 plugins.
Native extension for WindowsStandalone target not found
Mono: successfully reloaded assembly
- Finished resetting the current domain, in  2.360 seconds
Domain Reload Profiling: 3511ms
	BeginReloadAssembly (227ms)
		ExecutionOrderSort (0ms)
		DisableScriptedObjects (8ms)
		BackupInstance (0ms)
		ReleaseScriptingObjects (0ms)
		CreateAndSetChildDomain (68ms)
	RebuildCommonClasses (58ms)
	RebuildNativeTypeToScriptingClass (19ms)
	initialDomainReloadingComplete (49ms)
	LoadAllAssembliesAndSetupDomain (798ms)
		LoadAssemblies (364ms)
		RebuildTransferFunctionScriptingTraits (0ms)
		AnalyzeDomain (511ms)
			TypeCache.Refresh (495ms)
				TypeCache.ScanAssembly (474ms)
			ScanForSourceGeneratedMonoScriptInfo (0ms)
			ResolveRequiredComponents (17ms)
	FinalizeReload (2360ms)
		ReleaseScriptCaches (0ms)
		RebuildScriptCaches (0ms)
		SetupLoadedEditorAssemblies (1065ms)
			LogAssemblyErrors (0ms)
			InitializePlatformSupportModulesInManaged (12ms)
			SetLoadedEditorAssemblies (4ms)
			RefreshPlugins (0ms)
			BeforeProcessingInitializeOnLoad (147ms)
			ProcessInitializeOnLoadAttributes (849ms)
			ProcessInitializeOnLoadMethodAttributes (42ms)
			AfterProcessingInitializeOnLoad (11ms)
			EditorAssembliesLoaded (0ms)
		ExecutionOrderSort2 (0ms)
		AwakeInstancesAfterBackupRestoration (24ms)
Refreshing native plugins compatible for Editor in 10.96 ms, found 6 plugins.
Preloading 0 native plugins for Editor in 0.00 ms.
Unloading 7354 Unused Serialized files (Serialized files now loaded: 0)
Unloading 188 unused Assets / (13.1 MB). Loaded Objects now: 8505.
Memory consumption went from 286.2 MB to 273.1 MB.
Total: 11.512700 ms (FindLiveObjects: 1.050600 ms CreateObjectMapping: 1.099500 ms MarkObjects: 6.192800 ms  DeleteObjects: 3.168700 ms)

Prepare: number of updated asset objects reloaded= 0
AssetImportParameters requested are different than current active one (requested -> active):
  custom:container-demuxer-ogg: 62fdf1f143b41e24485cea50d1cbac27 -> 
  custom:framework-win-MediaFoundation: 216162199b28c13a410421893ffa2e32 -> 
  custom:container-muxer-webm: aa71ff27fc2769a1b78a27578f13a17b -> 
  custom:video-decoder-webm-vp8: 9c59270c3fd7afecdb556c50c9e8de78 -> 
  custom:SearchIndexIgnoredProperties: e643bd26f0fe6173181afceb89e7c659 -> 
  custom:AudioImporter_EditorPlatform: d09bf68614088b80899f8185d706f6e7 -> 
  custom:audio-decoder-ogg-vorbis: bf7c407c2cedff20999df2af8eb42d56 -> 
  custom:audio-encoder-webm-vorbis: bf7c407c2cedff20999df2af8eb42d56 -> 
  custom:video-codec-MediaFoundation-h265: 746d11721c4dcdbdad8f713fa42b33f4 -> 
  custom:video-decoder-ogg-theora: a1e56fd34408186e4bbccfd4996cb3dc -> 
  custom:CustomObjectIndexerAttribute: a3ef5dd2817f97addfee359851a9dba5 -> 
  custom:container-demuxer-webm: 4f35f7cbe854078d1ac9338744f61a02 -> 
  custom:video-encoder-webm-vp8: eb34c28f22e8b96e1ab97ce403110664 -> 
========================================================================
Received Prepare
Begin MonoManager ReloadAssembly
Symbol file LoadedFromMemory doesn't match image C:\Users\PIMG\Documents\GitHub\Stoned-Ape-Runner\Stoned Ape Runner\Library\PackageCache\com.unity.visualscripting@1.8.0\Editor\VisualScripting.Core\Dependencies\YamlDotNet\Unity.VisualScripting.YamlDotNet.dll
Symbol file LoadedFromMemory doesn't match image C:\Users\PIMG\Documents\GitHub\Stoned-Ape-Runner\Stoned Ape Runner\Library\PackageCache\com.unity.visualscripting@1.8.0\Editor\VisualScripting.Core\Dependencies\DotNetZip\Unity.VisualScripting.IonicZip.dll
- Loaded All Assemblies, in  1.251 seconds
Refreshing native plugins compatible for Editor in 10.22 ms, found 6 plugins.
Native extension for WindowsStandalone target not found
Mono: successfully reloaded assembly
- Finished resetting the current domain, in  2.351 seconds
Domain Reload Profiling: 3596ms
	BeginReloadAssembly (227ms)
		ExecutionOrderSort (0ms)
		DisableScriptedObjects (8ms)
		BackupInstance (0ms)
		ReleaseScriptingObjects (0ms)
		CreateAndSetChildDomain (70ms)
	RebuildCommonClasses (51ms)
	RebuildNativeTypeToScriptingClass (20ms)
	initialDomainReloadingComplete (51ms)
	LoadAllAssembliesAndSetupDomain (897ms)
		LoadAssemblies (394ms)
		RebuildTransferFunctionScriptingTraits (0ms)
		AnalyzeDomain (579ms)
			TypeCache.Refresh (561ms)
				TypeCache.ScanAssembly (543ms)
			ScanForSourceGeneratedMonoScriptInfo (0ms)
			ResolveRequiredComponents (17ms)
	FinalizeReload (2352ms)
		ReleaseScriptCaches (0ms)
		RebuildScriptCaches (0ms)
		SetupLoadedEditorAssemblies (1056ms)
			LogAssemblyErrors (0ms)
			InitializePlatformSupportModulesInManaged (10ms)
			SetLoadedEditorAssemblies (5ms)
			RefreshPlugins (0ms)
			BeforeProcessingInitializeOnLoad (150ms)
			ProcessInitializeOnLoadAttributes (832ms)
			ProcessInitializeOnLoadMethodAttributes (43ms)
			AfterProcessingInitializeOnLoad (14ms)
			EditorAssembliesLoaded (1ms)
		ExecutionOrderSort2 (0ms)
		AwakeInstancesAfterBackupRestoration (25ms)
Refreshing native plugins compatible for Editor in 9.32 ms, found 6 plugins.
Preloading 0 native plugins for Editor in 0.00 ms.
Unloading 7354 Unused Serialized files (Serialized files now loaded: 0)
Unloading 188 unused Assets / (13.1 MB). Loaded Objects now: 8521.
Memory consumption went from 286.2 MB to 273.1 MB.
Total: 10.954500 ms (FindLiveObjects: 1.199000 ms CreateObjectMapping: 1.063700 ms MarkObjects: 5.603500 ms  DeleteObjects: 3.086500 ms)

Prepare: number of updated asset objects reloaded= 0
AssetImportParameters requested are different than current active one (requested -> active):
  custom:container-demuxer-ogg: 62fdf1f143b41e24485cea50d1cbac27 -> 
  custom:framework-win-MediaFoundation: 216162199b28c13a410421893ffa2e32 -> 
  custom:container-muxer-webm: aa71ff27fc2769a1b78a27578f13a17b -> 
  custom:video-decoder-webm-vp8: 9c59270c3fd7afecdb556c50c9e8de78 -> 
  custom:SearchIndexIgnoredProperties: e643bd26f0fe6173181afceb89e7c659 -> 
  custom:AudioImporter_EditorPlatform: d09bf68614088b80899f8185d706f6e7 -> 
  custom:audio-decoder-ogg-vorbis: bf7c407c2cedff20999df2af8eb42d56 -> 
  custom:audio-encoder-webm-vorbis: bf7c407c2cedff20999df2af8eb42d56 -> 
  custom:video-codec-MediaFoundation-h265: 746d11721c4dcdbdad8f713fa42b33f4 -> 
  custom:video-decoder-ogg-theora: a1e56fd34408186e4bbccfd4996cb3dc -> 
  custom:CustomObjectIndexerAttribute: a3ef5dd2817f97addfee359851a9dba5 -> 
  custom:container-demuxer-webm: 4f35f7cbe854078d1ac9338744f61a02 -> 
  custom:video-encoder-webm-vp8: eb34c28f22e8b96e1ab97ce403110664 -> 
========================================================================
Received Prepare
Begin MonoManager ReloadAssembly
Symbol file LoadedFromMemory doesn't match image C:\Users\PIMG\Documents\GitHub\Stoned-Ape-Runner\Stoned Ape Runner\Library\PackageCache\com.unity.visualscripting@1.8.0\Editor\VisualScripting.Core\Dependencies\YamlDotNet\Unity.VisualScripting.YamlDotNet.dll
Symbol file LoadedFromMemory doesn't match image C:\Users\PIMG\Documents\GitHub\Stoned-Ape-Runner\Stoned Ape Runner\Library\PackageCache\com.unity.visualscripting@1.8.0\Editor\VisualScripting.Core\Dependencies\DotNetZip\Unity.VisualScripting.IonicZip.dll
- Loaded All Assemblies, in  1.125 seconds
Refreshing native plugins compatible for Editor in 6.66 ms, found 6 plugins.
Native extension for WindowsStandalone target not found
Mono: successfully reloaded assembly
- Finished resetting the current domain, in  2.338 seconds
Domain Reload Profiling: 3459ms
	BeginReloadAssembly (202ms)
		ExecutionOrderSort (0ms)
		DisableScriptedObjects (7ms)
		BackupInstance (0ms)
		ReleaseScriptingObjects (0ms)
		CreateAndSetChildDomain (59ms)
	RebuildCommonClasses (51ms)
	RebuildNativeTypeToScriptingClass (16ms)
	initialDomainReloadingComplete (48ms)
	LoadAllAssembliesAndSetupDomain (802ms)
		LoadAssemblies (357ms)
		RebuildTransferFunctionScriptingTraits (0ms)
		AnalyzeDomain (516ms)
			TypeCache.Refresh (497ms)
				TypeCache.ScanAssembly (479ms)
			ScanForSourceGeneratedMonoScriptInfo (0ms)
			ResolveRequiredComponents (19ms)
	FinalizeReload (2339ms)
		ReleaseScriptCaches (0ms)
		RebuildScriptCaches (0ms)
		SetupLoadedEditorAssemblies (1071ms)
			LogAssemblyErrors (0ms)
			InitializePlatformSupportModulesInManaged (11ms)
			SetLoadedEditorAssemblies (5ms)
			RefreshPlugins (0ms)
			BeforeProcessingInitializeOnLoad (145ms)
			ProcessInitializeOnLoadAttributes (857ms)
			ProcessInitializeOnLoadMethodAttributes (41ms)
			AfterProcessingInitializeOnLoad (12ms)
			EditorAssembliesLoaded (0ms)
		ExecutionOrderSort2 (0ms)
		AwakeInstancesAfterBackupRestoration (27ms)
Refreshing native plugins compatible for Editor in 16.96 ms, found 6 plugins.
Preloading 0 native plugins for Editor in 0.00 ms.
Unloading 7354 Unused Serialized files (Serialized files now loaded: 0)
Unloading 188 unused Assets / (13.1 MB). Loaded Objects now: 8537.
Memory consumption went from 286.2 MB to 273.1 MB.
Total: 11.429100 ms (FindLiveObjects: 1.046100 ms CreateObjectMapping: 1.017800 ms MarkObjects: 5.452000 ms  DeleteObjects: 3.911800 ms)

Prepare: number of updated asset objects reloaded= 0
AssetImportParameters requested are different than current active one (requested -> active):
  custom:container-demuxer-ogg: 62fdf1f143b41e24485cea50d1cbac27 -> 
  custom:framework-win-MediaFoundation: 216162199b28c13a410421893ffa2e32 -> 
  custom:container-muxer-webm: aa71ff27fc2769a1b78a27578f13a17b -> 
  custom:video-decoder-webm-vp8: 9c59270c3fd7afecdb556c50c9e8de78 -> 
  custom:SearchIndexIgnoredProperties: e643bd26f0fe6173181afceb89e7c659 -> 
  custom:AudioImporter_EditorPlatform: d09bf68614088b80899f8185d706f6e7 -> 
  custom:audio-decoder-ogg-vorbis: bf7c407c2cedff20999df2af8eb42d56 -> 
  custom:audio-encoder-webm-vorbis: bf7c407c2cedff20999df2af8eb42d56 -> 
  custom:video-codec-MediaFoundation-h265: 746d11721c4dcdbdad8f713fa42b33f4 -> 
  custom:video-decoder-ogg-theora: a1e56fd34408186e4bbccfd4996cb3dc -> 
  custom:CustomObjectIndexerAttribute: a3ef5dd2817f97addfee359851a9dba5 -> 
  custom:container-demuxer-webm: 4f35f7cbe854078d1ac9338744f61a02 -> 
  custom:video-encoder-webm-vp8: eb34c28f22e8b96e1ab97ce403110664 -> 
========================================================================
Received Prepare
Begin MonoManager ReloadAssembly
Symbol file LoadedFromMemory doesn't match image C:\Users\PIMG\Documents\GitHub\Stoned-Ape-Runner\Stoned Ape Runner\Library\PackageCache\com.unity.visualscripting@1.8.0\Editor\VisualScripting.Core\Dependencies\YamlDotNet\Unity.VisualScripting.YamlDotNet.dll
Symbol file LoadedFromMemory doesn't match image C:\Users\PIMG\Documents\GitHub\Stoned-Ape-Runner\Stoned Ape Runner\Library\PackageCache\com.unity.visualscripting@1.8.0\Editor\VisualScripting.Core\Dependencies\DotNetZip\Unity.VisualScripting.IonicZip.dll
- Loaded All Assemblies, in  3.041 seconds
Refreshing native plugins compatible for Editor in 7.03 ms, found 6 plugins.
Native extension for WindowsStandalone target not found
Mono: successfully reloaded assembly
- Finished resetting the current domain, in 33.492 seconds
Domain Reload Profiling: 36526ms
	BeginReloadAssembly (181ms)
		ExecutionOrderSort (0ms)
		DisableScriptedObjects (6ms)
		BackupInstance (0ms)
		ReleaseScriptingObjects (0ms)
		CreateAndSetChildDomain (51ms)
	RebuildCommonClasses (42ms)
	RebuildNativeTypeToScriptingClass (16ms)
	initialDomainReloadingComplete (48ms)
	LoadAllAssembliesAndSetupDomain (2746ms)
		LoadAssemblies (2233ms)
		RebuildTransferFunctionScriptingTraits (0ms)
		AnalyzeDomain (578ms)
			TypeCache.Refresh (563ms)
				TypeCache.ScanAssembly (544ms)
			ScanForSourceGeneratedMonoScriptInfo (0ms)
			ResolveRequiredComponents (15ms)
	FinalizeReload (33493ms)
		ReleaseScriptCaches (0ms)
		RebuildScriptCaches (0ms)
		SetupLoadedEditorAssemblies (903ms)
			LogAssemblyErrors (0ms)
			InitializePlatformSupportModulesInManaged (7ms)
			SetLoadedEditorAssemblies (4ms)
			RefreshPlugins (0ms)
			BeforeProcessingInitializeOnLoad (122ms)
			ProcessInitializeOnLoadAttributes (715ms)
			ProcessInitializeOnLoadMethodAttributes (42ms)
			AfterProcessingInitializeOnLoad (13ms)
			EditorAssembliesLoaded (0ms)
		ExecutionOrderSort2 (0ms)
		AwakeInstancesAfterBackupRestoration (24ms)
Refreshing native plugins compatible for Editor in 7.20 ms, found 6 plugins.
Preloading 0 native plugins for Editor in 0.00 ms.
Unloading 7354 Unused Serialized files (Serialized files now loaded: 0)
Unloading 188 unused Assets / (13.1 MB). Loaded Objects now: 8553.
Memory consumption went from 286.3 MB to 273.1 MB.
Total: 10.669300 ms (FindLiveObjects: 0.955100 ms CreateObjectMapping: 0.571700 ms MarkObjects: 5.869400 ms  DeleteObjects: 3.272100 ms)

Prepare: number of updated asset objects reloaded= 0
AssetImportParameters requested are different than current active one (requested -> active):
  custom:container-demuxer-ogg: 62fdf1f143b41e24485cea50d1cbac27 -> 
  custom:framework-win-MediaFoundation: 216162199b28c13a410421893ffa2e32 -> 
  custom:container-muxer-webm: aa71ff27fc2769a1b78a27578f13a17b -> 
  custom:video-decoder-webm-vp8: 9c59270c3fd7afecdb556c50c9e8de78 -> 
  custom:SearchIndexIgnoredProperties: e643bd26f0fe6173181afceb89e7c659 -> 
  custom:AudioImporter_EditorPlatform: d09bf68614088b80899f8185d706f6e7 -> 
  custom:audio-decoder-ogg-vorbis: bf7c407c2cedff20999df2af8eb42d56 -> 
  custom:audio-encoder-webm-vorbis: bf7c407c2cedff20999df2af8eb42d56 -> 
  custom:video-codec-MediaFoundation-h265: 746d11721c4dcdbdad8f713fa42b33f4 -> 
  custom:video-decoder-ogg-theora: a1e56fd34408186e4bbccfd4996cb3dc -> 
  custom:CustomObjectIndexerAttribute: a3ef5dd2817f97addfee359851a9dba5 -> 
  custom:container-demuxer-webm: 4f35f7cbe854078d1ac9338744f61a02 -> 
  custom:video-encoder-webm-vp8: eb34c28f22e8b96e1ab97ce403110664 -> 
========================================================================
Received Prepare
Begin MonoManager ReloadAssembly
Symbol file LoadedFromMemory doesn't match image C:\Users\PIMG\Documents\GitHub\Stoned-Ape-Runner\Stoned Ape Runner\Library\PackageCache\com.unity.visualscripting@1.8.0\Editor\VisualScripting.Core\Dependencies\YamlDotNet\Unity.VisualScripting.YamlDotNet.dll
Symbol file LoadedFromMemory doesn't match image C:\Users\PIMG\Documents\GitHub\Stoned-Ape-Runner\Stoned Ape Runner\Library\PackageCache\com.unity.visualscripting@1.8.0\Editor\VisualScripting.Core\Dependencies\DotNetZip\Unity.VisualScripting.IonicZip.dll
- Loaded All Assemblies, in  1.142 seconds
Refreshing native plugins compatible for Editor in 8.29 ms, found 6 plugins.
Native extension for WindowsStandalone target not found
Mono: successfully reloaded assembly
- Finished resetting the current domain, in  2.329 seconds
Domain Reload Profiling: 3465ms
	BeginReloadAssembly (208ms)
		ExecutionOrderSort (0ms)
		DisableScriptedObjects (7ms)
		BackupInstance (0ms)
		ReleaseScriptingObjects (0ms)
		CreateAndSetChildDomain (60ms)
	RebuildCommonClasses (57ms)
	RebuildNativeTypeToScriptingClass (19ms)
	initialDomainReloadingComplete (49ms)
	LoadAllAssembliesAndSetupDomain (802ms)
		LoadAssemblies (371ms)
		RebuildTransferFunctionScriptingTraits (0ms)
		AnalyzeDomain (509ms)
			TypeCache.Refresh (491ms)
				TypeCache.ScanAssembly (471ms)
			ScanForSourceGeneratedMonoScriptInfo (0ms)
			ResolveRequiredComponents (19ms)
	FinalizeReload (2329ms)
		ReleaseScriptCaches (0ms)
		RebuildScriptCaches (0ms)
		SetupLoadedEditorAssemblies (943ms)
			LogAssemblyErrors (0ms)
			InitializePlatformSupportModulesInManaged (8ms)
			SetLoadedEditorAssemblies (4ms)
			RefreshPlugins (0ms)
			BeforeProcessingInitializeOnLoad (127ms)
			ProcessInitializeOnLoadAttributes (742ms)
			ProcessInitializeOnLoadMethodAttributes (44ms)
			AfterProcessingInitializeOnLoad (17ms)
			EditorAssembliesLoaded (1ms)
		ExecutionOrderSort2 (0ms)
		AwakeInstancesAfterBackupRestoration (24ms)
Refreshing native plugins compatible for Editor in 9.26 ms, found 6 plugins.
Preloading 0 native plugins for Editor in 0.00 ms.
Unloading 7354 Unused Serialized files (Serialized files now loaded: 0)
Unloading 188 unused Assets / (13.1 MB). Loaded Objects now: 8569.
Memory consumption went from 286.3 MB to 273.2 MB.
Total: 8.898700 ms (FindLiveObjects: 0.802600 ms CreateObjectMapping: 0.879400 ms MarkObjects: 4.540200 ms  DeleteObjects: 2.673400 ms)

Prepare: number of updated asset objects reloaded= 0
AssetImportParameters requested are different than current active one (requested -> active):
  custom:container-demuxer-ogg: 62fdf1f143b41e24485cea50d1cbac27 -> 
  custom:framework-win-MediaFoundation: 216162199b28c13a410421893ffa2e32 -> 
  custom:container-muxer-webm: aa71ff27fc2769a1b78a27578f13a17b -> 
  custom:video-decoder-webm-vp8: 9c59270c3fd7afecdb556c50c9e8de78 -> 
  custom:SearchIndexIgnoredProperties: e643bd26f0fe6173181afceb89e7c659 -> 
  custom:AudioImporter_EditorPlatform: d09bf68614088b80899f8185d706f6e7 -> 
  custom:audio-decoder-ogg-vorbis: bf7c407c2cedff20999df2af8eb42d56 -> 
  custom:audio-encoder-webm-vorbis: bf7c407c2cedff20999df2af8eb42d56 -> 
  custom:video-codec-MediaFoundation-h265: 746d11721c4dcdbdad8f713fa42b33f4 -> 
  custom:video-decoder-ogg-theora: a1e56fd34408186e4bbccfd4996cb3dc -> 
  custom:CustomObjectIndexerAttribute: a3ef5dd2817f97addfee359851a9dba5 -> 
  custom:container-demuxer-webm: 4f35f7cbe854078d1ac9338744f61a02 -> 
  custom:video-encoder-webm-vp8: eb34c28f22e8b96e1ab97ce403110664 -> 
========================================================================
Received Prepare
Begin MonoManager ReloadAssembly
Symbol file LoadedFromMemory doesn't match image C:\Users\PIMG\Documents\GitHub\Stoned-Ape-Runner\Stoned Ape Runner\Library\PackageCache\com.unity.visualscripting@1.8.0\Editor\VisualScripting.Core\Dependencies\YamlDotNet\Unity.VisualScripting.YamlDotNet.dll
Symbol file LoadedFromMemory doesn't match image C:\Users\PIMG\Documents\GitHub\Stoned-Ape-Runner\Stoned Ape Runner\Library\PackageCache\com.unity.visualscripting@1.8.0\Editor\VisualScripting.Core\Dependencies\DotNetZip\Unity.VisualScripting.IonicZip.dll
- Loaded All Assemblies, in  1.006 seconds
Refreshing native plugins compatible for Editor in 8.62 ms, found 6 plugins.
Native extension for WindowsStandalone target not found
Mono: successfully reloaded assembly
- Finished resetting the current domain, in  2.477 seconds
Domain Reload Profiling: 3479ms
	BeginReloadAssembly (196ms)
		ExecutionOrderSort (0ms)
		DisableScriptedObjects (8ms)
		BackupInstance (0ms)
		ReleaseScriptingObjects (0ms)
		CreateAndSetChildDomain (56ms)
	RebuildCommonClasses (46ms)
	RebuildNativeTypeToScriptingClass (15ms)
	initialDomainReloadingComplete (36ms)
	LoadAllAssembliesAndSetupDomain (708ms)
		LoadAssemblies (328ms)
		RebuildTransferFunctionScriptingTraits (0ms)
		AnalyzeDomain (452ms)
			TypeCache.Refresh (436ms)
				TypeCache.ScanAssembly (417ms)
			ScanForSourceGeneratedMonoScriptInfo (0ms)
			ResolveRequiredComponents (16ms)
	FinalizeReload (2478ms)
		ReleaseScriptCaches (0ms)
		RebuildScriptCaches (0ms)
		SetupLoadedEditorAssemblies (1055ms)
			LogAssemblyErrors (0ms)
			InitializePlatformSupportModulesInManaged (9ms)
			SetLoadedEditorAssemblies (4ms)
			RefreshPlugins (0ms)
			BeforeProcessingInitializeOnLoad (141ms)
			ProcessInitializeOnLoadAttributes (842ms)
			ProcessInitializeOnLoadMethodAttributes (43ms)
			AfterProcessingInitializeOnLoad (16ms)
			EditorAssembliesLoaded (0ms)
		ExecutionOrderSort2 (0ms)
		AwakeInstancesAfterBackupRestoration (26ms)
Refreshing native plugins compatible for Editor in 8.53 ms, found 6 plugins.
Preloading 0 native plugins for Editor in 0.00 ms.
Unloading 7354 Unused Serialized files (Serialized files now loaded: 0)
Unloading 188 unused Assets / (13.1 MB). Loaded Objects now: 8585.
Memory consumption went from 286.3 MB to 273.2 MB.
Total: 9.725500 ms (FindLiveObjects: 0.807300 ms CreateObjectMapping: 0.921700 ms MarkObjects: 5.013700 ms  DeleteObjects: 2.981600 ms)

Prepare: number of updated asset objects reloaded= 0
AssetImportParameters requested are different than current active one (requested -> active):
  custom:container-demuxer-ogg: 62fdf1f143b41e24485cea50d1cbac27 -> 
  custom:framework-win-MediaFoundation: 216162199b28c13a410421893ffa2e32 -> 
  custom:container-muxer-webm: aa71ff27fc2769a1b78a27578f13a17b -> 
  custom:video-decoder-webm-vp8: 9c59270c3fd7afecdb556c50c9e8de78 -> 
  custom:SearchIndexIgnoredProperties: e643bd26f0fe6173181afceb89e7c659 -> 
  custom:AudioImporter_EditorPlatform: d09bf68614088b80899f8185d706f6e7 -> 
  custom:audio-decoder-ogg-vorbis: bf7c407c2cedff20999df2af8eb42d56 -> 
  custom:audio-encoder-webm-vorbis: bf7c407c2cedff20999df2af8eb42d56 -> 
  custom:video-codec-MediaFoundation-h265: 746d11721c4dcdbdad8f713fa42b33f4 -> 
  custom:video-decoder-ogg-theora: a1e56fd34408186e4bbccfd4996cb3dc -> 
  custom:CustomObjectIndexerAttribute: a3ef5dd2817f97addfee359851a9dba5 -> 
  custom:container-demuxer-webm: 4f35f7cbe854078d1ac9338744f61a02 -> 
  custom:video-encoder-webm-vp8: eb34c28f22e8b96e1ab97ce403110664 -> 
========================================================================
Received Import Request.
  Time since last request: 169273.344166 seconds.
  path: Assets/Prefabs/Shockwave.prefab
  artifactKey: Guid(22c8c5b124711b24eaf1f08a51604932) Importer(815301076,1909f56bfc062723c751e8b465ee728b)
Start importing Assets/Prefabs/Shockwave.prefab using Guid(22c8c5b124711b24eaf1f08a51604932) Importer(815301076,1909f56bfc062723c751e8b465ee728b)  -> (artifact id: '2df4413d31448c0e28d1b2842ab1f123') in 0.217258 seconds
Number of updated asset objects reloaded before import = 0
Number of asset objects unloaded after import = 8
========================================================================
Received Import Request.
  Time since last request: 616.085523 seconds.
  path: Assets/Prefabs/Shockwave (Pivot).prefab
  artifactKey: Guid(9da7b18f8cc946044820177d02dbda31) Importer(815301076,1909f56bfc062723c751e8b465ee728b)
Start importing Assets/Prefabs/Shockwave (Pivot).prefab using Guid(9da7b18f8cc946044820177d02dbda31) Importer(815301076,1909f56bfc062723c751e8b465ee728b)  -> (artifact id: 'dc42b66f9b3969b4bab56da719132a4f') in 0.068130 seconds
Number of updated asset objects reloaded before import = 0
Number of asset objects unloaded after import = 10
========================================================================
Received Prepare
Begin MonoManager ReloadAssembly
Symbol file LoadedFromMemory doesn't match image C:\Users\PIMG\Documents\GitHub\Stoned-Ape-Runner\Stoned Ape Runner\Library\PackageCache\com.unity.visualscripting@1.8.0\Editor\VisualScripting.Core\Dependencies\YamlDotNet\Unity.VisualScripting.YamlDotNet.dll
Symbol file LoadedFromMemory doesn't match image C:\Users\PIMG\Documents\GitHub\Stoned-Ape-Runner\Stoned Ape Runner\Library\PackageCache\com.unity.visualscripting@1.8.0\Editor\VisualScripting.Core\Dependencies\DotNetZip\Unity.VisualScripting.IonicZip.dll
- Loaded All Assemblies, in  1.024 seconds
Refreshing native plugins compatible for Editor in 7.10 ms, found 6 plugins.
Native extension for WindowsStandalone target not found
Mono: successfully reloaded assembly
- Finished resetting the current domain, in  2.029 seconds
Domain Reload Profiling: 3049ms
	BeginReloadAssembly (195ms)
		ExecutionOrderSort (0ms)
		DisableScriptedObjects (5ms)
		BackupInstance (0ms)
		ReleaseScriptingObjects (0ms)
		CreateAndSetChildDomain (54ms)
	RebuildCommonClasses (41ms)
	RebuildNativeTypeToScriptingClass (14ms)
	initialDomainReloadingComplete (47ms)
	LoadAllAssembliesAndSetupDomain (723ms)
		LoadAssemblies (395ms)
		RebuildTransferFunctionScriptingTraits (0ms)
		AnalyzeDomain (406ms)
			TypeCache.Refresh (389ms)
				TypeCache.ScanAssembly (369ms)
			ScanForSourceGeneratedMonoScriptInfo (0ms)
			ResolveRequiredComponents (16ms)
	FinalizeReload (2030ms)
		ReleaseScriptCaches (0ms)
		RebuildScriptCaches (0ms)
		SetupLoadedEditorAssemblies (823ms)
			LogAssemblyErrors (0ms)
			InitializePlatformSupportModulesInManaged (8ms)
			SetLoadedEditorAssemblies (5ms)
			RefreshPlugins (0ms)
			BeforeProcessingInitializeOnLoad (116ms)
			ProcessInitializeOnLoadAttributes (649ms)
			ProcessInitializeOnLoadMethodAttributes (35ms)
			AfterProcessingInitializeOnLoad (10ms)
			EditorAssembliesLoaded (0ms)
		ExecutionOrderSort2 (0ms)
		AwakeInstancesAfterBackupRestoration (21ms)
Refreshing native plugins compatible for Editor in 6.36 ms, found 6 plugins.
Preloading 0 native plugins for Editor in 0.00 ms.
Unloading 7354 Unused Serialized files (Serialized files now loaded: 0)
Unloading 188 unused Assets / (13.1 MB). Loaded Objects now: 8601.
Memory consumption went from 286.3 MB to 273.2 MB.
Total: 10.195100 ms (FindLiveObjects: 1.209800 ms CreateObjectMapping: 0.896000 ms MarkObjects: 5.082200 ms  DeleteObjects: 3.005600 ms)

Prepare: number of updated asset objects reloaded= 0
AssetImportParameters requested are different than current active one (requested -> active):
  custom:container-demuxer-ogg: 62fdf1f143b41e24485cea50d1cbac27 -> 
  custom:framework-win-MediaFoundation: 216162199b28c13a410421893ffa2e32 -> 
  custom:container-muxer-webm: aa71ff27fc2769a1b78a27578f13a17b -> 
  custom:video-decoder-webm-vp8: 9c59270c3fd7afecdb556c50c9e8de78 -> 
  custom:SearchIndexIgnoredProperties: e643bd26f0fe6173181afceb89e7c659 -> 
  custom:AudioImporter_EditorPlatform: d09bf68614088b80899f8185d706f6e7 -> 
  custom:audio-decoder-ogg-vorbis: bf7c407c2cedff20999df2af8eb42d56 -> 
  custom:audio-encoder-webm-vorbis: bf7c407c2cedff20999df2af8eb42d56 -> 
  custom:video-codec-MediaFoundation-h265: 746d11721c4dcdbdad8f713fa42b33f4 -> 
  custom:video-decoder-ogg-theora: a1e56fd34408186e4bbccfd4996cb3dc -> 
  custom:CustomObjectIndexerAttribute: a3ef5dd2817f97addfee359851a9dba5 -> 
  custom:container-demuxer-webm: 4f35f7cbe854078d1ac9338744f61a02 -> 
  custom:video-encoder-webm-vp8: eb34c28f22e8b96e1ab97ce403110664 -> 
========================================================================
Received Prepare
Begin MonoManager ReloadAssembly
Symbol file LoadedFromMemory doesn't match image C:\Users\PIMG\Documents\GitHub\Stoned-Ape-Runner\Stoned Ape Runner\Library\PackageCache\com.unity.visualscripting@1.8.0\Editor\VisualScripting.Core\Dependencies\YamlDotNet\Unity.VisualScripting.YamlDotNet.dll
Symbol file LoadedFromMemory doesn't match image C:\Users\PIMG\Documents\GitHub\Stoned-Ape-Runner\Stoned Ape Runner\Library\PackageCache\com.unity.visualscripting@1.8.0\Editor\VisualScripting.Core\Dependencies\DotNetZip\Unity.VisualScripting.IonicZip.dll
- Loaded All Assemblies, in  1.402 seconds
Refreshing native plugins compatible for Editor in 7.04 ms, found 6 plugins.
Native extension for WindowsStandalone target not found
Mono: successfully reloaded assembly
- Finished resetting the current domain, in  1.910 seconds
Domain Reload Profiling: 3305ms
	BeginReloadAssembly (329ms)
		ExecutionOrderSort (0ms)
		DisableScriptedObjects (9ms)
		BackupInstance (0ms)
		ReleaseScriptingObjects (0ms)
		CreateAndSetChildDomain (148ms)
	RebuildCommonClasses (68ms)
	RebuildNativeTypeToScriptingClass (25ms)
	initialDomainReloadingComplete (105ms)
	LoadAllAssembliesAndSetupDomain (867ms)
		LoadAssemblies (411ms)
		RebuildTransferFunctionScriptingTraits (0ms)
		AnalyzeDomain (566ms)
			TypeCache.Refresh (534ms)
				TypeCache.ScanAssembly (515ms)
			ScanForSourceGeneratedMonoScriptInfo (17ms)
			ResolveRequiredComponents (16ms)
	FinalizeReload (1911ms)
		ReleaseScriptCaches (0ms)
		RebuildScriptCaches (0ms)
		SetupLoadedEditorAssemblies (792ms)
			LogAssemblyErrors (0ms)
			InitializePlatformSupportModulesInManaged (8ms)
			SetLoadedEditorAssemblies (3ms)
			RefreshPlugins (0ms)
			BeforeProcessingInitializeOnLoad (101ms)
			ProcessInitializeOnLoadAttributes (630ms)
			ProcessInitializeOnLoadMethodAttributes (36ms)
			AfterProcessingInitializeOnLoad (14ms)
			EditorAssembliesLoaded (0ms)
		ExecutionOrderSort2 (0ms)
		AwakeInstancesAfterBackupRestoration (19ms)
Refreshing native plugins compatible for Editor in 6.93 ms, found 6 plugins.
Preloading 0 native plugins for Editor in 0.00 ms.
Unloading 7355 Unused Serialized files (Serialized files now loaded: 0)
Unloading 188 unused Assets / (13.1 MB). Loaded Objects now: 8618.
Memory consumption went from 286.3 MB to 273.2 MB.
Total: 15.992400 ms (FindLiveObjects: 1.050700 ms CreateObjectMapping: 0.644100 ms MarkObjects: 10.797700 ms  DeleteObjects: 3.498500 ms)

Prepare: number of updated asset objects reloaded= 0
AssetImportParameters requested are different than current active one (requested -> active):
  custom:container-demuxer-ogg: 62fdf1f143b41e24485cea50d1cbac27 -> 
  custom:framework-win-MediaFoundation: 216162199b28c13a410421893ffa2e32 -> 
  custom:container-muxer-webm: aa71ff27fc2769a1b78a27578f13a17b -> 
  custom:video-decoder-webm-vp8: 9c59270c3fd7afecdb556c50c9e8de78 -> 
  custom:SearchIndexIgnoredProperties: e643bd26f0fe6173181afceb89e7c659 -> 
  custom:AudioImporter_EditorPlatform: d09bf68614088b80899f8185d706f6e7 -> 
  custom:audio-decoder-ogg-vorbis: bf7c407c2cedff20999df2af8eb42d56 -> 
  custom:audio-encoder-webm-vorbis: bf7c407c2cedff20999df2af8eb42d56 -> 
  custom:video-codec-MediaFoundation-h265: 746d11721c4dcdbdad8f713fa42b33f4 -> 
  custom:video-decoder-ogg-theora: a1e56fd34408186e4bbccfd4996cb3dc -> 
  custom:CustomObjectIndexerAttribute: a3ef5dd2817f97addfee359851a9dba5 -> 
  custom:container-demuxer-webm: 4f35f7cbe854078d1ac9338744f61a02 -> 
  custom:video-encoder-webm-vp8: eb34c28f22e8b96e1ab97ce403110664 -> 
========================================================================
Received Prepare
Begin MonoManager ReloadAssembly
Symbol file LoadedFromMemory doesn't match image C:\Users\PIMG\Documents\GitHub\Stoned-Ape-Runner\Stoned Ape Runner\Library\PackageCache\com.unity.visualscripting@1.8.0\Editor\VisualScripting.Core\Dependencies\YamlDotNet\Unity.VisualScripting.YamlDotNet.dll
Symbol file LoadedFromMemory doesn't match image C:\Users\PIMG\Documents\GitHub\Stoned-Ape-Runner\Stoned Ape Runner\Library\PackageCache\com.unity.visualscripting@1.8.0\Editor\VisualScripting.Core\Dependencies\DotNetZip\Unity.VisualScripting.IonicZip.dll
- Loaded All Assemblies, in  1.009 seconds
Refreshing native plugins compatible for Editor in 6.36 ms, found 6 plugins.
Native extension for WindowsStandalone target not found
Mono: successfully reloaded assembly
- Finished resetting the current domain, in  1.870 seconds
Domain Reload Profiling: 2873ms
	BeginReloadAssembly (200ms)
		ExecutionOrderSort (0ms)
		DisableScriptedObjects (9ms)
		BackupInstance (0ms)
		ReleaseScriptingObjects (0ms)
		CreateAndSetChildDomain (66ms)
	RebuildCommonClasses (52ms)
	RebuildNativeTypeToScriptingClass (16ms)
	initialDomainReloadingComplete (45ms)
	LoadAllAssembliesAndSetupDomain (689ms)
		LoadAssemblies (328ms)
		RebuildTransferFunctionScriptingTraits (0ms)
		AnalyzeDomain (428ms)
			TypeCache.Refresh (400ms)
				TypeCache.ScanAssembly (380ms)
			ScanForSourceGeneratedMonoScriptInfo (15ms)
			ResolveRequiredComponents (13ms)
	FinalizeReload (1871ms)
		ReleaseScriptCaches (0ms)
		RebuildScriptCaches (0ms)
		SetupLoadedEditorAssemblies (782ms)
			LogAssemblyErrors (0ms)
			InitializePlatformSupportModulesInManaged (8ms)
			SetLoadedEditorAssemblies (4ms)
			RefreshPlugins (0ms)
			BeforeProcessingInitializeOnLoad (106ms)
			ProcessInitializeOnLoadAttributes (620ms)
			ProcessInitializeOnLoadMethodAttributes (35ms)
			AfterProcessingInitializeOnLoad (9ms)
			EditorAssembliesLoaded (0ms)
		ExecutionOrderSort2 (0ms)
		AwakeInstancesAfterBackupRestoration (20ms)
Refreshing native plugins compatible for Editor in 8.19 ms, found 6 plugins.
Preloading 0 native plugins for Editor in 0.00 ms.
Unloading 7355 Unused Serialized files (Serialized files now loaded: 0)
Unloading 188 unused Assets / (13.1 MB). Loaded Objects now: 8634.
Memory consumption went from 286.3 MB to 273.2 MB.
Total: 8.258900 ms (FindLiveObjects: 0.801300 ms CreateObjectMapping: 0.746900 ms MarkObjects: 3.910500 ms  DeleteObjects: 2.798900 ms)

Prepare: number of updated asset objects reloaded= 0
AssetImportParameters requested are different than current active one (requested -> active):
  custom:container-demuxer-ogg: 62fdf1f143b41e24485cea50d1cbac27 -> 
  custom:framework-win-MediaFoundation: 216162199b28c13a410421893ffa2e32 -> 
  custom:container-muxer-webm: aa71ff27fc2769a1b78a27578f13a17b -> 
  custom:video-decoder-webm-vp8: 9c59270c3fd7afecdb556c50c9e8de78 -> 
  custom:SearchIndexIgnoredProperties: e643bd26f0fe6173181afceb89e7c659 -> 
  custom:AudioImporter_EditorPlatform: d09bf68614088b80899f8185d706f6e7 -> 
  custom:audio-decoder-ogg-vorbis: bf7c407c2cedff20999df2af8eb42d56 -> 
  custom:audio-encoder-webm-vorbis: bf7c407c2cedff20999df2af8eb42d56 -> 
  custom:video-codec-MediaFoundation-h265: 746d11721c4dcdbdad8f713fa42b33f4 -> 
  custom:video-decoder-ogg-theora: a1e56fd34408186e4bbccfd4996cb3dc -> 
  custom:CustomObjectIndexerAttribute: a3ef5dd2817f97addfee359851a9dba5 -> 
  custom:container-demuxer-webm: 4f35f7cbe854078d1ac9338744f61a02 -> 
  custom:video-encoder-webm-vp8: eb34c28f22e8b96e1ab97ce403110664 -> 
========================================================================
Received Prepare
Begin MonoManager ReloadAssembly
Symbol file LoadedFromMemory doesn't match image C:\Users\PIMG\Documents\GitHub\Stoned-Ape-Runner\Stoned Ape Runner\Library\PackageCache\com.unity.visualscripting@1.8.0\Editor\VisualScripting.Core\Dependencies\YamlDotNet\Unity.VisualScripting.YamlDotNet.dll
Symbol file LoadedFromMemory doesn't match image C:\Users\PIMG\Documents\GitHub\Stoned-Ape-Runner\Stoned Ape Runner\Library\PackageCache\com.unity.visualscripting@1.8.0\Editor\VisualScripting.Core\Dependencies\DotNetZip\Unity.VisualScripting.IonicZip.dll
- Loaded All Assemblies, in  0.947 seconds
Refreshing native plugins compatible for Editor in 5.41 ms, found 6 plugins.
Native extension for WindowsStandalone target not found
Mono: successfully reloaded assembly
- Finished resetting the current domain, in  1.934 seconds
Domain Reload Profiling: 2876ms
	BeginReloadAssembly (173ms)
		ExecutionOrderSort (0ms)
		DisableScriptedObjects (5ms)
		BackupInstance (0ms)
		ReleaseScriptingObjects (0ms)
		CreateAndSetChildDomain (50ms)
	RebuildCommonClasses (45ms)
	RebuildNativeTypeToScriptingClass (16ms)
	initialDomainReloadingComplete (33ms)
	LoadAllAssembliesAndSetupDomain (675ms)
		LoadAssemblies (305ms)
		RebuildTransferFunctionScriptingTraits (0ms)
		AnalyzeDomain (434ms)
			TypeCache.Refresh (415ms)
				TypeCache.ScanAssembly (396ms)
			ScanForSourceGeneratedMonoScriptInfo (0ms)
			ResolveRequiredComponents (19ms)
	FinalizeReload (1934ms)
		ReleaseScriptCaches (0ms)
		RebuildScriptCaches (0ms)
		SetupLoadedEditorAssemblies (841ms)
			LogAssemblyErrors (0ms)
			InitializePlatformSupportModulesInManaged (7ms)
			SetLoadedEditorAssemblies (4ms)
			RefreshPlugins (0ms)
			BeforeProcessingInitializeOnLoad (110ms)
			ProcessInitializeOnLoadAttributes (674ms)
			ProcessInitializeOnLoadMethodAttributes (36ms)
			AfterProcessingInitializeOnLoad (11ms)
			EditorAssembliesLoaded (0ms)
		ExecutionOrderSort2 (0ms)
		AwakeInstancesAfterBackupRestoration (20ms)
Refreshing native plugins compatible for Editor in 8.15 ms, found 6 plugins.
Preloading 0 native plugins for Editor in 0.00 ms.
Unloading 7355 Unused Serialized files (Serialized files now loaded: 0)
Unloading 188 unused Assets / (13.1 MB). Loaded Objects now: 8650.
Memory consumption went from 286.3 MB to 273.2 MB.
Total: 8.727500 ms (FindLiveObjects: 0.705100 ms CreateObjectMapping: 0.718900 ms MarkObjects: 4.487600 ms  DeleteObjects: 2.814900 ms)

Prepare: number of updated asset objects reloaded= 0
AssetImportParameters requested are different than current active one (requested -> active):
  custom:container-demuxer-ogg: 62fdf1f143b41e24485cea50d1cbac27 -> 
  custom:framework-win-MediaFoundation: 216162199b28c13a410421893ffa2e32 -> 
  custom:container-muxer-webm: aa71ff27fc2769a1b78a27578f13a17b -> 
  custom:video-decoder-webm-vp8: 9c59270c3fd7afecdb556c50c9e8de78 -> 
  custom:SearchIndexIgnoredProperties: e643bd26f0fe6173181afceb89e7c659 -> 
  custom:AudioImporter_EditorPlatform: d09bf68614088b80899f8185d706f6e7 -> 
  custom:audio-decoder-ogg-vorbis: bf7c407c2cedff20999df2af8eb42d56 -> 
  custom:audio-encoder-webm-vorbis: bf7c407c2cedff20999df2af8eb42d56 -> 
  custom:video-codec-MediaFoundation-h265: 746d11721c4dcdbdad8f713fa42b33f4 -> 
  custom:video-decoder-ogg-theora: a1e56fd34408186e4bbccfd4996cb3dc -> 
  custom:CustomObjectIndexerAttribute: a3ef5dd2817f97addfee359851a9dba5 -> 
  custom:container-demuxer-webm: 4f35f7cbe854078d1ac9338744f61a02 -> 
  custom:video-encoder-webm-vp8: eb34c28f22e8b96e1ab97ce403110664 -> 
========================================================================
Received Prepare
Begin MonoManager ReloadAssembly
Symbol file LoadedFromMemory doesn't match image C:\Users\PIMG\Documents\GitHub\Stoned-Ape-Runner\Stoned Ape Runner\Library\PackageCache\com.unity.visualscripting@1.8.0\Editor\VisualScripting.Core\Dependencies\YamlDotNet\Unity.VisualScripting.YamlDotNet.dll
Symbol file LoadedFromMemory doesn't match image C:\Users\PIMG\Documents\GitHub\Stoned-Ape-Runner\Stoned Ape Runner\Library\PackageCache\com.unity.visualscripting@1.8.0\Editor\VisualScripting.Core\Dependencies\DotNetZip\Unity.VisualScripting.IonicZip.dll
- Loaded All Assemblies, in  0.970 seconds
Refreshing native plugins compatible for Editor in 5.67 ms, found 6 plugins.
Native extension for WindowsStandalone target not found
Mono: successfully reloaded assembly
- Finished resetting the current domain, in  2.034 seconds
Domain Reload Profiling: 3000ms
	BeginReloadAssembly (185ms)
		ExecutionOrderSort (0ms)
		DisableScriptedObjects (5ms)
		BackupInstance (0ms)
		ReleaseScriptingObjects (0ms)
		CreateAndSetChildDomain (54ms)
	RebuildCommonClasses (47ms)
	RebuildNativeTypeToScriptingClass (14ms)
	initialDomainReloadingComplete (37ms)
	LoadAllAssembliesAndSetupDomain (681ms)
		LoadAssemblies (302ms)
		RebuildTransferFunctionScriptingTraits (0ms)
		AnalyzeDomain (453ms)
			TypeCache.Refresh (438ms)
				TypeCache.ScanAssembly (424ms)
			ScanForSourceGeneratedMonoScriptInfo (0ms)
			ResolveRequiredComponents (15ms)
	FinalizeReload (2035ms)
		ReleaseScriptCaches (0ms)
		RebuildScriptCaches (0ms)
		SetupLoadedEditorAssemblies (930ms)
			LogAssemblyErrors (0ms)
			InitializePlatformSupportModulesInManaged (10ms)
			SetLoadedEditorAssemblies (4ms)
			RefreshPlugins (0ms)
			BeforeProcessingInitializeOnLoad (129ms)
			ProcessInitializeOnLoadAttributes (736ms)
			ProcessInitializeOnLoadMethodAttributes (39ms)
			AfterProcessingInitializeOnLoad (11ms)
			EditorAssembliesLoaded (0ms)
		ExecutionOrderSort2 (0ms)
		AwakeInstancesAfterBackupRestoration (20ms)
Refreshing native plugins compatible for Editor in 9.32 ms, found 6 plugins.
Preloading 0 native plugins for Editor in 0.00 ms.
Unloading 7355 Unused Serialized files (Serialized files now loaded: 0)
Unloading 188 unused Assets / (13.1 MB). Loaded Objects now: 8666.
Memory consumption went from 286.4 MB to 273.3 MB.
Total: 9.319000 ms (FindLiveObjects: 0.836400 ms CreateObjectMapping: 0.564000 ms MarkObjects: 5.386000 ms  DeleteObjects: 2.531500 ms)

Prepare: number of updated asset objects reloaded= 0
AssetImportParameters requested are different than current active one (requested -> active):
  custom:container-demuxer-ogg: 62fdf1f143b41e24485cea50d1cbac27 -> 
  custom:framework-win-MediaFoundation: 216162199b28c13a410421893ffa2e32 -> 
  custom:container-muxer-webm: aa71ff27fc2769a1b78a27578f13a17b -> 
  custom:video-decoder-webm-vp8: 9c59270c3fd7afecdb556c50c9e8de78 -> 
  custom:SearchIndexIgnoredProperties: e643bd26f0fe6173181afceb89e7c659 -> 
  custom:AudioImporter_EditorPlatform: d09bf68614088b80899f8185d706f6e7 -> 
  custom:audio-decoder-ogg-vorbis: bf7c407c2cedff20999df2af8eb42d56 -> 
  custom:audio-encoder-webm-vorbis: bf7c407c2cedff20999df2af8eb42d56 -> 
  custom:video-codec-MediaFoundation-h265: 746d11721c4dcdbdad8f713fa42b33f4 -> 
  custom:video-decoder-ogg-theora: a1e56fd34408186e4bbccfd4996cb3dc -> 
  custom:CustomObjectIndexerAttribute: a3ef5dd2817f97addfee359851a9dba5 -> 
  custom:container-demuxer-webm: 4f35f7cbe854078d1ac9338744f61a02 -> 
  custom:video-encoder-webm-vp8: eb34c28f22e8b96e1ab97ce403110664 -> 
========================================================================
Received Prepare
Begin MonoManager ReloadAssembly
Symbol file LoadedFromMemory doesn't match image C:\Users\PIMG\Documents\GitHub\Stoned-Ape-Runner\Stoned Ape Runner\Library\PackageCache\com.unity.visualscripting@1.8.0\Editor\VisualScripting.Core\Dependencies\YamlDotNet\Unity.VisualScripting.YamlDotNet.dll
Symbol file LoadedFromMemory doesn't match image C:\Users\PIMG\Documents\GitHub\Stoned-Ape-Runner\Stoned Ape Runner\Library\PackageCache\com.unity.visualscripting@1.8.0\Editor\VisualScripting.Core\Dependencies\DotNetZip\Unity.VisualScripting.IonicZip.dll
- Loaded All Assemblies, in  0.963 seconds
Refreshing native plugins compatible for Editor in 5.92 ms, found 6 plugins.
Native extension for WindowsStandalone target not found
Mono: successfully reloaded assembly
- Finished resetting the current domain, in  2.034 seconds
Domain Reload Profiling: 2993ms
	BeginReloadAssembly (181ms)
		ExecutionOrderSort (0ms)
		DisableScriptedObjects (6ms)
		BackupInstance (0ms)
		ReleaseScriptingObjects (0ms)
		CreateAndSetChildDomain (55ms)
	RebuildCommonClasses (52ms)
	RebuildNativeTypeToScriptingClass (14ms)
	initialDomainReloadingComplete (43ms)
	LoadAllAssembliesAndSetupDomain (668ms)
		LoadAssemblies (318ms)
		RebuildTransferFunctionScriptingTraits (0ms)
		AnalyzeDomain (418ms)
			TypeCache.Refresh (404ms)
				TypeCache.ScanAssembly (387ms)
			ScanForSourceGeneratedMonoScriptInfo (0ms)
			ResolveRequiredComponents (14ms)
	FinalizeReload (2035ms)
		ReleaseScriptCaches (0ms)
		RebuildScriptCaches (0ms)
		SetupLoadedEditorAssemblies (914ms)
			LogAssemblyErrors (0ms)
			InitializePlatformSupportModulesInManaged (8ms)
			SetLoadedEditorAssemblies (5ms)
			RefreshPlugins (0ms)
			BeforeProcessingInitializeOnLoad (127ms)
			ProcessInitializeOnLoadAttributes (725ms)
			ProcessInitializeOnLoadMethodAttributes (36ms)
			AfterProcessingInitializeOnLoad (13ms)
			EditorAssembliesLoaded (0ms)
		ExecutionOrderSort2 (0ms)
		AwakeInstancesAfterBackupRestoration (19ms)
Refreshing native plugins compatible for Editor in 8.12 ms, found 6 plugins.
Preloading 0 native plugins for Editor in 0.00 ms.
Unloading 7355 Unused Serialized files (Serialized files now loaded: 0)
Unloading 188 unused Assets / (13.1 MB). Loaded Objects now: 8682.
Memory consumption went from 286.4 MB to 273.3 MB.
Total: 8.314700 ms (FindLiveObjects: 0.818300 ms CreateObjectMapping: 0.531200 ms MarkObjects: 3.941000 ms  DeleteObjects: 3.023400 ms)

Prepare: number of updated asset objects reloaded= 0
AssetImportParameters requested are different than current active one (requested -> active):
  custom:container-demuxer-ogg: 62fdf1f143b41e24485cea50d1cbac27 -> 
  custom:framework-win-MediaFoundation: 216162199b28c13a410421893ffa2e32 -> 
  custom:container-muxer-webm: aa71ff27fc2769a1b78a27578f13a17b -> 
  custom:video-decoder-webm-vp8: 9c59270c3fd7afecdb556c50c9e8de78 -> 
  custom:SearchIndexIgnoredProperties: e643bd26f0fe6173181afceb89e7c659 -> 
  custom:AudioImporter_EditorPlatform: d09bf68614088b80899f8185d706f6e7 -> 
  custom:audio-decoder-ogg-vorbis: bf7c407c2cedff20999df2af8eb42d56 -> 
  custom:audio-encoder-webm-vorbis: bf7c407c2cedff20999df2af8eb42d56 -> 
  custom:video-codec-MediaFoundation-h265: 746d11721c4dcdbdad8f713fa42b33f4 -> 
  custom:video-decoder-ogg-theora: a1e56fd34408186e4bbccfd4996cb3dc -> 
  custom:CustomObjectIndexerAttribute: a3ef5dd2817f97addfee359851a9dba5 -> 
  custom:container-demuxer-webm: 4f35f7cbe854078d1ac9338744f61a02 -> 
  custom:video-encoder-webm-vp8: eb34c28f22e8b96e1ab97ce403110664 -> 
========================================================================
Received Prepare
Begin MonoManager ReloadAssembly
Symbol file LoadedFromMemory doesn't match image C:\Users\PIMG\Documents\GitHub\Stoned-Ape-Runner\Stoned Ape Runner\Library\PackageCache\com.unity.visualscripting@1.8.0\Editor\VisualScripting.Core\Dependencies\YamlDotNet\Unity.VisualScripting.YamlDotNet.dll
Symbol file LoadedFromMemory doesn't match image C:\Users\PIMG\Documents\GitHub\Stoned-Ape-Runner\Stoned Ape Runner\Library\PackageCache\com.unity.visualscripting@1.8.0\Editor\VisualScripting.Core\Dependencies\DotNetZip\Unity.VisualScripting.IonicZip.dll
- Loaded All Assemblies, in  1.061 seconds
Refreshing native plugins compatible for Editor in 7.16 ms, found 6 plugins.
Native extension for WindowsStandalone target not found
Mono: successfully reloaded assembly
- Finished resetting the current domain, in  2.023 seconds
Domain Reload Profiling: 3080ms
	BeginReloadAssembly (196ms)
		ExecutionOrderSort (0ms)
		DisableScriptedObjects (6ms)
		BackupInstance (0ms)
		ReleaseScriptingObjects (0ms)
		CreateAndSetChildDomain (56ms)
	RebuildCommonClasses (49ms)
	RebuildNativeTypeToScriptingClass (21ms)
	initialDomainReloadingComplete (43ms)
	LoadAllAssembliesAndSetupDomain (747ms)
		LoadAssemblies (356ms)
		RebuildTransferFunctionScriptingTraits (0ms)
		AnalyzeDomain (470ms)
			TypeCache.Refresh (438ms)
				TypeCache.ScanAssembly (423ms)
			ScanForSourceGeneratedMonoScriptInfo (11ms)
			ResolveRequiredComponents (21ms)
	FinalizeReload (2024ms)
		ReleaseScriptCaches (0ms)
		RebuildScriptCaches (0ms)
		SetupLoadedEditorAssemblies (888ms)
			LogAssemblyErrors (0ms)
			InitializePlatformSupportModulesInManaged (9ms)
			SetLoadedEditorAssemblies (4ms)
			RefreshPlugins (0ms)
			BeforeProcessingInitializeOnLoad (128ms)
			ProcessInitializeOnLoadAttributes (701ms)
			ProcessInitializeOnLoadMethodAttributes (35ms)
			AfterProcessingInitializeOnLoad (10ms)
			EditorAssembliesLoaded (0ms)
		ExecutionOrderSort2 (0ms)
		AwakeInstancesAfterBackupRestoration (20ms)
Refreshing native plugins compatible for Editor in 7.63 ms, found 6 plugins.
Preloading 0 native plugins for Editor in 0.00 ms.
Unloading 7355 Unused Serialized files (Serialized files now loaded: 0)
Unloading 188 unused Assets / (13.1 MB). Loaded Objects now: 8698.
Memory consumption went from 286.4 MB to 273.3 MB.
Total: 8.825900 ms (FindLiveObjects: 1.162000 ms CreateObjectMapping: 0.776800 ms MarkObjects: 4.296500 ms  DeleteObjects: 2.589200 ms)

Prepare: number of updated asset objects reloaded= 0
AssetImportParameters requested are different than current active one (requested -> active):
  custom:container-demuxer-ogg: 62fdf1f143b41e24485cea50d1cbac27 -> 
  custom:framework-win-MediaFoundation: 216162199b28c13a410421893ffa2e32 -> 
  custom:container-muxer-webm: aa71ff27fc2769a1b78a27578f13a17b -> 
  custom:video-decoder-webm-vp8: 9c59270c3fd7afecdb556c50c9e8de78 -> 
  custom:SearchIndexIgnoredProperties: e643bd26f0fe6173181afceb89e7c659 -> 
  custom:AudioImporter_EditorPlatform: d09bf68614088b80899f8185d706f6e7 -> 
  custom:audio-decoder-ogg-vorbis: bf7c407c2cedff20999df2af8eb42d56 -> 
  custom:audio-encoder-webm-vorbis: bf7c407c2cedff20999df2af8eb42d56 -> 
  custom:video-codec-MediaFoundation-h265: 746d11721c4dcdbdad8f713fa42b33f4 -> 
  custom:video-decoder-ogg-theora: a1e56fd34408186e4bbccfd4996cb3dc -> 
  custom:CustomObjectIndexerAttribute: a3ef5dd2817f97addfee359851a9dba5 -> 
  custom:container-demuxer-webm: 4f35f7cbe854078d1ac9338744f61a02 -> 
  custom:video-encoder-webm-vp8: eb34c28f22e8b96e1ab97ce403110664 -> 
========================================================================
Received Prepare
Begin MonoManager ReloadAssembly
Symbol file LoadedFromMemory doesn't match image C:\Users\PIMG\Documents\GitHub\Stoned-Ape-Runner\Stoned Ape Runner\Library\PackageCache\com.unity.visualscripting@1.8.0\Editor\VisualScripting.Core\Dependencies\YamlDotNet\Unity.VisualScripting.YamlDotNet.dll
Symbol file LoadedFromMemory doesn't match image C:\Users\PIMG\Documents\GitHub\Stoned-Ape-Runner\Stoned Ape Runner\Library\PackageCache\com.unity.visualscripting@1.8.0\Editor\VisualScripting.Core\Dependencies\DotNetZip\Unity.VisualScripting.IonicZip.dll
- Loaded All Assemblies, in  0.994 seconds
Refreshing native plugins compatible for Editor in 7.13 ms, found 6 plugins.
Native extension for WindowsStandalone target not found
Mono: successfully reloaded assembly
- Finished resetting the current domain, in  2.139 seconds
Domain Reload Profiling: 3127ms
	BeginReloadAssembly (186ms)
		ExecutionOrderSort (0ms)
		DisableScriptedObjects (6ms)
		BackupInstance (0ms)
		ReleaseScriptingObjects (0ms)
		CreateAndSetChildDomain (53ms)
	RebuildCommonClasses (42ms)
	RebuildNativeTypeToScriptingClass (14ms)
	initialDomainReloadingComplete (36ms)
	LoadAllAssembliesAndSetupDomain (709ms)
		LoadAssemblies (311ms)
		RebuildTransferFunctionScriptingTraits (0ms)
		AnalyzeDomain (474ms)
			TypeCache.Refresh (455ms)
				TypeCache.ScanAssembly (438ms)
			ScanForSourceGeneratedMonoScriptInfo (0ms)
			ResolveRequiredComponents (18ms)
	FinalizeReload (2140ms)
		ReleaseScriptCaches (0ms)
		RebuildScriptCaches (0ms)
		SetupLoadedEditorAssemblies (904ms)
			LogAssemblyErrors (0ms)
			InitializePlatformSupportModulesInManaged (8ms)
			SetLoadedEditorAssemblies (4ms)
			RefreshPlugins (0ms)
			BeforeProcessingInitializeOnLoad (125ms)
			ProcessInitializeOnLoadAttributes (719ms)
			ProcessInitializeOnLoadMethodAttributes (35ms)
			AfterProcessingInitializeOnLoad (12ms)
			EditorAssembliesLoaded (0ms)
		ExecutionOrderSort2 (0ms)
		AwakeInstancesAfterBackupRestoration (20ms)
Refreshing native plugins compatible for Editor in 8.19 ms, found 6 plugins.
Preloading 0 native plugins for Editor in 0.00 ms.
Unloading 7355 Unused Serialized files (Serialized files now loaded: 0)
Unloading 188 unused Assets / (13.1 MB). Loaded Objects now: 8714.
Memory consumption went from 286.4 MB to 273.3 MB.
Total: 9.672500 ms (FindLiveObjects: 1.130200 ms CreateObjectMapping: 0.644800 ms MarkObjects: 4.748100 ms  DeleteObjects: 3.148200 ms)

Prepare: number of updated asset objects reloaded= 0
AssetImportParameters requested are different than current active one (requested -> active):
  custom:container-demuxer-ogg: 62fdf1f143b41e24485cea50d1cbac27 -> 
  custom:framework-win-MediaFoundation: 216162199b28c13a410421893ffa2e32 -> 
  custom:container-muxer-webm: aa71ff27fc2769a1b78a27578f13a17b -> 
  custom:video-decoder-webm-vp8: 9c59270c3fd7afecdb556c50c9e8de78 -> 
  custom:SearchIndexIgnoredProperties: e643bd26f0fe6173181afceb89e7c659 -> 
  custom:AudioImporter_EditorPlatform: d09bf68614088b80899f8185d706f6e7 -> 
  custom:audio-decoder-ogg-vorbis: bf7c407c2cedff20999df2af8eb42d56 -> 
  custom:audio-encoder-webm-vorbis: bf7c407c2cedff20999df2af8eb42d56 -> 
  custom:video-codec-MediaFoundation-h265: 746d11721c4dcdbdad8f713fa42b33f4 -> 
  custom:video-decoder-ogg-theora: a1e56fd34408186e4bbccfd4996cb3dc -> 
  custom:CustomObjectIndexerAttribute: a3ef5dd2817f97addfee359851a9dba5 -> 
  custom:container-demuxer-webm: 4f35f7cbe854078d1ac9338744f61a02 -> 
  custom:video-encoder-webm-vp8: eb34c28f22e8b96e1ab97ce403110664 -> 
========================================================================
Received Prepare
Begin MonoManager ReloadAssembly
Symbol file LoadedFromMemory doesn't match image C:\Users\PIMG\Documents\GitHub\Stoned-Ape-Runner\Stoned Ape Runner\Library\PackageCache\com.unity.visualscripting@1.8.0\Editor\VisualScripting.Core\Dependencies\YamlDotNet\Unity.VisualScripting.YamlDotNet.dll
Symbol file LoadedFromMemory doesn't match image C:\Users\PIMG\Documents\GitHub\Stoned-Ape-Runner\Stoned Ape Runner\Library\PackageCache\com.unity.visualscripting@1.8.0\Editor\VisualScripting.Core\Dependencies\DotNetZip\Unity.VisualScripting.IonicZip.dll
- Loaded All Assemblies, in  1.080 seconds
Refreshing native plugins compatible for Editor in 6.03 ms, found 6 plugins.
Native extension for WindowsStandalone target not found
Mono: successfully reloaded assembly
- Finished resetting the current domain, in  2.199 seconds
Domain Reload Profiling: 3274ms
	BeginReloadAssembly (207ms)
		ExecutionOrderSort (0ms)
		DisableScriptedObjects (5ms)
		BackupInstance (0ms)
		ReleaseScriptingObjects (0ms)
		CreateAndSetChildDomain (67ms)
	RebuildCommonClasses (47ms)
	RebuildNativeTypeToScriptingClass (13ms)
	initialDomainReloadingComplete (41ms)
	LoadAllAssembliesAndSetupDomain (766ms)
		LoadAssemblies (359ms)
		RebuildTransferFunctionScriptingTraits (0ms)
		AnalyzeDomain (481ms)
			TypeCache.Refresh (466ms)
				TypeCache.ScanAssembly (448ms)
			ScanForSourceGeneratedMonoScriptInfo (0ms)
			ResolveRequiredComponents (15ms)
	FinalizeReload (2200ms)
		ReleaseScriptCaches (0ms)
		RebuildScriptCaches (0ms)
		SetupLoadedEditorAssemblies (942ms)
			LogAssemblyErrors (0ms)
			InitializePlatformSupportModulesInManaged (10ms)
			SetLoadedEditorAssemblies (4ms)
			RefreshPlugins (0ms)
			BeforeProcessingInitializeOnLoad (133ms)
			ProcessInitializeOnLoadAttributes (746ms)
			ProcessInitializeOnLoadMethodAttributes (38ms)
			AfterProcessingInitializeOnLoad (10ms)
			EditorAssembliesLoaded (0ms)
		ExecutionOrderSort2 (0ms)
		AwakeInstancesAfterBackupRestoration (20ms)
Refreshing native plugins compatible for Editor in 8.06 ms, found 6 plugins.
Preloading 0 native plugins for Editor in 0.00 ms.
Unloading 7355 Unused Serialized files (Serialized files now loaded: 0)
Unloading 188 unused Assets / (13.1 MB). Loaded Objects now: 8730.
Memory consumption went from 286.5 MB to 273.4 MB.
Total: 9.584200 ms (FindLiveObjects: 0.860600 ms CreateObjectMapping: 0.720200 ms MarkObjects: 5.054500 ms  DeleteObjects: 2.947700 ms)

Prepare: number of updated asset objects reloaded= 0
AssetImportParameters requested are different than current active one (requested -> active):
  custom:container-demuxer-ogg: 62fdf1f143b41e24485cea50d1cbac27 -> 
  custom:framework-win-MediaFoundation: 216162199b28c13a410421893ffa2e32 -> 
  custom:container-muxer-webm: aa71ff27fc2769a1b78a27578f13a17b -> 
  custom:video-decoder-webm-vp8: 9c59270c3fd7afecdb556c50c9e8de78 -> 
  custom:SearchIndexIgnoredProperties: e643bd26f0fe6173181afceb89e7c659 -> 
  custom:AudioImporter_EditorPlatform: d09bf68614088b80899f8185d706f6e7 -> 
  custom:audio-decoder-ogg-vorbis: bf7c407c2cedff20999df2af8eb42d56 -> 
  custom:audio-encoder-webm-vorbis: bf7c407c2cedff20999df2af8eb42d56 -> 
  custom:video-codec-MediaFoundation-h265: 746d11721c4dcdbdad8f713fa42b33f4 -> 
  custom:video-decoder-ogg-theora: a1e56fd34408186e4bbccfd4996cb3dc -> 
  custom:CustomObjectIndexerAttribute: a3ef5dd2817f97addfee359851a9dba5 -> 
  custom:container-demuxer-webm: 4f35f7cbe854078d1ac9338744f61a02 -> 
  custom:video-encoder-webm-vp8: eb34c28f22e8b96e1ab97ce403110664 -> 
========================================================================
Received Prepare
Begin MonoManager ReloadAssembly
Symbol file LoadedFromMemory doesn't match image C:\Users\PIMG\Documents\GitHub\Stoned-Ape-Runner\Stoned Ape Runner\Library\PackageCache\com.unity.visualscripting@1.8.0\Editor\VisualScripting.Core\Dependencies\YamlDotNet\Unity.VisualScripting.YamlDotNet.dll
Symbol file LoadedFromMemory doesn't match image C:\Users\PIMG\Documents\GitHub\Stoned-Ape-Runner\Stoned Ape Runner\Library\PackageCache\com.unity.visualscripting@1.8.0\Editor\VisualScripting.Core\Dependencies\DotNetZip\Unity.VisualScripting.IonicZip.dll
- Loaded All Assemblies, in  1.210 seconds
Refreshing native plugins compatible for Editor in 7.32 ms, found 6 plugins.
Native extension for WindowsStandalone target not found
Mono: successfully reloaded assembly
- Finished resetting the current domain, in  2.263 seconds
Domain Reload Profiling: 3468ms
	BeginReloadAssembly (225ms)
		ExecutionOrderSort (0ms)
		DisableScriptedObjects (9ms)
		BackupInstance (0ms)
		ReleaseScriptingObjects (0ms)
		CreateAndSetChildDomain (61ms)
	RebuildCommonClasses (55ms)
	RebuildNativeTypeToScriptingClass (20ms)
	initialDomainReloadingComplete (47ms)
	LoadAllAssembliesAndSetupDomain (857ms)
		LoadAssemblies (428ms)
		RebuildTransferFunctionScriptingTraits (0ms)
		AnalyzeDomain (521ms)
			TypeCache.Refresh (504ms)
				TypeCache.ScanAssembly (485ms)
			ScanForSourceGeneratedMonoScriptInfo (0ms)
			ResolveRequiredComponents (17ms)
	FinalizeReload (2264ms)
		ReleaseScriptCaches (0ms)
		RebuildScriptCaches (0ms)
		SetupLoadedEditorAssemblies (975ms)
			LogAssemblyErrors (0ms)
			InitializePlatformSupportModulesInManaged (7ms)
			SetLoadedEditorAssemblies (4ms)
			RefreshPlugins (0ms)
			BeforeProcessingInitializeOnLoad (127ms)
			ProcessInitializeOnLoadAttributes (784ms)
			ProcessInitializeOnLoadMethodAttributes (39ms)
			AfterProcessingInitializeOnLoad (12ms)
			EditorAssembliesLoaded (0ms)
		ExecutionOrderSort2 (0ms)
		AwakeInstancesAfterBackupRestoration (22ms)
Refreshing native plugins compatible for Editor in 8.73 ms, found 6 plugins.
Preloading 0 native plugins for Editor in 0.00 ms.
Unloading 7355 Unused Serialized files (Serialized files now loaded: 0)
Unloading 188 unused Assets / (13.1 MB). Loaded Objects now: 8746.
Memory consumption went from 286.5 MB to 273.4 MB.
Total: 8.621400 ms (FindLiveObjects: 1.032900 ms CreateObjectMapping: 0.814900 ms MarkObjects: 4.079300 ms  DeleteObjects: 2.692900 ms)

Prepare: number of updated asset objects reloaded= 0
AssetImportParameters requested are different than current active one (requested -> active):
  custom:container-demuxer-ogg: 62fdf1f143b41e24485cea50d1cbac27 -> 
  custom:framework-win-MediaFoundation: 216162199b28c13a410421893ffa2e32 -> 
  custom:container-muxer-webm: aa71ff27fc2769a1b78a27578f13a17b -> 
  custom:video-decoder-webm-vp8: 9c59270c3fd7afecdb556c50c9e8de78 -> 
  custom:SearchIndexIgnoredProperties: e643bd26f0fe6173181afceb89e7c659 -> 
  custom:AudioImporter_EditorPlatform: d09bf68614088b80899f8185d706f6e7 -> 
  custom:audio-decoder-ogg-vorbis: bf7c407c2cedff20999df2af8eb42d56 -> 
  custom:audio-encoder-webm-vorbis: bf7c407c2cedff20999df2af8eb42d56 -> 
  custom:video-codec-MediaFoundation-h265: 746d11721c4dcdbdad8f713fa42b33f4 -> 
  custom:video-decoder-ogg-theora: a1e56fd34408186e4bbccfd4996cb3dc -> 
  custom:CustomObjectIndexerAttribute: a3ef5dd2817f97addfee359851a9dba5 -> 
  custom:container-demuxer-webm: 4f35f7cbe854078d1ac9338744f61a02 -> 
  custom:video-encoder-webm-vp8: eb34c28f22e8b96e1ab97ce403110664 -> 
========================================================================
Received Import Request.
  Time since last request: 1162.684698 seconds.
  path: Assets/Scenes/2001 Space Odyssey (Intro Sequence).unity
  artifactKey: Guid(a478b3137961d5e409c7d4047436f5ba) Importer(815301076,1909f56bfc062723c751e8b465ee728b)
Start importing Assets/Scenes/2001 Space Odyssey (Intro Sequence).unity using Guid(a478b3137961d5e409c7d4047436f5ba) Importer(815301076,1909f56bfc062723c751e8b465ee728b)  -> (artifact id: '8e497b29feff5c7bd473be54bed48379') in 0.002121 seconds
Number of updated asset objects reloaded before import = 0
Number of asset objects unloaded after import = 0
========================================================================
Received Prepare
Begin MonoManager ReloadAssembly
Symbol file LoadedFromMemory doesn't match image C:\Users\PIMG\Documents\GitHub\Stoned-Ape-Runner\Stoned Ape Runner\Library\PackageCache\com.unity.visualscripting@1.8.0\Editor\VisualScripting.Core\Dependencies\YamlDotNet\Unity.VisualScripting.YamlDotNet.dll
Symbol file LoadedFromMemory doesn't match image C:\Users\PIMG\Documents\GitHub\Stoned-Ape-Runner\Stoned Ape Runner\Library\PackageCache\com.unity.visualscripting@1.8.0\Editor\VisualScripting.Core\Dependencies\DotNetZip\Unity.VisualScripting.IonicZip.dll
- Loaded All Assemblies, in  1.007 seconds
Refreshing native plugins compatible for Editor in 7.30 ms, found 6 plugins.
Native extension for WindowsStandalone target not found
Mono: successfully reloaded assembly
- Finished resetting the current domain, in  2.084 seconds
Domain Reload Profiling: 3085ms
	BeginReloadAssembly (201ms)
		ExecutionOrderSort (0ms)
		DisableScriptedObjects (7ms)
		BackupInstance (0ms)
		ReleaseScriptingObjects (0ms)
		CreateAndSetChildDomain (63ms)
	RebuildCommonClasses (44ms)
	RebuildNativeTypeToScriptingClass (16ms)
	initialDomainReloadingComplete (39ms)
	LoadAllAssembliesAndSetupDomain (702ms)
		LoadAssemblies (320ms)
		RebuildTransferFunctionScriptingTraits (0ms)
		AnalyzeDomain (456ms)
			TypeCache.Refresh (437ms)
				TypeCache.ScanAssembly (420ms)
			ScanForSourceGeneratedMonoScriptInfo (0ms)
			ResolveRequiredComponents (19ms)
	FinalizeReload (2084ms)
		ReleaseScriptCaches (0ms)
		RebuildScriptCaches (0ms)
		SetupLoadedEditorAssemblies (899ms)
			LogAssemblyErrors (0ms)
			InitializePlatformSupportModulesInManaged (11ms)
			SetLoadedEditorAssemblies (5ms)
			RefreshPlugins (0ms)
			BeforeProcessingInitializeOnLoad (119ms)
			ProcessInitializeOnLoadAttributes (716ms)
			ProcessInitializeOnLoadMethodAttributes (37ms)
			AfterProcessingInitializeOnLoad (12ms)
			EditorAssembliesLoaded (0ms)
		ExecutionOrderSort2 (0ms)
		AwakeInstancesAfterBackupRestoration (23ms)
Refreshing native plugins compatible for Editor in 8.48 ms, found 6 plugins.
Preloading 0 native plugins for Editor in 0.00 ms.
Unloading 7355 Unused Serialized files (Serialized files now loaded: 0)
Unloading 188 unused Assets / (13.1 MB). Loaded Objects now: 8762.
Memory consumption went from 286.5 MB to 273.4 MB.
Total: 7.767400 ms (FindLiveObjects: 0.664800 ms CreateObjectMapping: 0.409900 ms MarkObjects: 3.556500 ms  DeleteObjects: 3.135300 ms)

Prepare: number of updated asset objects reloaded= 0
AssetImportParameters requested are different than current active one (requested -> active):
  custom:container-demuxer-ogg: 62fdf1f143b41e24485cea50d1cbac27 -> 
  custom:framework-win-MediaFoundation: 216162199b28c13a410421893ffa2e32 -> 
  custom:container-muxer-webm: aa71ff27fc2769a1b78a27578f13a17b -> 
  custom:video-decoder-webm-vp8: 9c59270c3fd7afecdb556c50c9e8de78 -> 
  custom:SearchIndexIgnoredProperties: e643bd26f0fe6173181afceb89e7c659 -> 
  custom:AudioImporter_EditorPlatform: d09bf68614088b80899f8185d706f6e7 -> 
  custom:audio-decoder-ogg-vorbis: bf7c407c2cedff20999df2af8eb42d56 -> 
  custom:audio-encoder-webm-vorbis: bf7c407c2cedff20999df2af8eb42d56 -> 
  custom:video-codec-MediaFoundation-h265: 746d11721c4dcdbdad8f713fa42b33f4 -> 
  custom:video-decoder-ogg-theora: a1e56fd34408186e4bbccfd4996cb3dc -> 
  custom:CustomObjectIndexerAttribute: a3ef5dd2817f97addfee359851a9dba5 -> 
  custom:container-demuxer-webm: 4f35f7cbe854078d1ac9338744f61a02 -> 
  custom:video-encoder-webm-vp8: eb34c28f22e8b96e1ab97ce403110664 -> 
========================================================================
Received Import Request.
  Time since last request: 73.386943 seconds.
  path: Assets/Audio
  artifactKey: Guid(ea6efc65685be474ebcbd415cd326bfb) Importer(815301076,1909f56bfc062723c751e8b465ee728b)
Start importing Assets/Audio using Guid(ea6efc65685be474ebcbd415cd326bfb) Importer(815301076,1909f56bfc062723c751e8b465ee728b)  -> (artifact id: 'd7d62325d380296a4298a3592fa5056c') in 0.002161 seconds
Number of updated asset objects reloaded before import = 0
Number of asset objects unloaded after import = 0
========================================================================
Received Import Request.
  Time since last request: 13.828465 seconds.
  path: Assets/Audio/Other Audio
  artifactKey: Guid(6faa887182f5c9b4d810067dff4e974f) Importer(815301076,1909f56bfc062723c751e8b465ee728b)
Start importing Assets/Audio/Other Audio using Guid(6faa887182f5c9b4d810067dff4e974f) Importer(815301076,1909f56bfc062723c751e8b465ee728b)  -> (artifact id: 'c3598308bccb2f38a1bb67363a1cb628') in 0.000636 seconds
Number of updated asset objects reloaded before import = 0
Number of asset objects unloaded after import = 0
========================================================================
Received Import Request.
  Time since last request: 22.100102 seconds.
  path: Assets/Audio/Level 1 Music
  artifactKey: Guid(284498430b3a8c049b5281515b7a1ce4) Importer(815301076,1909f56bfc062723c751e8b465ee728b)
Start importing Assets/Audio/Level 1 Music using Guid(284498430b3a8c049b5281515b7a1ce4) Importer(815301076,1909f56bfc062723c751e8b465ee728b)  -> (artifact id: '9d9acba00b9a0dc1ecab7b4c952a2030') in 0.001107 seconds
Number of updated asset objects reloaded before import = 0
Number of asset objects unloaded after import = 0
========================================================================
Received Prepare
Begin MonoManager ReloadAssembly
Symbol file LoadedFromMemory doesn't match image C:\Users\PIMG\Documents\GitHub\Stoned-Ape-Runner\Stoned Ape Runner\Library\PackageCache\com.unity.visualscripting@1.8.0\Editor\VisualScripting.Core\Dependencies\YamlDotNet\Unity.VisualScripting.YamlDotNet.dll
Symbol file LoadedFromMemory doesn't match image C:\Users\PIMG\Documents\GitHub\Stoned-Ape-Runner\Stoned Ape Runner\Library\PackageCache\com.unity.visualscripting@1.8.0\Editor\VisualScripting.Core\Dependencies\DotNetZip\Unity.VisualScripting.IonicZip.dll
- Loaded All Assemblies, in  1.070 seconds
Refreshing native plugins compatible for Editor in 6.45 ms, found 6 plugins.
Native extension for WindowsStandalone target not found
Mono: successfully reloaded assembly
- Finished resetting the current domain, in  2.439 seconds
Domain Reload Profiling: 3504ms
	BeginReloadAssembly (195ms)
		ExecutionOrderSort (0ms)
		DisableScriptedObjects (7ms)
		BackupInstance (0ms)
		ReleaseScriptingObjects (0ms)
		CreateAndSetChildDomain (59ms)
	RebuildCommonClasses (44ms)
	RebuildNativeTypeToScriptingClass (16ms)
	initialDomainReloadingComplete (41ms)
	LoadAllAssembliesAndSetupDomain (769ms)
		LoadAssemblies (346ms)
		RebuildTransferFunctionScriptingTraits (0ms)
		AnalyzeDomain (494ms)
			TypeCache.Refresh (471ms)
				TypeCache.ScanAssembly (452ms)
			ScanForSourceGeneratedMonoScriptInfo (0ms)
			ResolveRequiredComponents (23ms)
	FinalizeReload (2439ms)
		ReleaseScriptCaches (0ms)
		RebuildScriptCaches (0ms)
		SetupLoadedEditorAssemblies (1100ms)
			LogAssemblyErrors (0ms)
			InitializePlatformSupportModulesInManaged (12ms)
			SetLoadedEditorAssemblies (6ms)
			RefreshPlugins (0ms)
			BeforeProcessingInitializeOnLoad (147ms)
			ProcessInitializeOnLoadAttributes (875ms)
			ProcessInitializeOnLoadMethodAttributes (43ms)
			AfterProcessingInitializeOnLoad (16ms)
			EditorAssembliesLoaded (0ms)
		ExecutionOrderSort2 (0ms)
		AwakeInstancesAfterBackupRestoration (25ms)
Refreshing native plugins compatible for Editor in 12.22 ms, found 6 plugins.
Preloading 0 native plugins for Editor in 0.00 ms.
Unloading 7355 Unused Serialized files (Serialized files now loaded: 0)
Unloading 188 unused Assets / (13.1 MB). Loaded Objects now: 8778.
Memory consumption went from 286.6 MB to 273.4 MB.
Total: 9.555300 ms (FindLiveObjects: 0.981600 ms CreateObjectMapping: 0.758600 ms MarkObjects: 5.201600 ms  DeleteObjects: 2.612200 ms)

Prepare: number of updated asset objects reloaded= 0
AssetImportParameters requested are different than current active one (requested -> active):
  custom:container-demuxer-ogg: 62fdf1f143b41e24485cea50d1cbac27 -> 
  custom:framework-win-MediaFoundation: 216162199b28c13a410421893ffa2e32 -> 
  custom:container-muxer-webm: aa71ff27fc2769a1b78a27578f13a17b -> 
  custom:video-decoder-webm-vp8: 9c59270c3fd7afecdb556c50c9e8de78 -> 
  custom:SearchIndexIgnoredProperties: e643bd26f0fe6173181afceb89e7c659 -> 
  custom:AudioImporter_EditorPlatform: d09bf68614088b80899f8185d706f6e7 -> 
  custom:audio-decoder-ogg-vorbis: bf7c407c2cedff20999df2af8eb42d56 -> 
  custom:audio-encoder-webm-vorbis: bf7c407c2cedff20999df2af8eb42d56 -> 
  custom:video-codec-MediaFoundation-h265: 746d11721c4dcdbdad8f713fa42b33f4 -> 
  custom:video-decoder-ogg-theora: a1e56fd34408186e4bbccfd4996cb3dc -> 
  custom:CustomObjectIndexerAttribute: a3ef5dd2817f97addfee359851a9dba5 -> 
  custom:container-demuxer-webm: 4f35f7cbe854078d1ac9338744f61a02 -> 
  custom:video-encoder-webm-vp8: eb34c28f22e8b96e1ab97ce403110664 -> 
========================================================================
Received Prepare
Begin MonoManager ReloadAssembly
Symbol file LoadedFromMemory doesn't match image C:\Users\PIMG\Documents\GitHub\Stoned-Ape-Runner\Stoned Ape Runner\Library\PackageCache\com.unity.visualscripting@1.8.0\Editor\VisualScripting.Core\Dependencies\YamlDotNet\Unity.VisualScripting.YamlDotNet.dll
Symbol file LoadedFromMemory doesn't match image C:\Users\PIMG\Documents\GitHub\Stoned-Ape-Runner\Stoned Ape Runner\Library\PackageCache\com.unity.visualscripting@1.8.0\Editor\VisualScripting.Core\Dependencies\DotNetZip\Unity.VisualScripting.IonicZip.dll
- Loaded All Assemblies, in  0.983 seconds
Refreshing native plugins compatible for Editor in 40.85 ms, found 6 plugins.
Native extension for WindowsStandalone target not found
Mono: successfully reloaded assembly
- Finished resetting the current domain, in  2.097 seconds
Domain Reload Profiling: 3075ms
	BeginReloadAssembly (201ms)
		ExecutionOrderSort (0ms)
		DisableScriptedObjects (6ms)
		BackupInstance (0ms)
		ReleaseScriptingObjects (0ms)
		CreateAndSetChildDomain (60ms)
	RebuildCommonClasses (44ms)
	RebuildNativeTypeToScriptingClass (14ms)
	initialDomainReloadingComplete (41ms)
	LoadAllAssembliesAndSetupDomain (677ms)
		LoadAssemblies (334ms)
		RebuildTransferFunctionScriptingTraits (0ms)
		AnalyzeDomain (423ms)
			TypeCache.Refresh (408ms)
				TypeCache.ScanAssembly (389ms)
			ScanForSourceGeneratedMonoScriptInfo (0ms)
			ResolveRequiredComponents (16ms)
	FinalizeReload (2097ms)
		ReleaseScriptCaches (0ms)
		RebuildScriptCaches (0ms)
		SetupLoadedEditorAssemblies (896ms)
			LogAssemblyErrors (0ms)
			InitializePlatformSupportModulesInManaged (8ms)
			SetLoadedEditorAssemblies (3ms)
			RefreshPlugins (0ms)
			BeforeProcessingInitializeOnLoad (134ms)
			ProcessInitializeOnLoadAttributes (704ms)
			ProcessInitializeOnLoadMethodAttributes (36ms)
			AfterProcessingInitializeOnLoad (10ms)
			EditorAssembliesLoaded (0ms)
		ExecutionOrderSort2 (0ms)
		AwakeInstancesAfterBackupRestoration (20ms)
Refreshing native plugins compatible for Editor in 8.84 ms, found 6 plugins.
Preloading 0 native plugins for Editor in 0.00 ms.
Unloading 7355 Unused Serialized files (Serialized files now loaded: 0)
Unloading 188 unused Assets / (13.1 MB). Loaded Objects now: 8794.
Memory consumption went from 286.6 MB to 273.5 MB.
Total: 11.196000 ms (FindLiveObjects: 0.743500 ms CreateObjectMapping: 0.860200 ms MarkObjects: 5.929600 ms  DeleteObjects: 3.661500 ms)

Prepare: number of updated asset objects reloaded= 0
AssetImportParameters requested are different than current active one (requested -> active):
  custom:container-demuxer-ogg: 62fdf1f143b41e24485cea50d1cbac27 -> 
  custom:framework-win-MediaFoundation: 216162199b28c13a410421893ffa2e32 -> 
  custom:container-muxer-webm: aa71ff27fc2769a1b78a27578f13a17b -> 
  custom:video-decoder-webm-vp8: 9c59270c3fd7afecdb556c50c9e8de78 -> 
  custom:SearchIndexIgnoredProperties: e643bd26f0fe6173181afceb89e7c659 -> 
  custom:AudioImporter_EditorPlatform: d09bf68614088b80899f8185d706f6e7 -> 
  custom:audio-decoder-ogg-vorbis: bf7c407c2cedff20999df2af8eb42d56 -> 
  custom:audio-encoder-webm-vorbis: bf7c407c2cedff20999df2af8eb42d56 -> 
  custom:video-codec-MediaFoundation-h265: 746d11721c4dcdbdad8f713fa42b33f4 -> 
  custom:video-decoder-ogg-theora: a1e56fd34408186e4bbccfd4996cb3dc -> 
  custom:CustomObjectIndexerAttribute: a3ef5dd2817f97addfee359851a9dba5 -> 
  custom:container-demuxer-webm: 4f35f7cbe854078d1ac9338744f61a02 -> 
  custom:video-encoder-webm-vp8: eb34c28f22e8b96e1ab97ce403110664 -> 
========================================================================
Received Prepare
Begin MonoManager ReloadAssembly
Symbol file LoadedFromMemory doesn't match image C:\Users\PIMG\Documents\GitHub\Stoned-Ape-Runner\Stoned Ape Runner\Library\PackageCache\com.unity.visualscripting@1.8.0\Editor\VisualScripting.Core\Dependencies\YamlDotNet\Unity.VisualScripting.YamlDotNet.dll
Symbol file LoadedFromMemory doesn't match image C:\Users\PIMG\Documents\GitHub\Stoned-Ape-Runner\Stoned Ape Runner\Library\PackageCache\com.unity.visualscripting@1.8.0\Editor\VisualScripting.Core\Dependencies\DotNetZip\Unity.VisualScripting.IonicZip.dll
- Loaded All Assemblies, in  0.944 seconds
Refreshing native plugins compatible for Editor in 5.97 ms, found 6 plugins.
Native extension for WindowsStandalone target not found
Mono: successfully reloaded assembly
- Finished resetting the current domain, in  2.002 seconds
Domain Reload Profiling: 2940ms
	BeginReloadAssembly (203ms)
		ExecutionOrderSort (0ms)
		DisableScriptedObjects (5ms)
		BackupInstance (0ms)
		ReleaseScriptingObjects (0ms)
		CreateAndSetChildDomain (60ms)
	RebuildCommonClasses (37ms)
	RebuildNativeTypeToScriptingClass (18ms)
	initialDomainReloadingComplete (35ms)
	LoadAllAssembliesAndSetupDomain (644ms)
		LoadAssemblies (330ms)
		RebuildTransferFunctionScriptingTraits (0ms)
		AnalyzeDomain (390ms)
			TypeCache.Refresh (375ms)
				TypeCache.ScanAssembly (359ms)
			ScanForSourceGeneratedMonoScriptInfo (0ms)
			ResolveRequiredComponents (15ms)
	FinalizeReload (2002ms)
		ReleaseScriptCaches (0ms)
		RebuildScriptCaches (0ms)
		SetupLoadedEditorAssemblies (879ms)
			LogAssemblyErrors (0ms)
			InitializePlatformSupportModulesInManaged (7ms)
			SetLoadedEditorAssemblies (3ms)
			RefreshPlugins (0ms)
			BeforeProcessingInitializeOnLoad (113ms)
			ProcessInitializeOnLoadAttributes (705ms)
			ProcessInitializeOnLoadMethodAttributes (39ms)
			AfterProcessingInitializeOnLoad (11ms)
			EditorAssembliesLoaded (0ms)
		ExecutionOrderSort2 (0ms)
		AwakeInstancesAfterBackupRestoration (19ms)
Refreshing native plugins compatible for Editor in 7.38 ms, found 6 plugins.
Preloading 0 native plugins for Editor in 0.00 ms.
Unloading 7355 Unused Serialized files (Serialized files now loaded: 0)
Unloading 188 unused Assets / (13.1 MB). Loaded Objects now: 8810.
Memory consumption went from 286.6 MB to 273.5 MB.
Total: 7.609700 ms (FindLiveObjects: 0.719900 ms CreateObjectMapping: 0.449600 ms MarkObjects: 3.774600 ms  DeleteObjects: 2.664400 ms)

Prepare: number of updated asset objects reloaded= 0
AssetImportParameters requested are different than current active one (requested -> active):
  custom:container-demuxer-ogg: 62fdf1f143b41e24485cea50d1cbac27 -> 
  custom:framework-win-MediaFoundation: 216162199b28c13a410421893ffa2e32 -> 
  custom:container-muxer-webm: aa71ff27fc2769a1b78a27578f13a17b -> 
  custom:video-decoder-webm-vp8: 9c59270c3fd7afecdb556c50c9e8de78 -> 
  custom:SearchIndexIgnoredProperties: e643bd26f0fe6173181afceb89e7c659 -> 
  custom:AudioImporter_EditorPlatform: d09bf68614088b80899f8185d706f6e7 -> 
  custom:audio-decoder-ogg-vorbis: bf7c407c2cedff20999df2af8eb42d56 -> 
  custom:audio-encoder-webm-vorbis: bf7c407c2cedff20999df2af8eb42d56 -> 
  custom:video-codec-MediaFoundation-h265: 746d11721c4dcdbdad8f713fa42b33f4 -> 
  custom:video-decoder-ogg-theora: a1e56fd34408186e4bbccfd4996cb3dc -> 
  custom:CustomObjectIndexerAttribute: a3ef5dd2817f97addfee359851a9dba5 -> 
  custom:container-demuxer-webm: 4f35f7cbe854078d1ac9338744f61a02 -> 
  custom:video-encoder-webm-vp8: eb34c28f22e8b96e1ab97ce403110664 -> 
========================================================================
Received Prepare
Begin MonoManager ReloadAssembly
Symbol file LoadedFromMemory doesn't match image C:\Users\PIMG\Documents\GitHub\Stoned-Ape-Runner\Stoned Ape Runner\Library\PackageCache\com.unity.visualscripting@1.8.0\Editor\VisualScripting.Core\Dependencies\YamlDotNet\Unity.VisualScripting.YamlDotNet.dll
Symbol file LoadedFromMemory doesn't match image C:\Users\PIMG\Documents\GitHub\Stoned-Ape-Runner\Stoned Ape Runner\Library\PackageCache\com.unity.visualscripting@1.8.0\Editor\VisualScripting.Core\Dependencies\DotNetZip\Unity.VisualScripting.IonicZip.dll
- Loaded All Assemblies, in  0.980 seconds
Refreshing native plugins compatible for Editor in 5.77 ms, found 6 plugins.
Native extension for WindowsStandalone target not found
Mono: successfully reloaded assembly
- Finished resetting the current domain, in  2.133 seconds
Domain Reload Profiling: 3109ms
	BeginReloadAssembly (191ms)
		ExecutionOrderSort (0ms)
		DisableScriptedObjects (5ms)
		BackupInstance (0ms)
		ReleaseScriptingObjects (0ms)
		CreateAndSetChildDomain (60ms)
	RebuildCommonClasses (43ms)
	RebuildNativeTypeToScriptingClass (15ms)
	initialDomainReloadingComplete (39ms)
	LoadAllAssembliesAndSetupDomain (688ms)
		LoadAssemblies (331ms)
		RebuildTransferFunctionScriptingTraits (0ms)
		AnalyzeDomain (430ms)
			TypeCache.Refresh (414ms)
				TypeCache.ScanAssembly (400ms)
			ScanForSourceGeneratedMonoScriptInfo (0ms)
			ResolveRequiredComponents (16ms)
	FinalizeReload (2134ms)
		ReleaseScriptCaches (0ms)
		RebuildScriptCaches (0ms)
		SetupLoadedEditorAssemblies (922ms)
			LogAssemblyErrors (0ms)
			InitializePlatformSupportModulesInManaged (8ms)
			SetLoadedEditorAssemblies (5ms)
			RefreshPlugins (0ms)
			BeforeProcessingInitializeOnLoad (130ms)
			ProcessInitializeOnLoadAttributes (728ms)
			ProcessInitializeOnLoadMethodAttributes (38ms)
			AfterProcessingInitializeOnLoad (13ms)
			EditorAssembliesLoaded (0ms)
		ExecutionOrderSort2 (0ms)
		AwakeInstancesAfterBackupRestoration (22ms)
Refreshing native plugins compatible for Editor in 8.88 ms, found 6 plugins.
Preloading 0 native plugins for Editor in 0.00 ms.
Unloading 7355 Unused Serialized files (Serialized files now loaded: 0)
Unloading 188 unused Assets / (13.1 MB). Loaded Objects now: 8826.
Memory consumption went from 286.6 MB to 273.5 MB.
Total: 10.030800 ms (FindLiveObjects: 0.713500 ms CreateObjectMapping: 0.786600 ms MarkObjects: 5.158700 ms  DeleteObjects: 3.371000 ms)

Prepare: number of updated asset objects reloaded= 0
AssetImportParameters requested are different than current active one (requested -> active):
  custom:container-demuxer-ogg: 62fdf1f143b41e24485cea50d1cbac27 -> 
  custom:framework-win-MediaFoundation: 216162199b28c13a410421893ffa2e32 -> 
  custom:container-muxer-webm: aa71ff27fc2769a1b78a27578f13a17b -> 
  custom:video-decoder-webm-vp8: 9c59270c3fd7afecdb556c50c9e8de78 -> 
  custom:SearchIndexIgnoredProperties: e643bd26f0fe6173181afceb89e7c659 -> 
  custom:AudioImporter_EditorPlatform: d09bf68614088b80899f8185d706f6e7 -> 
  custom:audio-decoder-ogg-vorbis: bf7c407c2cedff20999df2af8eb42d56 -> 
  custom:audio-encoder-webm-vorbis: bf7c407c2cedff20999df2af8eb42d56 -> 
  custom:video-codec-MediaFoundation-h265: 746d11721c4dcdbdad8f713fa42b33f4 -> 
  custom:video-decoder-ogg-theora: a1e56fd34408186e4bbccfd4996cb3dc -> 
  custom:CustomObjectIndexerAttribute: a3ef5dd2817f97addfee359851a9dba5 -> 
  custom:container-demuxer-webm: 4f35f7cbe854078d1ac9338744f61a02 -> 
  custom:video-encoder-webm-vp8: eb34c28f22e8b96e1ab97ce403110664 -> 
========================================================================
Received Prepare
Begin MonoManager ReloadAssembly
Symbol file LoadedFromMemory doesn't match image C:\Users\PIMG\Documents\GitHub\Stoned-Ape-Runner\Stoned Ape Runner\Library\PackageCache\com.unity.visualscripting@1.8.0\Editor\VisualScripting.Core\Dependencies\YamlDotNet\Unity.VisualScripting.YamlDotNet.dll
Symbol file LoadedFromMemory doesn't match image C:\Users\PIMG\Documents\GitHub\Stoned-Ape-Runner\Stoned Ape Runner\Library\PackageCache\com.unity.visualscripting@1.8.0\Editor\VisualScripting.Core\Dependencies\DotNetZip\Unity.VisualScripting.IonicZip.dll
- Loaded All Assemblies, in  0.975 seconds
Refreshing native plugins compatible for Editor in 8.53 ms, found 6 plugins.
Native extension for WindowsStandalone target not found
Mono: successfully reloaded assembly
- Finished resetting the current domain, in  1.987 seconds
Domain Reload Profiling: 2957ms
	BeginReloadAssembly (195ms)
		ExecutionOrderSort (0ms)
		DisableScriptedObjects (6ms)
		BackupInstance (0ms)
		ReleaseScriptingObjects (0ms)
		CreateAndSetChildDomain (63ms)
	RebuildCommonClasses (35ms)
	RebuildNativeTypeToScriptingClass (14ms)
	initialDomainReloadingComplete (35ms)
	LoadAllAssembliesAndSetupDomain (691ms)
		LoadAssemblies (342ms)
		RebuildTransferFunctionScriptingTraits (0ms)
		AnalyzeDomain (418ms)
			TypeCache.Refresh (401ms)
				TypeCache.ScanAssembly (385ms)
			ScanForSourceGeneratedMonoScriptInfo (0ms)
			ResolveRequiredComponents (17ms)
	FinalizeReload (1988ms)
		ReleaseScriptCaches (0ms)
		RebuildScriptCaches (0ms)
		SetupLoadedEditorAssemblies (881ms)
			LogAssemblyErrors (0ms)
			InitializePlatformSupportModulesInManaged (9ms)
			SetLoadedEditorAssemblies (5ms)
			RefreshPlugins (0ms)
			BeforeProcessingInitializeOnLoad (119ms)
			ProcessInitializeOnLoadAttributes (703ms)
			ProcessInitializeOnLoadMethodAttributes (34ms)
			AfterProcessingInitializeOnLoad (12ms)
			EditorAssembliesLoaded (0ms)
		ExecutionOrderSort2 (0ms)
		AwakeInstancesAfterBackupRestoration (21ms)
Refreshing native plugins compatible for Editor in 8.01 ms, found 6 plugins.
Preloading 0 native plugins for Editor in 0.00 ms.
Unloading 7355 Unused Serialized files (Serialized files now loaded: 0)
Unloading 188 unused Assets / (13.1 MB). Loaded Objects now: 8842.
Memory consumption went from 286.6 MB to 273.5 MB.
Total: 9.055600 ms (FindLiveObjects: 0.679900 ms CreateObjectMapping: 0.651600 ms MarkObjects: 4.579100 ms  DeleteObjects: 3.143700 ms)

Prepare: number of updated asset objects reloaded= 0
AssetImportParameters requested are different than current active one (requested -> active):
  custom:container-demuxer-ogg: 62fdf1f143b41e24485cea50d1cbac27 -> 
  custom:framework-win-MediaFoundation: 216162199b28c13a410421893ffa2e32 -> 
  custom:container-muxer-webm: aa71ff27fc2769a1b78a27578f13a17b -> 
  custom:video-decoder-webm-vp8: 9c59270c3fd7afecdb556c50c9e8de78 -> 
  custom:SearchIndexIgnoredProperties: e643bd26f0fe6173181afceb89e7c659 -> 
  custom:AudioImporter_EditorPlatform: d09bf68614088b80899f8185d706f6e7 -> 
  custom:audio-decoder-ogg-vorbis: bf7c407c2cedff20999df2af8eb42d56 -> 
  custom:audio-encoder-webm-vorbis: bf7c407c2cedff20999df2af8eb42d56 -> 
  custom:video-codec-MediaFoundation-h265: 746d11721c4dcdbdad8f713fa42b33f4 -> 
  custom:video-decoder-ogg-theora: a1e56fd34408186e4bbccfd4996cb3dc -> 
  custom:CustomObjectIndexerAttribute: a3ef5dd2817f97addfee359851a9dba5 -> 
  custom:container-demuxer-webm: 4f35f7cbe854078d1ac9338744f61a02 -> 
  custom:video-encoder-webm-vp8: eb34c28f22e8b96e1ab97ce403110664 -> 
========================================================================
Received Prepare
Begin MonoManager ReloadAssembly
Symbol file LoadedFromMemory doesn't match image C:\Users\PIMG\Documents\GitHub\Stoned-Ape-Runner\Stoned Ape Runner\Library\PackageCache\com.unity.visualscripting@1.8.0\Editor\VisualScripting.Core\Dependencies\YamlDotNet\Unity.VisualScripting.YamlDotNet.dll
Symbol file LoadedFromMemory doesn't match image C:\Users\PIMG\Documents\GitHub\Stoned-Ape-Runner\Stoned Ape Runner\Library\PackageCache\com.unity.visualscripting@1.8.0\Editor\VisualScripting.Core\Dependencies\DotNetZip\Unity.VisualScripting.IonicZip.dll
- Loaded All Assemblies, in  0.966 seconds
Refreshing native plugins compatible for Editor in 7.47 ms, found 6 plugins.
Native extension for WindowsStandalone target not found
Mono: successfully reloaded assembly
- Finished resetting the current domain, in  1.979 seconds
Domain Reload Profiling: 2941ms
	BeginReloadAssembly (189ms)
		ExecutionOrderSort (0ms)
		DisableScriptedObjects (7ms)
		BackupInstance (0ms)
		ReleaseScriptingObjects (0ms)
		CreateAndSetChildDomain (56ms)
	RebuildCommonClasses (48ms)
	RebuildNativeTypeToScriptingClass (17ms)
	initialDomainReloadingComplete (35ms)
	LoadAllAssembliesAndSetupDomain (672ms)
		LoadAssemblies (321ms)
		RebuildTransferFunctionScriptingTraits (0ms)
		AnalyzeDomain (417ms)
			TypeCache.Refresh (401ms)
				TypeCache.ScanAssembly (383ms)
			ScanForSourceGeneratedMonoScriptInfo (0ms)
			ResolveRequiredComponents (16ms)
	FinalizeReload (1980ms)
		ReleaseScriptCaches (0ms)
		RebuildScriptCaches (0ms)
		SetupLoadedEditorAssemblies (863ms)
			LogAssemblyErrors (0ms)
			InitializePlatformSupportModulesInManaged (9ms)
			SetLoadedEditorAssemblies (6ms)
			RefreshPlugins (0ms)
			BeforeProcessingInitializeOnLoad (114ms)
			ProcessInitializeOnLoadAttributes (685ms)
			ProcessInitializeOnLoadMethodAttributes (38ms)
			AfterProcessingInitializeOnLoad (11ms)
			EditorAssembliesLoaded (0ms)
		ExecutionOrderSort2 (0ms)
		AwakeInstancesAfterBackupRestoration (20ms)
Refreshing native plugins compatible for Editor in 9.60 ms, found 6 plugins.
Preloading 0 native plugins for Editor in 0.00 ms.
Unloading 7355 Unused Serialized files (Serialized files now loaded: 0)
Unloading 188 unused Assets / (13.1 MB). Loaded Objects now: 8858.
Memory consumption went from 286.6 MB to 273.5 MB.
Total: 8.128500 ms (FindLiveObjects: 0.672500 ms CreateObjectMapping: 0.378200 ms MarkObjects: 4.157000 ms  DeleteObjects: 2.919500 ms)

Prepare: number of updated asset objects reloaded= 0
AssetImportParameters requested are different than current active one (requested -> active):
  custom:container-demuxer-ogg: 62fdf1f143b41e24485cea50d1cbac27 -> 
  custom:framework-win-MediaFoundation: 216162199b28c13a410421893ffa2e32 -> 
  custom:container-muxer-webm: aa71ff27fc2769a1b78a27578f13a17b -> 
  custom:video-decoder-webm-vp8: 9c59270c3fd7afecdb556c50c9e8de78 -> 
  custom:SearchIndexIgnoredProperties: e643bd26f0fe6173181afceb89e7c659 -> 
  custom:AudioImporter_EditorPlatform: d09bf68614088b80899f8185d706f6e7 -> 
  custom:audio-decoder-ogg-vorbis: bf7c407c2cedff20999df2af8eb42d56 -> 
  custom:audio-encoder-webm-vorbis: bf7c407c2cedff20999df2af8eb42d56 -> 
  custom:video-codec-MediaFoundation-h265: 746d11721c4dcdbdad8f713fa42b33f4 -> 
  custom:video-decoder-ogg-theora: a1e56fd34408186e4bbccfd4996cb3dc -> 
  custom:CustomObjectIndexerAttribute: a3ef5dd2817f97addfee359851a9dba5 -> 
  custom:container-demuxer-webm: 4f35f7cbe854078d1ac9338744f61a02 -> 
  custom:video-encoder-webm-vp8: eb34c28f22e8b96e1ab97ce403110664 -> 
========================================================================
Received Prepare
Begin MonoManager ReloadAssembly
Symbol file LoadedFromMemory doesn't match image C:\Users\PIMG\Documents\GitHub\Stoned-Ape-Runner\Stoned Ape Runner\Library\PackageCache\com.unity.visualscripting@1.8.0\Editor\VisualScripting.Core\Dependencies\YamlDotNet\Unity.VisualScripting.YamlDotNet.dll
Symbol file LoadedFromMemory doesn't match image C:\Users\PIMG\Documents\GitHub\Stoned-Ape-Runner\Stoned Ape Runner\Library\PackageCache\com.unity.visualscripting@1.8.0\Editor\VisualScripting.Core\Dependencies\DotNetZip\Unity.VisualScripting.IonicZip.dll
- Loaded All Assemblies, in  1.004 seconds
Refreshing native plugins compatible for Editor in 5.27 ms, found 6 plugins.
Native extension for WindowsStandalone target not found
Mono: successfully reloaded assembly
- Finished resetting the current domain, in  1.896 seconds
Domain Reload Profiling: 2893ms
	BeginReloadAssembly (183ms)
		ExecutionOrderSort (0ms)
		DisableScriptedObjects (6ms)
		BackupInstance (0ms)
		ReleaseScriptingObjects (0ms)
		CreateAndSetChildDomain (60ms)
	RebuildCommonClasses (40ms)
	RebuildNativeTypeToScriptingClass (12ms)
	initialDomainReloadingComplete (40ms)
	LoadAllAssembliesAndSetupDomain (722ms)
		LoadAssemblies (311ms)
		RebuildTransferFunctionScriptingTraits (0ms)
		AnalyzeDomain (475ms)
			TypeCache.Refresh (458ms)
				TypeCache.ScanAssembly (443ms)
			ScanForSourceGeneratedMonoScriptInfo (0ms)
			ResolveRequiredComponents (17ms)
	FinalizeReload (1896ms)
		ReleaseScriptCaches (0ms)
		RebuildScriptCaches (0ms)
		SetupLoadedEditorAssemblies (793ms)
			LogAssemblyErrors (0ms)
			InitializePlatformSupportModulesInManaged (7ms)
			SetLoadedEditorAssemblies (4ms)
			RefreshPlugins (0ms)
			BeforeProcessingInitializeOnLoad (107ms)
			ProcessInitializeOnLoadAttributes (632ms)
			ProcessInitializeOnLoadMethodAttributes (33ms)
			AfterProcessingInitializeOnLoad (10ms)
			EditorAssembliesLoaded (0ms)
		ExecutionOrderSort2 (0ms)
		AwakeInstancesAfterBackupRestoration (18ms)
Refreshing native plugins compatible for Editor in 6.67 ms, found 6 plugins.
Preloading 0 native plugins for Editor in 0.00 ms.
Unloading 7355 Unused Serialized files (Serialized files now loaded: 0)
Unloading 188 unused Assets / (13.1 MB). Loaded Objects now: 8874.
Memory consumption went from 286.6 MB to 273.5 MB.
Total: 9.372000 ms (FindLiveObjects: 0.722200 ms CreateObjectMapping: 0.933000 ms MarkObjects: 4.727700 ms  DeleteObjects: 2.987900 ms)

Prepare: number of updated asset objects reloaded= 0
AssetImportParameters requested are different than current active one (requested -> active):
  custom:container-demuxer-ogg: 62fdf1f143b41e24485cea50d1cbac27 -> 
  custom:framework-win-MediaFoundation: 216162199b28c13a410421893ffa2e32 -> 
  custom:container-muxer-webm: aa71ff27fc2769a1b78a27578f13a17b -> 
  custom:video-decoder-webm-vp8: 9c59270c3fd7afecdb556c50c9e8de78 -> 
  custom:SearchIndexIgnoredProperties: e643bd26f0fe6173181afceb89e7c659 -> 
  custom:AudioImporter_EditorPlatform: d09bf68614088b80899f8185d706f6e7 -> 
  custom:audio-decoder-ogg-vorbis: bf7c407c2cedff20999df2af8eb42d56 -> 
  custom:audio-encoder-webm-vorbis: bf7c407c2cedff20999df2af8eb42d56 -> 
  custom:video-codec-MediaFoundation-h265: 746d11721c4dcdbdad8f713fa42b33f4 -> 
  custom:video-decoder-ogg-theora: a1e56fd34408186e4bbccfd4996cb3dc -> 
  custom:CustomObjectIndexerAttribute: a3ef5dd2817f97addfee359851a9dba5 -> 
  custom:container-demuxer-webm: 4f35f7cbe854078d1ac9338744f61a02 -> 
  custom:video-encoder-webm-vp8: eb34c28f22e8b96e1ab97ce403110664 -> 
========================================================================
Received Prepare
Begin MonoManager ReloadAssembly
Symbol file LoadedFromMemory doesn't match image C:\Users\PIMG\Documents\GitHub\Stoned-Ape-Runner\Stoned Ape Runner\Library\PackageCache\com.unity.visualscripting@1.8.0\Editor\VisualScripting.Core\Dependencies\YamlDotNet\Unity.VisualScripting.YamlDotNet.dll
Symbol file LoadedFromMemory doesn't match image C:\Users\PIMG\Documents\GitHub\Stoned-Ape-Runner\Stoned Ape Runner\Library\PackageCache\com.unity.visualscripting@1.8.0\Editor\VisualScripting.Core\Dependencies\DotNetZip\Unity.VisualScripting.IonicZip.dll
- Loaded All Assemblies, in  0.934 seconds
Refreshing native plugins compatible for Editor in 8.59 ms, found 6 plugins.
Native extension for WindowsStandalone target not found
Mono: successfully reloaded assembly
- Finished resetting the current domain, in  1.840 seconds
Domain Reload Profiling: 2770ms
	BeginReloadAssembly (191ms)
		ExecutionOrderSort (0ms)
		DisableScriptedObjects (5ms)
		BackupInstance (0ms)
		ReleaseScriptingObjects (0ms)
		CreateAndSetChildDomain (60ms)
	RebuildCommonClasses (43ms)
	RebuildNativeTypeToScriptingClass (12ms)
	initialDomainReloadingComplete (38ms)
	LoadAllAssembliesAndSetupDomain (645ms)
		LoadAssemblies (319ms)
		RebuildTransferFunctionScriptingTraits (0ms)
		AnalyzeDomain (400ms)
			TypeCache.Refresh (384ms)
				TypeCache.ScanAssembly (367ms)
			ScanForSourceGeneratedMonoScriptInfo (0ms)
			ResolveRequiredComponents (16ms)
	FinalizeReload (1840ms)
		ReleaseScriptCaches (0ms)
		RebuildScriptCaches (0ms)
		SetupLoadedEditorAssemblies (805ms)
			LogAssemblyErrors (0ms)
			InitializePlatformSupportModulesInManaged (8ms)
			SetLoadedEditorAssemblies (4ms)
			RefreshPlugins (0ms)
			BeforeProcessingInitializeOnLoad (107ms)
			ProcessInitializeOnLoadAttributes (645ms)
			ProcessInitializeOnLoadMethodAttributes (31ms)
			AfterProcessingInitializeOnLoad (10ms)
			EditorAssembliesLoaded (0ms)
		ExecutionOrderSort2 (0ms)
		AwakeInstancesAfterBackupRestoration (18ms)
Refreshing native plugins compatible for Editor in 7.06 ms, found 6 plugins.
Preloading 0 native plugins for Editor in 0.00 ms.
Unloading 7355 Unused Serialized files (Serialized files now loaded: 0)
Unloading 188 unused Assets / (13.1 MB). Loaded Objects now: 8890.
Memory consumption went from 286.6 MB to 273.5 MB.
Total: 8.536100 ms (FindLiveObjects: 0.784900 ms CreateObjectMapping: 0.508100 ms MarkObjects: 4.266000 ms  DeleteObjects: 2.976000 ms)

Prepare: number of updated asset objects reloaded= 0
AssetImportParameters requested are different than current active one (requested -> active):
  custom:container-demuxer-ogg: 62fdf1f143b41e24485cea50d1cbac27 -> 
  custom:framework-win-MediaFoundation: 216162199b28c13a410421893ffa2e32 -> 
  custom:container-muxer-webm: aa71ff27fc2769a1b78a27578f13a17b -> 
  custom:video-decoder-webm-vp8: 9c59270c3fd7afecdb556c50c9e8de78 -> 
  custom:SearchIndexIgnoredProperties: e643bd26f0fe6173181afceb89e7c659 -> 
  custom:AudioImporter_EditorPlatform: d09bf68614088b80899f8185d706f6e7 -> 
  custom:audio-decoder-ogg-vorbis: bf7c407c2cedff20999df2af8eb42d56 -> 
  custom:audio-encoder-webm-vorbis: bf7c407c2cedff20999df2af8eb42d56 -> 
  custom:video-codec-MediaFoundation-h265: 746d11721c4dcdbdad8f713fa42b33f4 -> 
  custom:video-decoder-ogg-theora: a1e56fd34408186e4bbccfd4996cb3dc -> 
  custom:CustomObjectIndexerAttribute: a3ef5dd2817f97addfee359851a9dba5 -> 
  custom:container-demuxer-webm: 4f35f7cbe854078d1ac9338744f61a02 -> 
  custom:video-encoder-webm-vp8: eb34c28f22e8b96e1ab97ce403110664 -> 
========================================================================
Received Prepare
Begin MonoManager ReloadAssembly
Symbol file LoadedFromMemory doesn't match image C:\Users\PIMG\Documents\GitHub\Stoned-Ape-Runner\Stoned Ape Runner\Library\PackageCache\com.unity.visualscripting@1.8.0\Editor\VisualScripting.Core\Dependencies\YamlDotNet\Unity.VisualScripting.YamlDotNet.dll
Symbol file LoadedFromMemory doesn't match image C:\Users\PIMG\Documents\GitHub\Stoned-Ape-Runner\Stoned Ape Runner\Library\PackageCache\com.unity.visualscripting@1.8.0\Editor\VisualScripting.Core\Dependencies\DotNetZip\Unity.VisualScripting.IonicZip.dll
- Loaded All Assemblies, in  0.924 seconds
Refreshing native plugins compatible for Editor in 5.19 ms, found 6 plugins.
Native extension for WindowsStandalone target not found
Mono: successfully reloaded assembly
- Finished resetting the current domain, in  1.889 seconds
Domain Reload Profiling: 2809ms
	BeginReloadAssembly (185ms)
		ExecutionOrderSort (0ms)
		DisableScriptedObjects (8ms)
		BackupInstance (0ms)
		ReleaseScriptingObjects (0ms)
		CreateAndSetChildDomain (62ms)
	RebuildCommonClasses (39ms)
	RebuildNativeTypeToScriptingClass (15ms)
	initialDomainReloadingComplete (35ms)
	LoadAllAssembliesAndSetupDomain (645ms)
		LoadAssemblies (316ms)
		RebuildTransferFunctionScriptingTraits (0ms)
		AnalyzeDomain (393ms)
			TypeCache.Refresh (376ms)
				TypeCache.ScanAssembly (360ms)
			ScanForSourceGeneratedMonoScriptInfo (0ms)
			ResolveRequiredComponents (17ms)
	FinalizeReload (1889ms)
		ReleaseScriptCaches (0ms)
		RebuildScriptCaches (0ms)
		SetupLoadedEditorAssemblies (820ms)
			LogAssemblyErrors (0ms)
			InitializePlatformSupportModulesInManaged (10ms)
			SetLoadedEditorAssemblies (5ms)
			RefreshPlugins (0ms)
			BeforeProcessingInitializeOnLoad (109ms)
			ProcessInitializeOnLoadAttributes (653ms)
			ProcessInitializeOnLoadMethodAttributes (33ms)
			AfterProcessingInitializeOnLoad (11ms)
			EditorAssembliesLoaded (0ms)
		ExecutionOrderSort2 (0ms)
		AwakeInstancesAfterBackupRestoration (18ms)
Refreshing native plugins compatible for Editor in 7.74 ms, found 6 plugins.
Preloading 0 native plugins for Editor in 0.00 ms.
Unloading 7355 Unused Serialized files (Serialized files now loaded: 0)
Unloading 188 unused Assets / (13.1 MB). Loaded Objects now: 8906.
Memory consumption went from 286.7 MB to 273.5 MB.
Total: 8.061800 ms (FindLiveObjects: 0.657600 ms CreateObjectMapping: 0.367100 ms MarkObjects: 3.884400 ms  DeleteObjects: 3.151400 ms)

Prepare: number of updated asset objects reloaded= 0
AssetImportParameters requested are different than current active one (requested -> active):
  custom:container-demuxer-ogg: 62fdf1f143b41e24485cea50d1cbac27 -> 
  custom:framework-win-MediaFoundation: 216162199b28c13a410421893ffa2e32 -> 
  custom:container-muxer-webm: aa71ff27fc2769a1b78a27578f13a17b -> 
  custom:video-decoder-webm-vp8: 9c59270c3fd7afecdb556c50c9e8de78 -> 
  custom:SearchIndexIgnoredProperties: e643bd26f0fe6173181afceb89e7c659 -> 
  custom:AudioImporter_EditorPlatform: d09bf68614088b80899f8185d706f6e7 -> 
  custom:audio-decoder-ogg-vorbis: bf7c407c2cedff20999df2af8eb42d56 -> 
  custom:audio-encoder-webm-vorbis: bf7c407c2cedff20999df2af8eb42d56 -> 
  custom:video-codec-MediaFoundation-h265: 746d11721c4dcdbdad8f713fa42b33f4 -> 
  custom:video-decoder-ogg-theora: a1e56fd34408186e4bbccfd4996cb3dc -> 
  custom:CustomObjectIndexerAttribute: a3ef5dd2817f97addfee359851a9dba5 -> 
  custom:container-demuxer-webm: 4f35f7cbe854078d1ac9338744f61a02 -> 
  custom:video-encoder-webm-vp8: eb34c28f22e8b96e1ab97ce403110664 -> 
========================================================================
Received Prepare
Begin MonoManager ReloadAssembly
Symbol file LoadedFromMemory doesn't match image C:\Users\PIMG\Documents\GitHub\Stoned-Ape-Runner\Stoned Ape Runner\Library\PackageCache\com.unity.visualscripting@1.8.0\Editor\VisualScripting.Core\Dependencies\YamlDotNet\Unity.VisualScripting.YamlDotNet.dll
Symbol file LoadedFromMemory doesn't match image C:\Users\PIMG\Documents\GitHub\Stoned-Ape-Runner\Stoned Ape Runner\Library\PackageCache\com.unity.visualscripting@1.8.0\Editor\VisualScripting.Core\Dependencies\DotNetZip\Unity.VisualScripting.IonicZip.dll
- Loaded All Assemblies, in  0.915 seconds
Refreshing native plugins compatible for Editor in 5.48 ms, found 6 plugins.
Native extension for WindowsStandalone target not found
Mono: successfully reloaded assembly
- Finished resetting the current domain, in  1.988 seconds
Domain Reload Profiling: 2898ms
	BeginReloadAssembly (193ms)
		ExecutionOrderSort (0ms)
		DisableScriptedObjects (6ms)
		BackupInstance (0ms)
		ReleaseScriptingObjects (0ms)
		CreateAndSetChildDomain (58ms)
	RebuildCommonClasses (40ms)
	RebuildNativeTypeToScriptingClass (12ms)
	initialDomainReloadingComplete (34ms)
	LoadAllAssembliesAndSetupDomain (632ms)
		LoadAssemblies (309ms)
		RebuildTransferFunctionScriptingTraits (0ms)
		AnalyzeDomain (394ms)
			TypeCache.Refresh (379ms)
				TypeCache.ScanAssembly (364ms)
			ScanForSourceGeneratedMonoScriptInfo (0ms)
			ResolveRequiredComponents (14ms)
	FinalizeReload (1988ms)
		ReleaseScriptCaches (0ms)
		RebuildScriptCaches (0ms)
		SetupLoadedEditorAssemblies (835ms)
			LogAssemblyErrors (0ms)
			InitializePlatformSupportModulesInManaged (8ms)
			SetLoadedEditorAssemblies (4ms)
			RefreshPlugins (0ms)
			BeforeProcessingInitializeOnLoad (108ms)
			ProcessInitializeOnLoadAttributes (662ms)
			ProcessInitializeOnLoadMethodAttributes (43ms)
			AfterProcessingInitializeOnLoad (9ms)
			EditorAssembliesLoaded (0ms)
		ExecutionOrderSort2 (0ms)
		AwakeInstancesAfterBackupRestoration (18ms)
Refreshing native plugins compatible for Editor in 10.26 ms, found 6 plugins.
Preloading 0 native plugins for Editor in 0.00 ms.
Unloading 7355 Unused Serialized files (Serialized files now loaded: 0)
Unloading 188 unused Assets / (13.1 MB). Loaded Objects now: 8922.
Memory consumption went from 286.7 MB to 273.6 MB.
Total: 8.423200 ms (FindLiveObjects: 0.708600 ms CreateObjectMapping: 0.444000 ms MarkObjects: 4.353300 ms  DeleteObjects: 2.916000 ms)

Prepare: number of updated asset objects reloaded= 0
AssetImportParameters requested are different than current active one (requested -> active):
  custom:container-demuxer-ogg: 62fdf1f143b41e24485cea50d1cbac27 -> 
  custom:framework-win-MediaFoundation: 216162199b28c13a410421893ffa2e32 -> 
  custom:container-muxer-webm: aa71ff27fc2769a1b78a27578f13a17b -> 
  custom:video-decoder-webm-vp8: 9c59270c3fd7afecdb556c50c9e8de78 -> 
  custom:SearchIndexIgnoredProperties: e643bd26f0fe6173181afceb89e7c659 -> 
  custom:AudioImporter_EditorPlatform: d09bf68614088b80899f8185d706f6e7 -> 
  custom:audio-decoder-ogg-vorbis: bf7c407c2cedff20999df2af8eb42d56 -> 
  custom:audio-encoder-webm-vorbis: bf7c407c2cedff20999df2af8eb42d56 -> 
  custom:video-codec-MediaFoundation-h265: 746d11721c4dcdbdad8f713fa42b33f4 -> 
  custom:video-decoder-ogg-theora: a1e56fd34408186e4bbccfd4996cb3dc -> 
  custom:CustomObjectIndexerAttribute: a3ef5dd2817f97addfee359851a9dba5 -> 
  custom:container-demuxer-webm: 4f35f7cbe854078d1ac9338744f61a02 -> 
  custom:video-encoder-webm-vp8: eb34c28f22e8b96e1ab97ce403110664 -> 
========================================================================
Received Prepare
Begin MonoManager ReloadAssembly
Symbol file LoadedFromMemory doesn't match image C:\Users\PIMG\Documents\GitHub\Stoned-Ape-Runner\Stoned Ape Runner\Library\PackageCache\com.unity.visualscripting@1.8.0\Editor\VisualScripting.Core\Dependencies\YamlDotNet\Unity.VisualScripting.YamlDotNet.dll
Symbol file LoadedFromMemory doesn't match image C:\Users\PIMG\Documents\GitHub\Stoned-Ape-Runner\Stoned Ape Runner\Library\PackageCache\com.unity.visualscripting@1.8.0\Editor\VisualScripting.Core\Dependencies\DotNetZip\Unity.VisualScripting.IonicZip.dll
- Loaded All Assemblies, in  0.983 seconds
Refreshing native plugins compatible for Editor in 7.10 ms, found 6 plugins.
Native extension for WindowsStandalone target not found
Mono: successfully reloaded assembly
- Finished resetting the current domain, in  1.952 seconds
Domain Reload Profiling: 2931ms
	BeginReloadAssembly (199ms)
		ExecutionOrderSort (0ms)
		DisableScriptedObjects (5ms)
		BackupInstance (0ms)
		ReleaseScriptingObjects (0ms)
		CreateAndSetChildDomain (59ms)
	RebuildCommonClasses (38ms)
	RebuildNativeTypeToScriptingClass (16ms)
	initialDomainReloadingComplete (40ms)
	LoadAllAssembliesAndSetupDomain (686ms)
		LoadAssemblies (331ms)
		RebuildTransferFunctionScriptingTraits (0ms)
		AnalyzeDomain (436ms)
			TypeCache.Refresh (417ms)
				TypeCache.ScanAssembly (399ms)
			ScanForSourceGeneratedMonoScriptInfo (0ms)
			ResolveRequiredComponents (19ms)
	FinalizeReload (1953ms)
		ReleaseScriptCaches (0ms)
		RebuildScriptCaches (0ms)
		SetupLoadedEditorAssemblies (853ms)
			LogAssemblyErrors (0ms)
			InitializePlatformSupportModulesInManaged (8ms)
			SetLoadedEditorAssemblies (4ms)
			RefreshPlugins (0ms)
			BeforeProcessingInitializeOnLoad (121ms)
			ProcessInitializeOnLoadAttributes (674ms)
			ProcessInitializeOnLoadMethodAttributes (36ms)
			AfterProcessingInitializeOnLoad (10ms)
			EditorAssembliesLoaded (0ms)
		ExecutionOrderSort2 (0ms)
		AwakeInstancesAfterBackupRestoration (19ms)
Refreshing native plugins compatible for Editor in 18.59 ms, found 6 plugins.
Preloading 0 native plugins for Editor in 0.00 ms.
Unloading 7355 Unused Serialized files (Serialized files now loaded: 0)
Unloading 188 unused Assets / (13.1 MB). Loaded Objects now: 8938.
Memory consumption went from 286.7 MB to 273.6 MB.
Total: 8.492800 ms (FindLiveObjects: 0.669000 ms CreateObjectMapping: 0.365600 ms MarkObjects: 4.071900 ms  DeleteObjects: 3.384800 ms)

Prepare: number of updated asset objects reloaded= 0
AssetImportParameters requested are different than current active one (requested -> active):
  custom:container-demuxer-ogg: 62fdf1f143b41e24485cea50d1cbac27 -> 
  custom:framework-win-MediaFoundation: 216162199b28c13a410421893ffa2e32 -> 
  custom:container-muxer-webm: aa71ff27fc2769a1b78a27578f13a17b -> 
  custom:video-decoder-webm-vp8: 9c59270c3fd7afecdb556c50c9e8de78 -> 
  custom:SearchIndexIgnoredProperties: e643bd26f0fe6173181afceb89e7c659 -> 
  custom:AudioImporter_EditorPlatform: d09bf68614088b80899f8185d706f6e7 -> 
  custom:audio-decoder-ogg-vorbis: bf7c407c2cedff20999df2af8eb42d56 -> 
  custom:audio-encoder-webm-vorbis: bf7c407c2cedff20999df2af8eb42d56 -> 
  custom:video-codec-MediaFoundation-h265: 746d11721c4dcdbdad8f713fa42b33f4 -> 
  custom:video-decoder-ogg-theora: a1e56fd34408186e4bbccfd4996cb3dc -> 
  custom:CustomObjectIndexerAttribute: a3ef5dd2817f97addfee359851a9dba5 -> 
  custom:container-demuxer-webm: 4f35f7cbe854078d1ac9338744f61a02 -> 
  custom:video-encoder-webm-vp8: eb34c28f22e8b96e1ab97ce403110664 -> 
========================================================================
Received Prepare
Begin MonoManager ReloadAssembly
Symbol file LoadedFromMemory doesn't match image C:\Users\PIMG\Documents\GitHub\Stoned-Ape-Runner\Stoned Ape Runner\Library\PackageCache\com.unity.visualscripting@1.8.0\Editor\VisualScripting.Core\Dependencies\YamlDotNet\Unity.VisualScripting.YamlDotNet.dll
Symbol file LoadedFromMemory doesn't match image C:\Users\PIMG\Documents\GitHub\Stoned-Ape-Runner\Stoned Ape Runner\Library\PackageCache\com.unity.visualscripting@1.8.0\Editor\VisualScripting.Core\Dependencies\DotNetZip\Unity.VisualScripting.IonicZip.dll
- Loaded All Assemblies, in  0.976 seconds
Refreshing native plugins compatible for Editor in 7.09 ms, found 6 plugins.
Native extension for WindowsStandalone target not found
Mono: successfully reloaded assembly
- Finished resetting the current domain, in  1.983 seconds
Domain Reload Profiling: 2955ms
	BeginReloadAssembly (208ms)
		ExecutionOrderSort (0ms)
		DisableScriptedObjects (8ms)
		BackupInstance (0ms)
		ReleaseScriptingObjects (0ms)
		CreateAndSetChildDomain (64ms)
	RebuildCommonClasses (47ms)
	RebuildNativeTypeToScriptingClass (12ms)
	initialDomainReloadingComplete (32ms)
	LoadAllAssembliesAndSetupDomain (672ms)
		LoadAssemblies (334ms)
		RebuildTransferFunctionScriptingTraits (0ms)
		AnalyzeDomain (415ms)
			TypeCache.Refresh (398ms)
				TypeCache.ScanAssembly (380ms)
			ScanForSourceGeneratedMonoScriptInfo (0ms)
			ResolveRequiredComponents (17ms)
	FinalizeReload (1984ms)
		ReleaseScriptCaches (0ms)
		RebuildScriptCaches (0ms)
		SetupLoadedEditorAssemblies (868ms)
			LogAssemblyErrors (0ms)
			InitializePlatformSupportModulesInManaged (9ms)
			SetLoadedEditorAssemblies (5ms)
			RefreshPlugins (0ms)
			BeforeProcessingInitializeOnLoad (116ms)
			ProcessInitializeOnLoadAttributes (692ms)
			ProcessInitializeOnLoadMethodAttributes (36ms)
			AfterProcessingInitializeOnLoad (10ms)
			EditorAssembliesLoaded (0ms)
		ExecutionOrderSort2 (0ms)
		AwakeInstancesAfterBackupRestoration (18ms)
Refreshing native plugins compatible for Editor in 6.92 ms, found 6 plugins.
Preloading 0 native plugins for Editor in 0.00 ms.
Unloading 7355 Unused Serialized files (Serialized files now loaded: 0)
Unloading 188 unused Assets / (13.1 MB). Loaded Objects now: 8954.
Memory consumption went from 286.7 MB to 273.6 MB.
Total: 8.436000 ms (FindLiveObjects: 1.022100 ms CreateObjectMapping: 0.817900 ms MarkObjects: 3.900700 ms  DeleteObjects: 2.694200 ms)

Prepare: number of updated asset objects reloaded= 0
AssetImportParameters requested are different than current active one (requested -> active):
  custom:container-demuxer-ogg: 62fdf1f143b41e24485cea50d1cbac27 -> 
  custom:framework-win-MediaFoundation: 216162199b28c13a410421893ffa2e32 -> 
  custom:container-muxer-webm: aa71ff27fc2769a1b78a27578f13a17b -> 
  custom:video-decoder-webm-vp8: 9c59270c3fd7afecdb556c50c9e8de78 -> 
  custom:SearchIndexIgnoredProperties: e643bd26f0fe6173181afceb89e7c659 -> 
  custom:AudioImporter_EditorPlatform: d09bf68614088b80899f8185d706f6e7 -> 
  custom:audio-decoder-ogg-vorbis: bf7c407c2cedff20999df2af8eb42d56 -> 
  custom:audio-encoder-webm-vorbis: bf7c407c2cedff20999df2af8eb42d56 -> 
  custom:video-codec-MediaFoundation-h265: 746d11721c4dcdbdad8f713fa42b33f4 -> 
  custom:video-decoder-ogg-theora: a1e56fd34408186e4bbccfd4996cb3dc -> 
  custom:CustomObjectIndexerAttribute: a3ef5dd2817f97addfee359851a9dba5 -> 
  custom:container-demuxer-webm: 4f35f7cbe854078d1ac9338744f61a02 -> 
  custom:video-encoder-webm-vp8: eb34c28f22e8b96e1ab97ce403110664 -> 
========================================================================
Received Import Request.
  Time since last request: 1796.825212 seconds.
  path: Assets/Scenes/2001 Space Odyssey (Intro Sequence).unity
  artifactKey: Guid(a478b3137961d5e409c7d4047436f5ba) Importer(815301076,1909f56bfc062723c751e8b465ee728b)
Start importing Assets/Scenes/2001 Space Odyssey (Intro Sequence).unity using Guid(a478b3137961d5e409c7d4047436f5ba) Importer(815301076,1909f56bfc062723c751e8b465ee728b)  -> (artifact id: '3992018f19b4e4d2ff1f275d7b290f55') in 0.001873 seconds
Number of updated asset objects reloaded before import = 0
Number of asset objects unloaded after import = 0
========================================================================
Received Import Request.
  Time since last request: 99869.867129 seconds.
  path: Assets/Scenes/StonedApe_Level2.unity
  artifactKey: Guid(0403ba6814dccbe49ba53f89e6d1a56c) Importer(815301076,1909f56bfc062723c751e8b465ee728b)
Start importing Assets/Scenes/StonedApe_Level2.unity using Guid(0403ba6814dccbe49ba53f89e6d1a56c) Importer(815301076,1909f56bfc062723c751e8b465ee728b)  -> (artifact id: '791b3a6776ca9925a69a58245e0bbb1b') in 0.001197 seconds
Number of updated asset objects reloaded before import = 0
Number of asset objects unloaded after import = 0
========================================================================
Received Prepare
Begin MonoManager ReloadAssembly
Symbol file LoadedFromMemory doesn't match image C:\Users\PIMG\Documents\GitHub\Stoned-Ape-Runner\Stoned Ape Runner\Library\PackageCache\com.unity.visualscripting@1.8.0\Editor\VisualScripting.Core\Dependencies\YamlDotNet\Unity.VisualScripting.YamlDotNet.dll
Symbol file LoadedFromMemory doesn't match image C:\Users\PIMG\Documents\GitHub\Stoned-Ape-Runner\Stoned Ape Runner\Library\PackageCache\com.unity.visualscripting@1.8.0\Editor\VisualScripting.Core\Dependencies\DotNetZip\Unity.VisualScripting.IonicZip.dll
- Loaded All Assemblies, in  2.913 seconds
Refreshing native plugins compatible for Editor in 6.00 ms, found 6 plugins.
Native extension for WindowsStandalone target not found
Mono: successfully reloaded assembly
- Finished resetting the current domain, in 33.723 seconds
Domain Reload Profiling: 36632ms
	BeginReloadAssembly (191ms)
		ExecutionOrderSort (0ms)
		DisableScriptedObjects (8ms)
		BackupInstance (0ms)
		ReleaseScriptingObjects (0ms)
		CreateAndSetChildDomain (55ms)
	RebuildCommonClasses (43ms)
	RebuildNativeTypeToScriptingClass (14ms)
	initialDomainReloadingComplete (46ms)
	LoadAllAssembliesAndSetupDomain (2614ms)
		LoadAssemblies (2170ms)
		RebuildTransferFunctionScriptingTraits (0ms)
		AnalyzeDomain (514ms)
			TypeCache.Refresh (499ms)
				TypeCache.ScanAssembly (483ms)
			ScanForSourceGeneratedMonoScriptInfo (0ms)
			ResolveRequiredComponents (15ms)
	FinalizeReload (33723ms)
		ReleaseScriptCaches (0ms)
		RebuildScriptCaches (0ms)
		SetupLoadedEditorAssemblies (852ms)
			LogAssemblyErrors (0ms)
			InitializePlatformSupportModulesInManaged (9ms)
			SetLoadedEditorAssemblies (5ms)
			RefreshPlugins (0ms)
			BeforeProcessingInitializeOnLoad (112ms)
			ProcessInitializeOnLoadAttributes (681ms)
			ProcessInitializeOnLoadMethodAttributes (34ms)
			AfterProcessingInitializeOnLoad (11ms)
			EditorAssembliesLoaded (0ms)
		ExecutionOrderSort2 (0ms)
		AwakeInstancesAfterBackupRestoration (19ms)
Refreshing native plugins compatible for Editor in 6.64 ms, found 6 plugins.
Preloading 0 native plugins for Editor in 0.00 ms.
Unloading 7355 Unused Serialized files (Serialized files now loaded: 0)
Unloading 188 unused Assets / (13.1 MB). Loaded Objects now: 8970.
Memory consumption went from 286.7 MB to 273.6 MB.
Total: 8.142700 ms (FindLiveObjects: 0.845500 ms CreateObjectMapping: 0.865500 ms MarkObjects: 3.779200 ms  DeleteObjects: 2.651800 ms)

Prepare: number of updated asset objects reloaded= 0
AssetImportParameters requested are different than current active one (requested -> active):
  custom:container-demuxer-ogg: 62fdf1f143b41e24485cea50d1cbac27 -> 
  custom:framework-win-MediaFoundation: 216162199b28c13a410421893ffa2e32 -> 
  custom:container-muxer-webm: aa71ff27fc2769a1b78a27578f13a17b -> 
  custom:video-decoder-webm-vp8: 9c59270c3fd7afecdb556c50c9e8de78 -> 
  custom:SearchIndexIgnoredProperties: e643bd26f0fe6173181afceb89e7c659 -> 
  custom:AudioImporter_EditorPlatform: d09bf68614088b80899f8185d706f6e7 -> 
  custom:audio-decoder-ogg-vorbis: bf7c407c2cedff20999df2af8eb42d56 -> 
  custom:audio-encoder-webm-vorbis: bf7c407c2cedff20999df2af8eb42d56 -> 
  custom:video-codec-MediaFoundation-h265: 746d11721c4dcdbdad8f713fa42b33f4 -> 
  custom:video-decoder-ogg-theora: a1e56fd34408186e4bbccfd4996cb3dc -> 
  custom:CustomObjectIndexerAttribute: a3ef5dd2817f97addfee359851a9dba5 -> 
  custom:container-demuxer-webm: 4f35f7cbe854078d1ac9338744f61a02 -> 
  custom:video-encoder-webm-vp8: eb34c28f22e8b96e1ab97ce403110664 -> 
========================================================================
Received Prepare
Begin MonoManager ReloadAssembly
Symbol file LoadedFromMemory doesn't match image C:\Users\PIMG\Documents\GitHub\Stoned-Ape-Runner\Stoned Ape Runner\Library\PackageCache\com.unity.visualscripting@1.8.0\Editor\VisualScripting.Core\Dependencies\YamlDotNet\Unity.VisualScripting.YamlDotNet.dll
Symbol file LoadedFromMemory doesn't match image C:\Users\PIMG\Documents\GitHub\Stoned-Ape-Runner\Stoned Ape Runner\Library\PackageCache\com.unity.visualscripting@1.8.0\Editor\VisualScripting.Core\Dependencies\DotNetZip\Unity.VisualScripting.IonicZip.dll
- Loaded All Assemblies, in  0.984 seconds
Refreshing native plugins compatible for Editor in 7.49 ms, found 6 plugins.
Native extension for WindowsStandalone target not found
Mono: successfully reloaded assembly
- Finished resetting the current domain, in  2.406 seconds
Domain Reload Profiling: 3386ms
	BeginReloadAssembly (176ms)
		ExecutionOrderSort (0ms)
		DisableScriptedObjects (7ms)
		BackupInstance (0ms)
		ReleaseScriptingObjects (0ms)
		CreateAndSetChildDomain (51ms)
	RebuildCommonClasses (42ms)
	RebuildNativeTypeToScriptingClass (13ms)
	initialDomainReloadingComplete (37ms)
	LoadAllAssembliesAndSetupDomain (711ms)
		LoadAssemblies (329ms)
		RebuildTransferFunctionScriptingTraits (0ms)
		AnalyzeDomain (446ms)
			TypeCache.Refresh (429ms)
				TypeCache.ScanAssembly (414ms)
			ScanForSourceGeneratedMonoScriptInfo (0ms)
			ResolveRequiredComponents (17ms)
	FinalizeReload (2407ms)
		ReleaseScriptCaches (0ms)
		RebuildScriptCaches (0ms)
		SetupLoadedEditorAssemblies (1273ms)
			LogAssemblyErrors (0ms)
			InitializePlatformSupportModulesInManaged (13ms)
			SetLoadedEditorAssemblies (4ms)
			RefreshPlugins (0ms)
			BeforeProcessingInitializeOnLoad (191ms)
			ProcessInitializeOnLoadAttributes (1007ms)
			ProcessInitializeOnLoadMethodAttributes (43ms)
			AfterProcessingInitializeOnLoad (14ms)
			EditorAssembliesLoaded (1ms)
		ExecutionOrderSort2 (0ms)
		AwakeInstancesAfterBackupRestoration (23ms)
Refreshing native plugins compatible for Editor in 7.11 ms, found 6 plugins.
Preloading 0 native plugins for Editor in 0.00 ms.
Unloading 7355 Unused Serialized files (Serialized files now loaded: 0)
Unloading 188 unused Assets / (13.1 MB). Loaded Objects now: 8986.
Memory consumption went from 286.7 MB to 273.6 MB.
Total: 14.144900 ms (FindLiveObjects: 0.891100 ms CreateObjectMapping: 3.061900 ms MarkObjects: 6.800800 ms  DeleteObjects: 3.390100 ms)

Prepare: number of updated asset objects reloaded= 0
AssetImportParameters requested are different than current active one (requested -> active):
  custom:container-demuxer-ogg: 62fdf1f143b41e24485cea50d1cbac27 -> 
  custom:framework-win-MediaFoundation: 216162199b28c13a410421893ffa2e32 -> 
  custom:container-muxer-webm: aa71ff27fc2769a1b78a27578f13a17b -> 
  custom:video-decoder-webm-vp8: 9c59270c3fd7afecdb556c50c9e8de78 -> 
  custom:SearchIndexIgnoredProperties: e643bd26f0fe6173181afceb89e7c659 -> 
  custom:AudioImporter_EditorPlatform: d09bf68614088b80899f8185d706f6e7 -> 
  custom:audio-decoder-ogg-vorbis: bf7c407c2cedff20999df2af8eb42d56 -> 
  custom:audio-encoder-webm-vorbis: bf7c407c2cedff20999df2af8eb42d56 -> 
  custom:video-codec-MediaFoundation-h265: 746d11721c4dcdbdad8f713fa42b33f4 -> 
  custom:video-decoder-ogg-theora: a1e56fd34408186e4bbccfd4996cb3dc -> 
  custom:CustomObjectIndexerAttribute: a3ef5dd2817f97addfee359851a9dba5 -> 
  custom:container-demuxer-webm: 4f35f7cbe854078d1ac9338744f61a02 -> 
  custom:video-encoder-webm-vp8: eb34c28f22e8b96e1ab97ce403110664 -> 
========================================================================
Received Prepare
Begin MonoManager ReloadAssembly
Symbol file LoadedFromMemory doesn't match image C:\Users\PIMG\Documents\GitHub\Stoned-Ape-Runner\Stoned Ape Runner\Library\PackageCache\com.unity.visualscripting@1.8.0\Editor\VisualScripting.Core\Dependencies\YamlDotNet\Unity.VisualScripting.YamlDotNet.dll
Symbol file LoadedFromMemory doesn't match image C:\Users\PIMG\Documents\GitHub\Stoned-Ape-Runner\Stoned Ape Runner\Library\PackageCache\com.unity.visualscripting@1.8.0\Editor\VisualScripting.Core\Dependencies\DotNetZip\Unity.VisualScripting.IonicZip.dll
- Loaded All Assemblies, in  0.957 seconds
Refreshing native plugins compatible for Editor in 5.39 ms, found 6 plugins.
Native extension for WindowsStandalone target not found
Mono: successfully reloaded assembly
- Finished resetting the current domain, in  2.369 seconds
Domain Reload Profiling: 3321ms
	BeginReloadAssembly (190ms)
		ExecutionOrderSort (0ms)
		DisableScriptedObjects (8ms)
		BackupInstance (0ms)
		ReleaseScriptingObjects (0ms)
		CreateAndSetChildDomain (64ms)
	RebuildCommonClasses (42ms)
	RebuildNativeTypeToScriptingClass (17ms)
	initialDomainReloadingComplete (40ms)
	LoadAllAssembliesAndSetupDomain (662ms)
		LoadAssemblies (307ms)
		RebuildTransferFunctionScriptingTraits (0ms)
		AnalyzeDomain (419ms)
			TypeCache.Refresh (405ms)
				TypeCache.ScanAssembly (391ms)
			ScanForSourceGeneratedMonoScriptInfo (0ms)
			ResolveRequiredComponents (13ms)
	FinalizeReload (2369ms)
		ReleaseScriptCaches (0ms)
		RebuildScriptCaches (0ms)
		SetupLoadedEditorAssemblies (1206ms)
			LogAssemblyErrors (0ms)
			InitializePlatformSupportModulesInManaged (11ms)
			SetLoadedEditorAssemblies (10ms)
			RefreshPlugins (0ms)
			BeforeProcessingInitializeOnLoad (231ms)
			ProcessInitializeOnLoadAttributes (903ms)
			ProcessInitializeOnLoadMethodAttributes (43ms)
			AfterProcessingInitializeOnLoad (8ms)
			EditorAssembliesLoaded (0ms)
		ExecutionOrderSort2 (0ms)
		AwakeInstancesAfterBackupRestoration (23ms)
Refreshing native plugins compatible for Editor in 14.80 ms, found 6 plugins.
Preloading 0 native plugins for Editor in 0.00 ms.
Unloading 7355 Unused Serialized files (Serialized files now loaded: 0)
Unloading 188 unused Assets / (13.1 MB). Loaded Objects now: 9002.
Memory consumption went from 286.7 MB to 273.6 MB.
Total: 12.235400 ms (FindLiveObjects: 1.072300 ms CreateObjectMapping: 0.935900 ms MarkObjects: 3.947200 ms  DeleteObjects: 6.278900 ms)

Prepare: number of updated asset objects reloaded= 0
AssetImportParameters requested are different than current active one (requested -> active):
  custom:container-demuxer-ogg: 62fdf1f143b41e24485cea50d1cbac27 -> 
  custom:framework-win-MediaFoundation: 216162199b28c13a410421893ffa2e32 -> 
  custom:container-muxer-webm: aa71ff27fc2769a1b78a27578f13a17b -> 
  custom:video-decoder-webm-vp8: 9c59270c3fd7afecdb556c50c9e8de78 -> 
  custom:SearchIndexIgnoredProperties: e643bd26f0fe6173181afceb89e7c659 -> 
  custom:AudioImporter_EditorPlatform: d09bf68614088b80899f8185d706f6e7 -> 
  custom:audio-decoder-ogg-vorbis: bf7c407c2cedff20999df2af8eb42d56 -> 
  custom:audio-encoder-webm-vorbis: bf7c407c2cedff20999df2af8eb42d56 -> 
  custom:video-codec-MediaFoundation-h265: 746d11721c4dcdbdad8f713fa42b33f4 -> 
  custom:video-decoder-ogg-theora: a1e56fd34408186e4bbccfd4996cb3dc -> 
  custom:CustomObjectIndexerAttribute: a3ef5dd2817f97addfee359851a9dba5 -> 
  custom:container-demuxer-webm: 4f35f7cbe854078d1ac9338744f61a02 -> 
  custom:video-encoder-webm-vp8: eb34c28f22e8b96e1ab97ce403110664 -> 
========================================================================
Received Import Request.
  Time since last request: 407.441181 seconds.
  path: Assets/Scenes/StonedApe_Level2.unity
  artifactKey: Guid(0403ba6814dccbe49ba53f89e6d1a56c) Importer(815301076,1909f56bfc062723c751e8b465ee728b)
Start importing Assets/Scenes/StonedApe_Level2.unity using Guid(0403ba6814dccbe49ba53f89e6d1a56c) Importer(815301076,1909f56bfc062723c751e8b465ee728b)  -> (artifact id: '3a2f901c211d2c9eada151ecbcd3a559') in 0.001822 seconds
Number of updated asset objects reloaded before import = 0
Number of asset objects unloaded after import = 0
========================================================================
Received Prepare
Begin MonoManager ReloadAssembly
Symbol file LoadedFromMemory doesn't match image C:\Users\PIMG\Documents\GitHub\Stoned-Ape-Runner\Stoned Ape Runner\Library\PackageCache\com.unity.visualscripting@1.8.0\Editor\VisualScripting.Core\Dependencies\YamlDotNet\Unity.VisualScripting.YamlDotNet.dll
Symbol file LoadedFromMemory doesn't match image C:\Users\PIMG\Documents\GitHub\Stoned-Ape-Runner\Stoned Ape Runner\Library\PackageCache\com.unity.visualscripting@1.8.0\Editor\VisualScripting.Core\Dependencies\DotNetZip\Unity.VisualScripting.IonicZip.dll
- Loaded All Assemblies, in  0.911 seconds
Refreshing native plugins compatible for Editor in 5.92 ms, found 6 plugins.
Native extension for WindowsStandalone target not found
Mono: successfully reloaded assembly
- Finished resetting the current domain, in  2.251 seconds
Domain Reload Profiling: 3158ms
	BeginReloadAssembly (184ms)
		ExecutionOrderSort (0ms)
		DisableScriptedObjects (8ms)
		BackupInstance (0ms)
		ReleaseScriptingObjects (0ms)
		CreateAndSetChildDomain (51ms)
	RebuildCommonClasses (42ms)
	RebuildNativeTypeToScriptingClass (12ms)
	initialDomainReloadingComplete (34ms)
	LoadAllAssembliesAndSetupDomain (633ms)
		LoadAssemblies (307ms)
		RebuildTransferFunctionScriptingTraits (0ms)
		AnalyzeDomain (394ms)
			TypeCache.Refresh (378ms)
				TypeCache.ScanAssembly (359ms)
			ScanForSourceGeneratedMonoScriptInfo (0ms)
			ResolveRequiredComponents (16ms)
	FinalizeReload (2251ms)
		ReleaseScriptCaches (0ms)
		RebuildScriptCaches (0ms)
		SetupLoadedEditorAssemblies (1110ms)
			LogAssemblyErrors (0ms)
			InitializePlatformSupportModulesInManaged (8ms)
			SetLoadedEditorAssemblies (3ms)
			RefreshPlugins (0ms)
			BeforeProcessingInitializeOnLoad (139ms)
			ProcessInitializeOnLoadAttributes (916ms)
			ProcessInitializeOnLoadMethodAttributes (35ms)
			AfterProcessingInitializeOnLoad (8ms)
			EditorAssembliesLoaded (0ms)
		ExecutionOrderSort2 (0ms)
		AwakeInstancesAfterBackupRestoration (21ms)
Refreshing native plugins compatible for Editor in 11.89 ms, found 6 plugins.
Preloading 0 native plugins for Editor in 0.00 ms.
Unloading 7355 Unused Serialized files (Serialized files now loaded: 0)
Unloading 188 unused Assets / (13.1 MB). Loaded Objects now: 9018.
Memory consumption went from 286.7 MB to 273.6 MB.
Total: 8.927700 ms (FindLiveObjects: 0.731200 ms CreateObjectMapping: 0.444900 ms MarkObjects: 4.583700 ms  DeleteObjects: 3.166400 ms)

Prepare: number of updated asset objects reloaded= 0
AssetImportParameters requested are different than current active one (requested -> active):
  custom:container-demuxer-ogg: 62fdf1f143b41e24485cea50d1cbac27 -> 
  custom:framework-win-MediaFoundation: 216162199b28c13a410421893ffa2e32 -> 
  custom:container-muxer-webm: aa71ff27fc2769a1b78a27578f13a17b -> 
  custom:video-decoder-webm-vp8: 9c59270c3fd7afecdb556c50c9e8de78 -> 
  custom:SearchIndexIgnoredProperties: e643bd26f0fe6173181afceb89e7c659 -> 
  custom:AudioImporter_EditorPlatform: d09bf68614088b80899f8185d706f6e7 -> 
  custom:audio-decoder-ogg-vorbis: bf7c407c2cedff20999df2af8eb42d56 -> 
  custom:audio-encoder-webm-vorbis: bf7c407c2cedff20999df2af8eb42d56 -> 
  custom:video-codec-MediaFoundation-h265: 746d11721c4dcdbdad8f713fa42b33f4 -> 
  custom:video-decoder-ogg-theora: a1e56fd34408186e4bbccfd4996cb3dc -> 
  custom:CustomObjectIndexerAttribute: a3ef5dd2817f97addfee359851a9dba5 -> 
  custom:container-demuxer-webm: 4f35f7cbe854078d1ac9338744f61a02 -> 
  custom:video-encoder-webm-vp8: eb34c28f22e8b96e1ab97ce403110664 -> 
========================================================================
Received Prepare
Begin MonoManager ReloadAssembly
Symbol file LoadedFromMemory doesn't match image C:\Users\PIMG\Documents\GitHub\Stoned-Ape-Runner\Stoned Ape Runner\Library\PackageCache\com.unity.visualscripting@1.8.0\Editor\VisualScripting.Core\Dependencies\YamlDotNet\Unity.VisualScripting.YamlDotNet.dll
Symbol file LoadedFromMemory doesn't match image C:\Users\PIMG\Documents\GitHub\Stoned-Ape-Runner\Stoned Ape Runner\Library\PackageCache\com.unity.visualscripting@1.8.0\Editor\VisualScripting.Core\Dependencies\DotNetZip\Unity.VisualScripting.IonicZip.dll
- Loaded All Assemblies, in  0.978 seconds
Refreshing native plugins compatible for Editor in 5.76 ms, found 6 plugins.
Native extension for WindowsStandalone target not found
Mono: successfully reloaded assembly
- Finished resetting the current domain, in  2.387 seconds
Domain Reload Profiling: 3361ms
	BeginReloadAssembly (187ms)
		ExecutionOrderSort (0ms)
		DisableScriptedObjects (8ms)
		BackupInstance (0ms)
		ReleaseScriptingObjects (0ms)
		CreateAndSetChildDomain (54ms)
	RebuildCommonClasses (42ms)
	RebuildNativeTypeToScriptingClass (13ms)
	initialDomainReloadingComplete (43ms)
	LoadAllAssembliesAndSetupDomain (689ms)
		LoadAssemblies (319ms)
		RebuildTransferFunctionScriptingTraits (0ms)
		AnalyzeDomain (443ms)
			TypeCache.Refresh (427ms)
				TypeCache.ScanAssembly (411ms)
			ScanForSourceGeneratedMonoScriptInfo (0ms)
			ResolveRequiredComponents (16ms)
	FinalizeReload (2387ms)
		ReleaseScriptCaches (0ms)
		RebuildScriptCaches (0ms)
		SetupLoadedEditorAssemblies (1230ms)
			LogAssemblyErrors (0ms)
			InitializePlatformSupportModulesInManaged (8ms)
			SetLoadedEditorAssemblies (3ms)
			RefreshPlugins (0ms)
			BeforeProcessingInitializeOnLoad (175ms)
			ProcessInitializeOnLoadAttributes (996ms)
			ProcessInitializeOnLoadMethodAttributes (38ms)
			AfterProcessingInitializeOnLoad (10ms)
			EditorAssembliesLoaded (0ms)
		ExecutionOrderSort2 (0ms)
		AwakeInstancesAfterBackupRestoration (23ms)
Refreshing native plugins compatible for Editor in 8.02 ms, found 6 plugins.
Preloading 0 native plugins for Editor in 0.00 ms.
Unloading 7355 Unused Serialized files (Serialized files now loaded: 0)
Unloading 188 unused Assets / (13.1 MB). Loaded Objects now: 9034.
Memory consumption went from 286.7 MB to 273.6 MB.
Total: 14.506300 ms (FindLiveObjects: 1.377600 ms CreateObjectMapping: 0.723300 ms MarkObjects: 5.436700 ms  DeleteObjects: 6.966900 ms)

Prepare: number of updated asset objects reloaded= 0
AssetImportParameters requested are different than current active one (requested -> active):
  custom:container-demuxer-ogg: 62fdf1f143b41e24485cea50d1cbac27 -> 
  custom:framework-win-MediaFoundation: 216162199b28c13a410421893ffa2e32 -> 
  custom:container-muxer-webm: aa71ff27fc2769a1b78a27578f13a17b -> 
  custom:video-decoder-webm-vp8: 9c59270c3fd7afecdb556c50c9e8de78 -> 
  custom:SearchIndexIgnoredProperties: e643bd26f0fe6173181afceb89e7c659 -> 
  custom:AudioImporter_EditorPlatform: d09bf68614088b80899f8185d706f6e7 -> 
  custom:audio-decoder-ogg-vorbis: bf7c407c2cedff20999df2af8eb42d56 -> 
  custom:audio-encoder-webm-vorbis: bf7c407c2cedff20999df2af8eb42d56 -> 
  custom:video-codec-MediaFoundation-h265: 746d11721c4dcdbdad8f713fa42b33f4 -> 
  custom:video-decoder-ogg-theora: a1e56fd34408186e4bbccfd4996cb3dc -> 
  custom:CustomObjectIndexerAttribute: a3ef5dd2817f97addfee359851a9dba5 -> 
  custom:container-demuxer-webm: 4f35f7cbe854078d1ac9338744f61a02 -> 
  custom:video-encoder-webm-vp8: eb34c28f22e8b96e1ab97ce403110664 -> 
